question_id,ym,score,label
67781287,2021-06,1,VER
67781291,2021-06,2,VER
67781317,2021-06,4,GEN
67781390,2021-06,3,GEN
67781446,2021-06,1,VER
67781460,2021-06,2,VER
67781463,2021-06,3,GEN
67781467,2021-06,2,VER
67781473,2021-06,4,GEN
67781480,2021-06,2,VER
67781489,2021-06,2,VER
67781533,2021-06,2,VER
67781560,2021-06,1,VER
67781605,2021-06,4,GEN
67781614,2021-06,2,VER
67781710,2021-06,2,VER
67781735,2021-06,4,GEN
67781749,2021-06,1,VER
67781761,2021-06,0,VER
67781799,2021-06,4,GEN
67781812,2021-06,3,GEN
67781819,2021-06,2,VER
67781835,2021-06,2,VER
67781863,2021-06,4,GEN
67781885,2021-06,4,GEN
67781920,2021-06,3,GEN
67781934,2021-06,1,VER
67781946,2021-06,3,GEN
67781963,2021-06,2,VER
67781976,2021-06,3,GEN
67781988,2021-06,3,GEN
67781994,2021-06,3,GEN
67782026,2021-06,3,GEN
67782032,2021-06,3,GEN
67782045,2021-06,1,VER
67782054,2021-06,2,VER
67782082,2021-06,1,VER
67782158,2021-06,3,GEN
67782204,2021-06,1,VER
67782206,2021-06,1,VER
67782215,2021-06,1,VER
67782222,2021-06,4,GEN
67782228,2021-06,1,VER
67782229,2021-06,2,VER
67782240,2021-06,3,GEN
67782251,2021-06,3,GEN
67782266,2021-06,2,VER
67782297,2021-06,3,GEN
67782307,2021-06,3,GEN
67782392,2021-06,3,GEN
67782431,2021-06,3,GEN
67782470,2021-06,1,VER
67782521,2021-06,2,VER
67782568,2021-06,4,GEN
67782605,2021-06,3,GEN
67782611,2021-06,2,VER
67782661,2021-06,2,VER
67782694,2021-06,3,GEN
67782700,2021-06,2,VER
67782714,2021-06,4,GEN
67782720,2021-06,2,VER
67782727,2021-06,2,VER
67782735,2021-06,1,VER
67782782,2021-06,3,GEN
67782839,2021-06,1,VER
67782859,2021-06,3,GEN
67782893,2021-06,3,GEN
67782907,2021-06,3,GEN
67782911,2021-06,1,VER
67782942,2021-06,2,VER
67782993,2021-06,3,GEN
67783016,2021-06,4,GEN
67783057,2021-06,3,GEN
67783065,2021-06,3,GEN
67783217,2021-06,2,VER
67783218,2021-06,3,GEN
67783254,2021-06,3,GEN
67783276,2021-06,2,VER
67783299,2021-06,2,VER
67783373,2021-06,2,VER
67783376,2021-06,4,GEN
67783391,2021-06,3,GEN
67783393,2021-06,3,GEN
67783398,2021-06,1,VER
67783406,2021-06,3,GEN
67783431,2021-06,3,GEN
67783439,2021-06,3,GEN
67783452,2021-06,3,GEN
67783459,2021-06,1,VER
67783482,2021-06,4,GEN
67783494,2021-06,1,VER
67783512,2021-06,3,GEN
67783527,2021-06,2,VER
67783529,2021-06,3,GEN
67783530,2021-06,4,GEN
67783540,2021-06,3,GEN
67783553,2021-06,4,GEN
67783563,2021-06,4,GEN
67783632,2021-06,3,GEN
67783635,2021-06,3,GEN
68202813,2021-07,4,GEN
68202851,2021-07,4,GEN
68202917,2021-07,3,GEN
68202921,2021-07,2,VER
68202931,2021-07,1,VER
68202945,2021-07,4,GEN
68202971,2021-07,1,VER
68202975,2021-07,3,GEN
68202976,2021-07,1,VER
68202978,2021-07,4,GEN
68202989,2021-07,1,VER
68203091,2021-07,3,GEN
68203111,2021-07,4,GEN
68203137,2021-07,4,GEN
68203142,2021-07,1,VER
68203146,2021-07,3,GEN
68203157,2021-07,1,VER
68203295,2021-07,1,VER
68203300,2021-07,3,GEN
68203313,2021-07,3,GEN
68203338,2021-07,3,GEN
68203363,2021-07,1,VER
68203376,2021-07,3,GEN
68203377,2021-07,3,GEN
68203385,2021-07,3,GEN
68203428,2021-07,2,VER
68203432,2021-07,3,GEN
68203445,2021-07,4,GEN
68203460,2021-07,2,VER
68203469,2021-07,3,GEN
68203470,2021-07,4,GEN
68203485,2021-07,2,VER
68203510,2021-07,3,GEN
68203530,2021-07,2,VER
68203537,2021-07,1,VER
68203577,2021-07,1,VER
68203587,2021-07,4,GEN
68203588,2021-07,4,GEN
68203611,2021-07,3,GEN
68203612,2021-07,3,GEN
68203625,2021-07,2,VER
68203626,2021-07,1,VER
68203648,2021-07,1,VER
68203665,2021-07,2,VER
68203673,2021-07,4,GEN
68203684,2021-07,1,VER
68203688,2021-07,4,GEN
68203693,2021-07,1,VER
68203729,2021-07,3,GEN
68203736,2021-07,1,VER
68203739,2021-07,3,GEN
68203754,2021-07,3,GEN
68203761,2021-07,1,VER
68203840,2021-07,3,GEN
68203846,2021-07,4,GEN
68203849,2021-07,1,VER
68203854,2021-07,3,GEN
68203864,2021-07,3,GEN
68203921,2021-07,3,GEN
68203955,2021-07,3,GEN
68203974,2021-07,3,GEN
68203996,2021-07,3,GEN
68204001,2021-07,1,VER
68204026,2021-07,2,VER
68204050,2021-07,0,VER
68204051,2021-07,1,VER
68204056,2021-07,3,GEN
68204075,2021-07,2,VER
68204097,2021-07,1,VER
68204103,2021-07,2,VER
68204109,2021-07,3,GEN
68204128,2021-07,1,VER
68204133,2021-07,1,VER
68204153,2021-07,3,GEN
68204157,2021-07,4,GEN
68204161,2021-07,4,GEN
68204183,2021-07,4,GEN
68204204,2021-07,3,GEN
68204223,2021-07,3,GEN
68204231,2021-07,4,GEN
68204243,2021-07,4,GEN
68204310,2021-07,3,GEN
68204384,2021-07,3,GEN
68204393,2021-07,3,GEN
68204395,2021-07,3,GEN
68204411,2021-07,4,GEN
68204455,2021-07,2,VER
68204457,2021-07,1,VER
68204482,2021-07,2,VER
68204484,2021-07,3,GEN
68204510,2021-07,3,GEN
68204533,2021-07,3,GEN
68204549,2021-07,4,GEN
68204563,2021-07,3,GEN
68204565,2021-07,1,VER
68204602,2021-07,3,GEN
68204617,2021-07,2,VER
68204624,2021-07,0,VER
68204635,2021-07,3,GEN
68204651,2021-07,3,GEN
68606598,2021-08,1,VER
68606608,2021-08,1,VER
68606625,2021-08,3,GEN
68606631,2021-08,3,GEN
68606641,2021-08,4,GEN
68606646,2021-08,3,GEN
68606661,2021-08,4,GEN
68606663,2021-08,1,VER
68606672,2021-08,2,VER
68606688,2021-08,3,GEN
68606695,2021-08,0,VER
68606703,2021-08,1,VER
68606719,2021-08,2,VER
68606730,2021-08,3,GEN
68606739,2021-08,2,VER
68606744,2021-08,3,GEN
68606779,2021-08,2,VER
68606809,2021-08,4,GEN
68606814,2021-08,2,VER
68606815,2021-08,3,GEN
68606884,2021-08,3,GEN
68606901,2021-08,0,VER
68606917,2021-08,3,GEN
68606920,2021-08,2,VER
68606952,2021-08,2,VER
68606971,2021-08,2,VER
68606981,2021-08,1,VER
68606986,2021-08,3,GEN
68606999,2021-08,2,VER
68607027,2021-08,4,GEN
68607037,2021-08,4,GEN
68607067,2021-08,4,GEN
68607075,2021-08,3,GEN
68607130,2021-08,1,VER
68607138,2021-08,3,GEN
68607139,2021-08,2,VER
68607160,2021-08,2,VER
68607162,2021-08,2,VER
68607187,2021-08,1,VER
68607197,2021-08,2,VER
68607222,2021-08,1,VER
68607226,2021-08,4,GEN
68607258,2021-08,2,VER
68607277,2021-08,3,GEN
68607287,2021-08,2,VER
68607301,2021-08,2,VER
68607325,2021-08,4,GEN
68607326,2021-08,4,GEN
68607328,2021-08,3,GEN
68607340,2021-08,2,VER
68607348,2021-08,3,GEN
68607367,2021-08,4,GEN
68607439,2021-08,4,GEN
68607474,2021-08,1,VER
68607475,2021-08,3,GEN
68607481,2021-08,1,VER
68607496,2021-08,3,GEN
68607517,2021-08,3,GEN
68607529,2021-08,4,GEN
68607545,2021-08,1,VER
68607565,2021-08,3,GEN
68607574,2021-08,3,GEN
68607576,2021-08,3,GEN
68607578,2021-08,4,GEN
68607592,2021-08,1,VER
68607593,2021-08,4,GEN
68607614,2021-08,4,GEN
68607656,2021-08,3,GEN
68607667,2021-08,2,VER
68607712,2021-08,3,GEN
68607722,2021-08,3,GEN
68607752,2021-08,3,GEN
68607825,2021-08,2,VER
68607866,2021-08,1,VER
68607871,2021-08,2,VER
68607936,2021-08,3,GEN
68607955,2021-08,2,VER
68608025,2021-08,3,GEN
68608040,2021-08,2,VER
68608056,2021-08,3,GEN
68608065,2021-08,3,GEN
68608069,2021-08,2,VER
68608076,2021-08,3,GEN
68608079,2021-08,4,GEN
68608081,2021-08,4,GEN
68608105,2021-08,3,GEN
68608159,2021-08,4,GEN
68608161,2021-08,4,GEN
68608200,2021-08,3,GEN
68608216,2021-08,3,GEN
68608220,2021-08,4,GEN
68608259,2021-08,4,GEN
68608271,2021-08,2,VER
68608273,2021-08,3,GEN
68608318,2021-08,3,GEN
68608326,2021-08,0,VER
68608380,2021-08,4,GEN
68608428,2021-08,3,GEN
68608447,2021-08,2,VER
68608448,2021-08,4,GEN
69006444,2021-09,2,VER
69006464,2021-09,3,GEN
69006473,2021-09,3,GEN
69006479,2021-09,2,VER
69006486,2021-09,3,GEN
69006489,2021-09,1,VER
69006523,2021-09,2,VER
69006541,2021-09,2,VER
69006562,2021-09,4,GEN
69006564,2021-09,1,VER
69006579,2021-09,3,GEN
69006583,2021-09,3,GEN
69006584,2021-09,3,GEN
69006595,2021-09,3,GEN
69006615,2021-09,2,VER
69006654,2021-09,4,GEN
69006674,2021-09,4,GEN
69006749,2021-09,1,VER
69006804,2021-09,1,VER
69006814,2021-09,3,GEN
69006819,2021-09,3,GEN
69006853,2021-09,3,GEN
69006886,2021-09,4,GEN
69006887,2021-09,3,GEN
69006916,2021-09,3,GEN
69006918,2021-09,3,GEN
69006931,2021-09,4,GEN
69006956,2021-09,3,GEN
69006961,2021-09,1,VER
69006972,2021-09,3,GEN
69007000,2021-09,1,VER
69007019,2021-09,3,GEN
69007042,2021-09,1,VER
69007044,2021-09,4,GEN
69007064,2021-09,3,GEN
69007068,2021-09,3,GEN
69007080,2021-09,3,GEN
69007119,2021-09,1,VER
69007122,2021-09,2,VER
69007130,2021-09,3,GEN
69007149,2021-09,4,GEN
69007158,2021-09,4,GEN
69007162,2021-09,1,VER
69007184,2021-09,3,GEN
69007185,2021-09,3,GEN
69007238,2021-09,3,GEN
69007257,2021-09,3,GEN
69007296,2021-09,4,GEN
69007325,2021-09,3,GEN
69007346,2021-09,2,VER
69007351,2021-09,3,GEN
69007361,2021-09,3,GEN
69007362,2021-09,3,GEN
69007370,2021-09,1,VER
69007376,2021-09,3,GEN
69007381,2021-09,3,GEN
69007390,2021-09,2,VER
69007453,2021-09,3,GEN
69007473,2021-09,3,GEN
69007479,2021-09,1,VER
69007516,2021-09,3,GEN
69007524,2021-09,4,GEN
69007530,2021-09,3,GEN
69007603,2021-09,1,VER
69007628,2021-09,3,GEN
69007639,2021-09,3,GEN
69007672,2021-09,3,GEN
69007677,2021-09,3,GEN
69007730,2021-09,2,VER
69007748,2021-09,0,VER
69007786,2021-09,3,GEN
69007798,2021-09,4,GEN
69007865,2021-09,3,GEN
69007870,2021-09,3,GEN
69007922,2021-09,3,GEN
69008004,2021-09,2,VER
69008015,2021-09,3,GEN
69008035,2021-09,3,GEN
69008055,2021-09,3,GEN
69008065,2021-09,3,GEN
69008075,2021-09,1,VER
69008105,2021-09,1,VER
69008121,2021-09,2,VER
69008130,2021-09,3,GEN
69008131,2021-09,1,VER
69008133,2021-09,3,GEN
69008155,2021-09,2,VER
69008156,2021-09,4,GEN
69008185,2021-09,3,GEN
69008262,2021-09,1,VER
69008275,2021-09,2,VER
69008290,2021-09,3,GEN
69008305,2021-09,1,VER
69008321,2021-09,2,VER
69008362,2021-09,4,GEN
69008420,2021-09,4,GEN
69008445,2021-09,4,GEN
69008501,2021-09,4,GEN
69008507,2021-09,4,GEN
69008518,2021-09,2,VER
69399941,2021-10,4,GEN
69399970,2021-10,2,VER
69399990,2021-10,3,GEN
69400007,2021-10,1,VER
69400063,2021-10,3,GEN
69400080,2021-10,3,GEN
69400088,2021-10,3,GEN
69400106,2021-10,3,GEN
69400146,2021-10,4,GEN
69400157,2021-10,3,GEN
69400163,2021-10,1,VER
69400165,2021-10,3,GEN
69400203,2021-10,3,GEN
69400241,2021-10,3,GEN
69400299,2021-10,3,GEN
69400319,2021-10,1,VER
69400329,2021-10,4,GEN
69400332,2021-10,4,GEN
69400352,2021-10,3,GEN
69400374,2021-10,3,GEN
69400384,2021-10,4,GEN
69400397,2021-10,1,VER
69400416,2021-10,3,GEN
69400419,2021-10,3,GEN
69400456,2021-10,3,GEN
69400495,2021-10,3,GEN
69400501,2021-10,2,VER
69400525,2021-10,3,GEN
69400535,2021-10,3,GEN
69400573,2021-10,4,GEN
69400607,2021-10,3,GEN
69400620,2021-10,1,VER
69400630,2021-10,3,GEN
69400703,2021-10,3,GEN
69400727,2021-10,3,GEN
69400750,2021-10,1,VER
69400768,2021-10,3,GEN
69400770,2021-10,4,GEN
69400771,2021-10,3,GEN
69400809,2021-10,3,GEN
69400813,2021-10,2,VER
69400814,2021-10,3,GEN
69400843,2021-10,4,GEN
69400868,2021-10,3,GEN
69400871,2021-10,3,GEN
69400897,2021-10,3,GEN
69400899,2021-10,4,GEN
69400900,2021-10,3,GEN
69400936,2021-10,4,GEN
69400984,2021-10,3,GEN
69400996,2021-10,3,GEN
69401038,2021-10,2,VER
69401055,2021-10,1,VER
69401056,2021-10,3,GEN
69401126,2021-10,1,VER
69401136,2021-10,2,VER
69401150,2021-10,2,VER
69401157,2021-10,3,GEN
69401159,2021-10,2,VER
69401183,2021-10,3,GEN
69401192,2021-10,4,GEN
69401196,2021-10,2,VER
69401210,2021-10,3,GEN
69401226,2021-10,2,VER
69401227,2021-10,2,VER
69401248,2021-10,4,GEN
69401341,2021-10,3,GEN
69401364,2021-10,3,GEN
69401386,2021-10,1,VER
69401404,2021-10,3,GEN
69401411,2021-10,4,GEN
69401431,2021-10,4,GEN
69401434,2021-10,3,GEN
69401441,2021-10,3,GEN
69401453,2021-10,0,VER
69401454,2021-10,3,GEN
69401477,2021-10,4,GEN
69401488,2021-10,3,GEN
69401490,2021-10,4,GEN
69401599,2021-10,3,GEN
69401600,2021-10,3,GEN
69401611,2021-10,3,GEN
69401643,2021-10,4,GEN
69401644,2021-10,4,GEN
69401661,2021-10,4,GEN
69401708,2021-10,4,GEN
69401713,2021-10,3,GEN
69401718,2021-10,3,GEN
69401752,2021-10,3,GEN
69401786,2021-10,4,GEN
69401793,2021-10,2,VER
69401841,2021-10,1,VER
69401857,2021-10,1,VER
69401888,2021-10,3,GEN
69401984,2021-10,4,GEN
69402000,2021-10,4,GEN
69402078,2021-10,2,VER
69402091,2021-10,2,VER
69402126,2021-10,2,VER
69402145,2021-10,4,GEN
69791524,2021-11,1,VER
69791533,2021-11,1,VER
69791553,2021-11,3,GEN
69791573,2021-11,3,GEN
69791575,2021-11,4,GEN
69791596,2021-11,2,VER
69791611,2021-11,1,VER
69791612,2021-11,1,VER
69791617,2021-11,1,VER
69791620,2021-11,2,VER
69791630,2021-11,2,VER
69791646,2021-11,2,VER
69791674,2021-11,4,GEN
69791690,2021-11,1,VER
69791693,2021-11,1,VER
69791723,2021-11,4,GEN
69791728,2021-11,2,VER
69791753,2021-11,1,VER
69791783,2021-11,3,GEN
69791808,2021-11,4,GEN
69791834,2021-11,4,GEN
69791848,2021-11,1,VER
69791863,2021-11,2,VER
69791864,2021-11,0,VER
69791885,2021-11,4,GEN
69791899,2021-11,4,GEN
69791917,2021-11,4,GEN
69791920,2021-11,2,VER
69791941,2021-11,1,VER
69792006,2021-11,4,GEN
69792016,2021-11,4,GEN
69792025,2021-11,1,VER
69792060,2021-11,1,VER
69792094,2021-11,3,GEN
69792099,2021-11,3,GEN
69792100,2021-11,3,GEN
69792103,2021-11,3,GEN
69792108,2021-11,3,GEN
69792130,2021-11,2,VER
69792172,2021-11,3,GEN
69792199,2021-11,3,GEN
69792205,2021-11,2,VER
69792258,2021-11,4,GEN
69792261,2021-11,3,GEN
69792296,2021-11,1,VER
69792317,2021-11,3,GEN
69792320,2021-11,2,VER
69792328,2021-11,4,GEN
69792335,2021-11,3,GEN
69792337,2021-11,3,GEN
69792350,2021-11,2,VER
69792359,2021-11,3,GEN
69792367,2021-11,1,VER
69792413,2021-11,4,GEN
69792429,2021-11,1,VER
69792464,2021-11,4,GEN
69792478,2021-11,3,GEN
69792497,2021-11,3,GEN
69792515,2021-11,1,VER
69792564,2021-11,3,GEN
69792575,2021-11,4,GEN
69792582,2021-11,4,GEN
69792696,2021-11,1,VER
69792699,2021-11,3,GEN
69792703,2021-11,3,GEN
69792712,2021-11,4,GEN
69792713,2021-11,3,GEN
69792729,2021-11,3,GEN
69792760,2021-11,3,GEN
69792774,2021-11,4,GEN
69792798,2021-11,3,GEN
69792801,2021-11,1,VER
69792877,2021-11,1,VER
69792879,2021-11,3,GEN
69792881,2021-11,2,VER
69792894,2021-11,1,VER
69792900,2021-11,2,VER
69792938,2021-11,2,VER
69792957,2021-11,4,GEN
69792966,2021-11,3,GEN
69793013,2021-11,4,GEN
69793016,2021-11,3,GEN
69793089,2021-11,3,GEN
69793091,2021-11,4,GEN
69793144,2021-11,3,GEN
69793151,2021-11,4,GEN
69793181,2021-11,3,GEN
69793202,2021-11,1,VER
69793245,2021-11,2,VER
69793288,2021-11,4,GEN
69793305,2021-11,1,VER
69793376,2021-11,3,GEN
69793437,2021-11,1,VER
69793465,2021-11,1,VER
69793494,2021-11,4,GEN
69793514,2021-11,4,GEN
69793525,2021-11,1,VER
69793545,2021-11,3,GEN
69793559,2021-11,2,VER
69793663,2021-11,4,GEN
70177591,2021-12,3,GEN
70177598,2021-12,3,GEN
70177623,2021-12,3,GEN
70177629,2021-12,2,VER
70177638,2021-12,3,GEN
70177661,2021-12,2,VER
70177674,2021-12,3,GEN
70177685,2021-12,3,GEN
70177709,2021-12,3,GEN
70177716,2021-12,2,VER
70177724,2021-12,2,VER
70177759,2021-12,2,VER
70177760,2021-12,1,VER
70177765,2021-12,4,GEN
70177770,2021-12,1,VER
70177790,2021-12,3,GEN
70177797,2021-12,3,GEN
70177804,2021-12,3,GEN
70177806,2021-12,2,VER
70177811,2021-12,3,GEN
70177841,2021-12,2,VER
70177871,2021-12,4,GEN
70177873,2021-12,3,GEN
70177878,2021-12,3,GEN
70177888,2021-12,3,GEN
70177898,2021-12,1,VER
70177902,2021-12,1,VER
70177916,2021-12,4,GEN
70177935,2021-12,4,GEN
70177940,2021-12,3,GEN
70177945,2021-12,1,VER
70177967,2021-12,2,VER
70177979,2021-12,4,GEN
70178001,2021-12,3,GEN
70178016,2021-12,4,GEN
70178064,2021-12,2,VER
70178114,2021-12,4,GEN
70178125,2021-12,3,GEN
70178129,2021-12,2,VER
70178142,2021-12,4,GEN
70178145,2021-12,4,GEN
70178162,2021-12,3,GEN
70178163,2021-12,3,GEN
70178205,2021-12,4,GEN
70178206,2021-12,1,VER
70178212,2021-12,2,VER
70178216,2021-12,4,GEN
70178229,2021-12,3,GEN
70178230,2021-12,3,GEN
70178247,2021-12,3,GEN
70178274,2021-12,4,GEN
70178335,2021-12,3,GEN
70178340,2021-12,1,VER
70178355,2021-12,4,GEN
70178415,2021-12,3,GEN
70178416,2021-12,4,GEN
70178438,2021-12,2,VER
70178444,2021-12,3,GEN
70178452,2021-12,3,GEN
70178475,2021-12,1,VER
70178486,2021-12,2,VER
70178534,2021-12,3,GEN
70178536,2021-12,4,GEN
70178553,2021-12,3,GEN
70178582,2021-12,2,VER
70178619,2021-12,3,GEN
70178620,2021-12,1,VER
70178637,2021-12,1,VER
70178644,2021-12,3,GEN
70178648,2021-12,3,GEN
70178686,2021-12,3,GEN
70178705,2021-12,4,GEN
70178788,2021-12,3,GEN
70178819,2021-12,4,GEN
70178831,2021-12,4,GEN
70178840,2021-12,3,GEN
70178910,2021-12,4,GEN
70178922,2021-12,4,GEN
70178936,2021-12,3,GEN
70178943,2021-12,4,GEN
70178995,2021-12,1,VER
70178999,2021-12,4,GEN
70179051,2021-12,4,GEN
70179076,2021-12,1,VER
70179109,2021-12,1,VER
70179124,2021-12,3,GEN
70179127,2021-12,2,VER
70179142,2021-12,4,GEN
70179151,2021-12,2,VER
70179158,2021-12,3,GEN
70179159,2021-12,0,VER
70179196,2021-12,4,GEN
70179230,2021-12,4,GEN
70179237,2021-12,4,GEN
70179247,2021-12,3,GEN
70179282,2021-12,0,VER
70179295,2021-12,3,GEN
70179296,2021-12,3,GEN
70179298,2021-12,3,GEN
70179307,2021-12,4,GEN
70546324,2022-01,4,GEN
70546325,2022-01,3,GEN
70546341,2022-01,3,GEN
70546349,2022-01,3,GEN
70546351,2022-01,3,GEN
70546362,2022-01,1,VER
70546364,2022-01,1,VER
70546369,2022-01,3,GEN
70546376,2022-01,3,GEN
70546392,2022-01,2,VER
70546406,2022-01,1,VER
70546410,2022-01,4,GEN
70546448,2022-01,1,VER
70546467,2022-01,3,GEN
70546468,2022-01,3,GEN
70546522,2022-01,3,GEN
70546551,2022-01,3,GEN
70546553,2022-01,3,GEN
70546565,2022-01,4,GEN
70546579,2022-01,1,VER
70546604,2022-01,2,VER
70546655,2022-01,3,GEN
70546666,2022-01,3,GEN
70546667,2022-01,2,VER
70546671,2022-01,3,GEN
70546689,2022-01,4,GEN
70546709,2022-01,2,VER
70546720,2022-01,2,VER
70546725,2022-01,3,GEN
70546742,2022-01,3,GEN
70546744,2022-01,3,GEN
70546765,2022-01,2,VER
70546788,2022-01,3,GEN
70546822,2022-01,3,GEN
70546823,2022-01,2,VER
70546824,2022-01,3,GEN
70546828,2022-01,3,GEN
70546838,2022-01,3,GEN
70546846,2022-01,1,VER
70546850,2022-01,2,VER
70546855,2022-01,4,GEN
70546870,2022-01,4,GEN
70546893,2022-01,3,GEN
70546913,2022-01,4,GEN
70546926,2022-01,3,GEN
70547000,2022-01,2,VER
70547008,2022-01,1,VER
70547027,2022-01,2,VER
70547077,2022-01,2,VER
70547100,2022-01,4,GEN
70547176,2022-01,3,GEN
70547186,2022-01,3,GEN
70547199,2022-01,1,VER
70547251,2022-01,3,GEN
70547281,2022-01,4,GEN
70547290,2022-01,1,VER
70547296,2022-01,4,GEN
70547300,2022-01,1,VER
70547309,2022-01,3,GEN
70547324,2022-01,4,GEN
70547384,2022-01,2,VER
70547395,2022-01,2,VER
70547404,2022-01,3,GEN
70547416,2022-01,1,VER
70547425,2022-01,3,GEN
70547426,2022-01,3,GEN
70547441,2022-01,2,VER
70547460,2022-01,1,VER
70547515,2022-01,2,VER
70547527,2022-01,2,VER
70547552,2022-01,2,VER
70547624,2022-01,3,GEN
70547669,2022-01,2,VER
70547678,2022-01,3,GEN
70547711,2022-01,3,GEN
70547721,2022-01,3,GEN
70547728,2022-01,3,GEN
70547735,2022-01,1,VER
70547742,2022-01,2,VER
70547798,2022-01,1,VER
70547808,2022-01,4,GEN
70547813,2022-01,4,GEN
70547850,2022-01,1,VER
70547865,2022-01,1,VER
70547901,2022-01,4,GEN
70547910,2022-01,4,GEN
70547939,2022-01,3,GEN
70547994,2022-01,3,GEN
70548041,2022-01,3,GEN
70548057,2022-01,3,GEN
70548070,2022-01,1,VER
70548075,2022-01,3,GEN
70548094,2022-01,3,GEN
70548095,2022-01,3,GEN
70548129,2022-01,2,VER
70548161,2022-01,1,VER
70548188,2022-01,3,GEN
70548206,2022-01,4,GEN
70548233,2022-01,3,GEN
70548240,2022-01,1,VER
70934247,2022-02,3,GEN
70934315,2022-02,4,GEN
70934334,2022-02,3,GEN
70934362,2022-02,4,GEN
70934367,2022-02,1,VER
70934384,2022-02,3,GEN
70934392,2022-02,3,GEN
70934480,2022-02,3,GEN
70934492,2022-02,4,GEN
70934506,2022-02,3,GEN
70934517,2022-02,4,GEN
70934553,2022-02,3,GEN
70934563,2022-02,1,VER
70934572,2022-02,2,VER
70934574,2022-02,4,GEN
70934586,2022-02,2,VER
70934600,2022-02,3,GEN
70934622,2022-02,1,VER
70934631,2022-02,2,VER
70934653,2022-02,1,VER
70934656,2022-02,3,GEN
70934673,2022-02,3,GEN
70934699,2022-02,1,VER
70934735,2022-02,3,GEN
70934781,2022-02,3,GEN
70934789,2022-02,4,GEN
70934808,2022-02,3,GEN
70934844,2022-02,1,VER
70934878,2022-02,1,VER
70934889,2022-02,3,GEN
70934895,2022-02,3,GEN
70934912,2022-02,3,GEN
70934947,2022-02,1,VER
70934949,2022-02,1,VER
70934954,2022-02,3,GEN
70934962,2022-02,3,GEN
70934967,2022-02,4,GEN
70934970,2022-02,1,VER
70934989,2022-02,4,GEN
70935039,2022-02,3,GEN
70935112,2022-02,2,VER
70935118,2022-02,4,GEN
70935153,2022-02,2,VER
70935154,2022-02,2,VER
70935155,2022-02,4,GEN
70935173,2022-02,2,VER
70935179,2022-02,2,VER
70935182,2022-02,3,GEN
70935197,2022-02,3,GEN
70935202,2022-02,1,VER
70935209,2022-02,3,GEN
70935262,2022-02,3,GEN
70935265,2022-02,1,VER
70935309,2022-02,1,VER
70935365,2022-02,3,GEN
70935367,2022-02,2,VER
70935394,2022-02,2,VER
70935419,2022-02,3,GEN
70935425,2022-02,4,GEN
70935457,2022-02,3,GEN
70935481,2022-02,3,GEN
70935501,2022-02,2,VER
70935519,2022-02,3,GEN
70935535,2022-02,4,GEN
70935570,2022-02,1,VER
70935636,2022-02,3,GEN
70935641,2022-02,1,VER
70935648,2022-02,3,GEN
70935680,2022-02,4,GEN
70935718,2022-02,4,GEN
70935727,2022-02,2,VER
70935739,2022-02,1,VER
70935761,2022-02,1,VER
70935766,2022-02,3,GEN
70935795,2022-02,4,GEN
70935815,2022-02,4,GEN
70935825,2022-02,1,VER
70935868,2022-02,1,VER
70935872,2022-02,2,VER
70935898,2022-02,0,VER
70935903,2022-02,1,VER
70935905,2022-02,4,GEN
70935983,2022-02,3,GEN
70936023,2022-02,2,VER
70936033,2022-02,3,GEN
70936073,2022-02,2,VER
70936091,2022-02,3,GEN
70936118,2022-02,4,GEN
70936144,2022-02,4,GEN
70936145,2022-02,4,GEN
70936198,2022-02,3,GEN
70936246,2022-02,4,GEN
70936254,2022-02,2,VER
70936307,2022-02,4,GEN
70936340,2022-02,2,VER
70936382,2022-02,3,GEN
70936408,2022-02,3,GEN
70936451,2022-02,4,GEN
70936462,2022-02,2,VER
70936466,2022-02,3,GEN
71302366,2022-03,3,GEN
71302387,2022-03,3,GEN
71302401,2022-03,4,GEN
71302413,2022-03,3,GEN
71302423,2022-03,2,VER
71302464,2022-03,4,GEN
71302471,2022-03,1,VER
71302527,2022-03,2,VER
71302557,2022-03,1,VER
71302569,2022-03,3,GEN
71302583,2022-03,2,VER
71302626,2022-03,2,VER
71302650,2022-03,1,VER
71302660,2022-03,3,GEN
71302671,2022-03,3,GEN
71302679,2022-03,1,VER
71302725,2022-03,1,VER
71302734,2022-03,4,GEN
71302758,2022-03,2,VER
71302771,2022-03,3,GEN
71302801,2022-03,3,GEN
71302811,2022-03,2,VER
71302832,2022-03,4,GEN
71302839,2022-03,2,VER
71302840,2022-03,1,VER
71302841,2022-03,1,VER
71302850,2022-03,3,GEN
71302867,2022-03,2,VER
71302892,2022-03,1,VER
71302925,2022-03,4,GEN
71302932,2022-03,4,GEN
71302943,2022-03,3,GEN
71302991,2022-03,2,VER
71303032,2022-03,1,VER
71303064,2022-03,3,GEN
71303074,2022-03,3,GEN
71303084,2022-03,2,VER
71303173,2022-03,1,VER
71303194,2022-03,1,VER
71303220,2022-03,3,GEN
71303247,2022-03,3,GEN
71303258,2022-03,3,GEN
71303293,2022-03,3,GEN
71303408,2022-03,2,VER
71303417,2022-03,2,VER
71303438,2022-03,3,GEN
71303439,2022-03,2,VER
71303453,2022-03,4,GEN
71303456,2022-03,3,GEN
71303481,2022-03,3,GEN
71303489,2022-03,1,VER
71303520,2022-03,3,GEN
71303550,2022-03,3,GEN
71303551,2022-03,2,VER
71303564,2022-03,1,VER
71303567,2022-03,1,VER
71303574,2022-03,4,GEN
71303583,2022-03,1,VER
71303585,2022-03,2,VER
71303630,2022-03,3,GEN
71303643,2022-03,3,GEN
71303659,2022-03,2,VER
71303690,2022-03,3,GEN
71303700,2022-03,2,VER
71303708,2022-03,3,GEN
71303716,2022-03,4,GEN
71303719,2022-03,3,GEN
71303734,2022-03,4,GEN
71303740,2022-03,1,VER
71303748,2022-03,2,VER
71303788,2022-03,2,VER
71303795,2022-03,4,GEN
71303810,2022-03,4,GEN
71303817,2022-03,1,VER
71303878,2022-03,4,GEN
71303881,2022-03,4,GEN
71303921,2022-03,4,GEN
71303929,2022-03,4,GEN
71303956,2022-03,4,GEN
71303964,2022-03,2,VER
71303990,2022-03,2,VER
71304002,2022-03,3,GEN
71304022,2022-03,2,VER
71304045,2022-03,3,GEN
71304113,2022-03,3,GEN
71304164,2022-03,3,GEN
71304165,2022-03,3,GEN
71304181,2022-03,3,GEN
71304186,2022-03,3,GEN
71304199,2022-03,4,GEN
71304202,2022-03,4,GEN
71304288,2022-03,3,GEN
71304293,2022-03,1,VER
71304329,2022-03,3,GEN
71304356,2022-03,0,VER
71304381,2022-03,1,VER
71304410,2022-03,1,VER
71304415,2022-03,2,VER
71304422,2022-03,2,VER
71304476,2022-03,3,GEN
71700418,2022-04,3,GEN
71700425,2022-04,2,VER
71700434,2022-04,4,GEN
71700439,2022-04,3,GEN
71700475,2022-04,4,GEN
71700501,2022-04,1,VER
71700505,2022-04,4,GEN
71700514,2022-04,1,VER
71700531,2022-04,0,VER
71700550,2022-04,4,GEN
71700563,2022-04,1,VER
71700577,2022-04,2,VER
71700580,2022-04,3,GEN
71700591,2022-04,2,VER
71700634,2022-04,0,VER
71700673,2022-04,1,VER
71700679,2022-04,0,VER
71700691,2022-04,1,VER
71700716,2022-04,1,VER
71700757,2022-04,2,VER
71700767,2022-04,3,GEN
71700815,2022-04,1,VER
71700830,2022-04,2,VER
71700852,2022-04,3,GEN
71700862,2022-04,1,VER
71700881,2022-04,2,VER
71700902,2022-04,1,VER
71700949,2022-04,2,VER
71700993,2022-04,4,GEN
71701011,2022-04,2,VER
71701013,2022-04,4,GEN
71701041,2022-04,2,VER
71701045,2022-04,1,VER
71701113,2022-04,2,VER
71701125,2022-04,3,GEN
71701126,2022-04,4,GEN
71701187,2022-04,4,GEN
71701199,2022-04,2,VER
71701200,2022-04,1,VER
71701239,2022-04,1,VER
71701279,2022-04,4,GEN
71701288,2022-04,3,GEN
71701296,2022-04,3,GEN
71701302,2022-04,4,GEN
71701313,2022-04,4,GEN
71701326,2022-04,4,GEN
71701327,2022-04,4,GEN
71701338,2022-04,4,GEN
71701364,2022-04,2,VER
71701389,2022-04,1,VER
71701415,2022-04,2,VER
71701421,2022-04,2,VER
71701448,2022-04,3,GEN
71701458,2022-04,1,VER
71701469,2022-04,4,GEN
71701491,2022-04,1,VER
71701504,2022-04,3,GEN
71701506,2022-04,3,GEN
71701523,2022-04,1,VER
71701543,2022-04,2,VER
71701565,2022-04,1,VER
71701567,2022-04,4,GEN
71701574,2022-04,2,VER
71701586,2022-04,3,GEN
71701592,2022-04,3,GEN
71701622,2022-04,4,GEN
71701625,2022-04,3,GEN
71701629,2022-04,1,VER
71701634,2022-04,2,VER
71701641,2022-04,3,GEN
71701680,2022-04,1,VER
71701690,2022-04,2,VER
71701697,2022-04,0,VER
71701739,2022-04,3,GEN
71701806,2022-04,3,GEN
71701814,2022-04,4,GEN
71701844,2022-04,2,VER
71701855,2022-04,2,VER
71701899,2022-04,1,VER
71701940,2022-04,3,GEN
71701959,2022-04,3,GEN
71701966,2022-04,2,VER
71701981,2022-04,3,GEN
71702099,2022-04,3,GEN
71702121,2022-04,2,VER
71702147,2022-04,1,VER
71702153,2022-04,4,GEN
71702156,2022-04,2,VER
71702167,2022-04,3,GEN
71702170,2022-04,3,GEN
71702179,2022-04,1,VER
71702183,2022-04,4,GEN
71702238,2022-04,3,GEN
71702374,2022-04,1,VER
71702376,2022-04,1,VER
71702434,2022-04,2,VER
71702453,2022-04,2,VER
71702459,2022-04,3,GEN
71702483,2022-04,4,GEN
71702526,2022-04,3,GEN
72073065,2022-05,3,GEN
72073068,2022-05,1,VER
72073078,2022-05,1,VER
72073104,2022-05,4,GEN
72073130,2022-05,1,VER
72073134,2022-05,2,VER
72073153,2022-05,1,VER
72073157,2022-05,3,GEN
72073168,2022-05,1,VER
72073198,2022-05,4,GEN
72073242,2022-05,4,GEN
72073302,2022-05,3,GEN
72073350,2022-05,2,VER
72073362,2022-05,3,GEN
72073373,2022-05,2,VER
72073381,2022-05,3,GEN
72073388,2022-05,4,GEN
72073393,2022-05,3,GEN
72073413,2022-05,3,GEN
72073417,2022-05,4,GEN
72073419,2022-05,1,VER
72073427,2022-05,1,VER
72073484,2022-05,4,GEN
72073488,2022-05,3,GEN
72073489,2022-05,3,GEN
72073495,2022-05,2,VER
72073505,2022-05,1,VER
72073523,2022-05,1,VER
72073596,2022-05,1,VER
72073630,2022-05,4,GEN
72073636,2022-05,3,GEN
72073643,2022-05,1,VER
72073646,2022-05,1,VER
72073663,2022-05,4,GEN
72073664,2022-05,3,GEN
72073668,2022-05,1,VER
72073686,2022-05,3,GEN
72073699,2022-05,1,VER
72073728,2022-05,4,GEN
72073739,2022-05,3,GEN
72073755,2022-05,4,GEN
72073765,2022-05,1,VER
72073803,2022-05,3,GEN
72073836,2022-05,4,GEN
72073846,2022-05,3,GEN
72073871,2022-05,4,GEN
72073875,2022-05,4,GEN
72073886,2022-05,4,GEN
72073918,2022-05,1,VER
72073919,2022-05,3,GEN
72073922,2022-05,2,VER
72073931,2022-05,2,VER
72073941,2022-05,3,GEN
72073943,2022-05,2,VER
72073949,2022-05,1,VER
72073990,2022-05,3,GEN
72074018,2022-05,3,GEN
72074031,2022-05,2,VER
72074050,2022-05,2,VER
72074060,2022-05,3,GEN
72074079,2022-05,1,VER
72074092,2022-05,3,GEN
72074121,2022-05,2,VER
72074133,2022-05,2,VER
72074137,2022-05,1,VER
72074186,2022-05,1,VER
72074195,2022-05,1,VER
72074213,2022-05,4,GEN
72074319,2022-05,3,GEN
72074327,2022-05,3,GEN
72074345,2022-05,2,VER
72074375,2022-05,3,GEN
72074406,2022-05,2,VER
72074415,2022-05,3,GEN
72074429,2022-05,3,GEN
72074474,2022-05,4,GEN
72074477,2022-05,1,VER
72074495,2022-05,2,VER
72074496,2022-05,2,VER
72074512,2022-05,4,GEN
72074524,2022-05,2,VER
72074547,2022-05,4,GEN
72074580,2022-05,2,VER
72074586,2022-05,4,GEN
72074598,2022-05,4,GEN
72074605,2022-05,3,GEN
72074635,2022-05,2,VER
72074636,2022-05,3,GEN
72074655,2022-05,3,GEN
72074658,2022-05,1,VER
72074662,2022-05,3,GEN
72074669,2022-05,3,GEN
72074751,2022-05,4,GEN
72074762,2022-05,2,VER
72074778,2022-05,3,GEN
72074801,2022-05,3,GEN
72074819,2022-05,3,GEN
72074846,2022-05,1,VER
72074870,2022-05,1,VER
72074882,2022-05,1,VER
72455196,2022-06,3,GEN
72455208,2022-06,4,GEN
72455215,2022-06,3,GEN
72455240,2022-06,3,GEN
72455246,2022-06,4,GEN
72455252,2022-06,3,GEN
72455274,2022-06,2,VER
72455278,2022-06,3,GEN
72455288,2022-06,3,GEN
72455305,2022-06,3,GEN
72455307,2022-06,4,GEN
72455369,2022-06,2,VER
72455370,2022-06,4,GEN
72455381,2022-06,3,GEN
72455394,2022-06,4,GEN
72455398,2022-06,4,GEN
72455420,2022-06,2,VER
72455427,2022-06,1,VER
72455444,2022-06,3,GEN
72455487,2022-06,3,GEN
72455495,2022-06,3,GEN
72455507,2022-06,2,VER
72455526,2022-06,3,GEN
72455541,2022-06,3,GEN
72455547,2022-06,1,VER
72455558,2022-06,3,GEN
72455582,2022-06,3,GEN
72455584,2022-06,2,VER
72455600,2022-06,2,VER
72455601,2022-06,2,VER
72455639,2022-06,3,GEN
72455673,2022-06,2,VER
72455709,2022-06,3,GEN
72455730,2022-06,2,VER
72455760,2022-06,3,GEN
72455810,2022-06,3,GEN
72455847,2022-06,3,GEN
72455852,2022-06,0,VER
72455866,2022-06,2,VER
72455896,2022-06,2,VER
72455916,2022-06,2,VER
72455925,2022-06,1,VER
72455936,2022-06,1,VER
72455962,2022-06,1,VER
72455983,2022-06,4,GEN
72456001,2022-06,3,GEN
72456010,2022-06,2,VER
72456084,2022-06,3,GEN
72456086,2022-06,3,GEN
72456146,2022-06,3,GEN
72456212,2022-06,3,GEN
72456234,2022-06,4,GEN
72456246,2022-06,2,VER
72456250,2022-06,2,VER
72456253,2022-06,1,VER
72456290,2022-06,2,VER
72456328,2022-06,3,GEN
72456342,2022-06,3,GEN
72456345,2022-06,4,GEN
72456392,2022-06,3,GEN
72456399,2022-06,1,VER
72456404,2022-06,2,VER
72456416,2022-06,3,GEN
72456447,2022-06,1,VER
72456456,2022-06,4,GEN
72456479,2022-06,3,GEN
72456480,2022-06,2,VER
72456481,2022-06,2,VER
72456554,2022-06,4,GEN
72456555,2022-06,3,GEN
72456557,2022-06,4,GEN
72456589,2022-06,4,GEN
72456593,2022-06,0,VER
72456623,2022-06,3,GEN
72456644,2022-06,4,GEN
72456647,2022-06,4,GEN
72456679,2022-06,2,VER
72456687,2022-06,3,GEN
72456705,2022-06,4,GEN
72456723,2022-06,3,GEN
72456725,2022-06,3,GEN
72456780,2022-06,3,GEN
72456810,2022-06,3,GEN
72456831,2022-06,4,GEN
72456845,2022-06,3,GEN
72456847,2022-06,4,GEN
72456849,2022-06,4,GEN
72456914,2022-06,2,VER
72456934,2022-06,2,VER
72457019,2022-06,4,GEN
72457021,2022-06,4,GEN
72457031,2022-06,4,GEN
72457084,2022-06,2,VER
72457090,2022-06,3,GEN
72457129,2022-06,3,GEN
72457168,2022-06,4,GEN
72457169,2022-06,3,GEN
72457194,2022-06,4,GEN
72457216,2022-06,1,VER
72457221,2022-06,1,VER
72823176,2022-07,2,VER
72823219,2022-07,1,VER
72823253,2022-07,2,VER
72823273,2022-07,3,GEN
72823277,2022-07,1,VER
72823290,2022-07,4,GEN
72823302,2022-07,3,GEN
72823304,2022-07,0,VER
72823311,2022-07,3,GEN
72823313,2022-07,3,GEN
72823321,2022-07,3,GEN
72823341,2022-07,3,GEN
72823376,2022-07,3,GEN
72823377,2022-07,4,GEN
72823407,2022-07,3,GEN
72823416,2022-07,1,VER
72823443,2022-07,3,GEN
72823450,2022-07,1,VER
72823544,2022-07,1,VER
72823607,2022-07,3,GEN
72823610,2022-07,3,GEN
72823648,2022-07,3,GEN
72823655,2022-07,1,VER
72823662,2022-07,3,GEN
72823664,2022-07,1,VER
72823675,2022-07,1,VER
72823690,2022-07,1,VER
72823703,2022-07,3,GEN
72823741,2022-07,4,GEN
72823744,2022-07,4,GEN
72823768,2022-07,2,VER
72823770,2022-07,2,VER
72823786,2022-07,1,VER
72823793,2022-07,2,VER
72823803,2022-07,2,VER
72823816,2022-07,3,GEN
72823843,2022-07,3,GEN
72823871,2022-07,2,VER
72823876,2022-07,3,GEN
72823893,2022-07,1,VER
72823902,2022-07,4,GEN
72823906,2022-07,4,GEN
72823916,2022-07,3,GEN
72823920,2022-07,4,GEN
72823934,2022-07,1,VER
72823970,2022-07,2,VER
72824019,2022-07,3,GEN
72824048,2022-07,1,VER
72824054,2022-07,4,GEN
72824067,2022-07,4,GEN
72824080,2022-07,2,VER
72824084,2022-07,3,GEN
72824114,2022-07,2,VER
72824213,2022-07,3,GEN
72824231,2022-07,1,VER
72824236,2022-07,3,GEN
72824244,2022-07,2,VER
72824262,2022-07,3,GEN
72824292,2022-07,4,GEN
72824327,2022-07,3,GEN
72824417,2022-07,3,GEN
72824419,2022-07,4,GEN
72824420,2022-07,3,GEN
72824467,2022-07,1,VER
72824468,2022-07,3,GEN
72824482,2022-07,4,GEN
72824484,2022-07,3,GEN
72824498,2022-07,3,GEN
72824532,2022-07,3,GEN
72824561,2022-07,4,GEN
72824584,2022-07,2,VER
72824590,2022-07,3,GEN
72824608,2022-07,3,GEN
72824617,2022-07,4,GEN
72824636,2022-07,3,GEN
72824646,2022-07,3,GEN
72824733,2022-07,2,VER
72824754,2022-07,0,VER
72824773,2022-07,4,GEN
72824784,2022-07,4,GEN
72824787,2022-07,1,VER
72824797,2022-07,3,GEN
72824855,2022-07,4,GEN
72824866,2022-07,2,VER
72824876,2022-07,1,VER
72824918,2022-07,3,GEN
72825021,2022-07,2,VER
72825065,2022-07,4,GEN
72825111,2022-07,4,GEN
72825113,2022-07,3,GEN
72825117,2022-07,2,VER
72825123,2022-07,4,GEN
72825127,2022-07,3,GEN
72825137,2022-07,1,VER
72825139,2022-07,4,GEN
72825151,2022-07,1,VER
72825182,2022-07,4,GEN
72825192,2022-07,1,VER
72825193,2022-07,3,GEN
72825203,2022-07,2,VER
73187792,2022-08,3,GEN
73187799,2022-08,2,VER
73187837,2022-08,1,VER
73187868,2022-08,3,GEN
73187905,2022-08,4,GEN
73187914,2022-08,2,VER
73187918,2022-08,3,GEN
73187923,2022-08,3,GEN
73187931,2022-08,3,GEN
73187965,2022-08,3,GEN
73187971,2022-08,2,VER
73187982,2022-08,1,VER
73188010,2022-08,1,VER
73188050,2022-08,2,VER
73188054,2022-08,1,VER
73188063,2022-08,2,VER
73188094,2022-08,2,VER
73188102,2022-08,4,GEN
73188111,2022-08,1,VER
73188122,2022-08,3,GEN
73188124,2022-08,1,VER
73188137,2022-08,2,VER
73188205,2022-08,4,GEN
73188208,2022-08,4,GEN
73188210,2022-08,4,GEN
73188243,2022-08,4,GEN
73188263,2022-08,3,GEN
73188299,2022-08,1,VER
73188325,2022-08,3,GEN
73188352,2022-08,3,GEN
73188383,2022-08,3,GEN
73188399,2022-08,1,VER
73188411,2022-08,3,GEN
73188433,2022-08,2,VER
73188434,2022-08,4,GEN
73188454,2022-08,3,GEN
73188468,2022-08,3,GEN
73188476,2022-08,2,VER
73188479,2022-08,4,GEN
73188486,2022-08,3,GEN
73188494,2022-08,2,VER
73188517,2022-08,3,GEN
73188523,2022-08,3,GEN
73188528,2022-08,2,VER
73188551,2022-08,3,GEN
73188582,2022-08,3,GEN
73188586,2022-08,4,GEN
73188595,2022-08,1,VER
73188635,2022-08,2,VER
73188648,2022-08,2,VER
73188664,2022-08,3,GEN
73188690,2022-08,4,GEN
73188697,2022-08,4,GEN
73188705,2022-08,1,VER
73188712,2022-08,2,VER
73188799,2022-08,3,GEN
73188805,2022-08,1,VER
73188808,2022-08,1,VER
73188811,2022-08,4,GEN
73188814,2022-08,2,VER
73188838,2022-08,2,VER
73188881,2022-08,2,VER
73188883,2022-08,3,GEN
73188887,2022-08,3,GEN
73188906,2022-08,1,VER
73188917,2022-08,0,VER
73188919,2022-08,1,VER
73188983,2022-08,3,GEN
73188984,2022-08,3,GEN
73188992,2022-08,4,GEN
73188996,2022-08,1,VER
73189054,2022-08,4,GEN
73189080,2022-08,1,VER
73189094,2022-08,3,GEN
73189135,2022-08,4,GEN
73189147,2022-08,4,GEN
73189161,2022-08,1,VER
73189190,2022-08,1,VER
73189191,2022-08,3,GEN
73189225,2022-08,3,GEN
73189285,2022-08,1,VER
73189403,2022-08,4,GEN
73189405,2022-08,4,GEN
73189409,2022-08,1,VER
73189429,2022-08,2,VER
73189456,2022-08,2,VER
73189476,2022-08,4,GEN
73189531,2022-08,3,GEN
73189588,2022-08,3,GEN
73189602,2022-08,4,GEN
73189616,2022-08,3,GEN
73189631,2022-08,4,GEN
73189635,2022-08,3,GEN
73189636,2022-08,4,GEN
73189663,2022-08,2,VER
73189686,2022-08,4,GEN
73189717,2022-08,3,GEN
73189719,2022-08,3,GEN
73189755,2022-08,3,GEN
73189867,2022-08,1,VER
73563053,2022-09,3,GEN
73563061,2022-09,1,VER
73563077,2022-09,0,VER
73563089,2022-09,3,GEN
73563105,2022-09,3,GEN
73563131,2022-09,4,GEN
73563154,2022-09,4,GEN
73563158,2022-09,4,GEN
73563186,2022-09,3,GEN
73563204,2022-09,1,VER
73563239,2022-09,1,VER
73563253,2022-09,4,GEN
73563274,2022-09,1,VER
73563299,2022-09,2,VER
73563304,2022-09,3,GEN
73563305,2022-09,3,GEN
73563318,2022-09,2,VER
73563323,2022-09,4,GEN
73563328,2022-09,2,VER
73563332,2022-09,3,GEN
73563343,2022-09,3,GEN
73563367,2022-09,4,GEN
73563384,2022-09,4,GEN
73563409,2022-09,3,GEN
73563440,2022-09,0,VER
73563485,2022-09,3,GEN
73563496,2022-09,3,GEN
73563505,2022-09,3,GEN
73563506,2022-09,4,GEN
73563518,2022-09,2,VER
73563524,2022-09,3,GEN
73563528,2022-09,2,VER
73563559,2022-09,4,GEN
73563578,2022-09,4,GEN
73563591,2022-09,2,VER
73563592,2022-09,1,VER
73563648,2022-09,2,VER
73563651,2022-09,3,GEN
73563665,2022-09,1,VER
73563677,2022-09,3,GEN
73563678,2022-09,4,GEN
73563683,2022-09,3,GEN
73563684,2022-09,2,VER
73563689,2022-09,3,GEN
73563754,2022-09,3,GEN
73563761,2022-09,4,GEN
73563789,2022-09,4,GEN
73563804,2022-09,3,GEN
73563867,2022-09,4,GEN
73563885,2022-09,3,GEN
73563965,2022-09,3,GEN
73563970,2022-09,3,GEN
73563992,2022-09,1,VER
73564018,2022-09,3,GEN
73564027,2022-09,3,GEN
73564052,2022-09,3,GEN
73564053,2022-09,1,VER
73564054,2022-09,4,GEN
73564057,2022-09,3,GEN
73564070,2022-09,3,GEN
73564087,2022-09,2,VER
73564093,2022-09,1,VER
73564116,2022-09,3,GEN
73564117,2022-09,2,VER
73564123,2022-09,3,GEN
73564132,2022-09,3,GEN
73564183,2022-09,1,VER
73564219,2022-09,4,GEN
73564223,2022-09,3,GEN
73564238,2022-09,2,VER
73564255,2022-09,3,GEN
73564271,2022-09,3,GEN
73564275,2022-09,3,GEN
73564285,2022-09,1,VER
73564291,2022-09,3,GEN
73564314,2022-09,3,GEN
73564340,2022-09,1,VER
73564348,2022-09,3,GEN
73564451,2022-09,4,GEN
73564465,2022-09,3,GEN
73564547,2022-09,4,GEN
73564550,2022-09,4,GEN
73564558,2022-09,3,GEN
73564576,2022-09,3,GEN
73564659,2022-09,1,VER
73564704,2022-09,4,GEN
73564707,2022-09,3,GEN
73564732,2022-09,4,GEN
73564748,2022-09,3,GEN
73564751,2022-09,3,GEN
73564771,2022-09,3,GEN
73564774,2022-09,3,GEN
73564784,2022-09,2,VER
73564800,2022-09,3,GEN
73564826,2022-09,3,GEN
73564829,2022-09,4,GEN
73564843,2022-09,2,VER
73564936,2022-09,3,GEN
73564957,2022-09,2,VER
73564980,2022-09,2,VER
73914963,2022-10,1,VER
73914970,2022-10,3,GEN
73914994,2022-10,4,GEN
73915052,2022-10,1,VER
73915058,2022-10,4,GEN
73915065,2022-10,2,VER
73915067,2022-10,1,VER
73915085,2022-10,3,GEN
73915131,2022-10,4,GEN
73915158,2022-10,2,VER
73915163,2022-10,4,GEN
73915176,2022-10,4,GEN
73915191,2022-10,2,VER
73915198,2022-10,2,VER
73915223,2022-10,1,VER
73915233,2022-10,1,VER
73915243,2022-10,4,GEN
73915245,2022-10,1,VER
73915251,2022-10,1,VER
73915267,2022-10,4,GEN
73915337,2022-10,1,VER
73915365,2022-10,3,GEN
73915380,2022-10,3,GEN
73915392,2022-10,4,GEN
73915435,2022-10,3,GEN
73915441,2022-10,4,GEN
73915455,2022-10,2,VER
73915456,2022-10,3,GEN
73915499,2022-10,3,GEN
73915532,2022-10,2,VER
73915535,2022-10,1,VER
73915541,2022-10,3,GEN
73915547,2022-10,3,GEN
73915562,2022-10,2,VER
73915563,2022-10,3,GEN
73915569,2022-10,3,GEN
73915613,2022-10,1,VER
73915636,2022-10,2,VER
73915637,2022-10,4,GEN
73915647,2022-10,3,GEN
73915658,2022-10,3,GEN
73915662,2022-10,2,VER
73915680,2022-10,4,GEN
73915703,2022-10,4,GEN
73915705,2022-10,3,GEN
73915741,2022-10,4,GEN
73915775,2022-10,3,GEN
73915796,2022-10,2,VER
73915831,2022-10,4,GEN
73915833,2022-10,3,GEN
73915844,2022-10,3,GEN
73915848,2022-10,1,VER
73915852,2022-10,3,GEN
73915881,2022-10,3,GEN
73915919,2022-10,3,GEN
73915925,2022-10,4,GEN
73915928,2022-10,4,GEN
73915951,2022-10,3,GEN
73915997,2022-10,1,VER
73916010,2022-10,2,VER
73916030,2022-10,3,GEN
73916068,2022-10,2,VER
73916072,2022-10,4,GEN
73916100,2022-10,1,VER
73916103,2022-10,1,VER
73916163,2022-10,3,GEN
73916178,2022-10,1,VER
73916183,2022-10,4,GEN
73916206,2022-10,1,VER
73916223,2022-10,1,VER
73916248,2022-10,1,VER
73916254,2022-10,3,GEN
73916257,2022-10,4,GEN
73916269,2022-10,2,VER
73916301,2022-10,4,GEN
73916343,2022-10,4,GEN
73916352,2022-10,3,GEN
73916367,2022-10,2,VER
73916372,2022-10,4,GEN
73916378,2022-10,3,GEN
73916383,2022-10,3,GEN
73916385,2022-10,4,GEN
73916387,2022-10,2,VER
73916399,2022-10,2,VER
73916417,2022-10,3,GEN
73916424,2022-10,3,GEN
73916434,2022-10,1,VER
73916442,2022-10,1,VER
73916510,2022-10,4,GEN
73916516,2022-10,4,GEN
73916544,2022-10,4,GEN
73916546,2022-10,3,GEN
73916547,2022-10,4,GEN
73916554,2022-10,4,GEN
73916570,2022-10,2,VER
73916611,2022-10,1,VER
73916629,2022-10,1,VER
73916648,2022-10,0,VER
73916666,2022-10,3,GEN
73916700,2022-10,4,GEN
74270221,2022-11,3,GEN
74270252,2022-11,1,VER
74270265,2022-11,3,GEN
74270271,2022-11,3,GEN
74270286,2022-11,3,GEN
74270287,2022-11,4,GEN
74270302,2022-11,2,VER
74270323,2022-11,3,GEN
74270345,2022-11,3,GEN
74270364,2022-11,2,VER
74270368,2022-11,3,GEN
74270404,2022-11,2,VER
74270405,2022-11,4,GEN
74270414,2022-11,1,VER
74270428,2022-11,2,VER
74270443,2022-11,3,GEN
74270451,2022-11,3,GEN
74270482,2022-11,3,GEN
74270503,2022-11,3,GEN
74270504,2022-11,3,GEN
74270537,2022-11,4,GEN
74270556,2022-11,4,GEN
74270581,2022-11,3,GEN
74270599,2022-11,2,VER
74270609,2022-11,4,GEN
74270611,2022-11,1,VER
74270621,2022-11,1,VER
74270630,2022-11,3,GEN
74270653,2022-11,3,GEN
74270657,2022-11,2,VER
74270674,2022-11,1,VER
74270683,2022-11,3,GEN
74270696,2022-11,3,GEN
74270708,2022-11,1,VER
74270717,2022-11,1,VER
74270730,2022-11,2,VER
74270749,2022-11,3,GEN
74270758,2022-11,3,GEN
74270774,2022-11,4,GEN
74270778,2022-11,3,GEN
74270886,2022-11,4,GEN
74270887,2022-11,3,GEN
74270892,2022-11,4,GEN
74270901,2022-11,3,GEN
74270903,2022-11,4,GEN
74270904,2022-11,2,VER
74270945,2022-11,3,GEN
74270960,2022-11,1,VER
74270977,2022-11,2,VER
74270985,2022-11,3,GEN
74270987,2022-11,4,GEN
74271005,2022-11,0,VER
74271011,2022-11,3,GEN
74271056,2022-11,3,GEN
74271089,2022-11,4,GEN
74271091,2022-11,3,GEN
74271109,2022-11,3,GEN
74271117,2022-11,3,GEN
74271139,2022-11,3,GEN
74271140,2022-11,3,GEN
74271155,2022-11,3,GEN
74271162,2022-11,3,GEN
74271184,2022-11,2,VER
74271193,2022-11,4,GEN
74271198,2022-11,2,VER
74271205,2022-11,3,GEN
74271221,2022-11,4,GEN
74271300,2022-11,1,VER
74271324,2022-11,2,VER
74271346,2022-11,4,GEN
74271360,2022-11,3,GEN
74271364,2022-11,3,GEN
74271398,2022-11,3,GEN
74271413,2022-11,1,VER
74271425,2022-11,2,VER
74271533,2022-11,1,VER
74271556,2022-11,3,GEN
74271565,2022-11,3,GEN
74271582,2022-11,4,GEN
74271596,2022-11,1,VER
74271640,2022-11,3,GEN
74271642,2022-11,4,GEN
74271648,2022-11,4,GEN
74271669,2022-11,4,GEN
74271681,2022-11,3,GEN
74271690,2022-11,4,GEN
74271728,2022-11,3,GEN
74271738,2022-11,3,GEN
74271775,2022-11,3,GEN
74271781,2022-11,1,VER
74271821,2022-11,2,VER
74271854,2022-11,3,GEN
74271865,2022-11,4,GEN
74271918,2022-11,2,VER
74271960,2022-11,4,GEN
74272010,2022-11,4,GEN
74272036,2022-11,2,VER
74272051,2022-11,1,VER
74272097,2022-11,1,VER
74272143,2022-11,3,GEN
74635498,2022-12,3,GEN
74635519,2022-12,3,GEN
74635534,2022-12,2,VER
74635544,2022-12,3,GEN
74635590,2022-12,4,GEN
74635612,2022-12,4,GEN
74635614,2022-12,2,VER
74635652,2022-12,3,GEN
74635696,2022-12,2,VER
74635723,2022-12,1,VER
74635724,2022-12,3,GEN
74635760,2022-12,3,GEN
74635764,2022-12,4,GEN
74635810,2022-12,4,GEN
74635825,2022-12,3,GEN
74635830,2022-12,1,VER
74635832,2022-12,3,GEN
74635839,2022-12,3,GEN
74635885,2022-12,4,GEN
74635930,2022-12,4,GEN
74635932,2022-12,1,VER
74635937,2022-12,1,VER
74635970,2022-12,3,GEN
74635994,2022-12,4,GEN
74636003,2022-12,4,GEN
74636010,2022-12,2,VER
74636015,2022-12,1,VER
74636048,2022-12,4,GEN
74636052,2022-12,3,GEN
74636064,2022-12,3,GEN
74636105,2022-12,1,VER
74636120,2022-12,1,VER
74636125,2022-12,3,GEN
74636162,2022-12,3,GEN
74636192,2022-12,3,GEN
74636197,2022-12,3,GEN
74636203,2022-12,3,GEN
74636215,2022-12,4,GEN
74636222,2022-12,4,GEN
74636236,2022-12,1,VER
74636250,2022-12,3,GEN
74636264,2022-12,3,GEN
74636276,2022-12,1,VER
74636322,2022-12,1,VER
74636387,2022-12,1,VER
74636391,2022-12,4,GEN
74636393,2022-12,4,GEN
74636397,2022-12,2,VER
74636410,2022-12,3,GEN
74636423,2022-12,3,GEN
74636427,2022-12,1,VER
74636441,2022-12,2,VER
74636478,2022-12,3,GEN
74636533,2022-12,2,VER
74636590,2022-12,3,GEN
74636600,2022-12,1,VER
74636609,2022-12,2,VER
74636613,2022-12,3,GEN
74636622,2022-12,3,GEN
74636627,2022-12,3,GEN
74636649,2022-12,1,VER
74636650,2022-12,3,GEN
74636683,2022-12,1,VER
74636710,2022-12,4,GEN
74636711,2022-12,2,VER
74636740,2022-12,3,GEN
74636752,2022-12,3,GEN
74636772,2022-12,3,GEN
74636777,2022-12,2,VER
74636784,2022-12,2,VER
74636794,2022-12,2,VER
74636807,2022-12,3,GEN
74636834,2022-12,2,VER
74636865,2022-12,2,VER
74636867,2022-12,2,VER
74636883,2022-12,3,GEN
74636885,2022-12,2,VER
74636896,2022-12,3,GEN
74636905,2022-12,3,GEN
74636918,2022-12,2,VER
74636921,2022-12,1,VER
74636925,2022-12,3,GEN
74636944,2022-12,3,GEN
74636955,2022-12,4,GEN
74636986,2022-12,3,GEN
74637000,2022-12,4,GEN
74637025,2022-12,3,GEN
74637028,2022-12,3,GEN
74637083,2022-12,3,GEN
74637107,2022-12,1,VER
74637137,2022-12,1,VER
74637156,2022-12,3,GEN
74637167,2022-12,1,VER
74637221,2022-12,3,GEN
74637231,2022-12,4,GEN
74637234,2022-12,3,GEN
74637271,2022-12,3,GEN
74637350,2022-12,3,GEN
74637387,2022-12,1,VER
74637458,2022-12,4,GEN
74972602,2023-01,3,GEN
74972651,2023-01,4,GEN
74972655,2023-01,3,GEN
74972656,2023-01,3,GEN
74972666,2023-01,1,VER
74972685,2023-01,3,GEN
74972734,2023-01,3,GEN
74972742,2023-01,1,VER
74972770,2023-01,3,GEN
74972782,2023-01,3,GEN
74972792,2023-01,1,VER
74972809,2023-01,2,VER
74972819,2023-01,1,VER
74972823,2023-01,2,VER
74972826,2023-01,1,VER
74972850,2023-01,4,GEN
74972866,2023-01,4,GEN
74972873,2023-01,1,VER
74972881,2023-01,3,GEN
74972891,2023-01,1,VER
74972898,2023-01,3,GEN
74972912,2023-01,1,VER
74972953,2023-01,2,VER
74972995,2023-01,1,VER
74973032,2023-01,3,GEN
74973070,2023-01,4,GEN
74973096,2023-01,3,GEN
74973115,2023-01,2,VER
74973151,2023-01,3,GEN
74973155,2023-01,1,VER
74973173,2023-01,2,VER
74973187,2023-01,1,VER
74973190,2023-01,3,GEN
74973200,2023-01,3,GEN
74973214,2023-01,3,GEN
74973219,2023-01,3,GEN
74973249,2023-01,1,VER
74973259,2023-01,4,GEN
74973298,2023-01,0,VER
74973347,2023-01,1,VER
74973348,2023-01,2,VER
74973357,2023-01,3,GEN
74973381,2023-01,3,GEN
74973427,2023-01,3,GEN
74973437,2023-01,2,VER
74973450,2023-01,2,VER
74973452,2023-01,3,GEN
74973455,2023-01,3,GEN
74973481,2023-01,3,GEN
74973485,2023-01,4,GEN
74973497,2023-01,4,GEN
74973505,2023-01,3,GEN
74973537,2023-01,4,GEN
74973549,2023-01,2,VER
74973577,2023-01,2,VER
74973624,2023-01,3,GEN
74973651,2023-01,3,GEN
74973657,2023-01,2,VER
74973659,2023-01,0,VER
74973663,2023-01,3,GEN
74973678,2023-01,3,GEN
74973771,2023-01,2,VER
74973786,2023-01,1,VER
74973793,2023-01,2,VER
74973803,2023-01,1,VER
74973823,2023-01,4,GEN
74973844,2023-01,1,VER
74973851,2023-01,4,GEN
74973855,2023-01,3,GEN
74973872,2023-01,3,GEN
74973880,2023-01,1,VER
74973911,2023-01,1,VER
74973915,2023-01,2,VER
74973928,2023-01,1,VER
74973935,2023-01,1,VER
74973975,2023-01,4,GEN
74973982,2023-01,4,GEN
74973993,2023-01,3,GEN
74973996,2023-01,4,GEN
74974024,2023-01,4,GEN
74974026,2023-01,3,GEN
74974046,2023-01,3,GEN
74974056,2023-01,3,GEN
74974064,2023-01,2,VER
74974103,2023-01,3,GEN
74974120,2023-01,3,GEN
74974132,2023-01,3,GEN
74974204,2023-01,3,GEN
74974207,2023-01,2,VER
74974239,2023-01,3,GEN
74974242,2023-01,1,VER
74974247,2023-01,3,GEN
74974252,2023-01,1,VER
74974260,2023-01,2,VER
74974398,2023-01,3,GEN
74974409,2023-01,3,GEN
74974429,2023-01,3,GEN
74974495,2023-01,3,GEN
74974498,2023-01,3,GEN
74974516,2023-01,3,GEN
75304393,2023-02,3,GEN
75304397,2023-02,2,VER
75304404,2023-02,4,GEN
75304410,2023-02,1,VER
75304433,2023-02,3,GEN
75304442,2023-02,4,GEN
75304446,2023-02,2,VER
75304491,2023-02,4,GEN
75304507,2023-02,3,GEN
75304530,2023-02,1,VER
75304550,2023-02,1,VER
75304566,2023-02,3,GEN
75304567,2023-02,3,GEN
75304580,2023-02,3,GEN
75304598,2023-02,4,GEN
75304615,2023-02,4,GEN
75304624,2023-02,3,GEN
75304649,2023-02,3,GEN
75304664,2023-02,4,GEN
75304678,2023-02,4,GEN
75304693,2023-02,1,VER
75304697,2023-02,3,GEN
75304698,2023-02,4,GEN
75304713,2023-02,3,GEN
75304740,2023-02,1,VER
75304754,2023-02,3,GEN
75304770,2023-02,4,GEN
75304797,2023-02,4,GEN
75304801,2023-02,3,GEN
75304825,2023-02,3,GEN
75304836,2023-02,3,GEN
75304839,2023-02,2,VER
75304873,2023-02,3,GEN
75304882,2023-02,3,GEN
75304885,2023-02,3,GEN
75304897,2023-02,4,GEN
75304899,2023-02,3,GEN
75304908,2023-02,3,GEN
75304931,2023-02,3,GEN
75304942,2023-02,1,VER
75304961,2023-02,1,VER
75304963,2023-02,3,GEN
75304979,2023-02,2,VER
75304987,2023-02,4,GEN
75304991,2023-02,2,VER
75305001,2023-02,3,GEN
75305029,2023-02,2,VER
75305069,2023-02,3,GEN
75305071,2023-02,4,GEN
75305073,2023-02,4,GEN
75305082,2023-02,1,VER
75305090,2023-02,2,VER
75305126,2023-02,3,GEN
75305132,2023-02,3,GEN
75305138,2023-02,3,GEN
75305169,2023-02,3,GEN
75305176,2023-02,3,GEN
75305201,2023-02,3,GEN
75305204,2023-02,1,VER
75305208,2023-02,3,GEN
75305242,2023-02,3,GEN
75305283,2023-02,2,VER
75305304,2023-02,3,GEN
75305306,2023-02,3,GEN
75305341,2023-02,4,GEN
75305355,2023-02,3,GEN
75305358,2023-02,1,VER
75305419,2023-02,1,VER
75305478,2023-02,4,GEN
75305527,2023-02,4,GEN
75305531,2023-02,4,GEN
75305535,2023-02,3,GEN
75305542,2023-02,1,VER
75305544,2023-02,3,GEN
75305553,2023-02,3,GEN
75305569,2023-02,3,GEN
75305574,2023-02,1,VER
75305603,2023-02,4,GEN
75305671,2023-02,3,GEN
75305672,2023-02,3,GEN
75305752,2023-02,4,GEN
75305753,2023-02,2,VER
75305774,2023-02,3,GEN
75305784,2023-02,4,GEN
75305818,2023-02,4,GEN
75305824,2023-02,1,VER
75305825,2023-02,3,GEN
75305853,2023-02,4,GEN
75305890,2023-02,3,GEN
75305908,2023-02,1,VER
75305917,2023-02,1,VER
75305933,2023-02,1,VER
75305953,2023-02,1,VER
75305999,2023-02,2,VER
75306070,2023-02,3,GEN
75306090,2023-02,2,VER
75306101,2023-02,2,VER
75306132,2023-02,3,GEN
75306149,2023-02,2,VER
75306186,2023-02,2,VER
75598427,2023-03,1,VER
75598463,2023-03,3,GEN
75598478,2023-03,2,VER
75598481,2023-03,1,VER
75598493,2023-03,4,GEN
75598498,2023-03,4,GEN
75598512,2023-03,1,VER
75598513,2023-03,3,GEN
75598557,2023-03,3,GEN
75598578,2023-03,1,VER
75598589,2023-03,2,VER
75598600,2023-03,3,GEN
75598632,2023-03,3,GEN
75598637,2023-03,1,VER
75598655,2023-03,3,GEN
75598670,2023-03,2,VER
75598678,2023-03,2,VER
75598769,2023-03,2,VER
75598774,2023-03,4,GEN
75598789,2023-03,1,VER
75598798,2023-03,3,GEN
75598879,2023-03,1,VER
75598953,2023-03,3,GEN
75598980,2023-03,4,GEN
75599010,2023-03,4,GEN
75599050,2023-03,3,GEN
75599057,2023-03,3,GEN
75599094,2023-03,0,VER
75599137,2023-03,3,GEN
75599179,2023-03,3,GEN
75599188,2023-03,4,GEN
75599218,2023-03,3,GEN
75599222,2023-03,1,VER
75599247,2023-03,2,VER
75599257,2023-03,3,GEN
75599357,2023-03,3,GEN
75599358,2023-03,1,VER
75599415,2023-03,3,GEN
75599483,2023-03,2,VER
75599488,2023-03,3,GEN
75599502,2023-03,4,GEN
75599532,2023-03,3,GEN
75599543,2023-03,4,GEN
75599546,2023-03,3,GEN
75599584,2023-03,3,GEN
75599615,2023-03,2,VER
75599626,2023-03,4,GEN
75599648,2023-03,1,VER
75599667,2023-03,3,GEN
75599689,2023-03,1,VER
75599734,2023-03,4,GEN
75599785,2023-03,4,GEN
75599811,2023-03,3,GEN
75599827,2023-03,1,VER
75599831,2023-03,1,VER
75599861,2023-03,3,GEN
75599864,2023-03,2,VER
75599874,2023-03,3,GEN
75599898,2023-03,3,GEN
75599969,2023-03,4,GEN
75600032,2023-03,4,GEN
75600055,2023-03,3,GEN
75600056,2023-03,3,GEN
75600130,2023-03,0,VER
75600140,2023-03,3,GEN
75600156,2023-03,3,GEN
75600189,2023-03,4,GEN
75600219,2023-03,1,VER
75600223,2023-03,3,GEN
75600237,2023-03,4,GEN
75600244,2023-03,3,GEN
75600258,2023-03,3,GEN
75600322,2023-03,2,VER
75600328,2023-03,4,GEN
75600347,2023-03,3,GEN
75600460,2023-03,3,GEN
75600462,2023-03,2,VER
75600517,2023-03,1,VER
75600538,2023-03,1,VER
75600555,2023-03,4,GEN
75600594,2023-03,3,GEN
75600606,2023-03,4,GEN
75600682,2023-03,3,GEN
75600684,2023-03,2,VER
75600691,2023-03,4,GEN
75600734,2023-03,2,VER
75600751,2023-03,3,GEN
75600771,2023-03,2,VER
75600803,2023-03,1,VER
75600814,2023-03,2,VER
75600818,2023-03,3,GEN
75600944,2023-03,3,GEN
75600954,2023-03,3,GEN
75600968,2023-03,3,GEN
75600994,2023-03,1,VER
75600997,2023-03,3,GEN
75601083,2023-03,1,VER
75601134,2023-03,1,VER
75601169,2023-03,2,VER
75601207,2023-03,2,VER
75903571,2023-04,3,GEN
75903584,2023-04,3,GEN
75903592,2023-04,1,VER
75903640,2023-04,3,GEN
75903678,2023-04,3,GEN
75903689,2023-04,2,VER
75903818,2023-04,1,VER
75903821,2023-04,4,GEN
75903822,2023-04,1,VER
75903823,2023-04,1,VER
75903837,2023-04,2,VER
75903878,2023-04,2,VER
75903887,2023-04,1,VER
75903895,2023-04,4,GEN
75903962,2023-04,3,GEN
75903982,2023-04,2,VER
75904016,2023-04,1,VER
75904025,2023-04,1,VER
75904063,2023-04,1,VER
75904077,2023-04,3,GEN
75904104,2023-04,2,VER
75904116,2023-04,2,VER
75904121,2023-04,2,VER
75904146,2023-04,2,VER
75904175,2023-04,3,GEN
75904201,2023-04,4,GEN
75904222,2023-04,1,VER
75904241,2023-04,3,GEN
75904243,2023-04,2,VER
75904265,2023-04,1,VER
75904325,2023-04,4,GEN
75904337,2023-04,2,VER
75904348,2023-04,1,VER
75904370,2023-04,1,VER
75904423,2023-04,3,GEN
75904487,2023-04,4,GEN
75904500,2023-04,1,VER
75904509,2023-04,1,VER
75904558,2023-04,1,VER
75904569,2023-04,3,GEN
75904576,2023-04,4,GEN
75904605,2023-04,1,VER
75904622,2023-04,4,GEN
75904625,2023-04,4,GEN
75904667,2023-04,2,VER
75904669,2023-04,1,VER
75904671,2023-04,1,VER
75904683,2023-04,3,GEN
75904686,2023-04,2,VER
75904688,2023-04,1,VER
75904692,2023-04,2,VER
75904704,2023-04,3,GEN
75904708,2023-04,1,VER
75904709,2023-04,4,GEN
75904757,2023-04,2,VER
75904780,2023-04,1,VER
75904795,2023-04,4,GEN
75904812,2023-04,3,GEN
75904821,2023-04,1,VER
75904837,2023-04,1,VER
75904853,2023-04,3,GEN
75904870,2023-04,1,VER
75904876,2023-04,1,VER
75904905,2023-04,2,VER
75904923,2023-04,1,VER
75904931,2023-04,3,GEN
75904960,2023-04,0,VER
75904981,2023-04,1,VER
75905017,2023-04,3,GEN
75905029,2023-04,4,GEN
75905030,2023-04,3,GEN
75905034,2023-04,1,VER
75905078,2023-04,4,GEN
75905088,2023-04,4,GEN
75905091,2023-04,3,GEN
75905136,2023-04,2,VER
75905137,2023-04,3,GEN
75905146,2023-04,2,VER
75905165,2023-04,1,VER
75905175,2023-04,1,VER
75905201,2023-04,2,VER
75905202,2023-04,1,VER
75905208,2023-04,1,VER
75905219,2023-04,3,GEN
75905243,2023-04,3,GEN
75905258,2023-04,3,GEN
75905332,2023-04,3,GEN
75905386,2023-04,3,GEN
75905391,2023-04,4,GEN
75905416,2023-04,1,VER
75905429,2023-04,3,GEN
75905432,2023-04,0,VER
75905439,2023-04,4,GEN
75905443,2023-04,1,VER
75905491,2023-04,4,GEN
75905530,2023-04,2,VER
75905554,2023-04,1,VER
75905562,2023-04,2,VER
75905574,2023-04,3,GEN
75905592,2023-04,3,GEN
76144138,2023-05,1,VER
76144163,2023-05,4,GEN
76144167,2023-05,2,VER
76144183,2023-05,3,GEN
76144224,2023-05,1,VER
76144252,2023-05,3,GEN
76144256,2023-05,4,GEN
76144265,2023-05,3,GEN
76144290,2023-05,2,VER
76144299,2023-05,1,VER
76144370,2023-05,3,GEN
76144372,2023-05,4,GEN
76144383,2023-05,2,VER
76144393,2023-05,3,GEN
76144405,2023-05,3,GEN
76144420,2023-05,1,VER
76144445,2023-05,2,VER
76144488,2023-05,4,GEN
76144505,2023-05,3,GEN
76144532,2023-05,3,GEN
76144581,2023-05,1,VER
76144586,2023-05,3,GEN
76144622,2023-05,4,GEN
76144651,2023-05,1,VER
76144678,2023-05,3,GEN
76144683,2023-05,3,GEN
76144690,2023-05,2,VER
76144694,2023-05,3,GEN
76144698,2023-05,1,VER
76144699,2023-05,3,GEN
76144700,2023-05,4,GEN
76144722,2023-05,0,VER
76144724,2023-05,1,VER
76144753,2023-05,1,VER
76144756,2023-05,1,VER
76144769,2023-05,3,GEN
76144784,2023-05,3,GEN
76144788,2023-05,3,GEN
76144789,2023-05,1,VER
76144792,2023-05,3,GEN
76144796,2023-05,2,VER
76144837,2023-05,3,GEN
76144840,2023-05,4,GEN
76144853,2023-05,3,GEN
76144883,2023-05,1,VER
76144916,2023-05,2,VER
76144977,2023-05,1,VER
76145014,2023-05,3,GEN
76145035,2023-05,1,VER
76145052,2023-05,2,VER
76145056,2023-05,4,GEN
76145091,2023-05,3,GEN
76145101,2023-05,1,VER
76145112,2023-05,1,VER
76145113,2023-05,2,VER
76145123,2023-05,4,GEN
76145126,2023-05,1,VER
76145158,2023-05,1,VER
76145177,2023-05,1,VER
76145251,2023-05,1,VER
76145292,2023-05,3,GEN
76145334,2023-05,3,GEN
76145394,2023-05,3,GEN
76145406,2023-05,2,VER
76145408,2023-05,4,GEN
76145419,2023-05,2,VER
76145421,2023-05,2,VER
76145455,2023-05,0,VER
76145466,2023-05,4,GEN
76145527,2023-05,2,VER
76145538,2023-05,3,GEN
76145539,2023-05,3,GEN
76145540,2023-05,4,GEN
76145554,2023-05,0,VER
76145626,2023-05,3,GEN
76145647,2023-05,1,VER
76145674,2023-05,3,GEN
76145736,2023-05,4,GEN
76145750,2023-05,3,GEN
76145756,2023-05,3,GEN
76145761,2023-05,3,GEN
76145777,2023-05,1,VER
76145866,2023-05,4,GEN
76145878,2023-05,3,GEN
76145889,2023-05,3,GEN
76145911,2023-05,2,VER
76145980,2023-05,2,VER
76146041,2023-05,3,GEN
76146072,2023-05,3,GEN
76146137,2023-05,2,VER
76146164,2023-05,4,GEN
76146177,2023-05,1,VER
76146181,2023-05,3,GEN
76146187,2023-05,3,GEN
76146206,2023-05,1,VER
76146218,2023-05,3,GEN
76146232,2023-05,1,VER
76146250,2023-05,2,VER
76146288,2023-05,3,GEN
76146298,2023-05,2,VER
76377950,2023-06,4,GEN
76377964,2023-06,2,VER
76378000,2023-06,1,VER
76378030,2023-06,1,VER
76378059,2023-06,1,VER
76378061,2023-06,1,VER
76378108,2023-06,4,GEN
76378138,2023-06,1,VER
76378174,2023-06,3,GEN
76378181,2023-06,3,GEN
76378248,2023-06,1,VER
76378252,2023-06,2,VER
76378321,2023-06,3,GEN
76378323,2023-06,2,VER
76378373,2023-06,4,GEN
76378374,2023-06,1,VER
76378401,2023-06,1,VER
76378414,2023-06,2,VER
76378441,2023-06,1,VER
76378461,2023-06,3,GEN
76378524,2023-06,3,GEN
76378535,2023-06,3,GEN
76378543,2023-06,0,VER
76378578,2023-06,3,GEN
76378592,2023-06,4,GEN
76378628,2023-06,2,VER
76378670,2023-06,3,GEN
76378700,2023-06,2,VER
76378761,2023-06,1,VER
76378770,2023-06,1,VER
76378780,2023-06,1,VER
76378796,2023-06,1,VER
76378818,2023-06,2,VER
76378844,2023-06,2,VER
76378873,2023-06,3,GEN
76378919,2023-06,1,VER
76378946,2023-06,3,GEN
76378948,2023-06,3,GEN
76378973,2023-06,1,VER
76379034,2023-06,1,VER
76379050,2023-06,3,GEN
76379108,2023-06,1,VER
76379113,2023-06,1,VER
76379117,2023-06,1,VER
76379139,2023-06,3,GEN
76379142,2023-06,4,GEN
76379182,2023-06,2,VER
76379197,2023-06,4,GEN
76379321,2023-06,3,GEN
76379366,2023-06,3,GEN
76379440,2023-06,1,VER
76379499,2023-06,4,GEN
76379525,2023-06,2,VER
76379570,2023-06,1,VER
76379616,2023-06,3,GEN
76379641,2023-06,1,VER
76379662,2023-06,3,GEN
76379667,2023-06,1,VER
76379674,2023-06,3,GEN
76379704,2023-06,2,VER
76379737,2023-06,3,GEN
76379738,2023-06,0,VER
76379740,2023-06,1,VER
76379743,2023-06,3,GEN
76379758,2023-06,2,VER
76379760,2023-06,4,GEN
76379762,2023-06,3,GEN
76379807,2023-06,3,GEN
76379852,2023-06,2,VER
76379867,2023-06,4,GEN
76379882,2023-06,1,VER
76379924,2023-06,3,GEN
76380001,2023-06,4,GEN
76380018,2023-06,2,VER
76380023,2023-06,3,GEN
76380078,2023-06,4,GEN
76380131,2023-06,3,GEN
76380153,2023-06,3,GEN
76380172,2023-06,3,GEN
76380177,2023-06,1,VER
76380185,2023-06,2,VER
76380275,2023-06,3,GEN
76380291,2023-06,1,VER
76380306,2023-06,3,GEN
76380353,2023-06,4,GEN
76380377,2023-06,1,VER
76380381,2023-06,1,VER
76380434,2023-06,3,GEN
76380435,2023-06,3,GEN
76380443,2023-06,1,VER
76380495,2023-06,2,VER
76380508,2023-06,1,VER
76380520,2023-06,3,GEN
76380541,2023-06,3,GEN
76380548,2023-06,3,GEN
76380556,2023-06,2,VER
76380576,2023-06,1,VER
76380671,2023-06,4,GEN
76380677,2023-06,1,VER
76380708,2023-06,4,GEN
76592844,2023-07,1,VER
76592858,2023-07,4,GEN
76592906,2023-07,2,VER
76592910,2023-07,3,GEN
76592932,2023-07,2,VER
76592933,2023-07,3,GEN
76592936,2023-07,3,GEN
76592972,2023-07,2,VER
76592974,2023-07,1,VER
76593041,2023-07,2,VER
76593064,2023-07,2,VER
76593068,2023-07,1,VER
76593077,2023-07,1,VER
76593080,2023-07,3,GEN
76593091,2023-07,4,GEN
76593095,2023-07,3,GEN
76593096,2023-07,1,VER
76593152,2023-07,1,VER
76593169,2023-07,1,VER
76593203,2023-07,1,VER
76593239,2023-07,2,VER
76593245,2023-07,3,GEN
76593250,2023-07,4,GEN
76593284,2023-07,2,VER
76593300,2023-07,1,VER
76593309,2023-07,1,VER
76593312,2023-07,1,VER
76593317,2023-07,3,GEN
76593328,2023-07,3,GEN
76593346,2023-07,2,VER
76593377,2023-07,2,VER
76593390,2023-07,4,GEN
76593413,2023-07,3,GEN
76593524,2023-07,1,VER
76593542,2023-07,3,GEN
76593563,2023-07,1,VER
76593621,2023-07,3,GEN
76593629,2023-07,2,VER
76593751,2023-07,1,VER
76593783,2023-07,3,GEN
76593811,2023-07,1,VER
76593816,2023-07,0,VER
76593825,2023-07,1,VER
76593834,2023-07,3,GEN
76593863,2023-07,4,GEN
76593884,2023-07,3,GEN
76593885,2023-07,1,VER
76593906,2023-07,2,VER
76593946,2023-07,4,GEN
76593959,2023-07,3,GEN
76594013,2023-07,3,GEN
76594025,2023-07,2,VER
76594031,2023-07,3,GEN
76594057,2023-07,3,GEN
76594086,2023-07,4,GEN
76594115,2023-07,4,GEN
76594116,2023-07,3,GEN
76594119,2023-07,3,GEN
76594121,2023-07,3,GEN
76594132,2023-07,1,VER
76594133,2023-07,3,GEN
76594173,2023-07,1,VER
76594177,2023-07,4,GEN
76594243,2023-07,3,GEN
76594306,2023-07,4,GEN
76594336,2023-07,4,GEN
76594344,2023-07,3,GEN
76594373,2023-07,3,GEN
76594405,2023-07,3,GEN
76594409,2023-07,4,GEN
76594423,2023-07,1,VER
76594454,2023-07,1,VER
76594471,2023-07,3,GEN
76594535,2023-07,3,GEN
76594555,2023-07,1,VER
76594563,2023-07,3,GEN
76594567,2023-07,0,VER
76594594,2023-07,2,VER
76594654,2023-07,2,VER
76594689,2023-07,4,GEN
76594701,2023-07,1,VER
76594721,2023-07,3,GEN
76594723,2023-07,2,VER
76594738,2023-07,4,GEN
76594777,2023-07,1,VER
76594818,2023-07,4,GEN
76594831,2023-07,1,VER
76594841,2023-07,1,VER
76594871,2023-07,4,GEN
76594886,2023-07,1,VER
76594950,2023-07,3,GEN
76594968,2023-07,3,GEN
76595013,2023-07,2,VER
76595019,2023-07,4,GEN
76595025,2023-07,3,GEN
76595077,2023-07,2,VER
76595086,2023-07,3,GEN
76595131,2023-07,3,GEN
76595188,2023-07,1,VER
76595197,2023-07,1,VER
76807753,2023-08,3,GEN
76807756,2023-08,0,VER
76807787,2023-08,3,GEN
76807795,2023-08,3,GEN
76807810,2023-08,1,VER
76807829,2023-08,3,GEN
76807835,2023-08,3,GEN
76807840,2023-08,0,VER
76807875,2023-08,1,VER
76807884,2023-08,2,VER
76807910,2023-08,4,GEN
76807932,2023-08,1,VER
76807945,2023-08,1,VER
76807981,2023-08,2,VER
76808000,2023-08,1,VER
76808065,2023-08,3,GEN
76808074,2023-08,1,VER
76808119,2023-08,2,VER
76808125,2023-08,2,VER
76808151,2023-08,4,GEN
76808165,2023-08,3,GEN
76808166,2023-08,1,VER
76808176,2023-08,1,VER
76808182,2023-08,1,VER
76808187,2023-08,4,GEN
76808290,2023-08,1,VER
76808328,2023-08,3,GEN
76808353,2023-08,2,VER
76808355,2023-08,4,GEN
76808399,2023-08,1,VER
76808413,2023-08,3,GEN
76808441,2023-08,1,VER
76808517,2023-08,2,VER
76808522,2023-08,0,VER
76808552,2023-08,1,VER
76808579,2023-08,1,VER
76808672,2023-08,3,GEN
76808700,2023-08,1,VER
76808711,2023-08,1,VER
76808763,2023-08,2,VER
76808786,2023-08,0,VER
76808832,2023-08,1,VER
76808907,2023-08,1,VER
76808943,2023-08,3,GEN
76808979,2023-08,3,GEN
76808985,2023-08,1,VER
76809071,2023-08,3,GEN
76809118,2023-08,1,VER
76809119,2023-08,1,VER
76809145,2023-08,4,GEN
76809165,2023-08,1,VER
76809221,2023-08,1,VER
76809227,2023-08,1,VER
76809257,2023-08,2,VER
76809324,2023-08,3,GEN
76809394,2023-08,4,GEN
76809426,2023-08,1,VER
76809432,2023-08,2,VER
76809516,2023-08,1,VER
76809520,2023-08,2,VER
76809593,2023-08,3,GEN
76809631,2023-08,2,VER
76809633,2023-08,2,VER
76809656,2023-08,3,GEN
76809660,2023-08,2,VER
76809683,2023-08,2,VER
76809760,2023-08,3,GEN
76809761,2023-08,1,VER
76809763,2023-08,4,GEN
76809804,2023-08,3,GEN
76809816,2023-08,2,VER
76809852,2023-08,3,GEN
76809889,2023-08,1,VER
76809890,2023-08,3,GEN
76809999,2023-08,1,VER
76810019,2023-08,3,GEN
76810023,2023-08,3,GEN
76810034,2023-08,2,VER
76810069,2023-08,1,VER
76810100,2023-08,1,VER
76810109,2023-08,1,VER
76810168,2023-08,2,VER
76810191,2023-08,1,VER
76810199,2023-08,1,VER
76810215,2023-08,4,GEN
76810268,2023-08,1,VER
76810276,2023-08,2,VER
76810335,2023-08,2,VER
76810452,2023-08,2,VER
76810468,2023-08,3,GEN
76810488,2023-08,3,GEN
76810495,2023-08,1,VER
76810507,2023-08,3,GEN
76810522,2023-08,2,VER
76810565,2023-08,1,VER
76810581,2023-08,1,VER
76810604,2023-08,2,VER
76810696,2023-08,1,VER
76810701,2023-08,1,VER
76810725,2023-08,1,VER
77019925,2023-09,3,GEN
77019941,2023-09,3,GEN
77020014,2023-09,1,VER
77020108,2023-09,2,VER
77020135,2023-09,3,GEN
77020181,2023-09,4,GEN
77020275,2023-09,1,VER
77020278,2023-09,3,GEN
77020282,2023-09,1,VER
77020313,2023-09,3,GEN
77020319,2023-09,4,GEN
77020338,2023-09,1,VER
77020339,2023-09,1,VER
77020360,2023-09,1,VER
77020430,2023-09,3,GEN
77020444,2023-09,1,VER
77020474,2023-09,1,VER
77020475,2023-09,2,VER
77020489,2023-09,1,VER
77020545,2023-09,1,VER
77020548,2023-09,2,VER
77020549,2023-09,4,GEN
77020555,2023-09,1,VER
77020618,2023-09,1,VER
77020636,2023-09,3,GEN
77020689,2023-09,1,VER
77020703,2023-09,3,GEN
77020720,2023-09,3,GEN
77020722,2023-09,3,GEN
77020794,2023-09,4,GEN
77020829,2023-09,2,VER
77020839,2023-09,2,VER
77020912,2023-09,2,VER
77020917,2023-09,3,GEN
77020925,2023-09,3,GEN
77020961,2023-09,1,VER
77020971,2023-09,3,GEN
77020988,2023-09,4,GEN
77020991,2023-09,3,GEN
77021026,2023-09,4,GEN
77021106,2023-09,3,GEN
77021140,2023-09,3,GEN
77021145,2023-09,3,GEN
77021203,2023-09,3,GEN
77021209,2023-09,1,VER
77021272,2023-09,1,VER
77021289,2023-09,3,GEN
77021296,2023-09,3,GEN
77021379,2023-09,4,GEN
77021415,2023-09,1,VER
77021505,2023-09,3,GEN
77021545,2023-09,3,GEN
77021550,2023-09,1,VER
77021583,2023-09,2,VER
77021587,2023-09,3,GEN
77021604,2023-09,3,GEN
77021631,2023-09,2,VER
77021670,2023-09,3,GEN
77021676,2023-09,3,GEN
77021698,2023-09,3,GEN
77021739,2023-09,1,VER
77021764,2023-09,1,VER
77021769,2023-09,1,VER
77021789,2023-09,1,VER
77021797,2023-09,3,GEN
77021824,2023-09,2,VER
77021853,2023-09,3,GEN
77021872,2023-09,3,GEN
77021885,2023-09,2,VER
77021891,2023-09,3,GEN
77021901,2023-09,3,GEN
77021923,2023-09,4,GEN
77022025,2023-09,2,VER
77022075,2023-09,2,VER
77022111,2023-09,4,GEN
77022149,2023-09,3,GEN
77022170,2023-09,2,VER
77022194,2023-09,1,VER
77022209,2023-09,3,GEN
77022212,2023-09,3,GEN
77022214,2023-09,3,GEN
77022216,2023-09,2,VER
77022231,2023-09,2,VER
77022238,2023-09,1,VER
77022254,2023-09,3,GEN
77022302,2023-09,2,VER
77022317,2023-09,2,VER
77022338,2023-09,3,GEN
77022402,2023-09,3,GEN
77022472,2023-09,3,GEN
77022479,2023-09,3,GEN
77022494,2023-09,3,GEN
77022538,2023-09,3,GEN
77022574,2023-09,2,VER
77022582,2023-09,4,GEN
77022606,2023-09,3,GEN
77022613,2023-09,3,GEN
77022657,2023-09,1,VER
77022698,2023-09,2,VER
77022705,2023-09,1,VER
77208822,2023-10,3,GEN
77208847,2023-10,2,VER
77208860,2023-10,1,VER
77208893,2023-10,3,GEN
77208902,2023-10,1,VER
77208905,2023-10,3,GEN
77208907,2023-10,2,VER
77208922,2023-10,3,GEN
77208951,2023-10,2,VER
77208975,2023-10,2,VER
77208988,2023-10,3,GEN
77208996,2023-10,3,GEN
77209004,2023-10,3,GEN
77209020,2023-10,3,GEN
77209024,2023-10,3,GEN
77209084,2023-10,4,GEN
77209093,2023-10,3,GEN
77209111,2023-10,1,VER
77209135,2023-10,1,VER
77209153,2023-10,4,GEN
77209201,2023-10,3,GEN
77209292,2023-10,3,GEN
77209319,2023-10,3,GEN
77209395,2023-10,1,VER
77209413,2023-10,1,VER
77209416,2023-10,1,VER
77209452,2023-10,4,GEN
77209457,2023-10,1,VER
77209513,2023-10,1,VER
77209520,2023-10,3,GEN
77209527,2023-10,4,GEN
77209550,2023-10,4,GEN
77209564,2023-10,3,GEN
77209768,2023-10,3,GEN
77209783,2023-10,3,GEN
77209796,2023-10,3,GEN
77209901,2023-10,3,GEN
77209906,2023-10,2,VER
77209909,2023-10,4,GEN
77209921,2023-10,3,GEN
77209952,2023-10,4,GEN
77210038,2023-10,1,VER
77210091,2023-10,2,VER
77210131,2023-10,3,GEN
77210153,2023-10,1,VER
77210197,2023-10,1,VER
77210230,2023-10,1,VER
77210245,2023-10,3,GEN
77210312,2023-10,2,VER
77210337,2023-10,2,VER
77210346,2023-10,2,VER
77210348,2023-10,2,VER
77210363,2023-10,1,VER
77210413,2023-10,4,GEN
77210426,2023-10,1,VER
77210440,2023-10,3,GEN
77210441,2023-10,3,GEN
77210527,2023-10,3,GEN
77210550,2023-10,3,GEN
77210615,2023-10,2,VER
77210616,2023-10,3,GEN
77210663,2023-10,3,GEN
77210676,2023-10,3,GEN
77210723,2023-10,4,GEN
77210749,2023-10,4,GEN
77210750,2023-10,3,GEN
77210766,2023-10,2,VER
77210776,2023-10,2,VER
77210814,2023-10,3,GEN
77210823,2023-10,2,VER
77210829,2023-10,2,VER
77210880,2023-10,3,GEN
77210887,2023-10,1,VER
77210932,2023-10,1,VER
77210935,2023-10,3,GEN
77210960,2023-10,4,GEN
77210972,2023-10,4,GEN
77211058,2023-10,2,VER
77211082,2023-10,1,VER
77211096,2023-10,1,VER
77211100,2023-10,1,VER
77211141,2023-10,3,GEN
77211147,2023-10,3,GEN
77211149,2023-10,2,VER
77211155,2023-10,3,GEN
77211166,2023-10,3,GEN
77211167,2023-10,1,VER
77211199,2023-10,1,VER
77211206,2023-10,3,GEN
77211210,2023-10,2,VER
77211228,2023-10,4,GEN
77211236,2023-10,1,VER
77211283,2023-10,4,GEN
77211326,2023-10,2,VER
77211348,2023-10,3,GEN
77211360,2023-10,4,GEN
77211375,2023-10,1,VER
77211410,2023-10,2,VER
77211411,2023-10,1,VER
77211413,2023-10,2,VER
77399677,2023-11,1,VER
77399685,2023-11,1,VER
77399698,2023-11,1,VER
77399713,2023-11,2,VER
77399743,2023-11,4,GEN
77399751,2023-11,3,GEN
77399828,2023-11,1,VER
77399830,2023-11,2,VER
77399834,2023-11,3,GEN
77399845,2023-11,3,GEN
77399890,2023-11,2,VER
77399900,2023-11,1,VER
77399910,2023-11,2,VER
77399922,2023-11,1,VER
77399936,2023-11,2,VER
77399990,2023-11,3,GEN
77399997,2023-11,3,GEN
77400051,2023-11,1,VER
77400070,2023-11,3,GEN
77400073,2023-11,1,VER
77400079,2023-11,1,VER
77400100,2023-11,3,GEN
77400104,2023-11,2,VER
77400110,2023-11,2,VER
77400181,2023-11,2,VER
77400193,2023-11,1,VER
77400211,2023-11,4,GEN
77400214,2023-11,4,GEN
77400236,2023-11,2,VER
77400294,2023-11,3,GEN
77400393,2023-11,4,GEN
77400420,2023-11,2,VER
77400426,2023-11,4,GEN
77400488,2023-11,1,VER
77400502,2023-11,3,GEN
77400516,2023-11,1,VER
77400539,2023-11,1,VER
77400576,2023-11,1,VER
77400589,2023-11,3,GEN
77400639,2023-11,3,GEN
77400697,2023-11,1,VER
77400724,2023-11,4,GEN
77400737,2023-11,1,VER
77400828,2023-11,3,GEN
77400886,2023-11,2,VER
77400895,2023-11,4,GEN
77400918,2023-11,2,VER
77400929,2023-11,1,VER
77400962,2023-11,1,VER
77401110,2023-11,3,GEN
77401153,2023-11,3,GEN
77401162,2023-11,3,GEN
77401164,2023-11,2,VER
77401175,2023-11,2,VER
77401182,2023-11,4,GEN
77401243,2023-11,2,VER
77401247,2023-11,3,GEN
77401255,2023-11,4,GEN
77401278,2023-11,2,VER
77401316,2023-11,1,VER
77401319,2023-11,3,GEN
77401350,2023-11,1,VER
77401357,2023-11,1,VER
77401390,2023-11,1,VER
77401402,2023-11,3,GEN
77401497,2023-11,2,VER
77401594,2023-11,3,GEN
77401626,2023-11,1,VER
77401642,2023-11,2,VER
77401664,2023-11,3,GEN
77401719,2023-11,1,VER
77401727,2023-11,3,GEN
77401730,2023-11,1,VER
77401775,2023-11,2,VER
77401863,2023-11,4,GEN
77401881,2023-11,1,VER
77401910,2023-11,2,VER
77401947,2023-11,4,GEN
77401977,2023-11,1,VER
77401990,2023-11,1,VER
77402006,2023-11,3,GEN
77402021,2023-11,3,GEN
77402092,2023-11,1,VER
77402165,2023-11,3,GEN
77402209,2023-11,1,VER
77402221,2023-11,1,VER
77402235,2023-11,1,VER
77402348,2023-11,2,VER
77402394,2023-11,2,VER
77402411,2023-11,4,GEN
77402426,2023-11,2,VER
77402460,2023-11,1,VER
77402540,2023-11,3,GEN
77402608,2023-11,1,VER
77402612,2023-11,2,VER
77402633,2023-11,3,GEN
77402636,2023-11,3,GEN
77402675,2023-11,2,VER
77402704,2023-11,4,GEN
77402707,2023-11,1,VER
77582351,2023-12,0,VER
77582391,2023-12,2,VER
77582439,2023-12,3,GEN
77582446,2023-12,2,VER
77582449,2023-12,1,VER
77582460,2023-12,1,VER
77582468,2023-12,2,VER
77582477,2023-12,1,VER
77582486,2023-12,1,VER
77582507,2023-12,2,VER
77582522,2023-12,2,VER
77582592,2023-12,1,VER
77582620,2023-12,0,VER
77582649,2023-12,1,VER
77582651,2023-12,1,VER
77582739,2023-12,4,GEN
77582747,2023-12,2,VER
77582760,2023-12,3,GEN
77582784,2023-12,2,VER
77582801,2023-12,3,GEN
77582809,2023-12,1,VER
77582815,2023-12,3,GEN
77582955,2023-12,3,GEN
77582993,2023-12,2,VER
77583096,2023-12,1,VER
77583140,2023-12,1,VER
77583167,2023-12,1,VER
77583227,2023-12,2,VER
77583298,2023-12,3,GEN
77583454,2023-12,1,VER
77583456,2023-12,3,GEN
77583506,2023-12,4,GEN
77583545,2023-12,4,GEN
77583549,2023-12,2,VER
77583617,2023-12,2,VER
77583685,2023-12,3,GEN
77583699,2023-12,3,GEN
77583716,2023-12,1,VER
77583719,2023-12,1,VER
77583736,2023-12,3,GEN
77583878,2023-12,4,GEN
77583899,2023-12,3,GEN
77583913,2023-12,2,VER
77583949,2023-12,1,VER
77584036,2023-12,1,VER
77584055,2023-12,2,VER
77584118,2023-12,3,GEN
77584165,2023-12,1,VER
77584201,2023-12,3,GEN
77584244,2023-12,1,VER
77584308,2023-12,2,VER
77584351,2023-12,1,VER
77584384,2023-12,2,VER
77584424,2023-12,2,VER
77584444,2023-12,4,GEN
77584481,2023-12,1,VER
77584556,2023-12,4,GEN
77584588,2023-12,1,VER
77584591,2023-12,2,VER
77584629,2023-12,1,VER
77584648,2023-12,2,VER
77584671,2023-12,4,GEN
77584718,2023-12,3,GEN
77584747,2023-12,2,VER
77584759,2023-12,2,VER
77584782,2023-12,1,VER
77584799,2023-12,2,VER
77584834,2023-12,2,VER
77584837,2023-12,4,GEN
77584854,2023-12,1,VER
77584908,2023-12,3,GEN
77584918,2023-12,3,GEN
77584949,2023-12,2,VER
77585069,2023-12,4,GEN
77585112,2023-12,3,GEN
77585138,2023-12,3,GEN
77585240,2023-12,3,GEN
77585253,2023-12,3,GEN
77585278,2023-12,1,VER
77585292,2023-12,1,VER
77585320,2023-12,1,VER
77585352,2023-12,3,GEN
77585364,2023-12,1,VER
77585373,2023-12,2,VER
77585434,2023-12,1,VER
77585477,2023-12,1,VER
77585519,2023-12,3,GEN
77585597,2023-12,4,GEN
77585606,2023-12,2,VER
77585608,2023-12,2,VER
77585613,2023-12,4,GEN
77585645,2023-12,1,VER
77585655,2023-12,1,VER
77585659,2023-12,3,GEN
77585703,2023-12,1,VER
77585720,2023-12,3,GEN
77585752,2023-12,1,VER
77585792,2023-12,4,GEN
77585820,2023-12,2,VER
77585832,2023-12,1,VER
77740674,2024-01,2,VER
77740695,2024-01,3,GEN
77740727,2024-01,4,GEN
77740729,2024-01,2,VER
77740738,2024-01,2,VER
77740785,2024-01,2,VER
77740795,2024-01,0,VER
77740806,2024-01,1,VER
77740831,2024-01,2,VER
77740851,2024-01,3,GEN
77740852,2024-01,2,VER
77740864,2024-01,4,GEN
77740893,2024-01,3,GEN
77740909,2024-01,4,GEN
77740923,2024-01,4,GEN
77741036,2024-01,3,GEN
77741069,2024-01,2,VER
77741075,2024-01,3,GEN
77741143,2024-01,2,VER
77741201,2024-01,4,GEN
77741227,2024-01,2,VER
77741314,2024-01,1,VER
77741382,2024-01,3,GEN
77741417,2024-01,1,VER
77741434,2024-01,1,VER
77741457,2024-01,3,GEN
77741470,2024-01,1,VER
77741487,2024-01,3,GEN
77741503,2024-01,1,VER
77741590,2024-01,3,GEN
77741601,2024-01,2,VER
77741608,2024-01,3,GEN
77741625,2024-01,1,VER
77741639,2024-01,3,GEN
77741714,2024-01,4,GEN
77741749,2024-01,0,VER
77741913,2024-01,2,VER
77741916,2024-01,3,GEN
77741921,2024-01,3,GEN
77741925,2024-01,4,GEN
77741969,2024-01,3,GEN
77742010,2024-01,2,VER
77742043,2024-01,3,GEN
77742055,2024-01,3,GEN
77742058,2024-01,1,VER
77742064,2024-01,2,VER
77742085,2024-01,2,VER
77742122,2024-01,4,GEN
77742134,2024-01,3,GEN
77742140,2024-01,3,GEN
77742157,2024-01,1,VER
77742164,2024-01,3,GEN
77742165,2024-01,4,GEN
77742175,2024-01,2,VER
77742185,2024-01,2,VER
77742274,2024-01,3,GEN
77742285,2024-01,3,GEN
77742292,2024-01,1,VER
77742298,2024-01,3,GEN
77742313,2024-01,1,VER
77742314,2024-01,3,GEN
77742335,2024-01,3,GEN
77742336,2024-01,3,GEN
77742344,2024-01,3,GEN
77742393,2024-01,2,VER
77742406,2024-01,3,GEN
77742419,2024-01,3,GEN
77742431,2024-01,4,GEN
77742445,2024-01,3,GEN
77742475,2024-01,0,VER
77742479,2024-01,2,VER
77742505,2024-01,2,VER
77742521,2024-01,3,GEN
77742544,2024-01,2,VER
77742568,2024-01,3,GEN
77742571,2024-01,2,VER
77742572,2024-01,3,GEN
77742586,2024-01,3,GEN
77742587,2024-01,1,VER
77742615,2024-01,4,GEN
77742619,2024-01,3,GEN
77742624,2024-01,3,GEN
77742634,2024-01,1,VER
77742635,2024-01,4,GEN
77742640,2024-01,1,VER
77742657,2024-01,2,VER
77742692,2024-01,2,VER
77742718,2024-01,2,VER
77742733,2024-01,1,VER
77742745,2024-01,1,VER
77742763,2024-01,3,GEN
77742824,2024-01,1,VER
77742827,2024-01,2,VER
77742867,2024-01,3,GEN
77742927,2024-01,1,VER
77742952,2024-01,3,GEN
77742996,2024-01,2,VER
77742999,2024-01,3,GEN
77743028,2024-01,1,VER
77743056,2024-01,1,VER
77917091,2024-02,3,GEN
77917101,2024-02,4,GEN
77917146,2024-02,1,VER
77917202,2024-02,4,GEN
77917251,2024-02,3,GEN
77917257,2024-02,1,VER
77917266,2024-02,4,GEN
77917297,2024-02,2,VER
77917313,2024-02,3,GEN
77917321,2024-02,2,VER
77917330,2024-02,1,VER
77917339,2024-02,1,VER
77917342,2024-02,3,GEN
77917402,2024-02,4,GEN
77917429,2024-02,4,GEN
77917438,2024-02,2,VER
77917446,2024-02,1,VER
77917508,2024-02,1,VER
77917567,2024-02,1,VER
77917582,2024-02,2,VER
77917586,2024-02,0,VER
77917588,2024-02,4,GEN
77917599,2024-02,0,VER
77917623,2024-02,1,VER
77917641,2024-02,3,GEN
77917692,2024-02,3,GEN
77917705,2024-02,1,VER
77917717,2024-02,2,VER
77917734,2024-02,1,VER
77917778,2024-02,3,GEN
77917829,2024-02,2,VER
77917840,2024-02,4,GEN
77917904,2024-02,0,VER
77917935,2024-02,1,VER
77917969,2024-02,3,GEN
77917971,2024-02,0,VER
77917982,2024-02,1,VER
77918018,2024-02,0,VER
77918027,2024-02,1,VER
77918029,2024-02,1,VER
77918063,2024-02,3,GEN
77918080,2024-02,3,GEN
77918150,2024-02,0,VER
77918159,2024-02,2,VER
77918172,2024-02,2,VER
77918221,2024-02,3,GEN
77918290,2024-02,4,GEN
77918360,2024-02,1,VER
77918487,2024-02,4,GEN
77918504,2024-02,1,VER
77918532,2024-02,3,GEN
77918537,2024-02,1,VER
77918540,2024-02,3,GEN
77918600,2024-02,1,VER
77918623,2024-02,3,GEN
77918644,2024-02,3,GEN
77918648,2024-02,3,GEN
77918656,2024-02,1,VER
77918729,2024-02,1,VER
77918750,2024-02,4,GEN
77918804,2024-02,4,GEN
77918809,2024-02,3,GEN
77918815,2024-02,1,VER
77918871,2024-02,3,GEN
77918877,2024-02,1,VER
77918908,2024-02,3,GEN
77918920,2024-02,2,VER
77918933,2024-02,3,GEN
77919015,2024-02,3,GEN
77919054,2024-02,3,GEN
77919089,2024-02,1,VER
77919126,2024-02,3,GEN
77919134,2024-02,2,VER
77919305,2024-02,3,GEN
77919317,2024-02,2,VER
77919364,2024-02,3,GEN
77919370,2024-02,3,GEN
77919392,2024-02,3,GEN
77919397,2024-02,3,GEN
77919456,2024-02,2,VER
77919480,2024-02,3,GEN
77919560,2024-02,3,GEN
77919632,2024-02,4,GEN
77919633,2024-02,1,VER
77919730,2024-02,4,GEN
77919739,2024-02,3,GEN
77919836,2024-02,1,VER
77919908,2024-02,3,GEN
77919909,2024-02,1,VER
77919918,2024-02,2,VER
77919936,2024-02,1,VER
77919947,2024-02,3,GEN
77919954,2024-02,3,GEN
77919979,2024-02,1,VER
77920089,2024-02,4,GEN
77920093,2024-02,4,GEN
77920104,2024-02,3,GEN
77920123,2024-02,1,VER
77920150,2024-02,2,VER
77920171,2024-02,3,GEN
78084945,2024-03,1,VER
78084959,2024-03,3,GEN
78084971,2024-03,1,VER
78085015,2024-03,3,GEN
78085020,2024-03,3,GEN
78085054,2024-03,2,VER
78085079,2024-03,2,VER
78085089,2024-03,1,VER
78085119,2024-03,2,VER
78085129,2024-03,4,GEN
78085138,2024-03,1,VER
78085183,2024-03,2,VER
78085281,2024-03,1,VER
78085327,2024-03,1,VER
78085355,2024-03,1,VER
78085363,2024-03,2,VER
78085365,2024-03,3,GEN
78085442,2024-03,3,GEN
78085448,2024-03,4,GEN
78085464,2024-03,3,GEN
78085478,2024-03,4,GEN
78085526,2024-03,4,GEN
78085543,2024-03,3,GEN
78085586,2024-03,3,GEN
78085597,2024-03,1,VER
78085642,2024-03,4,GEN
78085652,2024-03,1,VER
78085766,2024-03,2,VER
78085841,2024-03,3,GEN
78085849,2024-03,2,VER
78085881,2024-03,1,VER
78085909,2024-03,3,GEN
78085938,2024-03,2,VER
78085989,2024-03,2,VER
78085996,2024-03,0,VER
78086056,2024-03,2,VER
78086132,2024-03,2,VER
78086191,2024-03,2,VER
78086220,2024-03,3,GEN
78086235,2024-03,3,GEN
78086241,2024-03,1,VER
78086248,2024-03,3,GEN
78086289,2024-03,2,VER
78086357,2024-03,3,GEN
78086386,2024-03,1,VER
78086474,2024-03,2,VER
78086517,2024-03,3,GEN
78086541,2024-03,3,GEN
78086542,2024-03,1,VER
78086553,2024-03,1,VER
78086596,2024-03,1,VER
78086632,2024-03,2,VER
78086687,2024-03,3,GEN
78086715,2024-03,4,GEN
78086745,2024-03,3,GEN
78086836,2024-03,2,VER
78086853,2024-03,2,VER
78086896,2024-03,2,VER
78086953,2024-03,1,VER
78086980,2024-03,3,GEN
78086982,2024-03,3,GEN
78086989,2024-03,2,VER
78087040,2024-03,1,VER
78087131,2024-03,2,VER
78087152,2024-03,3,GEN
78087166,2024-03,3,GEN
78087177,2024-03,0,VER
78087188,2024-03,4,GEN
78087223,2024-03,1,VER
78087232,2024-03,2,VER
78087243,2024-03,1,VER
78087247,2024-03,2,VER
78087339,2024-03,2,VER
78087355,2024-03,3,GEN
78087364,2024-03,1,VER
78087381,2024-03,1,VER
78087383,2024-03,1,VER
78087400,2024-03,3,GEN
78087513,2024-03,1,VER
78087517,2024-03,3,GEN
78087546,2024-03,4,GEN
78087560,2024-03,2,VER
78087614,2024-03,2,VER
78087630,2024-03,4,GEN
78087641,2024-03,3,GEN
78087806,2024-03,2,VER
78087811,2024-03,1,VER
78087857,2024-03,1,VER
78087955,2024-03,2,VER
78087961,2024-03,2,VER
78088003,2024-03,3,GEN
78088011,2024-03,1,VER
78088032,2024-03,3,GEN
78088036,2024-03,1,VER
78088040,2024-03,2,VER
78088064,2024-03,2,VER
78088072,2024-03,1,VER
78088123,2024-03,1,VER
78088133,2024-03,4,GEN
78088169,2024-03,2,VER
78253200,2024-04,2,VER
78253210,2024-04,2,VER
78253231,2024-04,1,VER
78253263,2024-04,2,VER
78253266,2024-04,1,VER
78253278,2024-04,1,VER
78253290,2024-04,3,GEN
78253436,2024-04,3,GEN
78253456,2024-04,1,VER
78253459,2024-04,1,VER
78253503,2024-04,1,VER
78253534,2024-04,4,GEN
78253553,2024-04,3,GEN
78253564,2024-04,1,VER
78253579,2024-04,2,VER
78253701,2024-04,0,VER
78253702,2024-04,1,VER
78253711,2024-04,2,VER
78253728,2024-04,3,GEN
78253797,2024-04,1,VER
78253818,2024-04,3,GEN
78253842,2024-04,1,VER
78253860,2024-04,3,GEN
78253976,2024-04,4,GEN
78253997,2024-04,3,GEN
78254013,2024-04,3,GEN
78254057,2024-04,3,GEN
78254249,2024-04,3,GEN
78254250,2024-04,1,VER
78254310,2024-04,3,GEN
78254332,2024-04,3,GEN
78254372,2024-04,1,VER
78254374,2024-04,1,VER
78254396,2024-04,3,GEN
78254412,2024-04,2,VER
78254414,2024-04,1,VER
78254422,2024-04,1,VER
78254479,2024-04,3,GEN
78254492,2024-04,1,VER
78254501,2024-04,3,GEN
78254516,2024-04,2,VER
78254529,2024-04,2,VER
78254555,2024-04,3,GEN
78254579,2024-04,1,VER
78254582,2024-04,3,GEN
78254631,2024-04,1,VER
78254706,2024-04,2,VER
78254737,2024-04,1,VER
78254757,2024-04,2,VER
78254765,2024-04,1,VER
78254766,2024-04,3,GEN
78254889,2024-04,3,GEN
78254902,2024-04,0,VER
78254993,2024-04,2,VER
78255053,2024-04,1,VER
78255078,2024-04,3,GEN
78255117,2024-04,3,GEN
78255143,2024-04,4,GEN
78255236,2024-04,1,VER
78255277,2024-04,2,VER
78255340,2024-04,4,GEN
78255426,2024-04,2,VER
78255509,2024-04,1,VER
78255527,2024-04,1,VER
78255586,2024-04,1,VER
78255628,2024-04,2,VER
78255709,2024-04,4,GEN
78255788,2024-04,1,VER
78255846,2024-04,3,GEN
78255915,2024-04,1,VER
78255992,2024-04,2,VER
78256090,2024-04,4,GEN
78256116,2024-04,1,VER
78256137,2024-04,3,GEN
78256155,2024-04,2,VER
78256159,2024-04,3,GEN
78256167,2024-04,3,GEN
78256183,2024-04,2,VER
78256202,2024-04,2,VER
78256223,2024-04,2,VER
78256229,2024-04,2,VER
78256240,2024-04,3,GEN
78256241,2024-04,3,GEN
78256263,2024-04,3,GEN
78256304,2024-04,3,GEN
78256329,2024-04,4,GEN
78256333,2024-04,2,VER
78256362,2024-04,1,VER
78256389,2024-04,2,VER
78256468,2024-04,1,VER
78256497,2024-04,3,GEN
78256542,2024-04,1,VER
78256559,2024-04,1,VER
78256623,2024-04,3,GEN
78256627,2024-04,1,VER
78256629,2024-04,2,VER
78256632,2024-04,1,VER
78256679,2024-04,3,GEN
78256688,2024-04,3,GEN
78256773,2024-04,3,GEN
78411502,2024-05,1,VER
78411534,2024-05,3,GEN
78411542,2024-05,2,VER
78411556,2024-05,1,VER
78411570,2024-05,2,VER
78411675,2024-05,3,GEN
78411683,2024-05,3,GEN
78411698,2024-05,1,VER
78411719,2024-05,1,VER
78411721,2024-05,4,GEN
78411723,2024-05,4,GEN
78411725,2024-05,3,GEN
78411726,2024-05,2,VER
78411768,2024-05,1,VER
78411784,2024-05,3,GEN
78411847,2024-05,1,VER
78411867,2024-05,0,VER
78411878,2024-05,2,VER
78411879,2024-05,4,GEN
78411884,2024-05,1,VER
78411945,2024-05,3,GEN
78411983,2024-05,3,GEN
78412008,2024-05,3,GEN
78412019,2024-05,1,VER
78412032,2024-05,1,VER
78412053,2024-05,1,VER
78412108,2024-05,1,VER
78412160,2024-05,4,GEN
78412195,2024-05,4,GEN
78412205,2024-05,3,GEN
78412276,2024-05,3,GEN
78412286,2024-05,2,VER
78412316,2024-05,3,GEN
78412322,2024-05,3,GEN
78412402,2024-05,1,VER
78412441,2024-05,2,VER
78412450,2024-05,1,VER
78412463,2024-05,3,GEN
78412491,2024-05,0,VER
78412549,2024-05,3,GEN
78412576,2024-05,3,GEN
78412601,2024-05,2,VER
78412608,2024-05,4,GEN
78412623,2024-05,1,VER
78412664,2024-05,2,VER
78412680,2024-05,1,VER
78412742,2024-05,1,VER
78412744,2024-05,1,VER
78412765,2024-05,1,VER
78412774,2024-05,1,VER
78412812,2024-05,2,VER
78412846,2024-05,1,VER
78412912,2024-05,2,VER
78412917,2024-05,1,VER
78412978,2024-05,3,GEN
78412990,2024-05,4,GEN
78413025,2024-05,0,VER
78413057,2024-05,1,VER
78413065,2024-05,1,VER
78413084,2024-05,1,VER
78413120,2024-05,2,VER
78413126,2024-05,3,GEN
78413131,2024-05,3,GEN
78413233,2024-05,3,GEN
78413244,2024-05,1,VER
78413255,2024-05,0,VER
78413287,2024-05,1,VER
78413299,2024-05,2,VER
78413301,2024-05,1,VER
78413313,2024-05,2,VER
78413392,2024-05,2,VER
78413403,2024-05,2,VER
78413409,2024-05,1,VER
78413431,2024-05,1,VER
78413504,2024-05,2,VER
78413575,2024-05,1,VER
78413592,2024-05,1,VER
78413655,2024-05,3,GEN
78413671,2024-05,3,GEN
78413728,2024-05,4,GEN
78413739,2024-05,2,VER
78413784,2024-05,2,VER
78413787,2024-05,1,VER
78413842,2024-05,4,GEN
78413885,2024-05,1,VER
78413915,2024-05,1,VER
78413917,2024-05,1,VER
78413927,2024-05,1,VER
78413931,2024-05,1,VER
78413936,2024-05,1,VER
78414044,2024-05,1,VER
78414084,2024-05,2,VER
78414094,2024-05,3,GEN
78414110,2024-05,3,GEN
78414193,2024-05,2,VER
78414211,2024-05,1,VER
78414216,2024-05,3,GEN
78414227,2024-05,4,GEN
78414237,2024-05,1,VER
78414268,2024-05,3,GEN
78562481,2024-06,2,VER
78562518,2024-06,4,GEN
78562519,2024-06,3,GEN
78562537,2024-06,2,VER
78562542,2024-06,3,GEN
78562545,2024-06,1,VER
78562590,2024-06,3,GEN
78562591,2024-06,3,GEN
78562611,2024-06,1,VER
78562632,2024-06,3,GEN
78562640,2024-06,3,GEN
78562653,2024-06,1,VER
78562666,2024-06,4,GEN
78562673,2024-06,3,GEN
78562705,2024-06,3,GEN
78562717,2024-06,1,VER
78562724,2024-06,1,VER
78562854,2024-06,1,VER
78562866,2024-06,2,VER
78562910,2024-06,3,GEN
78562951,2024-06,1,VER
78562976,2024-06,4,GEN
78562982,2024-06,3,GEN
78563021,2024-06,3,GEN
78563023,2024-06,3,GEN
78563126,2024-06,1,VER
78563199,2024-06,1,VER
78563210,2024-06,1,VER
78563282,2024-06,1,VER
78563286,2024-06,3,GEN
78563348,2024-06,2,VER
78563354,2024-06,1,VER
78563396,2024-06,2,VER
78563412,2024-06,3,GEN
78563532,2024-06,2,VER
78563535,2024-06,1,VER
78563561,2024-06,1,VER
78563585,2024-06,4,GEN
78563675,2024-06,4,GEN
78563786,2024-06,3,GEN
78563796,2024-06,3,GEN
78563834,2024-06,1,VER
78563873,2024-06,3,GEN
78563894,2024-06,3,GEN
78563960,2024-06,4,GEN
78563971,2024-06,3,GEN
78563975,2024-06,3,GEN
78563984,2024-06,2,VER
78563997,2024-06,3,GEN
78564000,2024-06,1,VER
78564068,2024-06,3,GEN
78564184,2024-06,2,VER
78564196,2024-06,3,GEN
78564217,2024-06,2,VER
78564233,2024-06,2,VER
78564238,2024-06,2,VER
78564241,2024-06,1,VER
78564261,2024-06,1,VER
78564282,2024-06,1,VER
78564293,2024-06,2,VER
78564333,2024-06,2,VER
78564399,2024-06,2,VER
78564413,2024-06,3,GEN
78564459,2024-06,2,VER
78564460,2024-06,3,GEN
78564461,2024-06,4,GEN
78564505,2024-06,3,GEN
78564523,2024-06,1,VER
78564550,2024-06,1,VER
78564581,2024-06,1,VER
78564587,2024-06,2,VER
78564605,2024-06,3,GEN
78564655,2024-06,3,GEN
78564669,2024-06,1,VER
78564699,2024-06,1,VER
78564718,2024-06,1,VER
78564771,2024-06,3,GEN
78564778,2024-06,1,VER
78564783,2024-06,1,VER
78564789,2024-06,1,VER
78564877,2024-06,2,VER
78564920,2024-06,4,GEN
78564945,2024-06,3,GEN
78564958,2024-06,2,VER
78564999,2024-06,1,VER
78565013,2024-06,1,VER
78565064,2024-06,2,VER
78565125,2024-06,1,VER
78565132,2024-06,1,VER
78565137,2024-06,2,VER
78565180,2024-06,3,GEN
78565188,2024-06,2,VER
78565191,2024-06,2,VER
78565192,2024-06,1,VER
78565203,2024-06,4,GEN
78565231,2024-06,3,GEN
78565234,2024-06,0,VER
78565243,2024-06,3,GEN
78565260,2024-06,2,VER
78565377,2024-06,3,GEN
78690099,2024-07,1,VER
78690101,2024-07,3,GEN
78690154,2024-07,1,VER
78690204,2024-07,2,VER
78690210,2024-07,2,VER
78690213,2024-07,2,VER
78690229,2024-07,3,GEN
78690234,2024-07,3,GEN
78690264,2024-07,4,GEN
78690267,2024-07,3,GEN
78690274,2024-07,1,VER
78690284,2024-07,1,VER
78690291,2024-07,2,VER
78690334,2024-07,1,VER
78690388,2024-07,2,VER
78690406,2024-07,1,VER
78690407,2024-07,1,VER
78690529,2024-07,1,VER
78690568,2024-07,2,VER
78690589,2024-07,1,VER
78690602,2024-07,1,VER
78690669,2024-07,1,VER
78690671,2024-07,1,VER
78690700,2024-07,3,GEN
78690704,2024-07,3,GEN
78690772,2024-07,1,VER
78690837,2024-07,1,VER
78690847,2024-07,2,VER
78690926,2024-07,2,VER
78691009,2024-07,4,GEN
78691025,2024-07,3,GEN
78691036,2024-07,3,GEN
78691039,2024-07,4,GEN
78691053,2024-07,1,VER
78691077,2024-07,1,VER
78691081,2024-07,1,VER
78691107,2024-07,4,GEN
78691120,2024-07,1,VER
78691141,2024-07,1,VER
78691202,2024-07,1,VER
78691274,2024-07,3,GEN
78691288,2024-07,3,GEN
78691335,2024-07,1,VER
78691340,2024-07,1,VER
78691402,2024-07,2,VER
78691438,2024-07,3,GEN
78691459,2024-07,1,VER
78691479,2024-07,3,GEN
78691539,2024-07,2,VER
78691556,2024-07,3,GEN
78691574,2024-07,3,GEN
78691597,2024-07,2,VER
78691616,2024-07,2,VER
78691625,2024-07,4,GEN
78691628,2024-07,1,VER
78691652,2024-07,3,GEN
78691658,2024-07,1,VER
78691822,2024-07,3,GEN
78691826,2024-07,1,VER
78691873,2024-07,2,VER
78691919,2024-07,4,GEN
78691957,2024-07,2,VER
78692083,2024-07,4,GEN
78692134,2024-07,3,GEN
78692139,2024-07,3,GEN
78692165,2024-07,3,GEN
78692193,2024-07,2,VER
78692212,2024-07,1,VER
78692222,2024-07,3,GEN
78692255,2024-07,2,VER
78692260,2024-07,1,VER
78692274,2024-07,3,GEN
78692333,2024-07,3,GEN
78692380,2024-07,3,GEN
78692403,2024-07,2,VER
78692438,2024-07,3,GEN
78692458,2024-07,4,GEN
78692537,2024-07,3,GEN
78692552,2024-07,1,VER
78692559,2024-07,1,VER
78692640,2024-07,3,GEN
78692641,2024-07,3,GEN
78692707,2024-07,3,GEN
78692719,2024-07,3,GEN
78692726,2024-07,1,VER
78692744,2024-07,3,GEN
78692798,2024-07,3,GEN
78692811,2024-07,1,VER
78692844,2024-07,3,GEN
78692863,2024-07,1,VER
78692910,2024-07,2,VER
78692950,2024-07,3,GEN
78692959,2024-07,3,GEN
78693015,2024-07,1,VER
78693024,2024-07,4,GEN
78693026,2024-07,3,GEN
78693027,2024-07,2,VER
78693033,2024-07,4,GEN
78693052,2024-07,3,GEN
78693056,2024-07,1,VER
78818768,2024-08,2,VER
78818769,2024-08,1,VER
78818773,2024-08,1,VER
78818782,2024-08,1,VER
78818794,2024-08,3,GEN
78818917,2024-08,3,GEN
78818919,2024-08,2,VER
78818920,2024-08,3,GEN
78818979,2024-08,1,VER
78819007,2024-08,2,VER
78819017,2024-08,3,GEN
78819066,2024-08,1,VER
78819087,2024-08,2,VER
78819158,2024-08,2,VER
78819169,2024-08,3,GEN
78819173,2024-08,1,VER
78819334,2024-08,2,VER
78819376,2024-08,4,GEN
78819380,2024-08,3,GEN
78819386,2024-08,3,GEN
78819559,2024-08,1,VER
78819636,2024-08,2,VER
78819645,2024-08,1,VER
78819711,2024-08,3,GEN
78819716,2024-08,2,VER
78819757,2024-08,1,VER
78819832,2024-08,3,GEN
78819839,2024-08,1,VER
78819843,2024-08,3,GEN
78819883,2024-08,3,GEN
78819922,2024-08,2,VER
78819924,2024-08,4,GEN
78819939,2024-08,4,GEN
78819975,2024-08,3,GEN
78820013,2024-08,2,VER
78820017,2024-08,3,GEN
78820055,2024-08,4,GEN
78820057,2024-08,2,VER
78820096,2024-08,3,GEN
78820102,2024-08,3,GEN
78820110,2024-08,1,VER
78820126,2024-08,1,VER
78820222,2024-08,4,GEN
78820256,2024-08,2,VER
78820258,2024-08,2,VER
78820267,2024-08,1,VER
78820308,2024-08,3,GEN
78820328,2024-08,3,GEN
78820362,2024-08,1,VER
78820475,2024-08,1,VER
78820601,2024-08,1,VER
78820700,2024-08,3,GEN
78820748,2024-08,1,VER
78820758,2024-08,2,VER
78820763,2024-08,2,VER
78820768,2024-08,3,GEN
78820798,2024-08,2,VER
78820860,2024-08,4,GEN
78820861,2024-08,4,GEN
78820951,2024-08,1,VER
78820957,2024-08,3,GEN
78820996,2024-08,2,VER
78821038,2024-08,1,VER
78821050,2024-08,4,GEN
78821056,2024-08,1,VER
78821083,2024-08,2,VER
78821089,2024-08,3,GEN
78821121,2024-08,2,VER
78821122,2024-08,1,VER
78821132,2024-08,3,GEN
78821149,2024-08,3,GEN
78821184,2024-08,1,VER
78821187,2024-08,1,VER
78821190,2024-08,2,VER
78821193,2024-08,2,VER
78821292,2024-08,2,VER
78821355,2024-08,1,VER
78821371,2024-08,3,GEN
78821389,2024-08,2,VER
78821424,2024-08,1,VER
78821429,2024-08,3,GEN
78821461,2024-08,3,GEN
78821465,2024-08,3,GEN
78821544,2024-08,3,GEN
78821557,2024-08,3,GEN
78821660,2024-08,2,VER
78821675,2024-08,4,GEN
78821677,2024-08,1,VER
78821687,2024-08,2,VER
78821738,2024-08,1,VER
78821744,2024-08,3,GEN
78821753,2024-08,3,GEN
78821823,2024-08,0,VER
78821828,2024-08,1,VER
78821837,2024-08,2,VER
78821850,2024-08,2,VER
78821942,2024-08,3,GEN
78821963,2024-08,2,VER
78821975,2024-08,2,VER
78821982,2024-08,2,VER
78936335,2024-09,1,VER
78936404,2024-09,3,GEN
78936422,2024-09,2,VER
78936446,2024-09,3,GEN
78936473,2024-09,3,GEN
78936478,2024-09,2,VER
78936484,2024-09,1,VER
78936509,2024-09,1,VER
78936530,2024-09,3,GEN
78936535,2024-09,3,GEN
78936548,2024-09,4,GEN
78936557,2024-09,2,VER
78936607,2024-09,3,GEN
78936643,2024-09,3,GEN
78936755,2024-09,1,VER
78936816,2024-09,4,GEN
78936830,2024-09,1,VER
78936857,2024-09,3,GEN
78936892,2024-09,2,VER
78936933,2024-09,1,VER
78937042,2024-09,2,VER
78937094,2024-09,3,GEN
78937119,2024-09,3,GEN
78937146,2024-09,1,VER
78937157,2024-09,1,VER
78937182,2024-09,2,VER
78937209,2024-09,2,VER
78937235,2024-09,4,GEN
78937366,2024-09,4,GEN
78937395,2024-09,3,GEN
78937533,2024-09,2,VER
78937655,2024-09,4,GEN
78937663,2024-09,2,VER
78937724,2024-09,4,GEN
78937726,2024-09,3,GEN
78937753,2024-09,3,GEN
78937759,2024-09,3,GEN
78937823,2024-09,2,VER
78937897,2024-09,4,GEN
78937907,2024-09,1,VER
78937912,2024-09,4,GEN
78937921,2024-09,4,GEN
78937962,2024-09,4,GEN
78937986,2024-09,3,GEN
78938073,2024-09,4,GEN
78938085,2024-09,2,VER
78938115,2024-09,3,GEN
78938209,2024-09,4,GEN
78938211,2024-09,3,GEN
78938260,2024-09,3,GEN
78938285,2024-09,4,GEN
78938295,2024-09,3,GEN
78938302,2024-09,1,VER
78938312,2024-09,4,GEN
78938324,2024-09,2,VER
78938390,2024-09,1,VER
78938395,2024-09,1,VER
78938398,2024-09,1,VER
78938424,2024-09,1,VER
78938440,2024-09,3,GEN
78938487,2024-09,1,VER
78938507,2024-09,3,GEN
78938508,2024-09,1,VER
78938529,2024-09,2,VER
78938539,2024-09,2,VER
78938589,2024-09,3,GEN
78938611,2024-09,4,GEN
78938653,2024-09,2,VER
78938691,2024-09,1,VER
78938692,2024-09,1,VER
78938722,2024-09,4,GEN
78938723,2024-09,1,VER
78938725,2024-09,1,VER
78938754,2024-09,3,GEN
78938772,2024-09,1,VER
78938784,2024-09,3,GEN
78938798,2024-09,4,GEN
78938799,2024-09,3,GEN
78938875,2024-09,3,GEN
78938890,2024-09,1,VER
78938955,2024-09,1,VER
78939020,2024-09,1,VER
78939116,2024-09,1,VER
78939142,2024-09,2,VER
78939233,2024-09,3,GEN
78939286,2024-09,1,VER
78939368,2024-09,2,VER
78939475,2024-09,1,VER
78939502,2024-09,1,VER
78939534,2024-09,0,VER
78939571,2024-09,1,VER
78939597,2024-09,1,VER
78939606,2024-09,2,VER
78939607,2024-09,3,GEN
78939613,2024-09,4,GEN
78939633,2024-09,2,VER
78939671,2024-09,3,GEN
78939731,2024-09,2,VER
78939768,2024-09,4,GEN
78939773,2024-09,1,VER
79041308,2024-10,4,GEN
79041358,2024-10,4,GEN
79041361,2024-10,3,GEN
79041490,2024-10,2,VER
79041540,2024-10,3,GEN
79041573,2024-10,2,VER
79041578,2024-10,1,VER
79041633,2024-10,1,VER
79041647,2024-10,4,GEN
79041684,2024-10,1,VER
79041699,2024-10,2,VER
79041942,2024-10,4,GEN
79042135,2024-10,2,VER
79042147,2024-10,3,GEN
79042155,2024-10,1,VER
79042189,2024-10,3,GEN
79042204,2024-10,1,VER
79042248,2024-10,1,VER
79042252,2024-10,3,GEN
79042253,2024-10,3,GEN
79042289,2024-10,3,GEN
79042321,2024-10,1,VER
79042347,2024-10,2,VER
79042388,2024-10,1,VER
79042421,2024-10,0,VER
79042424,2024-10,3,GEN
79042426,2024-10,3,GEN
79042456,2024-10,1,VER
79042519,2024-10,4,GEN
79042560,2024-10,2,VER
79042577,2024-10,2,VER
79042588,2024-10,1,VER
79042646,2024-10,3,GEN
79042666,2024-10,4,GEN
79042708,2024-10,3,GEN
79042776,2024-10,1,VER
79042822,2024-10,3,GEN
79042837,2024-10,3,GEN
79042908,2024-10,2,VER
79042915,2024-10,3,GEN
79042937,2024-10,1,VER
79042960,2024-10,3,GEN
79042968,2024-10,1,VER
79043009,2024-10,4,GEN
79043011,2024-10,1,VER
79043026,2024-10,3,GEN
79043042,2024-10,3,GEN
79043118,2024-10,3,GEN
79043163,2024-10,1,VER
79043241,2024-10,3,GEN
79043331,2024-10,2,VER
79043468,2024-10,3,GEN
79043541,2024-10,1,VER
79043588,2024-10,1,VER
79043611,2024-10,2,VER
79043689,2024-10,3,GEN
79043698,2024-10,1,VER
79043704,2024-10,2,VER
79043708,2024-10,1,VER
79043775,2024-10,1,VER
79043777,2024-10,3,GEN
79043806,2024-10,3,GEN
79043808,2024-10,2,VER
79043862,2024-10,2,VER
79043871,2024-10,1,VER
79043944,2024-10,1,VER
79043973,2024-10,2,VER
79043974,2024-10,1,VER
79044058,2024-10,3,GEN
79044131,2024-10,1,VER
79044145,2024-10,4,GEN
79044153,2024-10,2,VER
79044230,2024-10,2,VER
79044256,2024-10,1,VER
79044306,2024-10,1,VER
79044310,2024-10,1,VER
79044320,2024-10,3,GEN
79044322,2024-10,4,GEN
79044350,2024-10,2,VER
79044352,2024-10,1,VER
79044359,2024-10,3,GEN
79044369,2024-10,4,GEN
79044434,2024-10,1,VER
79044482,2024-10,2,VER
79044500,2024-10,1,VER
79044501,2024-10,2,VER
79044503,2024-10,3,GEN
79044512,2024-10,1,VER
79044519,2024-10,2,VER
79044553,2024-10,1,VER
79044584,2024-10,1,VER
79044593,2024-10,3,GEN
79044611,2024-10,1,VER
79044648,2024-10,2,VER
79044650,2024-10,2,VER
79044695,2024-10,3,GEN
79044704,2024-10,4,GEN
79044711,2024-10,1,VER
79044714,2024-10,1,VER
79044764,2024-10,3,GEN
79146647,2024-11,1,VER
79146729,2024-11,3,GEN
79146738,2024-11,4,GEN
79146794,2024-11,1,VER
79146802,2024-11,3,GEN
79146851,2024-11,4,GEN
79146880,2024-11,4,GEN
79146896,2024-11,1,VER
79146953,2024-11,0,VER
79146969,2024-11,4,GEN
79146976,2024-11,3,GEN
79147019,2024-11,2,VER
79147028,2024-11,3,GEN
79147042,2024-11,3,GEN
79147084,2024-11,3,GEN
79147234,2024-11,3,GEN
79147288,2024-11,0,VER
79147359,2024-11,3,GEN
79147385,2024-11,3,GEN
79147443,2024-11,3,GEN
79147445,2024-11,2,VER
79147500,2024-11,1,VER
79147597,2024-11,1,VER
79147643,2024-11,4,GEN
79147645,2024-11,1,VER
79147681,2024-11,4,GEN
79147692,2024-11,2,VER
79147700,2024-11,0,VER
79147705,2024-11,2,VER
79147836,2024-11,4,GEN
79147837,2024-11,2,VER
79147875,2024-11,2,VER
79147876,2024-11,1,VER
79147896,2024-11,1,VER
79148025,2024-11,4,GEN
79148054,2024-11,1,VER
79148114,2024-11,1,VER
79148175,2024-11,1,VER
79148178,2024-11,2,VER
79148210,2024-11,1,VER
79148243,2024-11,3,GEN
79148292,2024-11,1,VER
79148347,2024-11,4,GEN
79148366,2024-11,3,GEN
79148385,2024-11,3,GEN
79148483,2024-11,3,GEN
79148525,2024-11,2,VER
79148560,2024-11,1,VER
79148566,2024-11,3,GEN
79148625,2024-11,1,VER
79148697,2024-11,1,VER
79148736,2024-11,2,VER
79148747,2024-11,3,GEN
79148781,2024-11,2,VER
79148802,2024-11,2,VER
79148924,2024-11,3,GEN
79148948,2024-11,1,VER
79149035,2024-11,1,VER
79149103,2024-11,1,VER
79149108,2024-11,1,VER
79149147,2024-11,3,GEN
79149164,2024-11,2,VER
79149172,2024-11,3,GEN
79149175,2024-11,1,VER
79149222,2024-11,1,VER
79149260,2024-11,1,VER
79149262,2024-11,2,VER
79149274,2024-11,2,VER
79149293,2024-11,2,VER
79149294,2024-11,1,VER
79149341,2024-11,3,GEN
79149378,2024-11,3,GEN
79149425,2024-11,3,GEN
79149427,2024-11,1,VER
79149431,2024-11,1,VER
79149448,2024-11,2,VER
79149449,2024-11,3,GEN
79149485,2024-11,1,VER
79149521,2024-11,3,GEN
79149547,2024-11,2,VER
79149558,2024-11,1,VER
79149626,2024-11,3,GEN
79149627,2024-11,3,GEN
79149657,2024-11,4,GEN
79149707,2024-11,2,VER
79149709,2024-11,4,GEN
79149716,2024-11,3,GEN
79149745,2024-11,3,GEN
79149763,2024-11,3,GEN
79149811,2024-11,3,GEN
79149821,2024-11,1,VER
79149825,2024-11,4,GEN
79149829,2024-11,2,VER
79149846,2024-11,2,VER
79149913,2024-11,1,VER
79149930,2024-11,1,VER
79149972,2024-11,2,VER
79150108,2024-11,1,VER
79150136,2024-11,2,VER
79150176,2024-11,1,VER
79240720,2024-12,3,GEN
79240830,2024-12,3,GEN
79240851,2024-12,4,GEN
79240870,2024-12,2,VER
79240885,2024-12,3,GEN
79240944,2024-12,2,VER
79241034,2024-12,2,VER
79241070,2024-12,2,VER
79241075,2024-12,3,GEN
79241077,2024-12,3,GEN
79241088,2024-12,3,GEN
79241135,2024-12,2,VER
79241191,2024-12,2,VER
79241244,2024-12,1,VER
79241278,2024-12,3,GEN
79241291,2024-12,3,GEN
79241313,2024-12,1,VER
79241319,2024-12,2,VER
79241329,2024-12,4,GEN
79241406,2024-12,3,GEN
79241455,2024-12,4,GEN
79241472,2024-12,4,GEN
79241502,2024-12,1,VER
79241507,2024-12,1,VER
79241543,2024-12,1,VER
79241613,2024-12,4,GEN
79241634,2024-12,1,VER
79241645,2024-12,2,VER
79241735,2024-12,3,GEN
79241768,2024-12,1,VER
79241786,2024-12,2,VER
79241871,2024-12,1,VER
79241894,2024-12,1,VER
79241909,2024-12,1,VER
79241910,2024-12,1,VER
79241946,2024-12,1,VER
79241969,2024-12,2,VER
79241977,2024-12,1,VER
79242041,2024-12,3,GEN
79242048,2024-12,4,GEN
79242086,2024-12,3,GEN
79242121,2024-12,2,VER
79242142,2024-12,2,VER
79242191,2024-12,1,VER
79242209,2024-12,3,GEN
79242220,2024-12,3,GEN
79242239,2024-12,1,VER
79242279,2024-12,4,GEN
79242289,2024-12,1,VER
79242374,2024-12,3,GEN
79242432,2024-12,3,GEN
79242440,2024-12,3,GEN
79242472,2024-12,0,VER
79242476,2024-12,2,VER
79242541,2024-12,4,GEN
79242582,2024-12,3,GEN
79242610,2024-12,3,GEN
79242639,2024-12,1,VER
79242651,2024-12,3,GEN
79242702,2024-12,3,GEN
79242788,2024-12,2,VER
79242841,2024-12,2,VER
79242887,2024-12,2,VER
79242930,2024-12,1,VER
79242938,2024-12,1,VER
79242984,2024-12,1,VER
79243003,2024-12,1,VER
79243015,2024-12,1,VER
79243094,2024-12,1,VER
79243106,2024-12,3,GEN
79243117,2024-12,1,VER
79243133,2024-12,1,VER
79243206,2024-12,3,GEN
79243222,2024-12,3,GEN
79243311,2024-12,1,VER
79243340,2024-12,3,GEN
79243345,2024-12,1,VER
79243348,2024-12,1,VER
79243355,2024-12,3,GEN
79243356,2024-12,3,GEN
79243452,2024-12,1,VER
79243483,2024-12,2,VER
79243594,2024-12,1,VER
79243681,2024-12,3,GEN
79243713,2024-12,4,GEN
79243808,2024-12,2,VER
79243860,2024-12,2,VER
79243949,2024-12,1,VER
79244000,2024-12,1,VER
79244083,2024-12,4,GEN
79244095,2024-12,3,GEN
79244106,2024-12,1,VER
79244109,2024-12,3,GEN
79244131,2024-12,2,VER
79244132,2024-12,2,VER
79244162,2024-12,1,VER
79244168,2024-12,4,GEN
79244221,2024-12,4,GEN
79244250,2024-12,3,GEN
79244267,2024-12,3,GEN
79320980,2025-01,2,VER
79320984,2025-01,3,GEN
79321001,2025-01,1,VER
79321012,2025-01,1,VER
79321016,2025-01,1,VER
79321028,2025-01,2,VER
79321029,2025-01,3,GEN
79321112,2025-01,1,VER
79321189,2025-01,4,GEN
79321224,2025-01,1,VER
79321289,2025-01,2,VER
79321347,2025-01,0,VER
79321489,2025-01,1,VER
79321551,2025-01,1,VER
79321570,2025-01,1,VER
79321647,2025-01,3,GEN
79321741,2025-01,0,VER
79321755,2025-01,3,GEN
79321760,2025-01,2,VER
79321826,2025-01,3,GEN
79321937,2025-01,3,GEN
79321947,2025-01,1,VER
79322010,2025-01,3,GEN
79322039,2025-01,1,VER
79322044,2025-01,2,VER
79322091,2025-01,1,VER
79322098,2025-01,3,GEN
79322117,2025-01,1,VER
79322130,2025-01,2,VER
79322153,2025-01,4,GEN
79322184,2025-01,1,VER
79322235,2025-01,4,GEN
79322243,2025-01,1,VER
79322253,2025-01,2,VER
79322284,2025-01,3,GEN
79322295,2025-01,2,VER
79322300,2025-01,2,VER
79322394,2025-01,3,GEN
79322421,2025-01,1,VER
79322486,2025-01,3,GEN
79322529,2025-01,1,VER
79322530,2025-01,1,VER
79322531,2025-01,1,VER
79322543,2025-01,3,GEN
79322565,2025-01,3,GEN
79322580,2025-01,2,VER
79322581,2025-01,2,VER
79322598,2025-01,0,VER
79322605,2025-01,2,VER
79322606,2025-01,1,VER
79322608,2025-01,2,VER
79322620,2025-01,3,GEN
79322625,2025-01,2,VER
79322639,2025-01,2,VER
79322646,2025-01,3,GEN
79322651,2025-01,1,VER
79322685,2025-01,1,VER
79322796,2025-01,1,VER
79322812,2025-01,1,VER
79322900,2025-01,1,VER
79322918,2025-01,3,GEN
79323140,2025-01,3,GEN
79323147,2025-01,1,VER
79323172,2025-01,1,VER
79323215,2025-01,3,GEN
79323230,2025-01,3,GEN
79323267,2025-01,3,GEN
79323285,2025-01,0,VER
79323434,2025-01,1,VER
79323468,2025-01,1,VER
79323513,2025-01,1,VER
79323626,2025-01,1,VER
79323660,2025-01,2,VER
79323666,2025-01,1,VER
79323742,2025-01,3,GEN
79323746,2025-01,2,VER
79323752,2025-01,4,GEN
79323765,2025-01,4,GEN
79323799,2025-01,4,GEN
79323808,2025-01,1,VER
79323814,2025-01,3,GEN
79323979,2025-01,2,VER
79324043,2025-01,2,VER
79324053,2025-01,0,VER
79324073,2025-01,1,VER
79324075,2025-01,3,GEN
79324114,2025-01,2,VER
79324137,2025-01,3,GEN
79324334,2025-01,0,VER
79324398,2025-01,1,VER
79324436,2025-01,1,VER
79324475,2025-01,4,GEN
79324481,2025-01,1,VER
79324524,2025-01,1,VER
79324608,2025-01,2,VER
79324635,2025-01,2,VER
79324668,2025-01,4,GEN
79324706,2025-01,4,GEN
79324718,2025-01,1,VER
79324831,2025-01,1,VER
79404210,2025-02,2,VER
79404340,2025-02,1,VER
79404365,2025-02,3,GEN
79404376,2025-02,3,GEN
79404435,2025-02,1,VER
79404450,2025-02,1,VER
79404453,2025-02,3,GEN
79404481,2025-02,3,GEN
79404494,2025-02,1,VER
79404509,2025-02,3,GEN
79404513,2025-02,3,GEN
79404534,2025-02,1,VER
79404539,2025-02,1,VER
79404581,2025-02,2,VER
79404607,2025-02,2,VER
79404786,2025-02,4,GEN
79404824,2025-02,4,GEN
79404917,2025-02,1,VER
79404925,2025-02,2,VER
79404973,2025-02,4,GEN
79404982,2025-02,2,VER
79405014,2025-02,1,VER
79405028,2025-02,1,VER
79405056,2025-02,2,VER
79405079,2025-02,3,GEN
79405200,2025-02,3,GEN
79405222,2025-02,2,VER
79405304,2025-02,4,GEN
79405384,2025-02,2,VER
79405385,2025-02,2,VER
79405471,2025-02,2,VER
79405481,2025-02,2,VER
79405483,2025-02,3,GEN
79405487,2025-02,1,VER
79405506,2025-02,2,VER
79405520,2025-02,1,VER
79405537,2025-02,2,VER
79405614,2025-02,4,GEN
79405672,2025-02,1,VER
79405770,2025-02,1,VER
79405792,2025-02,3,GEN
79405832,2025-02,2,VER
79405867,2025-02,3,GEN
79405874,2025-02,1,VER
79405875,2025-02,1,VER
79405879,2025-02,1,VER
79405928,2025-02,1,VER
79405943,2025-02,2,VER
79405965,2025-02,2,VER
79405988,2025-02,4,GEN
79405989,2025-02,4,GEN
79405991,2025-02,4,GEN
79406005,2025-02,3,GEN
79406013,2025-02,3,GEN
79406056,2025-02,2,VER
79406133,2025-02,3,GEN
79406154,2025-02,2,VER
79406167,2025-02,3,GEN
79406202,2025-02,3,GEN
79406233,2025-02,2,VER
79406346,2025-02,2,VER
79406394,2025-02,3,GEN
79406419,2025-02,1,VER
79406428,2025-02,2,VER
79406441,2025-02,4,GEN
79406461,2025-02,1,VER
79406471,2025-02,2,VER
79406476,2025-02,1,VER
79406498,2025-02,1,VER
79406511,2025-02,3,GEN
79406522,2025-02,1,VER
79406524,2025-02,2,VER
79406551,2025-02,1,VER
79406608,2025-02,3,GEN
79406663,2025-02,3,GEN
79406743,2025-02,1,VER
79406779,2025-02,3,GEN
79406782,2025-02,1,VER
79406858,2025-02,3,GEN
79406869,2025-02,4,GEN
79406912,2025-02,3,GEN
79406917,2025-02,3,GEN
79406955,2025-02,1,VER
79407057,2025-02,1,VER
79407071,2025-02,4,GEN
79407087,2025-02,3,GEN
79407097,2025-02,4,GEN
79407124,2025-02,2,VER
79407173,2025-02,1,VER
79407184,2025-02,1,VER
79407189,2025-02,1,VER
79407210,2025-02,1,VER
79407219,2025-02,3,GEN
79407233,2025-02,2,VER
79407242,2025-02,1,VER
79407250,2025-02,4,GEN
79407284,2025-02,2,VER
79407317,2025-02,3,GEN
79407324,2025-02,2,VER
79407330,2025-02,1,VER
79476989,2025-03,0,VER
79477010,2025-03,4,GEN
79477070,2025-03,2,VER
79477078,2025-03,3,GEN
79477248,2025-03,3,GEN
79477253,2025-03,1,VER
79477286,2025-03,1,VER
79477304,2025-03,2,VER
79477310,2025-03,3,GEN
79477348,2025-03,1,VER
79477395,2025-03,3,GEN
79477398,2025-03,4,GEN
79477454,2025-03,4,GEN
79477559,2025-03,4,GEN
79477586,2025-03,1,VER
79477616,2025-03,3,GEN
79477634,2025-03,4,GEN
79477693,2025-03,1,VER
79477700,2025-03,4,GEN
79477745,2025-03,3,GEN
79477752,2025-03,4,GEN
79477786,2025-03,1,VER
79477824,2025-03,3,GEN
79477889,2025-03,1,VER
79477947,2025-03,3,GEN
79477980,2025-03,1,VER
79477988,2025-03,1,VER
79478019,2025-03,2,VER
79478025,2025-03,1,VER
79478051,2025-03,3,GEN
79478068,2025-03,3,GEN
79478111,2025-03,2,VER
79478223,2025-03,2,VER
79478307,2025-03,1,VER
79478318,2025-03,3,GEN
79478323,2025-03,1,VER
79478331,2025-03,4,GEN
79478360,2025-03,3,GEN
79478383,2025-03,1,VER
79478514,2025-03,1,VER
79478526,2025-03,2,VER
79478541,2025-03,2,VER
79478558,2025-03,3,GEN
79478562,2025-03,3,GEN
79478658,2025-03,1,VER
79478682,2025-03,2,VER
79478703,2025-03,1,VER
79478715,2025-03,2,VER
79478724,2025-03,4,GEN
79478750,2025-03,3,GEN
79478757,2025-03,3,GEN
79478781,2025-03,3,GEN
79478793,2025-03,3,GEN
79478810,2025-03,3,GEN
79478834,2025-03,1,VER
79478857,2025-03,1,VER
79478895,2025-03,2,VER
79478900,2025-03,3,GEN
79478924,2025-03,3,GEN
79478980,2025-03,3,GEN
79479015,2025-03,3,GEN
79479038,2025-03,4,GEN
79479096,2025-03,3,GEN
79479136,2025-03,2,VER
79479213,2025-03,3,GEN
79479227,2025-03,4,GEN
79479289,2025-03,2,VER
79479347,2025-03,2,VER
79479368,2025-03,1,VER
79479370,2025-03,3,GEN
79479376,2025-03,2,VER
79479405,2025-03,1,VER
79479426,2025-03,2,VER
79479491,2025-03,1,VER
79479529,2025-03,3,GEN
79479543,2025-03,1,VER
79479599,2025-03,3,GEN
79479618,2025-03,3,GEN
79479653,2025-03,2,VER
79479705,2025-03,1,VER
79479725,2025-03,2,VER
79479781,2025-03,1,VER
79479870,2025-03,3,GEN
79479888,2025-03,4,GEN
79479946,2025-03,3,GEN
79479963,2025-03,3,GEN
79479998,2025-03,1,VER
79480013,2025-03,1,VER
79480032,2025-03,4,GEN
79480081,2025-03,1,VER
79480096,2025-03,1,VER
79480120,2025-03,2,VER
79480121,2025-03,1,VER
79480151,2025-03,3,GEN
79480205,2025-03,1,VER
79480218,2025-03,2,VER
79480260,2025-03,1,VER
79480319,2025-03,3,GEN
79480411,2025-03,3,GEN
79480437,2025-03,4,GEN
79547465,2025-04,3,GEN
79547495,2025-04,2,VER
79547496,2025-04,4,GEN
79547515,2025-04,3,GEN
79547567,2025-04,1,VER
79547571,2025-04,1,VER
79547588,2025-04,1,VER
79547639,2025-04,2,VER
79547703,2025-04,1,VER
79547724,2025-04,3,GEN
79547736,2025-04,3,GEN
79547762,2025-04,1,VER
79547780,2025-04,3,GEN
79547849,2025-04,2,VER
79547850,2025-04,2,VER
79547856,2025-04,3,GEN
79547994,2025-04,1,VER
79548070,2025-04,4,GEN
79548081,2025-04,2,VER
79548083,2025-04,1,VER
79548120,2025-04,0,VER
79548159,2025-04,3,GEN
79548185,2025-04,4,GEN
79548219,2025-04,3,GEN
79548243,2025-04,2,VER
79548304,2025-04,2,VER
79548332,2025-04,1,VER
79548363,2025-04,2,VER
79548391,2025-04,3,GEN
79548408,2025-04,1,VER
79548423,2025-04,2,VER
79548492,2025-04,1,VER
79548494,2025-04,1,VER
79548517,2025-04,1,VER
79548523,2025-04,2,VER
79548554,2025-04,2,VER
79548581,2025-04,2,VER
79548638,2025-04,1,VER
79548741,2025-04,2,VER
79548754,2025-04,4,GEN
79548793,2025-04,1,VER
79548889,2025-04,4,GEN
79548908,2025-04,3,GEN
79548968,2025-04,3,GEN
79549000,2025-04,4,GEN
79549008,2025-04,1,VER
79549057,2025-04,3,GEN
79549110,2025-04,1,VER
79549115,2025-04,2,VER
79549124,2025-04,1,VER
79549219,2025-04,4,GEN
79549235,2025-04,1,VER
79549249,2025-04,1,VER
79549259,2025-04,3,GEN
79549268,2025-04,4,GEN
79549407,2025-04,1,VER
79549451,2025-04,1,VER
79549461,2025-04,3,GEN
79549541,2025-04,1,VER
79549595,2025-04,1,VER
79549626,2025-04,4,GEN
79549687,2025-04,3,GEN
79549737,2025-04,3,GEN
79549742,2025-04,2,VER
79549759,2025-04,1,VER
79549763,2025-04,3,GEN
79549767,2025-04,3,GEN
79549771,2025-04,3,GEN
79549787,2025-04,2,VER
79549802,2025-04,3,GEN
79549847,2025-04,3,GEN
79549881,2025-04,3,GEN
79549907,2025-04,2,VER
79549916,2025-04,3,GEN
79549986,2025-04,3,GEN
79550040,2025-04,2,VER
79550092,2025-04,3,GEN
79550116,2025-04,3,GEN
79550255,2025-04,3,GEN
79550272,2025-04,2,VER
79550273,2025-04,2,VER
79550276,2025-04,2,VER
79550279,2025-04,1,VER
79550287,2025-04,3,GEN
79550295,2025-04,3,GEN
79550320,2025-04,4,GEN
79550361,2025-04,0,VER
79550367,2025-04,3,GEN
79550403,2025-04,3,GEN
79550452,2025-04,1,VER
79550486,2025-04,1,VER
79550546,2025-04,2,VER
79550627,2025-04,3,GEN
79550639,2025-04,3,GEN
79550674,2025-04,3,GEN
79550724,2025-04,1,VER
79550730,2025-04,1,VER
79550761,2025-04,2,VER
79550795,2025-04,3,GEN
79550798,2025-04,3,GEN
79601257,2025-05,1,VER
79601293,2025-05,2,VER
79601335,2025-05,1,VER
79601344,2025-05,3,GEN
79601482,2025-05,3,GEN
79601521,2025-05,2,VER
79601530,2025-05,3,GEN
79601644,2025-05,3,GEN
79601719,2025-05,3,GEN
79601755,2025-05,2,VER
79601766,2025-05,3,GEN
79601812,2025-05,3,GEN
79601835,2025-05,3,GEN
79601846,2025-05,3,GEN
79601886,2025-05,3,GEN
79601906,2025-05,2,VER
79601928,2025-05,4,GEN
79601938,2025-05,3,GEN
79602017,2025-05,3,GEN
79602019,2025-05,1,VER
79602026,2025-05,3,GEN
79602076,2025-05,1,VER
79602106,2025-05,1,VER
79602162,2025-05,3,GEN
79602177,2025-05,3,GEN
79602223,2025-05,1,VER
79602244,2025-05,3,GEN
79602247,2025-05,2,VER
79602285,2025-05,3,GEN
79602340,2025-05,2,VER
79602397,2025-05,1,VER
79602421,2025-05,0,VER
79602424,2025-05,1,VER
79602482,2025-05,2,VER
79602585,2025-05,4,GEN
79602606,2025-05,3,GEN
79602705,2025-05,3,GEN
79602749,2025-05,3,GEN
79602820,2025-05,2,VER
79602850,2025-05,1,VER
79603047,2025-05,1,VER
79603177,2025-05,0,VER
79603209,2025-05,2,VER
79603221,2025-05,2,VER
79603275,2025-05,2,VER
79603293,2025-05,3,GEN
79603298,2025-05,3,GEN
79603404,2025-05,4,GEN
79603414,2025-05,1,VER
79603426,2025-05,1,VER
79603438,2025-05,3,GEN
79603499,2025-05,3,GEN
79603504,2025-05,2,VER
79603555,2025-05,4,GEN
79603558,2025-05,4,GEN
79603624,2025-05,3,GEN
79603699,2025-05,3,GEN
79603715,2025-05,3,GEN
79603725,2025-05,2,VER
79603730,2025-05,3,GEN
79603739,2025-05,2,VER
79603745,2025-05,2,VER
79603748,2025-05,2,VER
79603754,2025-05,4,GEN
79603806,2025-05,2,VER
79603977,2025-05,3,GEN
79604001,2025-05,2,VER
79604038,2025-05,3,GEN
79604094,2025-05,2,VER
79604129,2025-05,4,GEN
79604132,2025-05,3,GEN
79604183,2025-05,3,GEN
79604220,2025-05,3,GEN
79604226,2025-05,4,GEN
79604283,2025-05,4,GEN
79604302,2025-05,3,GEN
79604384,2025-05,1,VER
79604400,2025-05,1,VER
79604417,2025-05,1,VER
79604458,2025-05,3,GEN
79604500,2025-05,2,VER
79604608,2025-05,3,GEN
79604724,2025-05,1,VER
79604732,2025-05,2,VER
79604777,2025-05,1,VER
79604797,2025-05,2,VER
79604798,2025-05,4,GEN
79604815,2025-05,4,GEN
79604826,2025-05,4,GEN
79604883,2025-05,3,GEN
79604901,2025-05,3,GEN
79604966,2025-05,3,GEN
79604986,2025-05,1,VER
79605058,2025-05,3,GEN
79605098,2025-05,3,GEN
79605163,2025-05,1,VER
79605191,2025-05,3,GEN
79605208,2025-05,2,VER
79605214,2025-05,3,GEN
79605299,2025-05,1,VER
79647093,2025-06,3,GEN
79647107,2025-06,1,VER
79647131,2025-06,4,GEN
79647152,2025-06,2,VER
79647158,2025-06,2,VER
79647185,2025-06,4,GEN
79647209,2025-06,3,GEN
79647350,2025-06,3,GEN
79647470,2025-06,3,GEN
79647601,2025-06,1,VER
79647615,2025-06,3,GEN
79647627,2025-06,1,VER
79647636,2025-06,3,GEN
79647650,2025-06,2,VER
79647655,2025-06,1,VER
79647709,2025-06,3,GEN
79647719,2025-06,1,VER
79647730,2025-06,1,VER
79647808,2025-06,1,VER
79647823,2025-06,3,GEN
79647875,2025-06,1,VER
79647877,2025-06,2,VER
79647894,2025-06,3,GEN
79647899,2025-06,3,GEN
79647982,2025-06,1,VER
79648080,2025-06,2,VER
79648091,2025-06,3,GEN
79648121,2025-06,0,VER
79648218,2025-06,3,GEN
79648240,2025-06,1,VER
79648275,2025-06,3,GEN
79648388,2025-06,4,GEN
79648421,2025-06,1,VER
79648428,2025-06,3,GEN
79648453,2025-06,1,VER
79648524,2025-06,1,VER
79648539,2025-06,1,VER
79648605,2025-06,3,GEN
79648646,2025-06,1,VER
79648663,2025-06,3,GEN
79648735,2025-06,4,GEN
79648767,2025-06,2,VER
79648852,2025-06,3,GEN
79649939,2025-06,1,VER
79649941,2025-06,3,GEN
79649970,2025-06,4,GEN
79649982,2025-06,2,VER
79650011,2025-06,2,VER
79650016,2025-06,1,VER
79650026,2025-06,3,GEN
79650039,2025-06,1,VER
79650046,2025-06,1,VER
79650102,2025-06,1,VER
79650165,2025-06,1,VER
79650281,2025-06,1,VER
79650291,2025-06,2,VER
79650301,2025-06,3,GEN
79650316,2025-06,1,VER
79650348,2025-06,4,GEN
79650354,2025-06,3,GEN
79650360,2025-06,3,GEN
79650393,2025-06,3,GEN
79650396,2025-06,3,GEN
79650402,2025-06,3,GEN
79650461,2025-06,2,VER
79650470,2025-06,1,VER
79650499,2025-06,1,VER
79650535,2025-06,2,VER
79650567,2025-06,2,VER
79650615,2025-06,3,GEN
79650652,2025-06,3,GEN
79650697,2025-06,2,VER
79650769,2025-06,4,GEN
79650773,2025-06,1,VER
79650791,2025-06,1,VER
79650971,2025-06,3,GEN
79650982,2025-06,1,VER
79650986,2025-06,2,VER
79651081,2025-06,1,VER
79651091,2025-06,1,VER
79651120,2025-06,2,VER
79651121,2025-06,2,VER
79651124,2025-06,1,VER
79651160,2025-06,1,VER
79651164,2025-06,2,VER
79651165,2025-06,2,VER
79651249,2025-06,3,GEN
79651262,2025-06,1,VER
79651328,2025-06,1,VER
79651358,2025-06,3,GEN
79651402,2025-06,2,VER
79651501,2025-06,3,GEN
79651525,2025-06,2,VER
79651536,2025-06,1,VER
79651651,2025-06,4,GEN
79651688,2025-06,1,VER
79651690,2025-06,3,GEN
79651859,2025-06,2,VER
79651861,2025-06,1,VER
79651863,2025-06,4,GEN
79685396,2025-07,4,GEN
79685420,2025-07,1,VER
79685448,2025-07,1,VER
79685480,2025-07,1,VER
79685528,2025-07,3,GEN
79685558,2025-07,2,VER
79685618,2025-07,2,VER
79685633,2025-07,3,GEN
79685701,2025-07,1,VER
79685715,2025-07,1,VER
79685744,2025-07,1,VER
79685782,2025-07,2,VER
79685823,2025-07,3,GEN
79685831,2025-07,2,VER
79685861,2025-07,1,VER
79685872,2025-07,1,VER
79685952,2025-07,2,VER
79686084,2025-07,2,VER
79686145,2025-07,4,GEN
79686185,2025-07,1,VER
79686222,2025-07,1,VER
79686262,2025-07,3,GEN
79686304,2025-07,3,GEN
79686326,2025-07,3,GEN
79686332,2025-07,4,GEN
79686337,2025-07,1,VER
79686359,2025-07,3,GEN
79686384,2025-07,1,VER
79686388,2025-07,1,VER
79686410,2025-07,3,GEN
79686423,2025-07,3,GEN
79686433,2025-07,4,GEN
79686447,2025-07,3,GEN
79686497,2025-07,2,VER
79686537,2025-07,3,GEN
79686564,2025-07,1,VER
79686607,2025-07,3,GEN
79686669,2025-07,1,VER
79686671,2025-07,3,GEN
79686733,2025-07,2,VER
79686767,2025-07,3,GEN
79686864,2025-07,2,VER
79686870,2025-07,1,VER
79686908,2025-07,1,VER
79686944,2025-07,0,VER
79687024,2025-07,1,VER
79687032,2025-07,3,GEN
79687065,2025-07,3,GEN
79687094,2025-07,2,VER
79687131,2025-07,3,GEN
79687167,2025-07,4,GEN
79687251,2025-07,3,GEN
79687351,2025-07,2,VER
79687355,2025-07,3,GEN
79687461,2025-07,4,GEN
79687471,2025-07,2,VER
79687500,2025-07,4,GEN
79687525,2025-07,3,GEN
79687543,2025-07,2,VER
79687578,2025-07,1,VER
79687592,2025-07,1,VER
79687609,2025-07,1,VER
79687611,2025-07,2,VER
79687615,2025-07,2,VER
79687632,2025-07,1,VER
79687678,2025-07,2,VER
79687705,2025-07,2,VER
79687721,2025-07,4,GEN
79687735,2025-07,2,VER
79687761,2025-07,3,GEN
79687800,2025-07,4,GEN
79687815,2025-07,1,VER
79687851,2025-07,1,VER
79687897,2025-07,2,VER
79687995,2025-07,1,VER
79688005,2025-07,1,VER
79688026,2025-07,3,GEN
79688052,2025-07,1,VER
79688126,2025-07,2,VER
79688390,2025-07,1,VER
79688445,2025-07,3,GEN
79688448,2025-07,1,VER
79688461,2025-07,1,VER
79688468,2025-07,2,VER
79688514,2025-07,4,GEN
79688542,2025-07,1,VER
79688562,2025-07,3,GEN
79688583,2025-07,3,GEN
79688618,2025-07,1,VER
79688697,2025-07,1,VER
79688723,2025-07,1,VER
79688733,2025-07,1,VER
79688778,2025-07,1,VER
79688808,2025-07,3,GEN
79688908,2025-07,3,GEN
79688933,2025-07,4,GEN
79688939,2025-07,3,GEN
79688966,2025-07,1,VER
79688998,2025-07,0,VER
79689043,2025-07,1,VER
79721938,2025-08,4,GEN
79722074,2025-08,1,VER
79722075,2025-08,1,VER
79722098,2025-08,2,VER
79722099,2025-08,1,VER
79722131,2025-08,2,VER
79722280,2025-08,3,GEN
79722289,2025-08,1,VER
79722358,2025-08,2,VER
79722386,2025-08,1,VER
79722422,2025-08,2,VER
79722429,2025-08,3,GEN
79722449,2025-08,1,VER
79722528,2025-08,3,GEN
79722555,2025-08,1,VER
79722606,2025-08,2,VER
79722617,2025-08,3,GEN
79722645,2025-08,3,GEN
79722654,2025-08,3,GEN
79722736,2025-08,3,GEN
79722748,2025-08,1,VER
79722758,2025-08,2,VER
79722764,2025-08,2,VER
79722771,2025-08,2,VER
79722798,2025-08,2,VER
79722812,2025-08,1,VER
79722891,2025-08,1,VER
79722918,2025-08,4,GEN
79723041,2025-08,3,GEN
79723058,2025-08,1,VER
79723215,2025-08,1,VER
79723313,2025-08,1,VER
79723352,2025-08,3,GEN
79723447,2025-08,3,GEN
79723457,2025-08,1,VER
79723468,2025-08,2,VER
79723508,2025-08,1,VER
79723518,2025-08,2,VER
79723552,2025-08,3,GEN
79723653,2025-08,2,VER
79723724,2025-08,2,VER
79723815,2025-08,2,VER
79723871,2025-08,4,GEN
79723930,2025-08,2,VER
79723981,2025-08,1,VER
79723986,2025-08,2,VER
79724059,2025-08,3,GEN
79724070,2025-08,3,GEN
79724122,2025-08,2,VER
79724168,2025-08,1,VER
79724176,2025-08,3,GEN
79724193,2025-08,2,VER
79724253,2025-08,3,GEN
79724307,2025-08,3,GEN
79724319,2025-08,2,VER
79724387,2025-08,2,VER
79724451,2025-08,2,VER
79724468,2025-08,4,GEN
79724473,2025-08,3,GEN
79724535,2025-08,2,VER
79724652,2025-08,1,VER
79724676,2025-08,1,VER
79724694,2025-08,3,GEN
79724772,2025-08,3,GEN
79724774,2025-08,1,VER
79724820,2025-08,2,VER
79724845,2025-08,4,GEN
79724874,2025-08,1,VER
79724877,2025-08,3,GEN
79724899,2025-08,1,VER
79724922,2025-08,3,GEN
79725017,2025-08,2,VER
79725035,2025-08,2,VER
79725054,2025-08,1,VER
79725066,2025-08,2,VER
79725131,2025-08,1,VER
79725144,2025-08,2,VER
79725186,2025-08,2,VER
79725199,2025-08,2,VER
79725287,2025-08,2,VER
79725298,2025-08,1,VER
79725307,2025-08,2,VER
79725338,2025-08,2,VER
79725340,2025-08,3,GEN
79725439,2025-08,1,VER
79725440,2025-08,3,GEN
79725442,2025-08,1,VER
79725444,2025-08,4,GEN
79725556,2025-08,1,VER
79725576,2025-08,3,GEN
79725584,2025-08,2,VER
79725626,2025-08,1,VER
79725680,2025-08,1,VER
79725686,2025-08,2,VER
79725691,2025-08,3,GEN
79725715,2025-08,4,GEN
79725721,2025-08,1,VER
79725756,2025-08,4,GEN
79725763,2025-08,3,GEN
79725843,2025-08,4,GEN
79752184,2025-09,2,VER
79752205,2025-09,1,VER
79752222,2025-09,4,GEN
79752301,2025-09,2,VER
79752353,2025-09,2,VER
79752359,2025-09,1,VER
79752526,2025-09,4,GEN
79752550,2025-09,4,GEN
79752604,2025-09,3,GEN
79752664,2025-09,1,VER
79752709,2025-09,3,GEN
79752854,2025-09,2,VER
79752914,2025-09,3,GEN
79753007,2025-09,1,VER
79753050,2025-09,4,GEN
79753057,2025-09,0,VER
79753068,2025-09,4,GEN
79753173,2025-09,1,VER
79753253,2025-09,3,GEN
79753263,2025-09,2,VER
79753276,2025-09,4,GEN
79753309,2025-09,1,VER
79753328,2025-09,3,GEN
79753356,2025-09,3,GEN
79753424,2025-09,2,VER
79753458,2025-09,3,GEN
79753483,2025-09,1,VER
79753551,2025-09,2,VER
79753560,2025-09,2,VER
79753597,2025-09,2,VER
79753764,2025-09,3,GEN
79753801,2025-09,3,GEN
79753835,2025-09,3,GEN
79753854,2025-09,1,VER
79753957,2025-09,2,VER
79754004,2025-09,1,VER
79754148,2025-09,1,VER
79754208,2025-09,3,GEN
79754233,2025-09,3,GEN
79754246,2025-09,4,GEN
79754286,2025-09,1,VER
79754304,2025-09,3,GEN
79754358,2025-09,3,GEN
79754395,2025-09,3,GEN
79754447,2025-09,1,VER
79754470,2025-09,2,VER
79754535,2025-09,3,GEN
79754563,2025-09,2,VER
79754605,2025-09,4,GEN
79754606,2025-09,1,VER
79754617,2025-09,1,VER
79754631,2025-09,1,VER
79754732,2025-09,2,VER
79754854,2025-09,1,VER
79754860,2025-09,4,GEN
79754864,2025-09,1,VER
79754896,2025-09,1,VER
79754938,2025-09,3,GEN
79754943,2025-09,3,GEN
79755062,2025-09,2,VER
79755107,2025-09,1,VER
79755132,2025-09,3,GEN
79755156,2025-09,3,GEN
79755165,2025-09,3,GEN
79755216,2025-09,2,VER
79755293,2025-09,2,VER
79755340,2025-09,3,GEN
79755351,2025-09,3,GEN
79755358,2025-09,2,VER
79755416,2025-09,2,VER
79755527,2025-09,2,VER
79755548,2025-09,4,GEN
79755606,2025-09,3,GEN
79755630,2025-09,3,GEN
79755653,2025-09,1,VER
79755665,2025-09,1,VER
79755748,2025-09,4,GEN
79755800,2025-09,3,GEN
79755885,2025-09,2,VER
79755894,2025-09,3,GEN
79755952,2025-09,3,GEN
79756013,2025-09,3,GEN
79756066,2025-09,1,VER
79756072,2025-09,1,VER
79756105,2025-09,2,VER
79756115,2025-09,1,VER
79756149,2025-09,2,VER
79756154,2025-09,2,VER
79756233,2025-09,2,VER
79756235,2025-09,2,VER
79756369,2025-09,1,VER
79756402,2025-09,4,GEN
79756455,2025-09,2,VER
79756468,2025-09,3,GEN
79756496,2025-09,2,VER
79756507,2025-09,1,VER
79756546,2025-09,4,GEN
79756578,2025-09,2,VER
79756594,2025-09,2,VER
79756612,2025-09,2,VER
79779724,2025-10,4,GEN
79779732,2025-10,2,VER
79779783,2025-10,4,GEN
79779794,2025-10,1,VER
79779874,2025-10,3,GEN
79779897,2025-10,3,GEN
79779898,2025-10,3,GEN
79779933,2025-10,1,VER
79779946,2025-10,4,GEN
79779991,2025-10,3,GEN
79780080,2025-10,3,GEN
79780088,2025-10,2,VER
79780104,2025-10,2,VER
79780171,2025-10,3,GEN
79780187,2025-10,2,VER
79780254,2025-10,1,VER
79780256,2025-10,4,GEN
79780282,2025-10,1,VER
79780301,2025-10,3,GEN
79780334,2025-10,1,VER
79780338,2025-10,2,VER
79780349,2025-10,4,GEN
79780371,2025-10,4,GEN
79780565,2025-10,1,VER
79780657,2025-10,3,GEN
79780701,2025-10,1,VER
79780750,2025-10,3,GEN
79780792,2025-10,1,VER
79780798,2025-10,3,GEN
79780815,2025-10,3,GEN
79780819,2025-10,2,VER
79780905,2025-10,2,VER
79780944,2025-10,1,VER
79780994,2025-10,3,GEN
79781054,2025-10,2,VER
79781057,2025-10,3,GEN
79781068,2025-10,1,VER
79781113,2025-10,3,GEN
79781203,2025-10,1,VER
79781221,2025-10,4,GEN
79781244,2025-10,1,VER
79781245,2025-10,1,VER
79781281,2025-10,1,VER
79781320,2025-10,1,VER
79781331,2025-10,4,GEN
79781395,2025-10,4,GEN
79781489,2025-10,1,VER
79781493,2025-10,3,GEN
79781647,2025-10,4,GEN
79781671,2025-10,3,GEN
79781709,2025-10,2,VER
79781718,2025-10,3,GEN
79781756,2025-10,2,VER
79781778,2025-10,3,GEN
79781841,2025-10,1,VER
79781979,2025-10,3,GEN
79782149,2025-10,4,GEN
79782187,2025-10,4,GEN
79782196,2025-10,2,VER
79782209,2025-10,3,GEN
79782221,2025-10,1,VER
79782279,2025-10,2,VER
79782307,2025-10,4,GEN
79782313,2025-10,3,GEN
79782321,2025-10,1,VER
79782328,2025-10,3,GEN
79782333,2025-10,4,GEN
79782339,2025-10,1,VER
79782389,2025-10,1,VER
79782403,2025-10,1,VER
79782535,2025-10,3,GEN
79782555,2025-10,2,VER
79782616,2025-10,1,VER
79782632,2025-10,4,GEN
79782638,2025-10,1,VER
79782708,2025-10,1,VER
79782729,2025-10,4,GEN
79782764,2025-10,1,VER
79782765,2025-10,2,VER
79782850,2025-10,1,VER
79782858,2025-10,1,VER
79782867,2025-10,1,VER
79783001,2025-10,1,VER
79783003,2025-10,3,GEN
79783011,2025-10,1,VER
79783126,2025-10,3,GEN
79783199,2025-10,1,VER
79783212,2025-10,2,VER
79783219,2025-10,1,VER
79783245,2025-10,1,VER
79783246,2025-10,3,GEN
79783265,2025-10,1,VER
79783307,2025-10,3,GEN
79783308,2025-10,1,VER
79783318,2025-10,3,GEN
79783362,2025-10,4,GEN
79783418,2025-10,4,GEN
79783536,2025-10,2,VER
79783603,2025-10,2,VER
79783635,2025-10,1,VER
79806333,2025-11,4,GEN
79806406,2025-11,3,GEN
79806408,2025-11,2,VER
79806527,2025-11,3,GEN
79806536,2025-11,1,VER
79806539,2025-11,3,GEN
79806540,2025-11,1,VER
79806553,2025-11,3,GEN
79806571,2025-11,1,VER
79806610,2025-11,3,GEN
79806751,2025-11,0,VER
79806767,2025-11,3,GEN
79806769,2025-11,1,VER
79806821,2025-11,1,VER
79806845,2025-11,3,GEN
79806886,2025-11,3,GEN
79806945,2025-11,1,VER
79806989,2025-11,1,VER
79806992,2025-11,4,GEN
79807201,2025-11,2,VER
79807233,2025-11,3,GEN
79807259,2025-11,1,VER
79807277,2025-11,2,VER
79807312,2025-11,3,GEN
79807372,2025-11,4,GEN
79807389,2025-11,1,VER
79807418,2025-11,1,VER
79807460,2025-11,4,GEN
79807535,2025-11,1,VER
79807616,2025-11,2,VER
79807627,2025-11,1,VER
79807638,2025-11,4,GEN
79807712,2025-11,3,GEN
79807713,2025-11,3,GEN
79807739,2025-11,4,GEN
79807764,2025-11,2,VER
79807773,2025-11,2,VER
79807775,2025-11,2,VER
79807825,2025-11,2,VER
79807844,2025-11,3,GEN
79807856,2025-11,3,GEN
79808094,2025-11,1,VER
79808233,2025-11,3,GEN
79808277,2025-11,3,GEN
79808283,2025-11,2,VER
79808354,2025-11,1,VER
79808362,2025-11,0,VER
79808393,2025-11,2,VER
79808417,2025-11,1,VER
79808472,2025-11,1,VER
79808489,2025-11,4,GEN
79808597,2025-11,3,GEN
79808718,2025-11,1,VER
79808761,2025-11,3,GEN
79808776,2025-11,3,GEN
79808804,2025-11,4,GEN
79808907,2025-11,1,VER
79808944,2025-11,1,VER
79808954,2025-11,4,GEN
79808955,2025-11,3,GEN
79809062,2025-11,2,VER
79809086,2025-11,2,VER
79809124,2025-11,4,GEN
79809157,2025-11,1,VER
79809179,2025-11,3,GEN
79809182,2025-11,2,VER
79809196,2025-11,3,GEN
79809226,2025-11,4,GEN
79809239,2025-11,3,GEN
79809266,2025-11,0,VER
79809286,2025-11,3,GEN
79809303,2025-11,1,VER
79809305,2025-11,3,GEN
79809407,2025-11,2,VER
79809411,2025-11,2,VER
79809415,2025-11,3,GEN
79809432,2025-11,3,GEN
79809514,2025-11,3,GEN
79809520,2025-11,2,VER
79809523,2025-11,1,VER
79809686,2025-11,4,GEN
79809768,2025-11,1,VER
79809773,2025-11,3,GEN
79809778,2025-11,1,VER
79809781,2025-11,3,GEN
79809789,2025-11,1,VER
79809924,2025-11,1,VER
79809939,2025-11,1,VER
79809980,2025-11,2,VER
79810049,2025-11,2,VER
79810057,2025-11,1,VER
79810063,2025-11,1,VER
79810195,2025-11,1,VER
79810510,2025-11,0,VER
79810595,2025-11,4,GEN
79810613,2025-11,2,VER
79810618,2025-11,3,GEN
79810649,2025-11,1,VER
79810818,2025-11,3,GEN
79810820,2025-11,2,VER
79834259,2025-12,1,VER
79834278,2025-12,2,VER
79834334,2025-12,2,VER
79834382,2025-12,2,VER
79834523,2025-12,3,GEN
79834656,2025-12,1,VER
79834695,2025-12,1,VER
79834873,2025-12,4,GEN
79834996,2025-12,1,VER
79835026,2025-12,2,VER
79835091,2025-12,3,GEN
79835136,2025-12,2,VER
79835202,2025-12,3,GEN
79835227,2025-12,2,VER
79835314,2025-12,2,VER
79835345,2025-12,4,GEN
79835365,2025-12,2,VER
79835404,2025-12,3,GEN
79835431,2025-12,3,GEN
79835498,2025-12,4,GEN
79835504,2025-12,0,VER
79835714,2025-12,1,VER
79835734,2025-12,2,VER
79835774,2025-12,3,GEN
79835808,2025-12,1,VER
79835823,2025-12,2,VER
79835877,2025-12,2,VER
79836025,2025-12,4,GEN
79836029,2025-12,3,GEN
79836040,2025-12,2,VER
79836054,2025-12,3,GEN
79836074,2025-12,3,GEN
79836108,2025-12,3,GEN
79836112,2025-12,4,GEN
79836122,2025-12,4,GEN
79836150,2025-12,2,VER
79836176,2025-12,1,VER
79836211,2025-12,1,VER
79836234,2025-12,4,GEN
79836295,2025-12,1,VER
79836317,2025-12,1,VER
79836341,2025-12,2,VER
79836360,2025-12,1,VER
79836409,2025-12,1,VER
79836447,2025-12,3,GEN
79836488,2025-12,1,VER
79836492,2025-12,4,GEN
79836638,2025-12,1,VER
79836716,2025-12,1,VER
79836759,2025-12,3,GEN
79836922,2025-12,1,VER
79836939,2025-12,2,VER
79837003,2025-12,1,VER
79837011,2025-12,3,GEN
79837059,2025-12,4,GEN
79837071,2025-12,3,GEN
79837076,2025-12,1,VER
79837092,2025-12,2,VER
79837134,2025-12,2,VER
79837275,2025-12,1,VER
79837276,2025-12,3,GEN
79837301,2025-12,2,VER
79837346,2025-12,4,GEN
79837363,2025-12,3,GEN
79837366,2025-12,3,GEN
79837428,2025-12,1,VER
79837467,2025-12,1,VER
79837512,2025-12,2,VER
79837533,2025-12,3,GEN
79837569,2025-12,3,GEN
79837650,2025-12,1,VER
79837659,2025-12,3,GEN
79837684,2025-12,1,VER
79837717,2025-12,1,VER
79837737,2025-12,3,GEN
79837782,2025-12,2,VER
79837806,2025-12,3,GEN
79837813,2025-12,1,VER
79837831,2025-12,1,VER
79837855,2025-12,0,VER
79837925,2025-12,1,VER
79837960,2025-12,2,VER
79837984,2025-12,4,GEN
79838089,2025-12,3,GEN
79838094,2025-12,2,VER
79838096,2025-12,1,VER
79838103,2025-12,4,GEN
79838108,2025-12,1,VER
79838117,2025-12,3,GEN
79838126,2025-12,2,VER
79838136,2025-12,1,VER
79838243,2025-12,1,VER
79838259,2025-12,2,VER
79838295,2025-12,1,VER
79838297,2025-12,4,GEN
79838308,2025-12,1,VER
79838348,2025-12,3,GEN
79838353,2025-12,2,VER
79838462,2025-12,3,GEN
79838505,2025-12,1,VER
79858533,2026-01,2,VER
79858534,2026-01,3,GEN
79858562,2026-01,2,VER
79858654,2026-01,1,VER
79858666,2026-01,3,GEN
79858728,2026-01,1,VER
79858762,2026-01,2,VER
79858789,2026-01,3,GEN
79858798,2026-01,4,GEN
79858827,2026-01,2,VER
79858829,2026-01,3,GEN
79858834,2026-01,1,VER
79858891,2026-01,2,VER
79859000,2026-01,3,GEN
79859099,2026-01,2,VER
79859119,2026-01,4,GEN
79859176,2026-01,4,GEN
79859237,2026-01,2,VER
79859255,2026-01,2,VER
79859269,2026-01,1,VER
79859287,2026-01,3,GEN
79859306,2026-01,2,VER
79859443,2026-01,2,VER
79859523,2026-01,3,GEN
79859541,2026-01,1,VER
79859608,2026-01,0,VER
79859731,2026-01,1,VER
79859774,2026-01,2,VER
79859815,2026-01,3,GEN
79859865,2026-01,1,VER
79859898,2026-01,3,GEN
79859902,2026-01,2,VER
79859979,2026-01,4,GEN
79859983,2026-01,3,GEN
79860056,2026-01,3,GEN
79860071,2026-01,0,VER
79860100,2026-01,1,VER
79860107,2026-01,1,VER
79860131,2026-01,4,GEN
79860235,2026-01,1,VER
79860242,2026-01,3,GEN
79860334,2026-01,1,VER
79860469,2026-01,3,GEN
79860470,2026-01,2,VER
79860485,2026-01,4,GEN
79860536,2026-01,1,VER
79860592,2026-01,2,VER
79860671,2026-01,1,VER
79860690,2026-01,2,VER
79860696,2026-01,2,VER
79860726,2026-01,3,GEN
79860752,2026-01,1,VER
79860774,2026-01,3,GEN
79860982,2026-01,1,VER
79861004,2026-01,3,GEN
79861016,2026-01,2,VER
79861070,2026-01,4,GEN
79861196,2026-01,3,GEN
79861270,2026-01,1,VER
79861318,2026-01,1,VER
79861393,2026-01,2,VER
79861471,2026-01,1,VER
79861598,2026-01,3,GEN
79861671,2026-01,1,VER
79861916,2026-01,1,VER
79861926,2026-01,2,VER
79861996,2026-01,2,VER
79862013,2026-01,4,GEN
79862127,2026-01,3,GEN
79862160,2026-01,2,VER
79862199,2026-01,2,VER
79862217,2026-01,1,VER
79862232,2026-01,1,VER
79862248,2026-01,1,VER
79862254,2026-01,3,GEN
79862281,2026-01,4,GEN
79862282,2026-01,2,VER
79862285,2026-01,4,GEN
79862288,2026-01,2,VER
79862309,2026-01,1,VER
79862438,2026-01,3,GEN
79862465,2026-01,2,VER
79862560,2026-01,3,GEN
79862581,2026-01,2,VER
79862585,2026-01,1,VER
79862629,2026-01,3,GEN
79862631,2026-01,2,VER
79862693,2026-01,2,VER
79862696,2026-01,3,GEN
79862746,2026-01,3,GEN
79862797,2026-01,4,GEN
79862860,2026-01,3,GEN
79862867,2026-01,1,VER
79862878,2026-01,4,GEN
79862964,2026-01,3,GEN
79863122,2026-01,3,GEN
79863193,2026-01,2,VER
79863218,2026-01,3,GEN
79863288,2026-01,3,GEN
79863316,2026-01,1,VER
79880338,2026-02,3,GEN
79880442,2026-02,3,GEN
79880487,2026-02,2,VER
79880521,2026-02,3,GEN
79880532,2026-02,4,GEN
79880560,2026-02,3,GEN
79880701,2026-02,0,VER
79880732,2026-02,1,VER
79880863,2026-02,0,VER
79881063,2026-02,1,VER
79881186,2026-02,3,GEN
79881189,2026-02,2,VER
79881256,2026-02,3,GEN
79881313,2026-02,1,VER
79881410,2026-02,1,VER
79881411,2026-02,3,GEN
79881611,2026-02,3,GEN
79881625,2026-02,3,GEN
79881660,2026-02,2,VER
79881680,2026-02,1,VER
79881685,2026-02,1,VER
79881766,2026-02,2,VER
79881832,2026-02,4,GEN
79881923,2026-02,2,VER
79881964,2026-02,2,VER
79881972,2026-02,1,VER
79882004,2026-02,2,VER
79882058,2026-02,3,GEN
79882097,2026-02,4,GEN
79882101,2026-02,2,VER
79882150,2026-02,3,GEN
79882151,2026-02,3,GEN
79882152,2026-02,3,GEN
79882176,2026-02,2,VER
79882192,2026-02,1,VER
79882200,2026-02,2,VER
79882231,2026-02,1,VER
79882253,2026-02,2,VER
79882256,2026-02,3,GEN
79882282,2026-02,4,GEN
79882294,2026-02,2,VER
79882296,2026-02,1,VER
79882369,2026-02,4,GEN
79882413,2026-02,2,VER
79882457,2026-02,4,GEN
79882492,2026-02,4,GEN
79882494,2026-02,1,VER
79882503,2026-02,3,GEN
79882683,2026-02,1,VER
79882743,2026-02,2,VER
79882907,2026-02,4,GEN
79882944,2026-02,2,VER
79882958,2026-02,1,VER
79882976,2026-02,3,GEN
79883033,2026-02,2,VER
79883038,2026-02,1,VER
79883128,2026-02,3,GEN
79883151,2026-02,3,GEN
79883275,2026-02,1,VER
79883287,2026-02,3,GEN
79883442,2026-02,3,GEN
79883470,2026-02,3,GEN
79883495,2026-02,3,GEN
79883504,2026-02,4,GEN
79883562,2026-02,3,GEN
79883573,2026-02,4,GEN
79883703,2026-02,2,VER
79883776,2026-02,1,VER
79883792,2026-02,1,VER
79883804,2026-02,3,GEN
79883874,2026-02,3,GEN
79883908,2026-02,2,VER
79883915,2026-02,2,VER
79883927,2026-02,1,VER
79884041,2026-02,4,GEN
79884111,2026-02,1,VER
79884126,2026-02,1,VER
79884198,2026-02,2,VER
79884292,2026-02,3,GEN
79884360,2026-02,1,VER
79884362,2026-02,4,GEN
79884369,2026-02,1,VER
79884426,2026-02,1,VER
79884485,2026-02,2,VER
79884564,2026-02,1,VER
79884588,2026-02,3,GEN
79884645,2026-02,1,VER
79884657,2026-02,4,GEN
79884665,2026-02,4,GEN
79884813,2026-02,1,VER
79884849,2026-02,3,GEN
79884930,2026-02,3,GEN
79884940,2026-02,2,VER
79885044,2026-02,2,VER
79885047,2026-02,1,VER
79885063,2026-02,1,VER
79885104,2026-02,3,GEN
79885116,2026-02,3,GEN
79885139,2026-02,3,GEN
79885268,2026-02,1,VER
79898663,2026-03,2,VER
79898671,2026-03,3,GEN
79898673,2026-03,1,VER
79898762,2026-03,4,GEN
79898900,2026-03,3,GEN
79898910,2026-03,3,GEN
79898950,2026-03,4,GEN
79898958,2026-03,2,VER
79898983,2026-03,4,GEN
79898994,2026-03,1,VER
79899009,2026-03,1,VER
79899066,2026-03,2,VER
79899165,2026-03,2,VER
79899178,2026-03,4,GEN
79899247,2026-03,0,VER
79899300,2026-03,3,GEN
79899359,2026-03,1,VER
79899362,2026-03,3,GEN
79899371,2026-03,1,VER
79899392,2026-03,1,VER
79899422,2026-03,1,VER
79899514,2026-03,2,VER
79899534,2026-03,0,VER
79899547,2026-03,4,GEN
79899551,2026-03,3,GEN
79899563,2026-03,1,VER
79899625,2026-03,3,GEN
79899633,2026-03,4,GEN
79899804,2026-03,1,VER
79899823,2026-03,2,VER
79899979,2026-03,2,VER
79900053,2026-03,2,VER
79900081,2026-03,1,VER
79900176,2026-03,2,VER
79900315,2026-03,1,VER
79900348,2026-03,1,VER
79900405,2026-03,2,VER
79900434,2026-03,2,VER
79900473,2026-03,0,VER
79900482,2026-03,3,GEN
79900523,2026-03,3,GEN
79900558,2026-03,2,VER
79900562,2026-03,1,VER
79900580,2026-03,3,GEN
79900588,2026-03,0,VER
79900624,2026-03,3,GEN
79900718,2026-03,3,GEN
79900760,2026-03,3,GEN
79900764,2026-03,0,VER
79900801,2026-03,2,VER
79900825,2026-03,3,GEN
79900876,2026-03,4,GEN
79900921,2026-03,4,GEN
79901060,2026-03,2,VER
79901132,2026-03,3,GEN
79901198,2026-03,4,GEN
79901200,2026-03,4,GEN
79901202,2026-03,3,GEN
79901226,2026-03,4,GEN
79901234,2026-03,3,GEN
79901475,2026-03,2,VER
79901507,2026-03,2,VER
79901558,2026-03,4,GEN
79901629,2026-03,3,GEN
79901639,2026-03,2,VER
79901699,2026-03,2,VER
79901739,2026-03,3,GEN
79901763,2026-03,1,VER
79901911,2026-03,3,GEN
79901927,2026-03,2,VER
79901940,2026-03,3,GEN
79902015,2026-03,1,VER
79902161,2026-03,1,VER
79902182,2026-03,3,GEN
79902222,2026-03,3,GEN
79902227,2026-03,4,GEN
79902274,2026-03,1,VER
79902404,2026-03,2,VER
79902424,2026-03,3,GEN
79902489,2026-03,2,VER
79902528,2026-03,3,GEN
79902534,2026-03,3,GEN
79902546,2026-03,2,VER
79902556,2026-03,2,VER
79902571,2026-03,4,GEN
79902736,2026-03,2,VER
79902744,2026-03,2,VER
79902760,2026-03,4,GEN
79902793,2026-03,2,VER
79902824,2026-03,3,GEN
79902827,2026-03,4,GEN
79902845,2026-03,2,VER
79902878,2026-03,0,VER
79902880,2026-03,4,GEN
79903003,2026-03,3,GEN
79903012,2026-03,4,GEN
79903031,2026-03,3,GEN
79903103,2026-03,2,VER
79903170,2026-03,1,VER
79903290,2026-03,2,VER
79918243,2026-04,1,VER
79918291,2026-04,2,VER
79918294,2026-04,3,GEN
79918324,2026-04,4,GEN
79918326,2026-04,1,VER
79918340,2026-04,1,VER
79918351,2026-04,4,GEN
79918389,2026-04,1,VER
79918442,2026-04,4,GEN
79918462,2026-04,2,VER
79918666,2026-04,1,VER
79918782,2026-04,1,VER
79918923,2026-04,4,GEN
79918995,2026-04,0,VER
79919173,2026-04,2,VER
79919186,2026-04,1,VER
79919189,2026-04,1,VER
79919245,2026-04,1,VER
79919352,2026-04,1,VER
79919400,2026-04,1,VER
79919401,2026-04,3,GEN
79919502,2026-04,2,VER
79919524,2026-04,3,GEN
79919603,2026-04,4,GEN
79919651,2026-04,1,VER
79919655,2026-04,3,GEN
79919695,2026-04,2,VER
79919706,2026-04,3,GEN
79919712,2026-04,4,GEN
79919746,2026-04,4,GEN
79919789,2026-04,1,VER
79919811,2026-04,4,GEN
79919837,2026-04,3,GEN
79919883,2026-04,2,VER
79919891,2026-04,4,GEN
79919975,2026-04,4,GEN
79920013,2026-04,1,VER
79920096,2026-04,1,VER
79920136,2026-04,3,GEN
79920153,2026-04,2,VER
79920233,2026-04,1,VER
79920255,2026-04,2,VER
79920283,2026-04,1,VER
79920334,2026-04,4,GEN
79920353,2026-04,3,GEN
79920382,2026-04,1,VER
79920405,2026-04,1,VER
79920409,2026-04,4,GEN
79920454,2026-04,2,VER
79920617,2026-04,4,GEN
79920642,2026-04,2,VER
79920650,2026-04,2,VER
79920675,2026-04,3,GEN
79920702,2026-04,4,GEN
79920733,2026-04,1,VER
79920736,2026-04,3,GEN
79920823,2026-04,3,GEN
79920989,2026-04,1,VER
79921190,2026-04,3,GEN
79921445,2026-04,1,VER
79921476,2026-04,2,VER
79921515,2026-04,2,VER
79921609,2026-04,2,VER
79921748,2026-04,3,GEN
79921779,2026-04,2,VER
79921931,2026-04,4,GEN
79921981,2026-04,1,VER
79921992,2026-04,2,VER
79922076,2026-04,2,VER
79922109,2026-04,2,VER
79922227,2026-04,3,GEN
79922241,2026-04,2,VER
79922248,2026-04,3,GEN
79922249,2026-04,3,GEN
79922267,2026-04,4,GEN
79922292,2026-04,3,GEN
79922319,2026-04,3,GEN
79922326,2026-04,2,VER
79922348,2026-04,2,VER
79922356,2026-04,4,GEN
79922469,2026-04,2,VER
79922538,2026-04,3,GEN
79922555,2026-04,4,GEN
79922604,2026-04,3,GEN
79922675,2026-04,3,GEN
79922713,2026-04,3,GEN
79922800,2026-04,3,GEN
79922871,2026-04,2,VER
79922888,2026-04,2,VER
79922929,2026-04,3,GEN
79922950,2026-04,4,GEN
79922985,2026-04,3,GEN
79923241,2026-04,3,GEN
79923258,2026-04,1,VER
79923563,2026-04,2,VER
79923606,2026-04,2,VER
79923659,2026-04,3,GEN
79923665,2026-04,3,GEN
79923826,2026-04,3,GEN
79923862,2026-04,0,VER
79934522,2026-05,3,GEN
79934545,2026-05,3,GEN
79934592,2026-05,1,VER
79934606,2026-05,2,VER
79934736,2026-05,0,VER
79934792,2026-05,2,VER
79934819,2026-05,3,GEN
79934840,2026-05,1,VER
79934842,2026-05,2,VER
79934876,2026-05,1,VER
79934947,2026-05,1,VER
79935088,2026-05,2,VER
79935096,2026-05,0,VER
79935230,2026-05,3,GEN
79935335,2026-05,2,VER
79935400,2026-05,1,VER
79935417,2026-05,4,GEN
79935469,2026-05,2,VER
79935518,2026-05,1,VER
79935672,2026-05,2,VER
79935775,2026-05,1,VER
79935804,2026-05,3,GEN
79935886,2026-05,3,GEN
79935906,2026-05,3,GEN
79935914,2026-05,3,GEN
79935956,2026-05,2,VER
79935974,2026-05,3,GEN
79936041,2026-05,3,GEN
79936100,2026-05,4,GEN
79936102,2026-05,2,VER
79936126,2026-05,4,GEN
79936199,2026-05,3,GEN
79936223,2026-05,3,GEN
79936344,2026-05,4,GEN
79936481,2026-05,1,VER
79936555,2026-05,1,VER
79936577,2026-05,1,VER
79936578,2026-05,2,VER
79936596,2026-05,4,GEN
79936685,2026-05,3,GEN
79936742,2026-05,1,VER
79936748,2026-05,3,GEN
79936872,2026-05,3,GEN
79936900,2026-05,4,GEN
79936904,2026-05,1,VER
79936934,2026-05,4,GEN
79937049,2026-05,2,VER
79937075,2026-05,3,GEN
79937078,2026-05,2,VER
79937087,2026-05,4,GEN
79937124,2026-05,2,VER
79937273,2026-05,3,GEN
79937320,2026-05,1,VER
79937333,2026-05,0,VER
79937362,2026-05,3,GEN
79937386,2026-05,1,VER
79937471,2026-05,3,GEN
79937514,2026-05,2,VER
79937545,2026-05,1,VER
79937550,2026-05,3,GEN
79937573,2026-05,3,GEN
79937601,2026-05,3,GEN
79937763,2026-05,3,GEN
79937810,2026-05,3,GEN
79937846,2026-05,1,VER
79937863,2026-05,3,GEN
79937884,2026-05,2,VER
79937914,2026-05,4,GEN
79937938,2026-05,2,VER
79937962,2026-05,1,VER
79937971,2026-05,3,GEN
79937978,2026-05,3,GEN
79938010,2026-05,2,VER
79938052,2026-05,1,VER
79938130,2026-05,1,VER
79938169,2026-05,4,GEN
79938176,2026-05,3,GEN
79938182,2026-05,3,GEN
79938214,2026-05,0,VER
79938339,2026-05,3,GEN
79938386,2026-05,2,VER
79938405,2026-05,2,VER
79938420,2026-05,4,GEN
79938428,2026-05,3,GEN
79938439,2026-05,3,GEN
79938463,2026-05,2,VER
79938654,2026-05,2,VER
79938669,2026-05,3,GEN
79938693,2026-05,2,VER
79938737,2026-05,3,GEN
79938784,2026-05,3,GEN
79938797,2026-05,0,VER
79938816,2026-05,2,VER
79938829,2026-05,2,VER
79938879,2026-05,2,VER
79938907,2026-05,4,GEN
79938961,2026-05,4,GEN
79939025,2026-05,1,VER
79939072,2026-05,2,VER
79939094,2026-05,4,GEN
