question_id,q_creation,owner_user_id,owner_type,owner_rep_snapshot
67782735,1622521721,13590238,registered,93
67783530,1622527992,9448460,registered,165
67782720,1622521583,387774,registered,5144
67783563,1622528223,15883526,registered,43
67782470,1622519283,16091078,registered,21
67781934,1622513572,11756529,registered,1083
67783482,1622527735,906355,registered,33
67781761,1622511408,8223367,registered,327
67781533,1622508530,14652006,registered,23
67782026,1622514581,5032387,registered,3100
67782206,1622516417,16033105,registered,150
67782521,1622519741,15797540,registered,57
67783393,1622527037,10616752,registered,556
67783529,1622527989,3521832,registered,71
67781988,1622514148,482717,registered,64868
67782215,1622516595,7739171,registered,1408
67781287,1622505659,16089847,registered,15
67782204,1622516393,,does_not_exist,
67783512,1622527868,11442410,registered,71
67783540,1622528050,,does_not_exist,
67782907,1622523297,16091596,registered,19
67782611,1622520639,3562196,registered,525
67782266,1622517148,16090496,registered,1
67783254,1622526145,12131119,registered,53
67782431,1622518817,16091123,registered,11
67783527,1622527968,,does_not_exist,
67783217,1622525911,16070635,registered,43
67782605,1622520597,14910411,registered,45
67782045,1622514841,11524853,registered,165
67782727,1622521690,16067894,registered,59
67781835,1622512289,14492782,registered,39
67781463,1622507783,16084058,registered,11
67781863,1622512626,16090536,registered,21
67783632,1622528639,15661413,registered,33
67782032,1622514686,14559478,registered,69
67783398,1622527058,11049287,registered,838
67783376,1622526968,16005231,registered,56
67783635,1622528651,15779967,registered,5
67783431,1622527357,3877029,registered,43
67783373,1622526960,4652937,registered,13
67783276,1622526305,12380212,registered,87
67782942,1622523569,4347706,registered,314
67783494,1622527778,16092191,registered,63
67783553,1622528122,10370098,registered,809
67783459,1622527595,8359315,registered,827
67783391,1622527031,15291069,registered,31
67783439,1622527427,16092167,registered,3
67783406,1622527110,15870185,registered,403
67783452,1622527546,16012910,registered,1
67783218,1622525917,15209268,registered,454
67782661,1622521142,14697432,registered,17
67783299,1622526481,10988830,registered,99
67782700,1622521428,16091362,registered,35
67783016,1622524133,16087803,registered,33
67783065,1622524592,16033187,registered,3
67783057,1622524516,15939838,registered,123
67782839,1622522743,7974115,registered,89
67781446,1622507397,16090084,registered,1
67782859,1622522922,15653864,registered,147
67782893,1622523200,16091451,registered,43
67782993,1622523952,15776288,registered,1
67781994,1622514199,16090680,registered,1
67781920,1622513326,15532072,registered,145
67782392,1622518412,12572068,registered,49
67782782,1622522118,16091392,registered,1
67782911,1622523330,2446374,registered,3784
67782714,1622521537,15471010,registered,110
67782158,1622516051,11805611,registered,1187
67782694,1622521367,16091387,registered,3
67782307,1622517539,16042802,registered,29
67782568,1622520222,387774,registered,5144
67781946,1622513745,9934276,registered,1760
67781560,1622508830,16090157,registered,39
67782240,1622516877,,does_not_exist,
67782297,1622517434,15640143,registered,21
67782251,1622516980,10768751,registered,129
67781799,1622511847,7527095,registered,55
67782229,1622516740,16090871,registered,1
67781473,1622507893,11995668,registered,3
67782228,1622516732,16090807,registered,1
67782222,1622516685,16090751,registered,1
67781963,1622513943,16090614,registered,13
67782054,1622514922,15920267,registered,1
67781976,1622514053,14507765,registered,11
67782082,1622515293,8779354,registered,11
67781735,1622511009,16090435,registered,1
67781885,1622512857,13843268,registered,7018
67781467,1622507814,15599916,registered,371
67781819,1622512081,9460784,registered,9
67781812,1622512009,11048919,registered,189
67781749,1622511136,16090361,registered,1
67781710,1622510674,15818978,registered,113
67781614,1622509532,11969264,registered,53
67781605,1622509428,470062,registered,7911
67781480,1622507994,13891854,registered,1
67781460,1622507678,12455457,registered,39
67781489,1622508073,7423199,registered,143
67781291,1622505708,15927921,registered,27
67781390,1622506846,16084058,registered,11
67781317,1622505961,9643220,registered,1962
68203363,1625104631,3532564,registered,2273
68204310,1625113729,6461882,registered,2883
68204384,1625114321,14261610,registered,73
68204411,1625114575,1055165,registered,11397
68203625,1625107235,741099,registered,64295
68203684,1625107938,12991543,registered,219
68203146,1625101693,1877671,registered,2381
68203376,1625104785,96588,registered,59945
68203300,1625103725,16348967,registered,97
68202976,1625099601,1810778,registered,765
68204103,1625111812,9472307,registered,41
68203761,1625108673,15363100,registered,23
68203849,1625109399,16354732,registered,11
68203739,1625108441,16354723,registered,21
68203142,1625101651,15201553,registered,394
68203648,1625107523,15605043,registered,197
68203612,1625107065,10649500,registered,85
68203587,1625106848,16354567,registered,124
68203611,1625107044,14073330,registered,101
68203840,1625109355,15147294,registered,1
68204455,1625114882,16355140,registered,1
68203955,1625110316,9985614,registered,85
68203530,1625106238,4221094,registered,155
68204133,1625112080,3391131,registered,968
68203996,1625110706,3319713,registered,3216
68204243,1625113178,16270364,registered,29
68204602,1625116037,16355251,registered,45
68204395,1625114445,4416080,registered,21
68203485,1625105818,6855437,registered,1010
68203754,1625108617,,does_not_exist,
68204651,1625116447,16327116,registered,19
68204563,1625115767,12251061,registered,39
68204223,1625112996,16265534,registered,1
68203693,1625107984,16235920,registered,3
68203846,1625109392,16354786,registered,1
68204161,1625112368,13049379,registered,1443
68203736,1625108403,15819125,registered,15
68204109,1625111907,16351576,registered,61
68203111,1625101233,15047120,registered,21
68203537,1625106307,4416877,registered,187
68203854,1625109507,14258266,registered,23
68203428,1625105244,14894361,registered,320
68203974,1625110468,15330859,registered,55
68204533,1625115461,16176691,registered,45
68202989,1625099788,10772341,registered,161
68204482,1625115050,14761117,registered,331
68203338,1625104286,16339999,registered,51
68204565,1625115784,16354901,registered,3
68204510,1625115238,10465240,registered,175
68204457,1625114894,947473,registered,4730
68204635,1625116323,10941740,registered,21
68204128,1625112032,15670586,registered,121
68204549,1625115680,16283271,registered,21
68203729,1625108333,16353828,registered,3
68204624,1625116205,15472234,registered,27
68204617,1625116161,3330229,registered,1055
68204183,1625112681,11118334,registered,39
68204484,1625115063,16354929,registered,1
68204393,1625114407,16355153,registered,3
68204097,1625111763,16354938,registered,23
68204153,1625112282,16285814,registered,29
68202921,1625098945,13470478,registered,41
68202917,1625098909,16129647,registered,7
68204157,1625112328,15298806,registered,186
68204231,1625113086,14199477,registered,391
68204204,1625112861,12684120,registered,1274
68204050,1625111269,16354685,registered,103
68204051,1625111273,15283692,registered,13
68204075,1625111607,16354908,registered,1
68204026,1625111015,2270563,registered,4495
68203688,1625107952,16353492,registered,49
68204001,1625110751,16354833,registered,1
68203921,1625110138,16324245,registered,143
68204056,1625111375,14431304,registered,1
68202813,1625097678,2313889,registered,2061
68203665,1625107706,15948815,registered,149
68203864,1625109618,9690450,registered,57
68203470,1625105587,11933251,registered,112
68203091,1625100917,14394765,registered,13
68203673,1625107755,,does_not_exist,
68203295,1625103681,14761117,registered,331
68203137,1625101586,9477275,registered,399
68203510,1625106067,15373429,registered,3
68203588,1625106848,16354624,registered,25
68203469,1625105583,15127921,registered,1
68203626,1625107236,1472743,registered,9679
68203385,1625104852,15061312,registered,43
68202975,1625099600,15698979,registered,53
68203577,1625106714,16354620,registered,11
68203432,1625105289,16354489,registered,5
68203445,1625105425,3974451,registered,11
68203377,1625104787,3007310,registered,65
68202945,1625099216,16333375,registered,29
68203460,1625105503,13165131,registered,53
68203313,1625103935,14337399,registered,4459
68203157,1625101869,16221350,registered,9
68202851,1625098088,7916257,registered,919
68202931,1625099021,15446567,registered,23
68202978,1625099680,16354183,registered,23
68202971,1625099535,16354215,registered,11
68607187,1627786548,16569882,registered,35
68606661,1627777548,16532921,registered,637
68607067,1627784514,16569803,registered,21
68608159,1627801216,12079613,registered,35
68608076,1627800356,1950689,registered,1258
68606646,1627777128,16569416,registered,20
68608318,1627802860,16191453,registered,13
68606981,1627783210,11051724,registered,51
68607328,1627788772,11245276,registered,31
68608380,1627803534,14672100,registered,19
68608326,1627802961,16182941,registered,11
68607545,1627792835,16570109,registered,21
68608081,1627800420,16570507,registered,1
68607075,1627784666,16569806,registered,23
68606739,1627779103,15452720,registered,17
68608200,1627801621,16271933,registered,1
68608069,1627800284,5002689,registered,53
68606901,1627782017,16569700,registered,13
68607656,1627794466,16570161,registered,53
68607037,1627784067,12310626,registered,39
68607481,1627791557,14557595,registered,1003
68606688,1627778148,10302367,registered,1
68606625,1627776714,8773741,registered,239
68606815,1627780599,13857272,registered,23
68607222,1627786995,4052852,registered,35
68606999,1627783467,16330649,registered,136
68607712,1627795207,11454308,registered,109
68606952,1627782715,16550299,registered,29
68606719,1627778835,16515584,registered,41
68606986,1627783263,14806347,registered,1
68607866,1627797648,16281706,registered,11
68606695,1627778281,8982800,registered,237
68607258,1627787604,1220022,registered,12355
68608271,1627802375,14045537,registered,3035
68607326,1627788738,5676180,registered,351
68606809,1627780532,8549694,registered,45
68607565,1627793202,5919632,registered,647
68608065,1627800241,11622114,registered,522
68607325,1627788725,3380902,registered,2042
68607496,1627791912,15264946,registered,363
68608273,1627802384,16570598,registered,1
68607722,1627795338,16238491,registered,393
68608056,1627800149,16570435,registered,3
68606663,1627777655,16393886,registered,11
68607825,1627796793,10262805,registered,51431
68608025,1627799791,16523320,registered,51
68608161,1627801241,11743228,registered,595
68608220,1627801792,16116417,registered,13
68608428,1627803981,16537255,registered,15
68608447,1627804097,10922372,registered,1010
68608448,1627804106,16570663,registered,13
68608040,1627799959,14182249,registered,593
68608105,1627800652,16501491,registered,21
68607936,1627798670,16072902,registered,211
68608259,1627802206,14557595,registered,1003
68608079,1627800379,16570443,registered,3
68608216,1627801779,13105822,registered,184
68606703,1627778505,13351890,registered,1531
68607574,1627793344,8314042,registered,86
68607955,1627798946,2531815,registered,39
68607592,1627793597,16532913,registered,15
68607871,1627797689,10069349,registered,71
68607162,1627786155,16562482,registered,1
68607348,1627789147,10168791,registered,13
68607367,1627789416,16328041,registered,27
68607439,1627790662,14641214,registered,483
68607578,1627793398,7744381,registered,40
68607340,1627789023,,does_not_exist,
68607475,1627791396,14849198,registered,428
68607667,1627794574,16498710,registered,11
68607614,1627793856,297850,registered,8075
68607752,1627795814,4107501,registered,322
68607576,1627793380,16356720,registered,97
68607593,1627793601,4451521,registered,10739
68607529,1627792607,4451521,registered,10739
68607517,1627792446,,does_not_exist,
68607474,1627791384,16087650,registered,37
68607287,1627788080,9202134,registered,1
68607197,1627786659,15605961,registered,109
68607301,1627788270,14774643,registered,319
68606920,1627782298,16140353,registered,27
68607226,1627787049,16507872,registered,15
68607027,1627783877,,does_not_exist,
68607130,1627785711,16499995,registered,41
68607277,1627787873,13882158,registered,347
68607160,1627786134,13139121,registered,47
68606917,1627782212,16401072,registered,93
68607139,1627785830,6302996,registered,674
68607138,1627785802,13665297,registered,41
68606971,1627783063,16569748,registered,11
68606631,1627776822,12724224,registered,117
68606814,1627780571,14671518,registered,33
68606672,1627777882,16524697,registered,117
68606884,1627781714,16569716,registered,11
68606779,1627779978,16569657,registered,11
68606730,1627778988,14607323,registered,21
68606744,1627779220,1308807,registered,1085
68606598,1627776103,9840684,registered,373
68606641,1627777020,16470918,registered,67
68606608,1627776262,16569549,registered,61
69008131,1630473383,16801798,registered,3
69008290,1630474725,16603555,registered,55
69008105,1630473206,1029365,registered,5985
69008133,1630473410,12201107,registered,71
69007351,1630465675,12951917,registered,63
69006583,1630456364,3509416,registered,1897
69007748,1630469820,16801561,registered,63
69006886,1630460384,12838566,registered,77
69006473,1630454969,16472582,registered,337
69007296,1630465015,15393431,registered,672
69007628,1630468837,15311893,registered,135
69008155,1630473621,15273973,registered,124
69007042,1630462013,14068964,registered,339
69008035,1630472611,14194455,registered,3
69007325,1630465389,16773118,registered,25
69008305,1630474838,16802016,registered,9
69007044,1630462065,10163714,registered,21
69006819,1630459476,13354525,registered,481
69007786,1630470163,,does_not_exist,
69007185,1630463703,16801025,registered,23
69006804,1630459232,16715779,registered,45
69008121,1630473314,16739361,registered,93
69007370,1630465911,16801273,registered,11
69008262,1630474434,13022673,registered,21
69008321,1630474943,990750,registered,11231
69007473,1630467183,13996686,registered,119
69008004,1630472309,14560222,registered,39
69007390,1630466082,16801262,registered,13
69007361,1630465763,8016847,registered,29
69007362,1630465820,16801244,registered,1
69007257,1630464452,16759719,registered,25
69006615,1630456851,9840684,registered,373
69006918,1630460667,16677732,registered,81
69006853,1630459921,12034811,registered,31
69007677,1630469248,16800319,registered,17
69008518,1630476126,14504163,registered,53
69007158,1630463346,12679908,registered,19
69007068,1630462277,12132509,registered,1681
69006584,1630456427,16715393,registered,33
69008015,1630472433,16801768,registered,11
69007346,1630465594,11048919,registered,189
69007639,1630468953,5002496,registered,1291
69006444,1630454648,15349492,registered,13
69007162,1630463387,16455467,registered,17
69007922,1630471642,15171270,registered,71
69007479,1630467251,13981127,registered,1
69007238,1630464307,16342729,registered,3
69008156,1630473621,2341986,registered,737
69008362,1630475189,461887,registered,7218
69008275,1630474586,3555558,registered,4685
69008055,1630472752,16296913,registered,1
69008501,1630476036,16426507,registered,21
69008507,1630476078,11816060,registered,2199
69008445,1630475688,16546574,registered,181
69008420,1630475545,2779311,registered,1894
69008185,1630473837,9495657,registered,121
69008065,1630472877,16685119,registered,243
69008130,1630473377,4914597,registered,1303
69008075,1630472966,16801667,registered,21
69007516,1630467767,7585973,registered,7465
69006674,1630457630,15975987,registered,429
69007730,1630469643,1862456,registered,288
69006961,1630461078,16800829,registered,1
69007870,1630470998,7585973,registered,7465
69007119,1630462833,16801030,registered,1
69007798,1630470277,16655800,registered,137
69007524,1630467811,11157647,registered,53
69007865,1630470968,12312751,registered,11
69007130,1630463011,15819702,registered,31
69006972,1630461152,12919727,registered,501
69007603,1630468576,15935788,registered,3
69007672,1630469215,12801898,registered,97
69007453,1630466873,16548862,registered,55
69007376,1630465965,14324456,registered,141
69007530,1630467845,3261772,registered,1205
69006564,1630456148,16800582,registered,1
69007381,1630466006,11212736,registered,142
69007080,1630462420,14913734,registered,3
69007122,1630462878,16800987,registered,1
69006956,1630461059,16800863,registered,11
69006562,1630456131,15990312,registered,13
69007149,1630463232,1508060,registered,38
69007184,1630463686,16801097,registered,11
69006887,1630460385,817659,registered,7866
69006814,1630459347,9706410,registered,53
69007019,1630461768,5143811,registered,89
69007000,1630461516,5317326,registered,33
69007064,1630462248,13253060,registered,107
69006916,1630460642,13377970,registered,344
69006931,1630460827,8410477,registered,10183
69006654,1630457326,360826,registered,6863
69006479,1630455056,16800472,registered,9
69006579,1630456326,16295483,registered,11
69006489,1630455139,11110509,registered,2703
69006749,1630458530,16523413,registered,267
69006595,1630456558,11750797,registered,77
69006486,1630455126,10797469,registered,91
69006541,1630455854,6089149,registered,233
69006523,1630455603,16637258,registered,31
69006464,1630454832,2953135,registered,2133
69401644,1633070997,14220087,registered,839
69401441,1633069863,51197,registered,138283
69400088,1633048447,14953481,registered,27
69400241,1633050349,975199,registered,8464
69400984,1633066871,10296584,registered,607
69401454,1633069918,16684427,registered,155
69399970,1633046973,16754569,registered,57
69400936,1633066564,13565916,registered,55
69401364,1633069348,10483008,registered,21
69401708,1633071373,11408942,registered,79
69400163,1633049312,17004702,registered,23
69401490,1633070100,17040468,registered,25
69400416,1633062838,14364775,registered,1018
69401192,1633068187,14193942,registered,1
69400809,1633065745,17048219,registered,3
69401386,1633069510,14009369,registered,107
69401055,1633067283,6733101,registered,4074
69401183,1633068138,12604748,registered,11
69401159,1633067938,13888223,registered,137
69400456,1633063109,17026851,registered,19
69400007,1633047390,8236892,registered,21
69400495,1633063405,13877794,registered,852
69401793,1633071880,12377774,registered,3
69400814,1633065774,16524697,registered,117
69400299,1633061652,12213858,registered,794
69401038,1633067159,2126661,registered,892
69400813,1633065771,16483120,registered,13
69401752,1633071677,14929328,registered,47
69400332,1633062066,17046921,registered,9
69400750,1633065281,13639429,registered,61
69400843,1633065918,9140652,registered,2368
69400899,1633066265,9140652,registered,2368
69400525,1633063587,17048081,registered,11
69402091,1633073399,16088657,registered,13
69402126,1633073593,16755664,registered,15
69399990,1633047242,14423238,registered,97
69400573,1633063951,16981179,registered,175
69401157,1633067929,17017029,registered,21
69401984,1633072839,15894806,registered,5
69400727,1633065087,15282764,registered,85
69400897,1633066254,13687395,registered,89
69401453,1633069917,16689223,registered,41
69400157,1633049275,16939177,registered,1
69401643,1633070993,16551510,registered,73
69401226,1633068410,9208152,registered,53
69401888,1633072308,15010256,registered,466
69401431,1633069809,16972898,registered,17
69401718,1633071483,10240714,registered,45
69401136,1633067818,17038688,registered,63
69401248,1633068621,12349434,registered,23
69401611,1633070791,13174189,registered,1199
69402145,1633073721,16663748,registered,15
69401599,1633070729,15316193,registered,11
69401857,1633072160,17048856,registered,23
69401713,1633071434,7712365,registered,33
69400146,1633049124,11568337,registered,1
69400630,1633064366,13470478,registered,41
69402000,1633072927,15107234,registered,183
69402078,1633073361,9122757,registered,948
69400996,1633066943,14045537,registered,3035
69401786,1633071843,17047244,registered,13
69401661,1633071072,17041101,registered,5
69401600,1633070730,12862278,registered,107
69401841,1633072086,17043167,registered,3
69401488,1633070083,11157647,registered,53
69401477,1633070036,5456194,registered,219
69401434,1633069829,16915566,registered,124
69400900,1633066294,10244126,registered,579
69401411,1633069703,17048560,registered,7
69401404,1633069676,11857974,registered,707
69401196,1633068208,9483760,registered,3
69401227,1633068413,17047942,registered,7
69401341,1633069190,2779311,registered,1894
69401210,1633068322,15693344,registered,57
69401150,1633067902,6936582,registered,2273
69401126,1633067751,13351890,registered,1531
69401056,1633067285,16959293,registered,49
69400352,1633062256,9404237,registered,169
69400868,1633066076,1652954,registered,11572
69400768,1633065416,14476523,registered,35
69400871,1633066095,14459861,registered,325
69400374,1633062446,15061658,registered,21
69400165,1633049345,7038689,registered,2407
69400771,1633065461,14311637,registered,377
69400607,1633064199,3380902,registered,2042
69400535,1633063657,9430855,registered,3746
69400329,1633062002,5824481,registered,51
69400770,1633065418,16993791,registered,1
69400703,1633064914,16961609,registered,35
69400620,1633064330,468662,registered,274
69400384,1633062583,14937262,registered,104
69400501,1633063451,10397331,registered,53
69400419,1633062850,13039962,registered,623
69400397,1633062645,10304597,registered,69
69400319,1633061940,16663748,registered,15
69400106,1633048606,12153496,registered,19
69400063,1633048093,16588016,registered,75
69400203,1633049826,17047853,registered,3
69400080,1633048356,17047615,registered,1
69399941,1633046650,6431677,registered,1
69793494,1635749692,14799935,registered,182
69793245,1635747632,17132501,registered,9
69792025,1635732641,15551537,registered,11
69792877,1635743827,16648969,registered,25
69792337,1635737176,14364775,registered,1018
69792879,1635743832,17178039,registered,41
69792060,1635733203,17296020,registered,9
69791941,1635731256,17295973,registered,71
69792108,1635733983,17212121,registered,3
69792016,1635732530,13746895,registered,178
69791617,1635726624,14114212,registered,1
69791690,1635727759,10671956,registered,1515
69792515,1635739434,3180881,registered,19
69792966,1635744775,12637530,registered,130
69791864,1635730287,11472543,registered,89
69792575,1635740362,15766257,registered,331
69793305,1635748179,16834581,registered,19
69792429,1635738348,7585973,registered,7465
69791728,1635728413,17098913,registered,180
69793376,1635748799,14497660,registered,67
69791533,1635725328,12280396,registered,603
69792801,1635742849,16600440,registered,1
69792696,1635741918,12525976,registered,340
69792099,1635733902,4325744,registered,13
69793437,1635749281,17241450,registered,11
69793559,1635750161,14104381,registered,21
69791630,1635726761,17282941,registered,1
69792103,1635733930,17296074,registered,11
69793016,1635745230,17286400,registered,11
69793514,1635749847,394568,registered,447
69792881,1635743856,17175713,registered,149
69791596,1635726331,14145634,registered,190
69792564,1635740279,689991,registered,2615
69793663,1635742679,15900224,registered,101
69792894,1635744051,14747381,registered,75
69792497,1635739138,11944737,registered,44
69791917,1635730900,8645552,registered,370
69791620,1635726659,12482184,registered,97
69793465,1635749453,4790331,registered,5
69793525,1635749912,17292352,registered,9
69792006,1635732450,12766690,registered,23
69792130,1635734361,1419711,registered,811
69793545,1635750073,10465165,registered,811
69792320,1635736975,17189155,registered,188
69792296,1635736677,17296359,registered,1
69791899,1635730695,1154981,registered,754
69793181,1635747009,16322134,registered,55
69793202,1635747248,10769507,registered,57
69792478,1635738950,16779224,registered,13
69792957,1635744656,12889609,registered,93
69793151,1635746689,14682396,registered,1145
69793091,1635745991,17296544,registered,65
69793288,1635748078,16949439,registered,1
69791885,1635730500,16599244,registered,1
69793144,1635746645,15008646,registered,123
69792464,1635738770,17186246,registered,1
69792798,1635742831,1141927,registered,63
69791753,1635728803,17295812,registered,1
69793089,1635745966,17297070,registered,1
69792413,1635738149,16542616,registered,31
69793013,1635745211,13878686,registered,187
69792938,1635744489,14970638,registered,15
69792729,1635742188,16436352,registered,67
69792359,1635737482,14471988,registered,151
69792713,1635742025,,does_not_exist,
69792712,1635742017,15249127,registered,39
69792335,1635737150,17178039,registered,41
69792774,1635742616,12526953,registered,537
69792900,1635744119,5369777,registered,666
69792699,1635741947,17296632,registered,1
69792703,1635741963,16004199,registered,630
69792760,1635742511,1897051,registered,789
69792328,1635737065,14558078,registered,11
69792582,1635740435,14322014,registered,51
69792350,1635737364,14119317,registered,43
69792261,1635736286,17202382,registered,43
69792317,1635736943,10583976,registered,27
69792367,1635737527,17296394,registered,11
69792199,1635735409,16179815,registered,57
69792205,1635735479,14450894,registered,51
69792258,1635736183,12941616,registered,255
69792100,1635733916,817824,registered,477
69792172,1635734959,5921787,registered,65
69791783,1635729153,16615981,registered,77
69792094,1635733734,,does_not_exist,
69791646,1635726965,15785985,registered,23
69791863,1635730286,15448432,registered,59
69791920,1635730924,6504933,registered,11
69791848,1635730089,3053085,registered,546
69791723,1635728291,17265992,registered,37
69791674,1635727438,13628900,registered,345
69791808,1635729535,6681701,registered,1881
69791612,1635726536,9400819,registered,23
69791834,1635729870,16272800,registered,69
69791553,1635725649,17292693,registered,1
69791611,1635726535,16310296,registered,5
69791693,1635727788,12586440,registered,675
69791573,1635726070,17203168,registered,13
69791575,1635726073,1154981,registered,754
69791524,1635725237,12243798,registered,33
70177674,1638317791,9492890,registered,189
70178444,1638325656,11390282,registered,25
70179298,1638334566,,does_not_exist,
70177709,1638318166,2741711,registered,392
70178534,1638326712,17445556,registered,31
70178995,1638331443,17146663,registered,25
70178620,1638327594,14217529,registered,165
70178438,1638325631,17557540,registered,21
70179307,1638334654,17558468,registered,33
70178247,1638323551,9733228,registered,19
70178229,1638323304,12634706,registered,321
70177598,1638316996,6543183,registered,880
70178637,1638327766,4139253,registered,391
70177629,1638317282,12087451,registered,147
70177871,1638319728,15472073,registered,43
70178788,1638329227,1977867,registered,2156
70178415,1638325350,17557253,registered,15
70178486,1638326114,17557684,registered,1
70178536,1638326736,9129194,registered,71
70177940,1638320520,8674275,registered,105
70179296,1638334564,12587043,registered,167
70179151,1638333162,17517083,registered,1
70177804,1638319030,17302045,registered,19
70179076,1638332273,17558270,registered,27
70178016,1638321364,17553923,registered,3
70178582,1638327177,14995131,registered,575
70177797,1638318970,17556984,registered,13
70179142,1638333045,5918366,registered,23
70177873,1638319750,15900110,registered,719
70177916,1638320233,14722376,registered,55
70177935,1638320482,5179643,registered,2533
70177888,1638319892,17557023,registered,1
70178999,1638331464,14664513,registered,53
70179237,1638334038,,does_not_exist,
70178206,1638323133,17557358,registered,13
70178129,1638322476,12841604,registered,331
70177759,1638318664,14101264,registered,402
70179109,1638332680,17350008,registered,11
70177760,1638318672,,does_not_exist,
70177591,1638316936,17556938,registered,19
70178162,1638322727,7242490,registered,2877
70178216,1638323182,14935439,registered,33
70177841,1638319408,17241650,registered,37
70179230,1638333933,5213521,registered,382
70177638,1638317406,17556968,registered,13
70178840,1638329760,17231514,registered,87
70177945,1638320553,17419955,registered,7
70178475,1638325972,16821791,registered,251
70179282,1638334420,17558499,registered,1
70177716,1638318248,15636660,registered,11
70179127,1638332894,17558202,registered,11
70177806,1638319035,2801324,registered,35
70179159,1638333254,16798512,registered,1
70178212,1638323168,15040738,registered,85
70178355,1638324670,12467295,registered,83
70179196,1638333614,17296393,registered,21
70179247,1638334153,3727079,registered,399
70179295,1638334548,17397004,registered,67
70177685,1638317917,1419711,registered,811
70178943,1638330962,17558062,registered,11
70179124,1638332839,17068558,registered,15
70178922,1638330713,17558088,registered,13
70178125,1638322441,7696199,registered,11
70179158,1638333249,15430546,registered,189
70178910,1638330530,17558136,registered,11
70179051,1638331974,8235475,registered,75
70178936,1638330880,11679359,registered,13
70178064,1638321824,9277778,registered,81
70178686,1638328206,17443466,registered,91
70178831,1638329683,9363441,registered,2207
70178644,1638327827,12034851,registered,39
70178819,1638329552,4874204,registered,379
70178705,1638328409,14052592,registered,1
70178619,1638327593,17331991,registered,37
70178648,1638327850,16887929,registered,27
70178230,1638323342,17557401,registered,23
70178163,1638322734,16923083,registered,39
70178553,1638326950,9633065,registered,67
70178452,1638325719,13244198,registered,58
70178416,1638325362,17557628,registered,19
70177661,1638317644,7386830,registered,754
70177878,1638319784,17030065,registered,1
70178145,1638322618,8529954,registered,641
70178340,1638324555,13946169,registered,1
70178335,1638324501,17557536,registered,21
70178001,1638321172,14546482,registered,343
70177811,1638319083,1366368,registered,11231
70178142,1638322603,13640183,registered,59
70178274,1638323810,14613028,registered,23
70178114,1638322280,8484885,registered,589
70178205,1638323098,17557382,registered,1
70177898,1638320034,17557169,registered,11
70177790,1638318938,17557035,registered,60
70177967,1638320838,17231514,registered,87
70177902,1638320065,17557082,registered,1
70177979,1638320973,10136025,registered,13
70177770,1638318786,17555342,registered,1
70177623,1638317176,17413667,registered,23
70177765,1638318748,17557070,registered,1
70177724,1638318322,,does_not_exist,
70546742,1641005106,12596824,registered,1935
70548188,1641031761,6306373,registered,93
70547798,1641026870,16598028,registered,45
70547176,1641016391,13157917,registered,1336
70547527,1641023068,17808040,registered,1
70547404,1641020850,17807843,registered,1
70547910,1641028261,17808476,registered,11
70546351,1640995849,17471060,registered,344
70547425,1641021194,17808017,registered,1
70546468,1640998164,14275360,registered,67
70546720,1641004724,13585963,registered,59
70546565,1641000450,17620776,registered,357
70548240,1641032519,17808683,registered,61
70547027,1641012884,17785642,registered,29
70546362,1640996015,9999799,registered,85
70546467,1640998104,12811962,registered,33
70546671,1641003566,17807147,registered,1
70546765,1641006087,8308920,registered,280
70547199,1641016955,17086481,registered,15
70546369,1640996173,6137283,registered,3
70546666,1641003457,17807076,registered,13
70547808,1641026985,16425029,registered,774
70547309,1641019231,17684626,registered,59
70546838,1641008258,17807334,registered,3
70547711,1641025651,4451521,registered,10739
70547669,1641025051,17765892,registered,115
70548095,1641030679,17779372,registered,45
70547300,1641019046,12723376,registered,27
70547515,1641022781,16483846,registered,91
70547395,1641020710,16801971,registered,69
70547865,1641027627,17807013,registered,1
70546604,1641001358,17807039,registered,109
70546823,1641007820,12067462,registered,218
70546824,1641007876,17065906,registered,33
70546448,1640997743,16547362,registered,37
70548206,1641032028,17808596,registered,13
70547624,1641024534,17756392,registered,37
70548075,1641030410,10239445,registered,193
70547460,1641021699,16369656,registered,15
70547281,1641018697,17807431,registered,23
70546392,1640996721,721998,registered,6609
70547552,1641023424,17808145,registered,1
70546341,1640995621,13083614,registered,31
70548057,1641030229,17808561,registered,55
70548129,1641031052,17248376,registered,79
70548233,1641032374,3249293,registered,792
70548161,1641031452,17482769,registered,13
70548094,1641030671,9543594,registered,462
70548070,1641030331,17800084,registered,1
70548041,1641030047,7429636,registered,69
70546926,1641010420,16139086,registered,192
70547678,1641025240,17808219,registered,69
70547994,1641029339,10061532,registered,385
70547901,1641028133,14424660,registered,23
70547939,1641028533,17652002,registered,11
70547721,1641025772,12456642,registered,45
70547813,1641027035,17778760,registered,27
70547850,1641027422,12649876,registered,11
70547742,1641026115,17808269,registered,23
70547735,1641025991,16300378,registered,1
70547728,1641025883,9159902,registered,93
70547324,1641019488,16974375,registered,41
70547416,1641021034,17807994,registered,11
70547426,1641021241,15787417,registered,13
70546822,1641007745,16981179,registered,175
70546828,1641008068,16695407,registered,69
70546846,1641008433,17233433,registered,753
70547441,1641021493,1793117,registered,37
70547384,1641020576,17807977,registered,25
70547251,1641018123,17709959,registered,11
70547186,1641016655,10009287,registered,430
70547296,1641018976,16839507,registered,3
70547290,1641018885,12679909,registered,63
70546788,1641006904,6367851,registered,2152
70547077,1641014228,7657180,registered,9646
70546725,1641004791,16623091,registered,11
70547100,1641014881,17807675,registered,11
70547000,1641012157,15728048,registered,9
70546850,1641008567,10570372,registered,1063
70546913,1641010143,17807431,registered,23
70546893,1641009623,17805018,registered,7
70546870,1641009003,171121,registered,10802
70546855,1641008735,17538713,registered,61
70546655,1641002929,17745081,registered,11
70546667,1641003503,17807121,registered,3
70546689,1641004119,17461633,registered,55
70546364,1640996058,3380902,registered,2042
70546744,1641005154,11296621,registered,101
70546325,1640995317,17806631,registered,37
70546349,1640995799,17735686,registered,1
70546709,1641004430,16610784,registered,11
70546551,1640999965,17806916,registered,19
70546406,1640996980,17510079,registered,45
70546579,1641000759,16891248,registered,41
70546553,1640999979,13223866,registered,3
70546410,1640997092,149138,registered,66819
70546522,1640999522,3945119,registered,67
70546324,1640995299,10870968,registered,2907
70546376,1640996406,15482106,registered,194
70547008,,,gone,
70934789,1643679834,5264127,registered,1037
70936145,1643695162,15449021,registered,81
70934563,1643676939,15416626,registered,93
70935394,1643687588,18076138,registered,1
70934334,1643674667,16958886,registered,65
70934506,1643676317,4025583,registered,454
70936073,1643694563,8813647,registered,834
70936091,1643694711,7067737,registered,417
70935173,1643684765,11680166,registered,313
70935179,1643684844,1295308,registered,465
70935112,1643684058,18086145,registered,11
70935262,1643686038,14006919,registered,43
70936466,1643697622,17549195,registered,11
70934844,1643680597,18022759,registered,976
70935766,1643691630,11669515,registered,61
70934622,1643677757,17460307,registered,13
70935154,1643684511,9392446,registered,693
70936382,1643697058,18024710,registered,37
70934699,1643678746,678572,registered,31085
70936033,1643694190,18087369,registered,13
70934384,1643675133,18061379,registered,133
70934949,1643681889,5838180,registered,2062
70934572,1643677052,9135643,registered,35
70934808,1643680121,17974915,registered,24
70934653,1643678140,5180116,registered,135
70934517,1643676412,18084172,registered,239
70935903,1643693013,9961223,registered,3
70935727,1643691210,14012490,registered,3
70935868,1643692731,4114970,registered,57
70935202,1643685137,8332711,registered,11
70935825,1643692253,15747757,registered,3810
70934656,1643678157,14489213,registered,27
70935535,1643689348,18065369,registered,37
70935636,1643690327,836026,registered,11470
70934586,1643677261,14890683,registered,345
70935718,1643691126,949275,registered,4478
70936462,1643697572,18087684,registered,33
70934480,1643676019,18085919,registered,1
70935457,1643688389,17694807,registered,1
70934962,1643682057,4995002,registered,455
70934392,1643675193,10521130,registered,63
70935872,1643692784,16864745,registered,75
70934553,1643676766,6417398,registered,45
70934367,1643674986,3497492,registered,275
70935367,1643687288,5550284,registered,3066
70935519,1643689138,17983534,registered,15
70935898,1643692976,14729187,registered,11
70935680,1643690697,8569991,registered,34
70935481,1643688708,18046629,registered,35
70935153,1643684509,17902691,registered,11
70936198,1643695656,18071805,registered,79
70936408,1643697278,12783164,registered,83
70936451,1643697520,17932182,registered,35
70936307,1643696537,18087613,registered,1
70934970,1643682175,18067334,registered,5
70936118,1643694880,18084172,registered,239
70936340,1643696756,18087513,registered,11
70936144,1643695156,18087469,registered,55
70936246,1643696041,8266719,registered,634
70936254,1643696082,7404079,registered,165
70935118,1643684114,17061401,registered,43
70935795,1643691991,18015165,registered,13
70935983,1643693784,12069175,registered,1
70935739,1643691345,16254805,registered,35
70936023,1643694128,7788402,registered,2311
70935419,1643687877,18086710,registered,1
70935905,1643693042,18087134,registered,3
70935570,1643689723,16782326,registered,65
70935761,1643691586,16662578,registered,11
70935815,1643692157,2988730,registered,116100
70935501,1643688920,18086775,registered,389
70935648,1643690403,14458035,registered,265
70935641,1643690344,11665814,registered,15
70934947,1643681850,18086073,registered,13
70935365,1643687242,5168858,registered,45
70935197,1643685084,11168443,registered,975
70935425,1643687960,13159736,registered,9
70935265,1643686116,17493871,registered,9
70934967,1643682156,10016219,registered,3
70935309,1643686602,18086639,registered,33
70935209,1643685254,,does_not_exist,
70934889,1643681231,16716413,registered,31
70935155,1643684512,18086483,registered,33
70935182,1643684869,14812471,registered,19
70934954,1643681918,13740625,registered,649
70934600,1643677445,17653244,registered,55
70934989,1643682428,1694518,registered,1165
70935039,1643683141,17967370,registered,35
70934912,1643681442,7948859,registered,33
70934878,1643681058,18086209,registered,1
70934673,1643678442,14228983,registered,39
70934735,1643679168,10765499,registered,1
70934895,1643681303,6802741,registered,7
70934781,1643679691,18086234,registered,1
70934631,1643677820,18004704,registered,673
70934574,1643677110,13545928,registered,177
70934492,1643676162,359219,registered,11058
70934362,1643674935,14458035,registered,265
70934315,1643674470,16962015,registered,1
70934247,1643673639,16621341,registered,1
71303878,1646110355,7657180,registered,9646
71304381,1646114965,18233013,registered,1
71304293,1646114207,836026,registered,11470
71303550,1646106806,18339744,registered,23
71303247,1646103508,18323647,registered,11
71302401,1646093248,17744325,registered,9
71303643,1646107816,1008563,registered,3932
71302366,1646092873,8605685,registered,12787
71304410,1646115211,7544724,registered,450
71303630,1646107559,17082597,registered,135
71303795,1646109491,15952602,registered,19
71303564,1646106922,12952673,registered,195
71303817,1646109721,18339779,registered,116
71304356,1646114763,18331056,registered,37
71302626,1646095908,11313341,registered,526
71303417,1646105365,2430657,registered,4397
71302840,1646098571,17791672,registered,1
71303585,1646107133,17750765,registered,79
71302943,1646099883,16603354,registered,49
71302867,1646098935,18339008,registered,1
71303084,1646101722,7657180,registered,9646
71302925,1646099653,17505804,registered,31
71302583,1646095346,18165913,registered,79
71302758,1646097629,,does_not_exist,
71303583,1646107122,18339723,registered,19
71304113,1646112618,,does_not_exist,
71302650,1646096323,9045445,registered,195
71303716,1646108732,15256210,registered,84
71302660,1646096436,15657608,registered,86
71304165,1646113156,6623294,registered,19
71302569,1646095218,12365115,registered,23
71303748,1646109059,2076615,registered,15
71302892,1646099267,18338986,registered,13
71303810,1646109656,14301835,registered,13
71303258,1646103649,1840471,registered,16023
71302464,1646093972,7216494,registered,239
71302423,1646093437,3626104,registered,1055
71303408,1646105234,9811166,registered,1
71303708,1646108672,4141607,registered,571
71304181,1646113311,17221342,registered,41
71304186,1646113347,13150438,registered,1
71303956,1646111123,18339801,registered,43
71303032,1646101103,6312979,registered,2195
71304329,1646114533,4950244,registered,15
71303990,1646111435,13624773,registered,196
71304422,1646115317,18301105,registered,23
71303453,1646105838,14110167,registered,11
71303734,1646108960,14454416,registered,89
71303719,1646108748,7370374,registered,19
71304415,1646115264,15784594,registered,3
71304288,1646114179,1161825,registered,413
71304476,1646115717,14828964,registered,380
71303659,1646108024,17950970,registered,194
71303788,1646109436,15563841,registered,19
71304199,1646113456,14154784,registered,2787
71303929,1646110833,11409953,registered,75
71304202,1646113518,18340406,registered,61
71304164,1646113117,,does_not_exist,
71304002,1646111504,17204830,registered,33
71303921,1646110752,9676849,registered,301
71303551,1646106823,18339756,registered,69
71304022,1646111745,18244609,registered,23
71304045,1646111987,18291278,registered,13
71303964,1646111164,9814002,registered,151
71303293,1646104084,18314039,registered,99
71303456,1646105864,12975140,registered,3569
71303881,1646110375,18340048,registered,1
71303740,1646108996,18339953,registered,3
71303700,1646108601,16776897,registered,263
71303220,1646103208,10029433,registered,21
71303690,1646108442,9045285,registered,183
71303574,1646107008,18339769,registered,13
71303438,1646105656,3451339,registered,10141
71302771,1646097783,10096713,registered,335
71303520,1646106513,11549527,registered,333
71303481,1646106120,8484885,registered,589
71303567,1646106950,12097673,registered,1771
71303489,1646106221,18339648,registered,1
71303439,1646105694,18085531,registered,11
71303173,1646102707,10828054,registered,615
71302811,1646098248,18338874,registered,1
71303194,1646102933,18339298,registered,1
71303064,1646101407,9422807,registered,413
71302991,1646100464,18308621,registered,341
71302850,1646098704,15591248,registered,1
71302679,1646096622,18320753,registered,1
71302832,1646098504,5942100,registered,4428
71302471,1646094045,6884048,registered,13
71303074,1646101569,17430705,registered,11
71302932,1646099741,6396981,registered,4244
71302734,1646097237,12661764,registered,15
71302801,1646098128,7864052,registered,103
71302725,1646097145,8923742,registered,1416
71302841,1646098585,18338785,registered,17
71302839,1646098565,11277108,registered,1141
71302671,1646096542,15177497,registered,375
71302387,1646093104,18264045,registered,15
71302413,1646093371,17918619,registered,53
71302557,1646095037,18338565,registered,1
71302527,1646094697,1330719,registered,1279
71700434,1648771564,18649583,registered,31
71701574,1648784857,15029868,registered,111
71700757,1648775954,17876870,registered,184
71701565,1648784786,17048401,registered,13
71701899,1648788002,13377704,registered,55
71701013,1648779058,6946577,registered,412
71700830,1648776972,15742234,registered,1
71702121,1648790178,18653813,registered,87
71701506,1648784261,1266639,registered,231
71700531,1648772823,18649779,registered,49
71701045,1648779372,16201332,registered,21
71700691,1648774947,18650140,registered,1
71701629,1648785510,18652558,registered,143
71701491,1648784098,18630057,registered,55
71701364,1648782831,18644314,registered,3
71701855,1648787629,17186867,registered,55
71700514,1648772542,17981284,registered,128
71701041,1648779355,18649992,registered,440
71702147,1648790483,17786882,registered,1
71700563,1648773303,15993130,registered,91
71700501,1648772339,6391814,registered,196
71702434,1648793016,8085795,registered,11
71700673,1648774693,1014747,registered,603
71700577,1648773482,6585238,registered,1944
71701389,1648783058,4389665,registered,1
71701966,1648788717,17247339,registered,15
71700902,1648777666,11064687,registered,11
71700475,1648772093,,does_not_exist,
71701592,1648784990,18211597,registered,33
71700505,1648772404,18649556,registered,1
71702179,1648790779,18631955,registered,1
71702153,1648790521,18608941,registered,1
71702459,1648793269,5549401,registered,97
71701806,1648787188,17675887,registered,13
71701814,1648787306,18638231,registered,1
71701523,1648784399,,does_not_exist,
71702526,1648793745,18654810,registered,39
71700591,1648773640,18228179,registered,1
71702238,1648791273,,does_not_exist,
71701981,1648788892,15346093,registered,99
71701200,1648781161,18651359,registered,1
71701697,1648786130,18652829,registered,11
71701504,1648784245,18520640,registered,1
71701296,1648782169,15412256,registered,659
71701448,1648783636,18651963,registered,19
71702453,1648793232,18646250,registered,3
71702483,1648793474,16742490,registered,199
71701959,1648788625,9175971,registered,711
71702167,1648790659,,does_not_exist,
71702376,1648792542,11082866,registered,2516
71702374,1648792526,7158458,registered,2515
71701199,1648781139,17061394,registered,73
71701844,1648787564,18085508,registered,1
71702183,1648790815,18027824,registered,11
71702170,1648790724,6187009,registered,984
71702156,1648790555,18654030,registered,1
71702099,1648790024,17554033,registered,37
71701313,1648782366,18651819,registered,11
71701327,1648782484,815408,registered,8942
71701940,1648788438,15250454,registered,215
71701739,1648786486,11462274,registered,2212
71700852,1648777180,18637647,registered,1
71701586,1648784968,17212995,registered,51
71701690,1648786049,7329095,registered,43
71701415,1648783354,18294415,registered,67
71701641,1648785612,10829044,registered,7783
71701680,1648785980,17621701,registered,13
71701567,1648784796,825920,registered,29647
71701634,1648785562,15018497,registered,9
71701543,1648784561,18479999,registered,17
71701625,1648785412,11098908,registered,1306
71701458,1648783754,12210876,registered,59
71701622,1648785372,2205916,registered,3496
71701302,1648782224,18272739,registered,11
71701326,1648782448,2178774,registered,526
71701469,1648783836,18652217,registered,1
71700815,1648776827,10332617,registered,701
71701421,1648783387,12319746,registered,2263
71701279,1648781995,18403816,registered,51
71701125,1648780300,18650919,registered,3
71701187,1648781018,7984318,registered,4124
71701113,1648780209,11296358,registered,77
71701338,1648782598,18651724,registered,1
71700949,1648778242,18650432,registered,1
71701288,1648782079,3512495,registered,199
71701239,1648781593,15314746,registered,1
71700425,1648771363,18649559,registered,1
71701126,1648780328,12212411,registered,3
71700767,1648776028,17174444,registered,3
71701011,1648779040,18292832,registered,17
71700993,1648778859,3713236,registered,9107
71700716,1648775322,,does_not_exist,
71700881,1648777478,18650635,registered,1
71700862,1648777319,18650352,registered,3
71700550,1648773111,12110618,registered,11
71700439,1648771659,18649540,registered,3
71700634,1648774307,18556525,registered,1
71700679,1648774752,3696153,registered,790
71700580,1648773494,10705248,registered,854
71700418,1648771293,18649474,registered,11
72073918,1651378038,19005423,registered,27
72073643,1651372780,18984940,registered,11
72073104,1651363933,,does_not_exist,
72074870,1651390905,16537348,registered,13
72073350,1651367922,10624521,registered,864
72073886,1651377442,14449816,registered,3582
72073134,1651364371,19004470,registered,23
72074762,1651389671,14594203,registered,11
72073489,1651370452,19004883,registered,101
72073505,1651370688,12060231,registered,129
72073646,1651372929,19005090,registered,61
72073919,1651378087,3451339,registered,10141
72074429,1651385769,18518468,registered,33
72074195,1651382346,15178267,registered,861
72073846,1651376942,19005342,registered,41
72074524,1651386965,10779479,registered,43
72074882,1651390967,8031980,registered,2435
72073931,1651378239,18981768,registered,1
72073417,1651368992,3380902,registered,2042
72073157,1651364793,18145450,registered,29
72073488,1651370427,8923126,registered,1890
72074375,1651384959,,does_not_exist,
72074031,1651379851,18902260,registered,21
72074496,1651386612,17397054,registered,51
72073373,1651368221,3654852,registered,803
72073943,1651378393,5875276,registered,1869
72074598,1651387957,2954547,registered,14184
72074580,1651387698,18982716,registered,71
72074635,1651388368,19005428,registered,1
72073302,1651367176,10250051,registered,133
72074415,1651385611,19005912,registered,15
72073990,1651379234,19005454,registered,1
72074060,1651380345,19005568,registered,23
72074512,1651386789,18966442,registered,35
72073413,1651368955,3549017,registered,619
72073668,1651373475,6939362,registered,97
72073523,1651370926,18478158,registered,1
72074345,1651384549,19005824,registered,11
72073388,1651368451,6159325,registered,324
72073922,1651378148,18915573,registered,1
72074658,1651388656,12379013,registered,99
72074605,1651388014,17785616,registered,33
72073065,1651363247,19003856,registered,1
72073941,1651378379,4592502,registered,168
72073699,1651374200,19005064,registered,1
72074474,1651386297,18809489,registered,1
72074121,1651381331,8214951,registered,430
72073636,1651372596,18912470,registered,55
72074477,1651386346,14637870,registered,31
72073630,1651372539,18821956,registered,15
72074846,1651390653,,does_not_exist,
72074778,1651389851,12228598,registered,39
72074801,1651390135,19003046,registered,19
72074819,1651390295,18201795,registered,282
72073803,1651376224,17584252,registered,13
72074669,1651388747,19006250,registered,11
72074406,1651385458,19005988,registered,1
72074662,1651388690,19006265,registered,1
72074495,1651386602,18968887,registered,3
72074751,1651389550,3204942,registered,2349
72074636,1651388374,13875491,registered,313
72074655,1651388643,18992237,registered,11
72074586,1651387773,19006188,registered,11
72073078,1651363519,19004378,registered,1
72074547,1651387221,19006123,registered,1
72074092,1651380830,11391711,registered,488
72074137,1651381568,17140510,registered,13
72074050,1651380197,19005161,registered,27
72074327,1651384374,9782885,registered,439
72074319,1651384277,10421103,registered,554
72074213,1651382687,19005787,registered,1
72073393,1651368584,13698449,registered,112
72074186,1651382226,2014166,registered,375
72074133,1651381492,19005486,registered,11
72074018,1651379630,18934319,registered,17
72074079,1651380555,12296645,registered,21
72073168,1651365061,2254835,registered,506
72073875,1651377293,18941322,registered,15
72073949,1651378479,16666508,registered,1
72073419,1651369012,,does_not_exist,
72073686,1651373910,19005161,registered,27
72073871,1651377231,13846537,registered,142
72073836,1651376736,11741232,registered,694
72073765,1651375360,16776924,registered,1
72073495,1651370572,12296645,registered,21
72073739,1651374762,15465299,registered,21
72073728,1651374581,10139615,registered,194
72073381,1651368360,651174,registered,112970
72073242,1651366272,17066023,registered,131
72073755,1651375151,12116507,registered,371
72073664,1651373360,18759262,registered,9
72073663,1651373342,16994913,registered,15
72073596,1651372054,9201884,registered,309
72073427,1651369148,19004680,registered,23
72073484,1651370348,15007217,registered,13
72073153,1651364724,8390913,registered,32
72073362,1651368091,17785131,registered,111
72073130,1651364338,19004459,registered,1
72073198,1651365552,8304961,registered,210
72073068,1651363296,19004080,registered,1
72456589,1654059300,17950820,registered,25
72456554,1654058881,15943221,registered,209
72455673,1654048164,12244355,registered,785
72456328,1654056036,16299041,registered,27
72456234,1654055104,5250196,registered,1072
72456725,1654060662,1394897,registered,385
72456647,1654059790,11348853,registered,2447
72456593,1654059357,14629079,registered,11
72455810,1654049804,19244670,registered,45
72455866,1654050460,11913236,registered,179
72455487,1654045751,10179012,registered,103
72456479,1654057927,10919961,registered,662
72455584,1654047204,16400620,registered,62
72455274,1654042591,19243924,registered,3
72455582,1654047181,19171037,registered,41
72457221,1654064194,19238146,registered,41
72455709,1654048476,19150052,registered,11
72455547,1654046621,18939302,registered,1
72456644,1654059772,16376208,registered,55
72457216,1654064136,15014628,registered,71
72456845,1654061623,11232091,registered,8137
72456914,1654062145,9919423,registered,412
72456001,1654052122,1153070,registered,149
72455240,1654042205,15393431,registered,672
72456146,1654054061,16289952,registered,45
72456447,1654057650,11158386,registered,148
72456481,1654057937,11495043,registered,65
72457019,1654062931,14697058,registered,37
72455847,1654050241,13778105,registered,33
72455730,1654048861,7052826,registered,4155
72455541,1654046540,12728698,registered,856
72456555,1654058926,19245263,registered,1
72456480,1654057935,19245158,registered,1
72456847,1654061643,13457825,registered,141
72457168,1654063903,1878846,registered,1727
72455936,1654051320,19244808,registered,1
72455444,1654045147,7190950,registered,421
72456723,1654060638,11409289,registered,429
72455962,1654051729,19223202,registered,1
72455288,1654042748,18477281,registered,3
72455507,1654046039,9476887,registered,542
72456934,1654062294,19245446,registered,9
72455639,1654047838,19113254,registered,17
72455196,1654041624,19244271,registered,1
72456404,1654057137,19245149,registered,9
72456416,1654057309,10913537,registered,117
72455600,1654047364,13901207,registered,103
72456705,1654060440,5508962,registered,46
72457084,1654063320,3063297,registered,75
72457194,1654064041,6357916,registered,3059
72455369,1654043984,19211672,registered,1
72457129,1654063560,15546085,registered,1
72456831,1654061547,1085068,registered,1921
72455215,1654041924,13325186,registered,473
72457169,1654063911,12709265,registered,1428
72457021,1654062954,19245586,registered,1
72457031,1654063004,6357916,registered,3059
72457090,1654063367,8521115,registered,67
72456623,1654059608,9492890,registered,189
72456010,1654052290,14999723,registered,9
72456810,1654061356,,does_not_exist,
72456345,1654056335,11913236,registered,179
72456780,1654061119,14438520,registered,123
72456679,1654060222,13775773,registered,1
72456849,1654061670,13510557,registered,129
72456687,1654060277,6742542,registered,936
72456246,1654055194,18766270,registered,109
72455601,1654047378,16900696,registered,853
72456557,1654058937,19245296,registered,35
72456084,1654053143,19244821,registered,51
72456342,1654056275,19245155,registered,29
72455307,1654042962,19244333,registered,23
72456456,1654057729,19081337,registered,11
72456392,1654056966,19245138,registered,13
72456253,1654055303,5980666,registered,695
72456399,1654057071,19245145,registered,16
72455896,1654050872,19083356,registered,27
72455852,1654050306,18328181,registered,19
72455370,1654043986,19241817,registered,298
72456290,1654055625,14924539,registered,45
72456086,1654053151,16621315,registered,361
72456250,1654055279,7158458,registered,2515
72456212,1654054814,17236519,registered,161
72455916,1654051090,19240199,registered,13
72455925,1654051201,17208539,registered,3
72455983,1654051970,19077718,registered,1
72455495,1654045882,19214256,registered,11
72455252,1654042319,17757713,registered,65
72455526,1654046384,4443378,registered,596
72455760,1654049251,9964275,registered,101
72455394,1654044317,19244366,registered,9
72455558,1654046784,9510800,registered,874
72455305,1654042936,19141269,registered,13
72455420,1654044729,17236128,registered,11
72455398,1654044469,12242085,registered,2350
72455427,1654044848,17016601,registered,51
72455381,1654044143,18790043,registered,25
72455278,1654042618,19244332,registered,11
72455246,1654042252,2573061,registered,19183
72455208,1654041791,17757170,registered,31
72825192,1656656986,14364775,registered,1018
72823443,1656637531,15390686,registered,11
72824327,1656649100,19457279,registered,1
72825117,1656656348,14707430,registered,202
72824420,1656650130,19457327,registered,79
72823768,1656641848,18068760,registered,69
72823662,1656640447,19019462,registered,3
72824468,1656650766,11163122,registered,3139
72824733,1656653227,19457226,registered,1
72823664,1656640494,19456482,registered,1
72823273,1656635296,3735871,registered,367
72824231,1656647922,18985022,registered,1
72824417,1656650088,4844269,registered,339
72824918,1656654710,19422691,registered,485
72823675,1656640647,16922127,registered,45
72823871,1656643196,19456876,registered,21
72823803,1656642255,5212614,registered,20538
72823690,1656640938,17765114,registered,123
72825137,1656656607,17443562,registered,90
72823253,1656634982,11822402,registered,69
72823916,1656643943,15828701,registered,49
72823607,1656639843,1511594,registered,121
72825021,1656655503,3264407,registered,473
72823648,1656640303,7106508,registered,308
72823906,1656643751,19456591,registered,21
72824787,1656653712,8225004,registered,121
72825203,1656657084,,does_not_exist,
72823219,1656634550,19456285,registered,1
72824292,1656648780,19362020,registered,21
72823311,1656635733,19456260,registered,1
72824484,1656650926,15947194,registered,101
72823786,1656642051,16763187,registered,3
72824048,1656645539,19457057,registered,1
72825151,1656656720,19364431,registered,37
72824262,1656648305,13109065,registered,1
72824636,1656652343,18393815,registered,1
72824114,1656646394,10018602,registered,1345
72824213,1656647646,19457166,registered,11
72823744,1656641681,1457672,registered,407
72823302,1656635664,16459959,registered,23
72823934,1656644132,16032151,registered,3
72824876,1656654313,,does_not_exist,
72823321,1656635822,19456181,registered,3
72823610,1656639879,19456605,registered,23
72824590,1656652008,18489841,registered,1
72824646,1656652393,14850661,registered,3
72824498,1656651103,17658752,registered,71
72825111,1656656308,19457860,registered,21
72824467,1656650757,12420401,registered,19
72823816,1656642377,19398112,registered,3
72825123,1656656433,19423835,registered,21
72823304,1656635675,19456346,registered,1
72824244,1656648071,5908119,registered,573
72823407,1656637136,13124660,registered,25
72823893,1656643543,13900777,registered,3
72823416,1656637230,,does_not_exist,
72825182,1656656911,19433560,registered,25
72825127,1656656489,18132346,registered,25
72825139,1656656616,19457929,registered,31
72824855,1656654191,19457612,registered,1
72823793,1656642102,16495596,registered,5
72824608,1656652108,13070106,registered,233
72824084,1656645972,15744788,registered,83
72825193,1656656993,19382168,registered,11
72824584,1656651975,18313588,registered,493
72825113,1656656330,19158379,registered,23
72825065,1656655880,11539679,registered,1
72824797,1656653770,16011184,registered,13
72824019,1656645173,15268436,registered,167
72824754,1656653390,19457513,registered,1
72824784,1656653681,19452488,registered,29
72824866,1656654262,19014488,registered,167
72824773,1656653572,13982165,registered,375
72824561,1656651739,5311230,registered,343
72824617,1656652194,19445712,registered,5
72824080,1656645930,19449532,registered,9
72823377,1656636679,9086772,registered,83
72824236,1656647996,17236519,registered,161
72824482,1656650922,19457373,registered,13
72824532,1656651405,19457381,registered,1
72824419,1656650115,10710625,registered,739
72824054,1656645625,19457056,registered,3
72824067,1656645785,19222155,registered,1
72823970,1656644620,19456945,registered,1
72823290,1656635498,19455936,registered,3
72823920,1656643986,19355975,registered,9
72823902,1656643677,3846409,registered,13
72823876,1656643286,14679395,registered,13
72823843,1656642750,19456788,registered,1
72823770,1656641873,17609267,registered,35
72823544,1656638779,19456537,registered,1
72823655,1656640392,19273115,registered,9
72823741,1656641667,12170208,registered,39
72823703,1656641133,19456728,registered,1
72823341,1656636077,17758117,registered,9
72823450,1656637557,19439052,registered,17
72823376,1656636674,,does_not_exist,
72823313,1656635755,5131640,registered,9630
72823277,1656635401,17764295,registered,115
72823176,1656633918,8366737,registered,23
73188906,1659328845,2758178,registered,51
73188434,1659322556,19112593,registered,53
73189405,1659334025,13923261,registered,11
73188454,1659322817,1583225,registered,3400
73187905,1659314236,16393363,registered,205
73187799,1659312381,19662226,registered,68
73189403,1659334010,19663440,registered,1
73188494,1659323516,18869942,registered,45
73188299,1659320387,19146971,registered,25
73188664,1659325705,3330347,registered,405
73189476,1659334522,19645691,registered,85
73188517,1659323746,12267349,registered,385
73189409,1659334062,17310565,registered,15
73187792,1659312304,14510833,registered,118
73188325,1659320762,19403948,registered,129
73188528,1659323935,19660258,registered,11
73188805,1659327653,18276422,registered,13
73189161,1659331923,16222253,registered,15
73188712,1659326480,19260581,registered,31
73189225,1659332543,17943687,registered,11
73188124,1659318125,19662519,registered,3
73188595,1659324784,12658466,registered,45
73188919,1659328974,12988214,registered,11
73189054,1659330797,19657580,registered,39
73188486,1659323414,15230943,registered,19
73188111,1659317927,19360518,registered,67
73188399,1659322051,19662542,registered,11
73187837,1659312931,16700794,registered,75
73187982,1659315163,19662176,registered,26
73188586,1659324696,11059335,registered,302
73188352,1659321324,19006582,registered,45
73189531,1659334883,15242858,registered,39
73189686,1659336045,19663729,registered,61
73188917,1659328928,19663153,registered,7
73188050,1659316733,6770704,registered,1063
73188523,1659323829,18697029,registered,1
73188122,1659318075,19662477,registered,1
73188799,1659327576,16574573,registered,3
73189719,1659336243,19657580,registered,39
73188479,1659323316,12627448,registered,470
73188984,1659329744,18578687,registered,214
73188263,1659319921,14428141,registered,57
73189429,1659334195,17633664,registered,177
73188210,1659319251,19662607,registered,11
73188814,1659327741,19663101,registered,1
73189636,1659335657,4770853,registered,592
73187868,1659313536,19315136,registered,19
73188010,1659315726,16923213,registered,73
73188433,1659322520,19424148,registered,151
73189635,1659335638,15282696,registered,79
73188887,1659328610,15831384,registered,1
73189456,1659334372,19663607,registered,15
73188883,1659328529,19234424,registered,501
73187918,1659314368,13402819,registered,491
73189867,1659337195,14724837,registered,689
73188705,1659326399,14122835,registered,531
73189191,1659332245,13625670,registered,11
73188648,1659325452,19635502,registered,11
73189755,1659336467,14192262,registered,3
73188383,1659321844,10829044,registered,7783
73189717,1659336229,19661684,registered,15
73188468,1659323063,12875502,registered,197
73189588,1659335351,7024124,registered,1895
73189663,1659335902,15182215,registered,2130
73189631,1659335628,11901732,registered,5395
73188838,1659328051,19503810,registered,17
73189285,1659333025,13661262,registered,83
73189602,1659335421,19632013,registered,1
73187923,1659314448,19662295,registered,13
73189616,1659335556,15660296,registered,11
73188983,1659329739,11187883,registered,789
73188063,1659316924,759991,registered,10638
73189135,1659331638,19663343,registered,21
73189190,1659332236,14359801,registered,294
73189094,1659331272,19662990,registered,1
73189147,1659331818,10927691,registered,1
73188811,1659327713,17625100,registered,61
73188205,1659319190,19569905,registered,13
73188996,1659329906,14896026,registered,5
73189080,1659331117,19663167,registered,1
73188992,1659329819,9042297,registered,187
73188102,1659317693,19662507,registered,21
73188881,1659328516,17750735,registered,1
73188476,1659323212,18652947,registered,1
73188808,1659327674,13401839,registered,11
73188690,1659326218,9819015,registered,301
73188551,1659324227,308827,registered,22551
73188697,1659326307,8834635,registered,199
73188635,1659325294,,does_not_exist,
73188582,1659324635,19662909,registered,57
73188243,1659319706,19570593,registered,27
73188411,1659322240,10597994,registered,1275
73188208,1659319229,19485772,registered,3
73188137,1659318293,13779812,registered,11
73188054,1659316815,18104655,registered,1
73188094,1659317431,15454218,registered,23
73187914,1659314325,19662350,registered,1
73187931,1659314556,15916786,registered,33
73187971,1659315027,18341995,registered,23
73187965,1659314934,18359123,registered,75
73564117,1662004090,7214332,registered,283
73564771,1662011519,19001804,registered,165
73564558,1662009570,9479925,registered,1518
73563204,1661992629,14476934,registered,67
73563274,1661993623,18005471,registered,130
73563992,1662002592,3430943,registered,1137
73563678,1661998753,8384487,registered,71
73564957,1662012993,14777930,registered,790
73563440,1661995759,14524967,registered,15
73564576,1662009725,13095767,registered,796
73563651,1661998479,11842484,registered,21
73563665,1661998645,19891746,registered,3
73563089,1661991010,11537219,registered,377
73564183,1662004797,19892285,registered,51
73563648,1661998417,15525981,registered,11
73564314,1662006489,8861637,registered,81
73563061,1661990666,5727540,registered,897
73563592,1661997638,19891600,registered,1
73564547,1662009473,19888968,registered,1
73563332,1661994420,8086274,registered,179
73564348,1662006959,2712050,registered,1702
73563559,1661997277,12783363,registered,930
73563754,1661999871,8124392,registered,3185
73564748,1662011325,13874852,registered,23
73563677,1661998752,19556890,registered,125
73563804,1662000356,2146894,registered,22011
73563528,1661996821,13604476,registered,27
73563186,1661992353,8146119,registered,41
73564707,1662011025,14385123,registered,31
73564238,1662005642,3977619,registered,21
73563518,1661996730,8549456,registered,337
73564223,1662005519,12202502,registered,113
73563323,1661994202,5052996,registered,11
73564732,1662011234,19695382,registered,147
73564116,1662004086,19892134,registered,1
73564774,1662011563,15141244,registered,1
73564784,1662011618,4196379,registered,626
73563761,1661999931,15510994,registered,19
73563409,1661995420,19891621,registered,11
73564826,1662012035,132438,registered,59883
73563328,1661994310,19882897,registered,3
73564800,1662011714,19842690,registered,45
73564275,1662006051,13710497,registered,47
73563304,1661993926,19062782,registered,55
73564659,1662010472,7488129,registered,1
73564751,1662011361,19892854,registered,11
73564132,1662004225,11471145,registered,1
73563591,1661997614,19722599,registered,1
73563367,1661994810,19883422,registered,21
73564936,1662012830,19619966,registered,117
73564980,1662013093,19893085,registered,7
73563683,1661998805,19891857,registered,1
73564843,1662012118,19892958,registered,11
73564340,1662006881,5165721,registered,173
73564829,1662012043,19305676,registered,11
73564704,1662010992,19892755,registered,13
73564465,1662008559,19735124,registered,35
73564451,1662008336,6594488,registered,1878
73564550,1662009503,19892711,registered,1
73564052,1662003460,7191612,registered,43
73564271,1662006002,19748589,registered,113
73563578,1661997489,6457597,registered,366
73563970,1662002358,15876839,registered,27
73563684,1661998818,2719735,registered,107
73563505,1661996531,19891639,registered,25
73563318,1661994167,19860851,registered,75
73564291,1662006220,12001122,registered,2623
73564285,1662006170,12967038,registered,135
73564123,1662004159,7854973,registered,11
73564255,1662005828,8235224,registered,3003
73563965,1662002284,8124392,registered,3185
73564219,1662005471,5672673,registered,1177
73564027,1662003178,10660847,registered,1813
73564057,1662003528,17563711,registered,133
73564087,1662003873,19791041,registered,1
73564053,1662003464,19428724,registered,5
73564093,1662003952,18990580,registered,35
73564018,1662003053,15615313,registered,25
73564070,1662003651,9182743,registered,1168
73564054,1662003470,2804980,registered,109
73563789,1662000187,4755954,registered,19387
73563496,1661996383,13176726,registered,990
73563867,1662001048,18449589,registered,1
73563305,1661993929,9510800,registered,874
73563885,1662001332,19891936,registered,1
73563506,1661996544,12224552,registered,1
73563689,1661998849,19891814,registered,1
73563524,1661996783,19891615,registered,9
73563485,1661996261,8124392,registered,3185
73563343,1661994559,15298693,registered,11
73563384,1661995117,18650349,registered,23
73563299,1661993893,19016760,registered,1
73563158,1661991973,17679178,registered,11
73563253,1661993267,,does_not_exist,
73563239,1661993056,19890914,registered,1
73563154,1661991929,15975987,registered,429
73563053,1661990573,,does_not_exist,
73563131,1661991682,19891423,registered,1
73563105,1661991332,11531487,registered,69
73563077,1661990785,16940481,registered,21
73915065,1664584332,15481759,registered,11
73916254,1664605570,20135187,registered,23
73916648,1664610475,9713326,registered,1
73916383,1664607346,14045537,registered,3035
73915562,1664593923,20134911,registered,1
73916417,1664607798,18200023,registered,45
73916442,1664608092,17669595,registered,11
73915662,1664595788,20135017,registered,101
73916372,1664607134,19817250,registered,9
73915085,1664584753,11439134,registered,1078
73916434,1664608007,19631033,registered,1
73914970,1664582960,19927547,registered,33
73915191,1664587025,20057837,registered,1
73916629,1664610233,9352847,registered,1
73916269,1664605660,20125379,registered,5
73915925,1664600583,19979008,registered,1
73915435,1664591503,19883675,registered,131
73915380,1664590454,17312204,registered,109
73916248,1664605459,2815264,registered,2068
73915848,1664599062,8155759,registered,19
73915456,1664591878,15338745,registered,3
73915547,1664593718,11339429,registered,51
73915705,1664596668,13333696,registered,23
73915658,1664595775,18017386,registered,71
73915198,1664587143,12915212,registered,61
73915541,1664593532,7577786,registered,767
73915251,1664588271,12454241,registered,147
73915951,1664600916,19999439,registered,11
73915499,1664592810,20134842,registered,1
73916666,1664610698,9118870,registered,71
73916103,1664603322,20135505,registered,1
73915365,1664590184,17214450,registered,19
73915392,1664590685,651174,registered,112970
73915844,1664599008,15763745,registered,115
73916399,1664607536,20133007,registered,15
73915067,1664584349,3376169,registered,439
73915532,1664593433,12737448,registered,79
73915881,1664599820,20032724,registered,163
73916301,1664606052,17024659,registered,3
73915158,1664586216,13178155,registered,417
73916700,1664611102,12454866,registered,325
73915233,1664587890,19868263,registered,29
73916257,1664605580,10660847,registered,1813
73915647,1664595615,9218680,registered,2520
73916183,1664604502,9215367,registered,68
73915636,1664595449,16572029,registered,65
73916554,1664609406,20105719,registered,53
73916178,1664604412,20135572,registered,17
73916611,1664610060,20135863,registered,3
73915455,1664591873,13711721,registered,51
73916424,1664607936,17252690,registered,43
73916367,1664607074,11453377,registered,43
73916547,1664609278,6768248,registered,21
73916387,1664607437,15543946,registered,157
73916544,1664609226,10131616,registered,3
73916510,1664608859,20086012,registered,17
73916385,1664607375,13865229,registered,83
73916570,1664609582,19013029,registered,21
73916163,1664604199,19124338,registered,93
73916546,1664609270,368367,registered,1002
73916516,1664608912,17709739,registered,19
73915741,1664597245,20135115,registered,1
73915569,1664594006,19771651,registered,1
73916352,1664606731,6368037,registered,67
73916378,1664607292,9218680,registered,2520
73916343,1664606615,20032724,registered,163
73915131,1664585705,14055766,registered,21
73916223,1664605030,19854658,registered,379
73916206,1664604761,2105339,registered,2472
73916100,1664603268,20094736,registered,1
73916030,1664602022,20009699,registered,21
73916068,1664602781,11388819,registered,173
73916072,1664602856,20135492,registered,3
73915919,1664600468,20135171,registered,1
73915928,1664600596,12828286,registered,25
73915997,1664601495,3611472,registered,443
73916010,1664601725,20135399,registered,1
73915775,1664597999,16498831,registered,19
73915833,1664598853,20135187,registered,23
73915852,1664599113,847200,registered,25557
73915831,1664598829,20135184,registered,1
73915637,1664595456,20134991,registered,31
73915703,1664596630,20135052,registered,45
73915796,1664598194,19863669,registered,11
73915267,1664588506,2478983,registered,370
73915680,1664596054,18543799,registered,1
73915243,1664588092,20078535,registered,11
73915613,1664594904,20134956,registered,19
73915441,1664591611,20134771,registered,21
73914994,1664583260,14159635,registered,921
73915563,1664593931,20134865,registered,1
73915535,1664593478,19184834,registered,45
73915337,1664589696,6857110,registered,29
73915052,1664584097,19177656,registered,3
73915245,1664588122,20134550,registered,11
73915176,1664586638,13732442,registered,51
73915223,1664587649,2736467,registered,3195
73914963,1664582827,15571194,registered,37
73915163,1664586298,20134525,registered,1
73915058,1664584197,20133877,registered,3
74270886,1667269404,7429461,registered,829
74271184,1667272707,20383828,registered,1
74271596,1667277521,572575,registered,1049
74271413,1667275351,20384492,registered,3
74270674,1667267041,20239851,registered,15
74270414,1667263632,20383716,registered,1
74271425,1667275452,4594573,registered,691
74270581,1667265790,20372695,registered,43
74271669,1667278291,10469210,registered,31
74271324,1667274328,13176726,registered,990
74270323,1667262522,18899849,registered,23
74270443,1667264022,,does_not_exist,
74270758,1667267885,1044326,registered,1558
74270749,1667267812,19105489,registered,19
74270302,1667262228,8952552,registered,457
74271300,1667274096,20006407,registered,13
74272143,1667283168,20385064,registered,1
74270368,1667263154,1106951,registered,6346
74270482,1667264475,1330719,registered,1279
74271205,1667272927,943222,registered,816
74270345,1667262798,1714490,registered,3156
74271533,1667276759,20183167,registered,65
74271193,1667272787,13657037,registered,648
74270901,1667269645,17135667,registered,83
74270503,1667264642,19675819,registered,15
74271960,1667281364,215929,registered,2827
74270221,1667260959,14954949,registered,7
74271738,1667279037,10276092,registered,5510
74271364,1667274834,20357162,registered,35
74270287,1667261905,20104014,registered,1
74271775,1667279420,15350235,registered,61
74270404,1667263524,15080473,registered,544
74271221,1667273109,,does_not_exist,
74270945,1667270158,18279380,registered,11
74271117,1667272045,18649495,registered,1508
74270960,1667270339,12903724,registered,9
74270621,1667266384,12228795,registered,421
74270653,1667266855,20024594,registered,117
74271011,1667270922,19317962,registered,1
74271091,1667271796,20384275,registered,3
74271346,1667274633,19400013,registered,7
74271640,1667277926,20146351,registered,3
74272036,1667282185,19883422,registered,21
74270271,1667261616,7124155,registered,1349
74270428,1667263804,19408415,registered,1
74270599,1667266048,13391350,registered,757
74271728,1667278949,17609282,registered,17
74272051,1667282300,20385089,registered,1
74270977,1667270479,20384198,registered,1
74271642,1667277962,20384748,registered,1
74271140,1667272248,13946204,registered,9904
74270265,1667261510,19945397,registered,3
74271648,1667278016,9580869,registered,1242
74271854,1667280361,20384893,registered,31
74271781,1667279548,316082,registered,15098
74272097,1667282672,12459040,registered,1
74271865,1667280444,18655289,registered,17
74271821,1667280016,19690544,registered,5
74270887,1667269441,20384102,registered,15
74272010,1667281876,7057029,registered,313
74270987,1667270541,13496839,registered,696
74270611,1667266209,13602940,registered,83
74271918,1667280955,3150869,registered,95
74270778,1667268165,20383830,registered,21
74271681,1667278389,20384799,registered,33
74271690,1667278546,20384737,registered,1
74271556,1667277040,19179518,registered,11
74270504,1667264674,20375459,registered,11
74271162,1667272506,19474790,registered,101
74271565,1667277135,18193889,registered,347
74271582,1667277322,19202104,registered,3
74271360,1667274793,7791963,registered,697
74271155,1667272411,17990967,registered,25
74271398,1667275206,9500464,registered,439
74271198,1667272814,20384302,registered,5
74270904,1667269664,13144557,registered,1
74270717,1667267478,8560158,registered,29
74270903,1667269658,1219322,registered,1998
74271109,1667271977,20293303,registered,27
74271089,1667271774,5179643,registered,2533
74270451,1667264091,14554684,registered,11
74271139,1667272246,20361611,registered,15
74271005,1667270816,20384203,registered,9
74271056,1667271403,20318965,registered,11
74270892,1667269505,19552966,registered,13
74270985,1667270528,19322508,registered,11
74270364,1667263092,15941430,registered,165
74270696,1667267263,20368863,registered,11
74270774,1667268070,17754665,registered,17
74270730,1667267596,20379708,registered,1
74270609,1667266202,15850814,registered,21
74270683,1667267100,427494,registered,17220
74270556,1667265394,15970133,registered,216
74270708,1667267382,14157793,registered,19
74270657,1667266888,20383951,registered,11
74270630,1667266521,20383908,registered,1
74270537,1667265183,20383851,registered,3
74270405,1667263530,15970133,registered,216
74270252,1667261312,8560158,registered,29
74270286,1667261863,5771359,registered,109
74635885,1669857303,3180151,registered,806
74636203,1669860322,10930703,registered,57
74636162,1669859921,14910186,registered,45
74636590,1669864605,17990324,registered,3
74636649,1669865367,19104306,registered,21
74636944,1669868988,20651991,registered,31
74635612,1669854120,16460086,registered,11
74636120,1669859543,20585009,registered,1
74637458,1669874084,2195440,registered,3753
74637387,1669873527,19617980,registered,1
74636015,1669858579,19582512,registered,129
74636752,1669866494,6404949,registered,3159
74636441,1669862903,6286540,registered,4720
74636905,1669868519,20652257,registered,1
74635652,1669854571,2205916,registered,3496
74635932,1669857717,20592818,registered,13
74636125,1669859595,4299527,registered,12127
74636807,1669867170,15135314,registered,57
74636683,1669865812,20569778,registered,29
74636410,1669862557,19282100,registered,7
74636925,1669868736,4492932,registered,57358
74635830,1669856699,20650117,registered,1
74636003,1669858472,18615570,registered,106
74637083,1669870626,3325856,registered,1
74636740,1669866380,10308255,registered,801
74636650,1669865369,8584998,registered,1310
74636710,1669866085,20651898,registered,11
74635937,1669857761,20445054,registered,33
74636387,1669862292,20452149,registered,73
74636955,1669869121,20652287,registered,19
74636105,1669859458,20651282,registered,1
74635970,1669858064,5623007,registered,244
74636865,1669868044,10719083,registered,79
74636784,1669866940,14810457,registered,37
74636397,1669862429,18148705,registered,335
74636921,1669868689,8371891,registered,21
74635519,1669853143,7492260,registered,899
74636064,1669859038,19124338,registered,93
74635534,1669853298,10240229,registered,13
74636777,1669866825,10542695,registered,520
74637234,1669872104,20652601,registered,1
74637107,1669870882,13352833,registered,21
74636867,1669868067,20652127,registered,1
74635696,1669855068,18157505,registered,41
74637156,1669871357,20542444,registered,5
74637137,1669871182,20633720,registered,1
74636276,1669861161,20651480,registered,11
74637028,1669869996,20652366,registered,15
74636533,1669863955,20504280,registered,3
74636627,1669865056,20651903,registered,1
74635614,1669854135,20650870,registered,1
74635994,1669858343,17867420,registered,157
74636010,1669858521,18912492,registered,11
74637231,1669872092,20029037,registered,15
74635825,1669856660,11258651,registered,761
74636236,1669860756,2225443,registered,23
74636391,1669862346,18216392,registered,3
74636197,1669860209,4420797,registered,2974
74637025,1669869985,20414189,registered,3
74636986,1669869495,20652231,registered,3
74637221,1669871991,16746325,registered,59
74636885,1669868267,20452149,registered,73
74636896,1669868375,7114383,registered,678
74637350,1669873184,20362623,registered,13
74637271,1669872458,4400804,registered,12357
74637167,1669871411,15349808,registered,25
74636250,1669860908,16622198,registered,102
74637000,1669869614,11830293,registered,50
74636609,1669864764,20651861,registered,11
74636918,1669868651,20652245,registered,21
74636794,1669867032,19553416,registered,11
74636883,1669868240,19948535,registered,45
74636772,1669866741,20652064,registered,3
74636834,1669867636,20652128,registered,11
74636423,1669862668,20508530,registered,325
74636711,1669866091,20652006,registered,1
74636613,1669864829,20578435,registered,1
74636393,1669862376,17214961,registered,1
74636622,1669864977,20651843,registered,1
74636600,1669864704,20651865,registered,1
74636478,1669863316,13035946,registered,15
74636048,1669858904,17377723,registered,17
74636427,1669862740,20651654,registered,1
74636264,1669861010,20651473,registered,3
74636322,1669861571,16534139,registered,3
74636222,1669860615,20649302,registered,11
74636215,1669860502,7888119,registered,73
74636192,1669860195,20585881,registered,87
74635590,1669853817,20252882,registered,117
74636052,1669858936,18223958,registered,1
74635930,1669857710,20594886,registered,53
74635544,1669853443,11535369,registered,79
74635723,1669855473,20650980,registered,3
74635832,1669856712,12922440,registered,35
74635498,1669852908,19883274,registered,49
74635839,1669856805,11588912,registered,51
74635810,1669856490,17084891,registered,19
74635764,1669855908,20543548,registered,3
74635760,1669855852,20203803,registered,113
74635724,1669855478,20045441,registered,31
74973935,1672566217,20904180,registered,21
74972826,1672538360,17225547,registered,11
74973450,1672556446,19119034,registered,79
74972666,1672533374,20876054,registered,21
74972995,1672543874,10597313,registered,389
74972770,1672536402,20902776,registered,27
74972782,1672536871,19189861,registered,21
74973348,1672554030,11317450,registered,1
74973651,1672560670,18832188,registered,65
74973771,1672563402,20904024,registered,1
74974252,1672571093,20852999,registered,1
74972866,1672539613,20902844,registered,29
74972898,1672540756,14042115,registered,53
74974429,1672573715,20508547,registered,11
74974120,1672568995,20904353,registered,11
74973032,1672544964,3099733,registered,2055
74973190,1672549632,19266924,registered,53
74973485,1672557371,8373469,registered,9
74973982,1672566850,7849631,registered,487
74973577,1672559278,13149907,registered,131
74973481,1672557298,20903602,registered,23
74973915,1672565877,15491880,registered,37
74973151,1672548386,20740880,registered,107
74973657,1672560776,9581602,registered,115
74974242,1672570940,14162909,registered,57
74973155,1672548479,20074479,registered,7
74974046,1672567849,,does_not_exist,
74973214,1672550412,1757597,registered,145
74973187,1672549418,20826491,registered,3
74972953,1672542562,14089426,registered,21
74973347,1672553981,13097857,registered,302
74974409,1672573512,17696880,registered,875
74973928,1672566071,20894543,registered,1
74974247,1672571074,,does_not_exist,
74972891,1672540419,9111696,registered,9
74973497,1672557604,20903660,registered,5
74974103,1672568695,1788656,registered,735
74974024,1672567487,18163936,registered,136
74974260,1672571246,13593338,registered,76
74973793,1672563839,20689092,registered,99
74973851,1672564697,10054961,registered,29
74974204,1672570350,20351158,registered,21
74972792,1672537421,16838865,registered,13
74972850,1672539105,11070463,registered,4133
74973505,1672557826,19011860,registered,3
74974516,1672575034,20367173,registered,13
74974239,1672570890,6113214,registered,31
74974398,1672573231,20749953,registered,153
74974056,1672567981,15342452,registered,496
74974495,1672574698,20793314,registered,9
74974064,1672568102,10794349,registered,23
74974132,1672569195,11555352,registered,1611
74974498,1672574740,15192173,registered,45
74973452,1672556515,20885137,registered,11
74973624,1672560141,20903777,registered,25
74973911,1672565821,20524399,registered,23
74973455,1672556659,13000695,registered,4042
74974207,1672570396,12864512,registered,33
74973823,1672564302,10251030,registered,81
74973872,1672565107,20166292,registered,13
74973996,1672567096,20904218,registered,1
74974026,1672567501,20749953,registered,153
74973993,1672567003,20904225,registered,13
74973880,1672565348,20433475,registered,13
74973786,1672563724,20871036,registered,3
74973844,1672564552,13065680,registered,119
74973975,1672566668,6273451,registered,334
74973855,1672564767,20902090,registered,1
74973803,1672563979,20904066,registered,1
74973659,1672560861,20903892,registered,1
74973663,1672560915,6320774,registered,1591
74973678,1672561252,20749953,registered,153
74973537,1672558513,19962712,registered,23
74973549,1672558777,20903708,registered,11
74973427,1672555923,7347925,registered,1039
74973096,1672547112,5029589,registered,2194
74973259,1672551628,19884743,registered,49
74973070,1672546197,20903165,registered,11
74973437,1672556159,4215840,registered,449
74973357,1672554266,1412129,registered,203
74973381,1672554700,20372695,registered,43
74973173,1672549020,18105239,registered,11
74973249,1672551287,3667693,registered,415
74973298,1672552709,15198027,registered,1
74973219,1672550552,12977237,registered,61
74973200,1672549933,20903309,registered,11
74972881,1672540161,15808153,registered,11
74972912,1672541188,11070044,registered,13
74972742,1672535421,20897407,registered,131
74973115,1672547602,5418026,registered,72
74972655,1672533073,17503102,registered,58
74972809,1672538010,20876458,registered,9
74972873,1672539906,,does_not_exist,
74972823,1672538269,18740619,registered,111
74972685,1672534099,17148496,registered,375
74972819,1672538226,14083356,registered,31
74972734,1672535127,20902708,registered,35
74972602,1672531666,6635590,registered,748
74972656,1672533127,11107398,registered,3
74972651,1672533013,9035955,registered,1
75305082,1675218535,21122083,registered,11
75305358,1675222115,17342599,registered,43
75304942,1675216658,15843133,registered,363
75304567,1675212168,18758062,registered,1651
75305069,1675218401,17796933,registered,21
75305890,1675227975,10633733,registered,31
75305169,1675219787,3843659,registered,565
75304491,1675211139,20050999,registered,33
75305908,1675228155,21119435,registered,1
75304991,1675217373,1256757,registered,342
75305204,1675220184,21122341,registered,21
75305071,1675218424,20211157,registered,13
75305001,1675217531,10844937,registered,803
75305825,1675227304,17984267,registered,57
75304979,1675217156,18227654,registered,3
75304397,1675210061,18446184,registered,21
75304446,1675210635,21114242,registered,1
75304598,1675212526,19094233,registered,31
75304713,1675213879,8522174,registered,21
75304442,1675210575,20866687,registered,11
75304770,1675214612,10598503,registered,105
75305341,1675221979,2579031,registered,949
75304624,1675212788,16979362,registered,19
75305569,1675224654,12319746,registered,2263
75305073,1675218450,21055928,registered,21
75305355,1675222097,21122374,registered,11
75304839,1675215403,21122001,registered,11
75305176,1675219857,21122275,registered,11
75304530,1675211579,13114791,registered,531
75304885,1675216026,15871510,registered,11
75306132,1675230642,866082,registered,17251
75304897,1675216136,10502606,registered,185
75305126,1675219309,20268275,registered,67
75304410,1675210224,14289934,registered,27
75304801,1675214927,3258646,registered,1
75304754,1675214393,19971747,registered,1
75304664,1675213316,7846454,registered,153
75305527,1675224221,21058321,registered,49
75305953,1675228653,7444874,registered,227
75304963,1675216928,21122158,registered,13
75305090,1675218666,11955589,registered,39
75306090,1675230143,10492910,registered,15
75304566,1675212158,9194965,registered,1040
75306149,1675230806,19113650,registered,3
75304899,1675216144,21121752,registered,1
75305531,1675224242,21122590,registered,1
75305818,1675227255,20716348,registered,101
75304961,1675216884,21108814,registered,29
75305304,1675221315,18647844,registered,11
75305603,1675225060,9092563,registered,712
75305671,1675225861,16169533,registered,424
75306070,1675229937,15233108,registered,580
75305999,1675229134,19701445,registered,1
75305784,1675226944,10339757,registered,413
75306186,1675231126,14186201,registered,15
75305933,1675228461,21122821,registered,11
75306101,1675230364,3212052,registered,13
75305574,1675224724,20876868,registered,19
75305774,1675226876,20884961,registered,69
75305553,1675224455,14186201,registered,15
75305753,1675226699,10128976,registered,11
75305853,1675227569,9835949,registered,69
75305917,1675228277,17546164,registered,11
75305824,1675227301,18130850,registered,1
75305478,1675223591,9919423,registered,412
75305752,1675226697,,does_not_exist,
75305672,1675225862,21122723,registered,39
75305535,1675224323,21122538,registered,3
75305542,1675224370,21122604,registered,1
75305544,1675224382,21049553,registered,11
75305306,1675221346,7758191,registered,93
75305208,1675220246,13771634,registered,21
75305419,1675222770,16499019,registered,85
75304873,1675215835,12363034,registered,47
75305138,1675219409,21091935,registered,5
75304433,1675210491,21121777,registered,3
75305242,1675220643,1828539,registered,2376
75305283,1675221108,18158234,registered,15
75305201,1675220174,21017036,registered,29
75305132,1675219357,20926384,registered,27
75305029,1675217920,21122211,registered,1
75304987,1675217263,21058321,registered,49
75304908,1675216252,14102599,registered,301
75304931,1675216541,20783979,registered,1
75304825,1675215220,12366913,registered,29
75304393,1675210023,20309717,registered,71
75304882,1675215981,678188,registered,529
75304678,1675213430,21121274,registered,13
75304836,1675215363,10049514,registered,1071
75304698,1675213721,772649,registered,97967
75304797,1675214888,18449862,registered,11
75304649,1675213101,15879725,registered,45
75304740,1675214163,21016031,registered,151
75304580,1675212293,21121831,registered,3
75304697,1675213712,15526144,registered,1
75304693,1675213675,2175783,registered,1496
75304615,1675212677,4926165,registered,740
75304550,1675211951,19831782,registered,375
75304404,1675210147,14293020,registered,751
75304507,1675211301,21121795,registered,11
75598463,1677629214,19299757,registered,443
75598655,1677631565,12448182,registered,11
75598678,1677631875,19273018,registered,55
75600954,1677657918,1794617,registered,900
75600684,1677655931,10715700,registered,440
75599689,1677646368,9782619,registered,635
75601207,1677659426,360598,registered,101
75598670,1677631774,5342009,registered,1312
75600538,1677654767,13947791,registered,11
75599831,1677647920,13684789,registered,340
75599648,1677645790,5091964,registered,307
75600244,1677652274,8229534,registered,1983
75598478,1677629350,21307839,registered,13
75599827,1677647851,18245360,registered,1
75598578,1677630563,16344053,registered,1
75600994,1677658157,21159005,registered,67
75599358,1677641813,10215301,registered,3733
75599257,1677640392,2998077,registered,9526
75598789,1677633698,7655893,registered,11
75598798,1677633811,10958833,registered,45
75600189,1677651747,21298316,registered,121
75600606,1677655342,21309631,registered,21
75599247,1677640140,7267480,registered,506
75599898,1677648556,14226605,registered,1
75601169,1677659198,21305330,registered,11
75598427,1677628810,19058194,registered,11
75600140,1677651184,,does_not_exist,
75599626,1677645519,4451521,registered,10739
75598953,1677636446,20949383,registered,3
75598493,1677629493,21307899,registered,41
75599667,1677646050,1905276,registered,411
75600462,1677654147,2186785,registered,1189
75599222,1677639888,17494454,registered,1
75599811,1677647573,3821009,registered,4711
75600130,1677651113,,does_not_exist,
75599546,1677644437,20323670,registered,177
75600223,1677652084,562930,registered,2805
75599502,1677644014,18952614,registered,3
75600347,1677653167,18727163,registered,1
75600219,1677652042,8176763,registered,2489
75600322,1677653019,11725056,registered,4280
75600460,1677654131,3745149,registered,770
75598589,1677630772,9429989,registered,161
75600555,1677654903,15393390,registered,1
75599584,1677644940,10798352,registered,81
75600156,1677651377,21309262,registered,13
75600691,1677655958,14072615,registered,115
75598512,1677629724,12464213,registered,43
75601083,1677658690,14125020,registered,186
75599615,1677645396,16249654,registered,89
75599874,1677648317,21284870,registered,25
75600944,1677657877,14715170,registered,334
75601134,1677659007,19486832,registered,123
75600751,1677656410,4847250,registered,5207
75599179,1677639260,13258121,registered,370
75600968,1677658034,19813025,registered,3
75600997,1677658177,2772278,registered,33
75600258,1677652430,21296511,registered,13
75600682,1677655926,19697888,registered,13
75600771,1677656567,21309693,registered,1
75600734,1677656259,3751931,registered,2471
75600594,1677655244,21298316,registered,121
75600818,1677656830,21308829,registered,11
75600814,1677656819,21309722,registered,41
75600803,1677656760,19090469,registered,13
75599861,1677648208,17778275,registered,354
75598600,1677630931,21288394,registered,18
75600517,1677654570,21309390,registered,13
75598980,1677636734,4508962,registered,1217
75600328,1677653052,14445883,registered,783
75599543,1677644407,21308739,registered,1
75599532,1677644308,21308292,registered,15
75600237,1677652218,17881444,registered,33
75600055,1677650392,20218867,registered,1
75600056,1677650437,21078205,registered,25
75600032,1677650191,19011860,registered,3
75599969,1677649425,21309107,registered,1
75599864,1677648217,14477706,registered,327
75599734,1677646757,8156159,registered,1
75599357,1677641775,2848049,registered,574
75599785,1677647315,7394787,registered,305
75599415,1677642563,2694521,registered,69
75599488,1677643656,5659969,registered,479
75599483,1677643560,21266187,registered,49
75599188,1677639364,6335363,registered,2120
75599218,1677639816,20240835,registered,689
75599137,1677638732,21228478,registered,1
75599050,1677637455,21308292,registered,15
75599094,1677638164,21308361,registered,1
75599057,1677637577,21275440,registered,11
75598769,1677633300,21306606,registered,61
75599010,1677637180,4060158,registered,181
75598879,1677635073,18038700,registered,25
75598774,1677633399,4451521,registered,10739
75598632,1677631322,16248542,registered,21
75598513,1677629748,13158455,registered,1
75598637,1677631363,21196495,registered,3
75598498,1677629538,6745864,registered,161
75598557,1677630244,21307981,registered,1
75598481,1677629378,21307902,registered,53
75904853,1680335076,2610407,registered,1
75904692,1680332305,3423825,registered,1948
75904812,1680334464,16056388,registered,31
75905574,1680344415,13975334,registered,65
75905029,1680337776,21541671,registered,25
75904201,1680321749,19474790,registered,101
75904671,1680331744,19925786,registered,1
75904667,1680331654,21541297,registered,31
75905432,1680342617,7277304,registered,99
75903823,1680312434,21536420,registered,55
75904870,1680335287,15535355,registered,33
75904876,1680335408,4045275,registered,9194
75904325,1680324379,21374650,registered,56
75905165,1680339469,20781520,registered,23
75905136,1680339100,18393007,registered,49
75904821,1680334567,7745011,registered,3050
75905416,1680342407,19386218,registered,91
75903584,1680307651,14749068,registered,113
75904605,1680330474,20641353,registered,41
75905219,1680340023,839837,registered,727
75903962,1680315690,1457672,registered,407
75905258,1680340377,10620788,registered,363
75905332,1680341310,18448621,registered,21
75904509,1680328582,10755032,registered,1783
75904348,1680325059,10086964,registered,368
75904243,1680322491,19749120,registered,23
75903982,1680316192,9969144,registered,87
75904016,1680316956,16728463,registered,29
75905243,1680340284,13473495,registered,199
75904423,1680326852,17176317,registered,1
75905386,1680342115,18318189,registered,57
75903640,1680308791,10854968,registered,1
75904688,1680332238,19982718,registered,1
75905201,1680339820,16385283,registered,1
75904708,1680332547,13241026,registered,1
75905175,1680339715,21228735,registered,67
75904116,1680319275,15277269,registered,161
75905592,1680344625,21108694,registered,37
75904576,1680329846,21508583,registered,3
75905443,1680342783,21536019,registered,1
75904146,1680320349,6296626,registered,1479
75904622,1680330706,11405143,registered,1
75904222,1680322147,5539782,registered,557
75904175,1680321221,21501694,registered,125
75904104,1680319017,11299809,registered,353
75905429,1680342553,4876058,registered,1019
75904709,1680332552,972202,registered,26228
75904683,1680332049,16811857,registered,13
75904241,1680322460,14255458,registered,59
75903878,1680313881,5516760,registered,2810
75904121,1680319437,21540549,registered,1
75904931,1680336257,12924893,registered,3
75905491,1680343404,10367710,registered,1
75905554,1680344179,20847092,registered,45
75905530,1680343940,21542221,registered,13
75905208,1680339884,21369283,registered,35
75904370,1680325634,21324849,registered,1
75905562,1680344269,7986994,registered,143
75905439,1680342713,20900075,registered,49
75905391,1680342232,17261398,registered,63
75905202,1680339820,21534164,registered,23
75905017,1680337653,14313395,registered,3
75905030,1680337782,20443528,registered,341
75905091,1680338515,10108584,registered,31
75904780,1680333821,11746588,registered,437
75905146,1680339246,14815334,registered,123
75904981,1680336919,20831591,registered,1
75905137,1680339141,728438,registered,399
75905088,1680338497,19933534,registered,209
75904905,1680335720,20502774,registered,71
75905078,1680338358,7488674,registered,41
75904795,1680334125,17580381,registered,29275
75904960,1680336715,12365647,registered,1
75904923,1680336100,10560942,registered,53
75904704,1680332457,21541385,registered,1
75903895,1680314457,9727704,registered,775
75904837,1680334833,7885276,registered,1
75904757,1680333492,21290394,registered,41
75904558,1680329598,5581809,registered,25
75904569,1680329737,21538169,registered,1
75904686,1680332117,20562466,registered,1
75904487,1680328016,1260682,registered,6240
75903822,1680312364,15384913,registered,31
75904500,1680328377,3782963,registered,2855
75904669,1680331738,21541296,registered,1
75904625,1680330810,21541216,registered,1
75903887,1680314155,19552971,registered,69
75904337,1680324790,139150,registered,32790
75904077,1680318469,17798344,registered,95
75904063,1680318189,14955502,registered,58
75904265,1680322956,8836299,registered,1
75903837,1680312841,7705108,registered,391
75904025,1680317099,19785701,registered,1
75903678,1680309274,21539969,registered,1
75903821,1680312363,4245462,registered,1609
75903592,1680307767,21539953,registered,5
75903689,1680309408,18130956,registered,61
75903571,1680307339,10308255,registered,801
75905034,,,gone,
75903818,,,gone,
76144183,1682901184,13816273,registered,163
76145406,1682926759,11503029,registered,11
76145761,1682931528,461499,registered,20409
76146177,1682936290,21786226,registered,1
76144138,1682900132,21783424,registered,1
76144694,1682914424,18151640,registered,25
76145014,1682921159,19933880,registered,195
76146072,1682935270,11644523,registered,735
76145052,1682921688,21784857,registered,11
76145112,1682922770,20815949,registered,29
76144581,1682911485,12223836,registered,13
76145554,1682928730,17512286,registered,21
76145626,1682929664,12973461,registered,73
76146137,1682935890,17190687,registered,27
76144420,1682907438,4038547,registered,425
76145539,1682928616,8621405,registered,325
76144372,1682905989,4873538,registered,531
76145527,1682928538,18479582,registered,178
76145866,1682932749,10040045,registered,219
76144699,1682914575,21577622,registered,111
76144370,1682905973,19887557,registered,1
76144837,1682917697,20122390,registered,1028
76145113,1682922782,21784876,registered,11
76146250,1682937260,16250404,registered,933
76145292,1682925232,17124151,registered,23
76145455,1682927542,2186349,registered,411
76145911,1682933219,7697951,registered,154
76144445,1682908123,16122295,registered,1
76146164,1682936127,15374305,registered,184
76144532,1682910276,19334079,registered,3
76145251,1682924630,21760922,registered,129
76146181,1682936333,992687,registered,32589
76145394,1682926626,2707342,registered,571
76144883,1682918696,19423224,registered,45
76144690,1682914345,5947182,registered,388
76146288,1682937689,21786300,registered,1
76144853,1682918027,16928435,registered,11
76145980,1682934298,12427078,registered,11
76144290,1682903689,8540635,registered,151
76146232,1682937008,14446528,registered,25
76144840,1682917759,4043732,registered,159
76146298,1682937795,15894506,registered,1
76144722,1682915331,2987552,registered,618
76145123,1682922860,832230,registered,65153
76144698,1682914563,1369110,registered,650
76144224,1682902020,10393217,registered,1
76145777,1682931718,1581090,registered,45071
76145889,1682932978,21687208,registered,147
76145540,1682928622,21785375,registered,1
76145419,1682926883,,does_not_exist,
76146187,1682936376,1330734,registered,490
76145056,1682921725,11934175,registered,93
76145158,1682923338,21784987,registered,1
76144163,1682900640,11933986,registered,11
76146218,1682936694,15203179,registered,75
76145750,1682931369,21785644,registered,21
76145091,1682922367,13845966,registered,21
76146206,1682936578,21778436,registered,11
76144405,1682906973,20236195,registered,123
76145878,1682932882,21785825,registered,1
76146041,1682934999,12535999,registered,315
76145756,1682931438,21427288,registered,35
76145736,1682931255,21785706,registered,1
76145101,1682922520,20632095,registered,115
76145334,1682925853,11649567,registered,400
76144683,1682914184,14270056,registered,27
76144383,1682906340,17583028,registered,1
76145408,1682926779,19821595,registered,25
76145674,1682930434,2797922,registered,129
76144916,1682919368,21258410,registered,13
76144753,1682916091,15937619,registered,299
76145538,1682928612,12481380,registered,109
76145647,1682930043,11241501,registered,312
76144167,1682900759,18937753,registered,67
76145035,1682921416,21784815,registered,9
76145421,1682927015,21785304,registered,1
76145466,1682927661,11162983,registered,987
76144678,1682914048,12350323,registered,183
76145177,1682923650,17664826,registered,27
76144788,1682916780,21784402,registered,11
76145126,1682922896,18001326,registered,105
76144977,1682920443,21784752,registered,23
76144505,1682909605,5122009,registered,65
76144784,1682916626,12650341,registered,23
76144488,1682908926,12399632,registered,11
76144789,1682916801,17347824,registered,407
76144796,1682917123,21784496,registered,13
76144792,1682916885,21784440,registered,3
76144756,1682916174,2987552,registered,618
76144769,1682916411,21084140,registered,167
76144724,1682915337,15233108,registered,580
76144700,1682914651,3186922,registered,6352
76144651,1682913493,21652769,registered,11
76144622,1682912778,20451088,registered,55
76144586,1682911633,18837996,registered,21
76144393,1682906523,16941332,registered,9
76144265,1682903104,21783578,registered,1
76144256,1682902763,6131504,registered,318
76144252,1682902631,10918680,registered,435
76144299,1682903987,21783638,registered,11
76380001,1685608056,16806634,registered,1
76380172,1685609423,9108369,registered,145
76378780,1685595573,6326810,registered,113
76379674,1685605288,21870365,registered,77
76378373,1685587755,4175822,registered,2861
76378543,1685590772,4092128,registered,21
76379738,1685605792,21998515,registered,11
76379740,1685605798,21945929,registered,51
76380443,1685611519,21999148,registered,11
76380381,1685611004,21999009,registered,81
76379440,1685603260,11725056,registered,4280
76378252,1685585131,12050818,registered,87
76379924,1685607394,5386216,registered,381
76379743,1685605822,3417134,registered,632
76377964,1685578247,7516523,registered,345
76378844,1685596645,13695748,registered,1
76378059,1685580848,21996875,registered,1
76378946,1685597999,1851302,registered,2544
76380677,1685613122,7236309,registered,2536
76378592,1685592248,21997463,registered,3
76380435,1685611430,21169587,registered,867
76378441,1685589080,1444483,registered,381
76380177,1685609488,20590060,registered,1
76380018,1685608216,21998741,registered,11
76378181,1685583693,11332693,registered,417
76380377,1685610977,7462273,registered,75
76378030,1685580008,17131781,registered,1
76380291,1685610283,19504610,registered,859
76380131,1685609149,21753196,registered,23
76378138,1685582552,11098908,registered,1306
76379760,1685605948,12055667,registered,355
76379667,1685605216,13891321,registered,303
76380520,1685612098,6423231,registered,65
76378700,1685594155,10444357,registered,71
76378770,1685595405,20370623,registered,1
76379852,1685606657,21998551,registered,9
76380153,1685609298,11607307,registered,222
76380306,1685610380,9676849,registered,301
76378919,1685597717,21739632,registered,23
76380541,1685612224,18018869,registered,1976
76379197,1685600850,4847250,registered,5207
76378524,1685590401,14370243,registered,142
76378323,1685586705,21997129,registered,21
76378973,1685598342,21626950,registered,1
76380275,1685610110,14732164,registered,23
76380556,1685612315,1585507,registered,5779
76379737,1685605784,9942747,registered,19
76378414,1685588629,5111019,registered,69
76379867,1685606810,,does_not_exist,
76378873,1685597165,2813114,registered,1099
76379758,1685605935,7026806,registered,2010
76380671,1685613082,20009601,registered,1
76380576,1685612465,3173159,registered,147
76379142,1685600152,18904265,registered,465
76379807,1685606336,20962066,registered,23
76379182,1685600781,21401552,registered,1
76379704,1685605583,20889125,registered,35
76380548,1685612265,2517880,registered,1114
76379570,1685604402,17560909,registered,23
76379108,1685599785,1652954,registered,11572
76380353,1685610742,21999000,registered,1
76379139,1685600104,3909896,registered,3023
76380708,1685613323,20448562,registered,1
76379882,1685606985,21310664,registered,23
76380434,1685611422,21825234,registered,127
76378535,1685590640,20220238,registered,9
76380078,1685608786,21776466,registered,1
76380185,1685609532,16326652,registered,31
76380495,1685611946,17561310,registered,215
76380508,1685612020,8924392,registered,93
76380023,1685608266,14290165,registered,44
76379034,1685599017,14337446,registered,13
76379616,1685604776,9431952,registered,334
76379499,1685603732,3896008,registered,1357
76379662,1685605151,5357095,registered,887
76378461,1685589473,21997211,registered,1
76379762,1685605983,10040457,registered,81
76379366,1685602578,21980637,registered,11
76379321,1685602161,19903400,registered,267
76379641,1685604955,21233061,registered,1
76379117,1685599900,19983060,registered,59
76379525,1685603954,20865565,registered,11
76378108,1685582081,18199073,registered,55
76379113,1685599855,18192997,registered,546
76378818,1685596220,19157137,registered,345
76379050,1685599166,17742505,registered,51
76378948,1685598009,15344083,registered,3
76378796,1685595803,9260781,registered,23
76378628,1685593106,21997500,registered,13
76378761,1685595245,8612526,registered,227
76378670,1685593768,2866298,registered,1896
76378321,1685586682,11720193,registered,895
76378578,1685591979,17080604,registered,13
76378374,1685587778,9040520,registered,366
76378401,1685588323,21973665,registered,11
76377950,1685577976,21949579,registered,113
76378248,1685585037,19122481,registered,99
76378174,1685583494,19968680,registered,322
76378061,1685580882,21996880,registered,21
76378000,1685579165,4407788,registered,111
76593621,1688195219,13317529,registered,81
76594132,1688205365,17082611,registered,481
76593328,1688187635,19568339,registered,31
76593906,1688201535,22158562,registered,101
76593169,1688182601,18888841,registered,75
76594886,1688217771,19116331,registered,1
76593751,1688198416,,does_not_exist,
76593068,1688179217,14947820,registered,41
76593884,1688201161,22158478,registered,11
76593563,1688193872,19865229,registered,51
76593284,1688186098,13200217,registered,362
76593816,1688199736,20498523,registered,15
76595013,1688220076,22015686,registered,90
76594423,1688209822,1689811,registered,344
76592844,1688171415,14160779,registered,21
76592910,1688173625,22026699,registered,5
76592974,1688175384,22157489,registered,1
76594405,1688209602,18336981,registered,1
76593377,1688189032,17519455,registered,379
76594818,1688216772,13944524,registered,17214
76594535,1688211607,10998152,registered,150
76594701,1688214297,17413702,registered,19
76595077,1688220927,250962,registered,15464
76594567,1688212199,6847222,registered,357
76592972,1688175355,12405087,registered,11
76594344,1688208537,8964393,registered,1762
76592933,1688174190,16643195,registered,13
76594454,1688210333,10159788,registered,1
76595086,1688221044,13452863,registered,143
76594057,1688204157,,does_not_exist,
76593080,1688179386,14222808,registered,315
76592932,1688174175,9268630,registered,73
76594841,1688217167,19277574,registered,233
76593250,1688184920,19858756,registered,93
76594594,1688212609,19616200,registered,87
76594116,1688205165,20313820,registered,3
76594173,1688205923,21791644,registered,11
76593096,1688179890,22157743,registered,1
76595188,1688222608,7588866,registered,1
76593077,1688179348,22157701,registered,105
76595197,1688222743,15148825,registered,51
76594409,1688209647,16669839,registered,303
76593946,1688202180,21382427,registered,9
76593300,1688186758,12793686,registered,13
76593959,1688202430,22158584,registered,23
76594950,1688219020,5025009,registered,33729
76595025,1688220227,22034004,registered,23
76595131,1688221752,21863265,registered,1
76594777,1688215864,22159266,registered,1
76594654,1688213638,19339352,registered,49
76594086,1688204677,22157312,registered,31
76593863,1688200690,10628853,registered,747
76594373,1688208955,22158918,registered,29
76594723,1688214761,10277347,registered,345
76594133,1688205372,21317376,registered,153
76595019,1688220142,7694287,registered,402
76594968,1688219350,21644142,registered,13
76594831,1688216969,22159314,registered,1
76594871,1688217578,22159294,registered,13
76594336,1688208400,22158879,registered,3
76594563,1688212112,18986197,registered,47
76594013,1688203398,20313866,registered,1
76593783,1688199192,,does_not_exist,
76593524,1688193006,19585531,registered,15
76593885,1688201174,19953972,registered,3
76594738,1688215048,7922319,registered,79
76594689,1688214147,3374090,registered,515
76594721,1688214737,14534411,registered,107
76593629,1688195445,9875189,registered,329
76594555,1688211972,3324491,registered,549
76592936,1688174215,19647758,registered,1
76594471,1688210553,14348930,registered,331
76594306,1688207950,16498000,registered,592
76594121,1688205214,21907593,registered,27
76594243,1688206916,8353711,registered,5598
76594119,1688205176,20758797,registered,5
76593203,1688183593,19564130,registered,23
76593095,1688179881,10997067,registered,195
76594177,1688205981,21240294,registered,13
76594025,1688203612,4553482,registered,1503
76594115,1688205063,18637386,registered,229
76594031,1688203683,1835727,registered,13640
76593834,1688200260,21932665,registered,29
76593390,1688189456,22058606,registered,31
76593825,1688199939,15517888,registered,197
76593811,1688199609,22158444,registered,1
76593312,1688187123,22132530,registered,1
76593542,1688193355,14673088,registered,1
76593064,1688179042,20064859,registered,157
76593413,1688190156,22158087,registered,11
76593245,1688184749,22134043,registered,13
76593239,1688184583,11850322,registered,1093
76593309,1688187010,17334924,registered,1
76593317,1688187339,22157984,registered,1
76593041,1688178258,20064859,registered,157
76593346,1688188062,21707336,registered,13
76593152,1688181931,17151143,registered,13
76593091,1688179791,20360724,registered,1
76592906,1688173462,16110097,registered,1
76592858,1688171774,22157532,registered,11
76810199,1690881441,5684405,registered,2999
76809145,1690872742,18321994,registered,73
76807787,1690848784,2929914,registered,705
76810507,1690883956,4905285,registered,441
76810100,1690880692,22310545,registered,3
76808985,1690871118,4858867,registered,393
76808151,1690856868,16702151,registered,642
76809761,1690878200,22161900,registered,31
76809816,1690878693,5636181,registered,85
76808065,1690855017,2813606,registered,961
76810701,1690885511,17951403,registered,328
76809631,1690877111,19523384,registered,126
76808182,1690857395,21452156,registered,23
76810565,1690884399,22319719,registered,1
76809516,1690876124,22083898,registered,11
76810452,1690883468,18198738,registered,11
76809633,1690877128,22318614,registered,11
76807884,1690850959,20647889,registered,19
76807756,1690848106,9414283,registered,41
76808711,1690867278,18389907,registered,11
76808328,1690860443,22317856,registered,1
76808125,1690856246,22317640,registered,11
76810268,1690882050,9895048,registered,411
76807829,1690849675,9767061,registered,23
76807840,1690849888,22317242,registered,29
76810725,1690885720,22319860,registered,23
76808700,1690867125,22318251,registered,1
76810191,1690881373,22319450,registered,1
76808074,1690855178,22317575,registered,1
76809660,1690877468,6218849,registered,720
76807981,1690852998,14928444,registered,85
76808290,1690859775,21962368,registered,37
76809071,1690872083,19476554,registered,55
76810696,1690885436,11564487,registered,27090
76808907,1690870025,2987746,registered,117
76808552,1690864814,22304720,registered,21
76810215,1690881590,6732606,registered,13
76810069,1690880489,22319344,registered,1
76810335,1690882652,22319592,registered,1
76809520,1690876176,4811218,registered,108
76809432,1690875355,9506773,registered,3629
76809593,1690876807,2242558,registered,367
76810276,1690882122,22319461,registered,1
76807910,1690851463,22317352,registered,1
76810581,1690884587,22319723,registered,3
76810522,1690884098,11644205,registered,115
76810468,1690883610,9515210,registered,730
76810488,1690883799,22319680,registered,13
76810495,1690883886,22319622,registered,1
76810604,1690884720,10381760,registered,101
76809889,1690879198,21631625,registered,1
76809227,1690873640,21892442,registered,7
76809683,1690877669,8849755,registered,3305
76810109,1690880752,22319407,registered,1
76808517,1690864379,19898724,registered,11
76810168,1690881180,22214399,registered,35
76809804,1690878553,22319183,registered,27
76809324,1690874471,13711425,registered,65
76809852,1690878956,20944489,registered,5
76809999,1690879955,18965043,registered,137
76809890,1690879206,,does_not_exist,
76810034,1690880197,378386,registered,2630
76810023,1690880151,4105440,registered,679
76810019,1690880129,9451634,registered,450
76808763,1690868051,21548962,registered,37
76809165,1690873027,22301391,registered,3
76809119,1690872505,22318635,registered,3
76809760,1690878193,8252097,registered,21
76809763,1690878207,21307364,registered,9
76808353,1690861172,16077694,registered,3
76809656,1690877424,17908069,registered,13
76809394,1690875074,3099733,registered,2055
76809426,1690875289,21964609,registered,99
76808979,1690871096,15590480,registered,97
76809221,1690873603,22310744,registered,21
76809257,1690873924,22318690,registered,21
76809118,1690872485,13109527,registered,11
76808165,1690857077,22317712,registered,11
76808943,1690870621,21952000,registered,1
76808832,1690869030,22318212,registered,11
76808786,1690868295,4713491,registered,15
76808579,1690865191,22318132,registered,1
76808672,1690866787,15298141,registered,199
76808355,1690861216,17962148,registered,269
76808399,1690862151,22317966,registered,1
76808522,1690864442,20073874,registered,17
76807945,1690852242,21152215,registered,1
76808000,1690853599,20209440,registered,17
76808413,1690862424,19673836,registered,3
76808441,1690862862,21084692,registered,1
76808166,1690857091,22317700,registered,11
76808187,1690857443,16910417,registered,17
76808176,1690857258,21395113,registered,11
76807875,1690850735,22317417,registered,1
76808119,1690856082,21956450,registered,21
76807835,1690849789,18954373,registered,31
76807795,1690848968,632943,registered,1178
76807932,1690851988,20709674,registered,3
76807810,1690849262,1991502,registered,749
76807753,1690848041,4067676,registered,3879
77020278,1693537386,12931358,registered,2087
77022025,1693561047,22229718,registered,1
77022582,1693566329,12040751,registered,1531
77020548,1693543183,9782019,registered,191
77020444,1693541118,22070773,registered,451
77020545,1693543146,21869540,registered,83
77022494,1693565449,22482449,registered,1
77021140,1693551923,1852526,registered,1764
77020917,1693549433,22070773,registered,451
77021106,1693551380,10669819,registered,580
77020135,1693534240,955091,registered,3781
77021797,1693558815,9751398,registered,1168
77020549,1693543186,3826475,registered,1
77021145,1693552002,17896651,registered,356
77021209,1693552732,15562865,registered,3
77020339,1693538643,9562117,registered,51
77021789,1693558729,15524911,registered,61
77021891,1693559634,1455474,registered,665
77021550,1693556420,22480355,registered,1
77021670,1693557666,3678257,registered,664
77022317,1693563795,17201840,registered,23
77022538,1693565929,19297087,registered,145
77022194,1693562712,12950145,registered,1
77020282,1693537448,20593602,registered,1
77022472,1693565229,13214266,registered,13
77020430,1693540858,8075540,registered,7066
77019941,1693528922,22260359,registered,47
77022170,1693562453,22149234,registered,1
77021631,1693557271,22482369,registered,1
77020912,1693549403,21839327,registered,3
77021769,1693558457,13911870,registered,361
77021885,1693559532,22471053,registered,3
77020489,1693542186,22455907,registered,1
77022574,1693566282,3312274,registered,565
77021901,1693559704,13744216,registered,11
77021289,1693553589,13421065,registered,56
77022212,1693562838,19159407,registered,11
77020014,1693531008,17197068,registered,5094
77020360,1693539113,3542096,registered,11
77022075,1693561538,22213776,registered,62
77022698,1693567519,19111985,registered,3
77022216,1693562880,14637434,registered,11
77022149,1693562240,22475569,registered,1
77022479,1693565299,11197301,registered,623
77021505,1693555940,22482282,registered,1
77022238,1693563075,22333864,registered,31
77021379,1693554788,5821,registered,45631
77021853,1693559328,21914976,registered,31
77022613,1693566534,22482967,registered,1
77020313,1693538037,22481159,registered,3
77021545,1693556357,11503138,registered,77
77021923,1693559987,7704419,registered,95
77022705,1693567569,18120824,registered,5
77021824,1693559049,16340011,registered,45
77022214,1693562855,22376383,registered,1
77022606,1693566483,22437789,registered,11
77021739,1693558159,5300978,registered,1324
77022338,1693563953,16544724,registered,161
77022302,1693563635,22479469,registered,13
77022657,1693567067,22483096,registered,1
77022209,1693562794,15041996,registered,57
77022402,1693564600,21163814,registered,31
77020722,1693546676,22481555,registered,15
77022254,1693563197,21631625,registered,1
77022111,1693561841,2091093,registered,65
77022231,1693563023,22473387,registered,1
77021604,1693557025,2876079,registered,12916
77021026,1693550650,12466687,registered,2387
77021872,1693559459,4193573,registered,471
77021587,1693556843,22482238,registered,1
77021415,1693555147,7973386,registered,1370
77021764,1693558375,22482458,registered,11
77020839,1693548477,22481718,registered,1
77021698,1693557929,10194070,registered,1937
77021676,1693557741,22482416,registered,11
77020338,1693538631,9300659,registered,558
77021583,1693556818,22482359,registered,1
77020720,1693546662,22349899,registered,25
77021296,1693553731,8333028,registered,11
77021203,1693552657,2678074,registered,865
77021272,1693553422,21138650,registered,87
77020991,1693550241,10170808,registered,791
77020689,1693546136,7867485,registered,67
77020475,1693541811,15430546,registered,189
77020961,1693549951,22146870,registered,1
77020703,1693546301,22113939,registered,1
77020925,1693549523,10232932,registered,6374
77020988,1693550210,15959016,registered,11
77020971,1693550066,1503984,registered,446
77020794,1693547985,2556795,registered,1370
77020319,1693538267,7058869,registered,1076
77020829,1693548349,6221111,registered,107
77020636,1693544908,10163275,registered,3
77020618,1693544553,882512,registered,729
77020181,1693535306,11702897,registered,275
77020555,1693543337,21917106,registered,1
77020474,1693541811,22481342,registered,1
77020108,1693533608,17160370,registered,19
77020275,1693537303,22481082,registered,1
77019925,1693528344,5865063,registered,147
77209520,1696143550,7103182,registered,88
77210441,1696162718,9805823,registered,250
77211360,1696178166,2756466,registered,7024
77209564,1696144670,16619375,registered,9
77209901,1696152350,22665210,registered,3
77211348,1696178015,2764206,registered,2351
77210413,1696162220,22418294,registered,11
77210230,1696158872,22297529,registered,15
77209020,1696126726,21305238,registered,12521
77209111,1696130192,16517341,registered,77
77210932,1696170976,18066219,registered,1
77211411,1696178882,20149111,registered,1
77208996,1696125900,5986907,registered,8239
77210550,1696164853,22665882,registered,1
77211199,1696175675,4849732,registered,189
77211236,1696176238,21177581,registered,11
77209513,1696143207,22664793,registered,1
77210527,1696164347,12462568,registered,2200
77208847,1696119814,22354319,registered,9
77211100,1696173982,2695038,registered,115
77211375,1696178499,16109202,registered,45
77211082,1696173707,20064841,registered,3
77208902,1696122055,5032387,registered,3100
77209783,1696149643,3692272,registered,992
77210880,1696170112,14347880,registered,39
77208822,1696118734,22489724,registered,1
77211058,1696173313,4194509,registered,117
77210972,1696171646,11040740,registered,133
77209024,1696126770,20773289,registered,3
77211141,1696174733,20279466,registered,13
77211228,1696176120,414506,registered,615
77210197,1696158162,3312274,registered,565
77209093,1696129624,,does_not_exist,
77210091,1696156247,2374981,registered,207
77209909,1696152542,21773447,registered,38
77210829,1696169425,21327156,registered,13
77211149,1696174823,17166325,registered,25
77210749,1696168351,14870677,registered,3
77209413,1696140416,22664577,registered,21
77211167,1696175112,19284873,registered,79
77209319,1696137266,19464609,registered,1
77208893,1696121589,22663674,registered,15
77210663,1696166964,18783285,registered,29
77211096,1696173907,22626825,registered,131
77210766,1696168522,12369015,registered,1
77210348,1696160726,22665484,registered,11
77210676,1696167177,4503189,registered,4217
77211206,1696175832,14656828,registered,13
77209921,1696152772,12490189,registered,11
77210935,1696170998,3312274,registered,565
77209457,1696141582,15137264,registered,31
77210346,1696160643,22546963,registered,69
77211210,1696175890,17105500,registered,19
77210814,1696169282,13648123,registered,3
77210823,1696169360,6474040,registered,111
77209135,1696131369,22169295,registered,83
77209768,1696149314,209834,registered,8518
77211413,1696178936,11891020,registered,83
77211326,1696177636,11545480,registered,9
77210616,1696166170,22042305,registered,33
77209796,1696150023,22665105,registered,13
77211410,1696178877,19111088,registered,1
77211283,1696177058,22666516,registered,13
77210750,1696168365,22666088,registered,1
77211155,1696174951,11426624,registered,734
77211166,1696175090,20322103,registered,3
77211147,1696174775,22653097,registered,1
77210960,1696171403,9068493,registered,861
77210776,1696168638,22466650,registered,1085
77210312,1696160299,14683196,registered,31
77210887,1696170196,16131596,registered,101
77208951,1696123938,19130803,registered,952
77209527,1696143626,2696565,registered,629
77210615,1696166163,4409163,registered,609
77210363,1696161066,13836950,registered,209
77210337,1696160567,22663210,registered,11
77210440,1696162718,14752375,registered,37
77210426,1696162515,21489259,registered,71
77208988,1696125686,18579383,registered,87
77210245,1696159106,10499751,registered,646
77210038,1696155270,22665241,registered,11
77210153,1696157568,12646090,registered,153
77210131,1696157018,4430968,registered,528
77209952,1696153443,11727952,registered,21
77209906,1696152496,16384503,registered,119
77208922,1696123154,14562142,registered,1
77209416,1696140615,7695733,registered,15
77209452,1696141512,20483072,registered,31
77209201,1696133546,21923907,registered,75
77209292,1696136019,4838216,registered,2356
77209550,1696144409,4281353,registered,23196
77208975,1696125269,4235960,registered,3335
77209153,1696131963,4235960,registered,3335
77209395,1696139868,22664583,registered,11
77209084,1696129221,13000229,registered,1903
77209004,1696126065,21287742,registered,29
77208907,1696122340,21989305,registered,251
77208905,1696122331,22664009,registered,11
77208860,1696120368,19244312,registered,5
77210723,,,gone,
77401730,1698832622,1369413,registered,293
77401626,1698831661,10608731,registered,308
77401947,1698834473,6836950,registered,4189
77400214,1698809740,15786791,registered,131
77402707,1698842522,16752395,registered,57
77401357,1698828478,17854027,registered,169
77401881,1698833998,7991624,registered,437
77400070,1698806671,21162028,registered,139
77400294,1698811562,13724968,registered,21
77400886,1698822276,9599508,registered,302
77402235,1698837697,22839620,registered,1
77402092,1698836198,20973411,registered,49
77399990,1698805114,22837197,registered,29
77400104,1698807448,4485050,registered,71
77399828,1698801304,22054749,registered,13
77401243,1698827121,22838206,registered,1
77401247,1698827157,3744043,registered,656
77401977,1698834748,22725171,registered,1
77402411,1698839630,22705458,registered,63
77401402,1698828951,13132086,registered,43
77400589,1698817630,1866775,registered,11365
77400697,1698819666,15166840,registered,34
77401164,1698826200,17672187,registered,711
77401664,1698831994,17683553,registered,27
77402221,1698837560,11113397,registered,363
77402209,1698837400,22839508,registered,21
77400929,1698822955,22838321,registered,1
77401110,1698825566,7334203,registered,7484
77400502,1698816004,6301394,registered,2641
77402636,1698841863,2804125,registered,151
77400516,1698816278,19918713,registered,5
77400393,1698813903,19764896,registered,141
77399845,1698801823,22837058,registered,13
77399685,1698797347,9103285,registered,140
77400181,1698809174,8249527,registered,33
77402006,1698835035,15051310,registered,2765
77402394,1698839353,22643336,registered,21
77401497,1698830118,10233262,registered,61
77401727,1698832604,1172907,registered,625
77401910,1698834160,22135382,registered,52
77400895,1698822446,21279319,registered,53
77400110,1698807612,2855815,registered,17
77399713,1698797948,1151593,registered,289
77400236,1698810291,10042664,registered,59
77402704,1698842466,583464,registered,5771
77402608,1698841590,22674380,registered,5737
77401990,1698834858,11716727,registered,709
77402348,1698838896,19011632,registered,11
77401316,1698827979,6366532,registered,23
77402460,1698840117,6320774,registered,1591
77400539,1698816666,22549679,registered,1
77402612,1698841640,22839897,registered,1
77401642,1698831790,21251782,registered,33
77402165,1698836905,14679964,registered,309
77402675,1698842211,15477627,registered,31
77402633,1698841842,3207874,registered,3887
77402540,1698840901,22330202,registered,43
77402426,1698839883,16515624,registered,81
77402021,1698835192,583464,registered,5771
77399890,1698802832,20834589,registered,11
77400576,1698817397,22837747,registered,1
77399743,1698798661,159072,registered,17642
77401390,1698828789,22838731,registered,1
77401175,1698826380,3486675,registered,11654
77400488,1698815766,22775109,registered,5
77400426,1698814453,21197859,registered,13
77401863,1698833877,16337841,registered,11
77401594,1698831320,583464,registered,5771
77401319,1698828012,20070205,registered,41
77401775,1698833224,19476450,registered,3
77401719,1698832535,22839182,registered,11
77401255,1698827279,22838675,registered,3
77400193,1698809407,22837417,registered,1
77401350,1698828402,22838785,registered,21
77400724,1698819962,22838073,registered,13
77401182,1698826465,9363181,registered,645
77401278,1698827507,22838739,registered,1
77401153,1698826098,15233792,registered,2743
77401162,1698826184,11082866,registered,2516
77400918,1698822817,9516820,registered,962
77400639,1698818721,12066237,registered,319
77400828,1698821453,22001172,registered,49
77400962,1698823570,13099982,registered,35
77400737,1698820096,12173250,registered,15
77400100,1698807326,22837332,registered,3
77400420,1698814381,17376254,registered,31
77400079,1698806903,,does_not_exist,
77400211,1698809697,15812088,registered,3
77399997,1698805253,16507217,registered,53
77400051,1698806317,18313385,registered,17
77399922,1698803503,6461303,registered,15
77400073,1698806795,7766024,registered,3480
77399936,1698803828,22836288,registered,11
77399900,1698803053,22837067,registered,11
77399910,1698803281,6241363,registered,37
77399830,1698801326,2480766,registered,131
77399834,1698801479,22837051,registered,23
77399751,1698798921,19064704,registered,27
77399677,1698797195,15873291,registered,23
77399698,1698797716,688624,registered,15617
77583167,1701408370,22920145,registered,11
77582460,1701391801,5067189,registered,151
77584118,1701422186,22386947,registered,81
77585597,1701437279,6335363,registered,2120
77582620,1701396101,5231110,registered,3233
77582351,1701389047,23017840,registered,3
77583878,1701419333,22587986,registered,13
77582651,1701396716,23018167,registered,71
77582739,1701398795,23012117,registered,1
77582477,1701392000,22437734,registered,530
77585608,1701437438,7095352,registered,31
77582446,1701391575,21102245,registered,67
77584036,1701421265,1135478,registered,11
77583716,1701416943,23018817,registered,21
77585606,1701437432,18091040,registered,640
77583140,1701407836,23018868,registered,23
77585320,1701434138,6113142,registered,350
77582747,1701398944,21660161,registered,29
77582801,1701399999,23018244,registered,5
77584351,1701424340,2301782,registered,1530
77584384,1701424653,6306190,registered,1848
77585138,1701432229,5086040,registered,119
77585820,1701439498,22659522,registered,1
77585253,1701433500,22994369,registered,56
77583719,1701416985,5594008,registered,2362
77584481,1701425600,5877928,registered,55
77585434,1701435431,23021237,registered,21
77584308,1701424014,22446498,registered,11
77583899,1701419560,9819585,registered,703
77584918,1701429808,521347,registered,1780
77584648,1701427072,20200954,registered,77
77584556,1701426217,7662164,registered,335
77582760,1701399252,367878,registered,25704
77583949,1701420156,18501329,registered,31
77584055,1701421453,10459429,registered,60
77583736,1701417250,37758,registered,2992
77584949,1701430185,22992924,registered,1
77582955,1701403506,23018581,registered,13
77582649,1701396671,2813091,registered,131
77582815,1701400329,13046093,registered,470
77585720,1701438485,10864759,registered,85
77583298,1701411022,19747072,registered,143
77584244,1701423399,22438973,registered,1
77584591,1701426515,18252875,registered,97
77585292,1701433876,23020861,registered,11
77585352,1701434542,12775432,registered,640
77585364,1701434685,11277706,registered,49
77584671,1701427285,7290715,registered,1259
77584837,1701428922,16591104,registered,21
77585112,1701431930,16502390,registered,39
77585477,1701436053,20215920,registered,1
77582592,1701395271,16722673,registered,53
77585659,1701437915,23021576,registered,9
77585655,1701437856,13805268,registered,43
77585752,1701438766,19399312,registered,292
77583685,1701416574,8968910,registered,699
77585832,1701439603,22398300,registered,33
77585613,1701437488,23021008,registered,1
77585792,1701439183,8236076,registered,1154
77583456,1701413624,23016701,registered,23
77585703,1701438320,20830033,registered,35
77585645,1701437776,13361522,registered,1
77584799,1701428564,19604522,registered,21
77585519,1701436503,4451521,registered,10739
77585069,1701431433,23020792,registered,1
77585240,1701433389,23021144,registered,43
77584629,1701426872,15203207,registered,23
77585373,1701434743,10466645,registered,61
77585278,1701433740,4124887,registered,1695
77584854,1701429179,2352242,registered,449
77584908,1701429721,15212983,registered,1
77584759,1701428138,6404027,registered,1
77584747,1701428041,16878946,registered,9
77584782,1701428385,17087292,registered,13
77584834,1701428899,23000346,registered,11
77583913,1701419713,22233887,registered,3
77584718,1701427737,23020564,registered,1
77584588,1701426490,11607285,registered,21
77582439,1701391408,13355270,registered,19
77584444,1701425236,22417848,registered,7
77584201,1701423091,3521180,registered,1170
77584165,1701422648,14243731,registered,328
77584424,1701425044,19675333,registered,37
77582809,1701400118,23018292,registered,1
77582449,1701391627,19695318,registered,1
77583617,1701415712,10143914,registered,11
77583699,1701416697,20032688,registered,11
77583545,1701414721,18096787,registered,15
77583549,1701414830,22348143,registered,11
77583506,1701414207,13793478,registered,504
77583454,1701413610,10963649,registered,139
77583227,1701409728,15566455,registered,51
77582784,1701399696,19652293,registered,107
77583096,1701406678,11048919,registered,189
77582993,1701404447,5914178,registered,13
77582468,1701391860,14545124,registered,11
77582486,1701392261,22842610,registered,1
77582522,1701393267,22666554,registered,3
77582507,1701392993,4231277,registered,209
77582391,1701389973,2320194,registered,11
77741639,1704105844,23180346,registered,119
77741417,1704099694,22025265,registered,37
77742640,1704128440,16136190,registered,897
77742314,1704121980,21616594,registered,13
77742999,1704135125,,does_not_exist,
77742745,1704130069,23182095,registered,1
77742335,1704122432,23136232,registered,1
77741608,1704105132,20086995,registered,11
77742157,1704118646,23181550,registered,1
77741601,1704105009,23180254,registered,9
77742313,1704121960,14508353,registered,31
77741503,1704102331,23180820,registered,1
77742055,1704116247,23162042,registered,1
77741625,1704105397,12652230,registered,185
77742134,1704118205,23181541,registered,1
77740795,1704074967,23179847,registered,1
77742521,1704125833,4177926,registered,2281
77740831,1704076630,15303860,registered,45
77742505,1704125437,7607340,registered,129
77742568,1704127049,16836124,registered,15
77742064,1704116504,23158792,registered,1
77742175,1704118999,23181561,registered,11
77742657,1704128779,23182012,registered,3
77741714,1704107663,,does_not_exist,
77742927,1704133782,5800969,registered,2081
77740852,1704077521,6312612,registered,141
77742615,1704127974,14405814,registered,39
77742165,1704118768,22753967,registered,7
77742479,1704124847,9165037,registered,159
77742624,1704128083,22466650,registered,1085
77742827,1704131665,887815,registered,3
77740738,1704071968,23070541,registered,3
77742419,1704123992,6866000,registered,151
77742952,1704134197,22570091,registered,31
77742571,1704127067,23181311,registered,13
77740806,1704075412,8566169,registered,21
77741925,1704112813,453851,registered,15485
77742344,1704122561,23181575,registered,11
77742587,1704127422,23181022,registered,35
77742336,1704122441,1293127,registered,8711
77742431,1704124240,7563454,registered,1181
77742692,1704129357,19363291,registered,37
77742996,1704135074,23108853,registered,3
77742058,1704116332,2713491,registered,7
77743028,1704135541,19971203,registered,1
77741916,1704112661,5975285,registered,63
77742718,1704129726,21182040,registered,13
77742763,1704130492,23112418,registered,11
77742292,1704121616,20495631,registered,97
77741382,1704098780,13614287,registered,94
77740923,1704081748,10200497,registered,2699
77742586,1704127384,21312912,registered,13
77743056,1704136324,20266647,registered,1386
77742634,1704128244,22822674,registered,3
77742867,1704132475,3994535,registered,61
77742572,1704127079,23181967,registered,1
77742393,1704123520,9435382,registered,1
77742298,1704121723,2372954,registered,370
77742544,1704126376,17932951,registered,325
77742122,1704117830,21239182,registered,128
77742824,1704131637,20924886,registered,1
77742733,1704129928,13101085,registered,5
77742619,1704128019,15682978,registered,87
77741590,1704104561,4877503,registered,49
77742635,1704128290,,does_not_exist,
77741913,1704112593,22464230,registered,3
77742140,1704118300,23181533,registered,1
77742475,1704124824,23181884,registered,11
77742445,1704124406,22965535,registered,1
77742406,1704123815,3280709,registered,51
77742285,1704121568,14317802,registered,199
77742085,1704116929,19652293,registered,107
77742274,1704121286,15439977,registered,11
77742185,1704119286,23170206,registered,1
77742164,1704118761,21559556,registered,31
77742043,1704115873,585742,registered,119
77742010,1704115158,9135359,registered,854
77741969,1704113955,10415970,registered,4332
77741921,1704112758,23179315,registered,25
77741457,1704100870,23177803,registered,13
77741470,1704101489,20531015,registered,100
77741143,1704090980,22862854,registered,33
77741749,1704108518,23181079,registered,13
77741201,1704093215,,does_not_exist,
77741434,1704100156,23175088,registered,1
77741487,1704101992,2421086,registered,13
77741314,1704096535,23180634,registered,1
77740864,1704078170,6383910,registered,2142
77740909,1704080714,23180163,registered,3
77740785,1704074507,17301537,registered,3
77741227,1704093847,23180434,registered,1
77740695,1704069338,22390709,registered,45
77741069,1704088281,19666945,registered,11
77740674,1704068522,11850322,registered,1093
77741075,1704088700,16319191,registered,392
77741036,1704086505,9254028,registered,149
77740893,1704079663,14607831,registered,245
77740851,1704077365,6866000,registered,151
77740729,1704071386,23179983,registered,1
77740727,1704071351,,does_not_exist,
77918221,1706770936,22121080,registered,97
77917971,1706767052,14272004,registered,69
77918018,1706767809,22305626,registered,1
77919632,1706785523,14755868,registered,204
77917982,1706767328,23329619,registered,1
77918656,1706776205,21898570,registered,11
77918532,1706774725,9072753,registered,147196
77917297,1706751521,22540657,registered,11
77917339,1706752523,23329021,registered,31
77917717,1706761440,1601580,registered,6462
77918027,1706767963,19530980,registered,49
77919456,1706783822,23331057,registered,1
77917582,1706758494,23269420,registered,25
77917257,1706750667,1497385,registered,6886
77918150,1706770013,20583247,registered,31
77920150,1706790210,5269194,registered,1
77919317,1706782571,21174508,registered,11
77917567,1706758156,11277108,registered,1141
77918908,1706779156,4109843,registered,237
77919560,1706784843,11098070,registered,35
77917321,1706752201,7858604,registered,79
77918080,1706768911,21435463,registered,3
77917313,1706751979,8011515,registered,11
77917904,1706765838,4066329,registered,694
77920123,1706789883,13000695,registered,4042
77920171,1706790386,1473517,registered,21593
77920093,1706789582,11355926,registered,3163
77920104,1706789708,1473517,registered,21593
77919908,1706787795,22375237,registered,1
77918029,1706767978,2564061,registered,129
77917840,1706764413,2827181,registered,3913
77917692,1706760866,,does_not_exist,
77917146,1706747772,9670371,registered,415
77918815,1706778008,22332390,registered,29
77917508,1706756618,17093911,registered,15
77918360,1706772721,18135626,registered,71
77917599,1706758868,11053343,registered,1544
77918504,1706774387,23330269,registered,1
77919918,1706787885,839963,registered,745
77917778,1706762997,23317752,registered,55
77919947,1706788163,23276963,registered,1
77917705,1706761107,11313071,registered,1
77918644,1706776019,16036613,registered,1
77918877,1706778758,5938276,registered,2464
77917588,1706758624,20279048,registered,63
77920089,1706789528,23094075,registered,33
77918729,1706777098,22508845,registered,1
77919739,1706786471,20862583,registered,1
77919979,1706788542,21444653,registered,1
77919054,1706780409,11943549,registered,101
77919909,1706787811,18962069,registered,43
77919954,1706788221,9247345,registered,317
77919936,1706788070,23324847,registered,1
77919730,1706786377,22529925,registered,273
77919836,1706787191,23292017,registered,1
77918623,1706775806,23330398,registered,1
77919633,1706785529,23331193,registered,1
77918750,1706777268,3727079,registered,399
77919305,1706782475,12098278,registered,1
77919397,1706783289,1711271,registered,5748
77918159,1706770157,15162567,registered,11
77917330,1706752368,23327984,registered,1
77918920,1706779261,23330611,registered,1
77919480,1706784035,18182382,registered,11
77919392,1706783232,23298233,registered,9
77919370,1706783033,4105440,registered,679
77919364,1706783020,6595736,registered,61
77919015,1706780010,21467424,registered,35
77919134,1706781091,22705458,registered,63
77919126,1706781040,15006916,registered,13
77919089,1706780759,22330267,registered,31
77918290,1706771842,3099733,registered,2055
77918933,1706779342,9117518,registered,1
77917342,1706752587,2175052,registered,9015
77918871,1706778629,2645812,registered,65
77917969,1706767022,9542989,registered,2155
77918804,1706777869,8388869,registered,51
77918809,1706777923,10151621,registered,129
77918063,1706768564,23329804,registered,23
77918648,1706776035,13941174,registered,91
77918537,1706774782,1936853,registered,2881
77918600,1706775568,7295599,registered,27464
77918540,1706774812,10232932,registered,6374
77918487,1706774105,12107639,registered,119
77918172,1706770298,23329999,registered,21
77917935,1706766581,18269671,registered,26
77917623,1706759432,8393433,registered,1
77917734,1706761792,16266564,registered,1
77917829,1706764082,8516987,registered,640
77917641,1706759868,3728440,registered,59
77917586,1706758604,23329314,registered,1
77917438,1706754939,22792560,registered,35
77917429,1706754852,7662164,registered,335
77917446,1706755121,17892313,registered,1
77917402,1706754197,5896591,registered,4765
77917251,1706750523,12498603,registered,55
77917091,1706746542,5942100,registered,4428
77917266,1706750888,1944636,registered,1097
77917202,1706749231,7662164,registered,335
77917101,1706746666,23328739,registered,3
78085938,1709275152,23461455,registered,1376
78087517,1709293602,11749309,registered,373
78088003,1709298842,534238,registered,4190
78085766,1709272400,23506819,registered,1
78086248,1709279396,19922027,registered,231
78086132,1709277868,18850326,registered,21
78085129,1709256884,673167,registered,1548
78087857,1709297308,23272250,registered,5
78086853,1709286183,6207773,registered,316
78086241,1709279301,23507535,registered,11
78087247,1709290428,16754094,registered,94
78088064,1709299589,10580803,registered,53
78087355,1709291886,14134673,registered,129
78085996,1709276003,18977957,registered,1
78087400,1709292378,19051820,registered,53
78084945,1709251457,13103377,registered,3
78086191,1709278608,23507429,registered,1
78087177,1709289630,23508389,registered,11
78085020,1709253470,1839674,registered,630
78086553,1709283174,2107030,registered,2179
78087381,1709292130,23257707,registered,112
78087811,1709296640,2938491,registered,683
78085079,1709255248,18589712,registered,21
78085909,1709274747,31352,registered,748
78086745,1709285265,22197765,registered,75
78085841,1709273761,12314521,registered,351
78087961,1709298538,23509343,registered,1
78085327,1709261478,15474507,registered,307
78086386,1709281021,22411675,registered,3
78086982,1709287685,15138238,registered,85
78085119,1709256545,4549682,registered,16266
78087614,1709294669,22420334,registered,127
78086474,1709282234,23507762,registered,23
78088040,1709299239,23509336,registered,51
78084959,1709251712,6943622,registered,319
78087223,1709290083,5195209,registered,587
78085183,1709258361,18467290,registered,103
78087040,1709288227,23390596,registered,17
78086715,1709285026,963844,registered,3769
78088072,1709299649,15914527,registered,1
78085881,1709274302,11163817,registered,189
78087339,1709291677,13288540,registered,131
78088036,1709299206,12559092,registered,11
78085597,1709268701,9707286,registered,747
78087243,1709290307,23167203,registered,7
78087383,1709292137,17961236,registered,91
78087955,1709298476,11222963,registered,3456
78088169,1709300632,23490552,registered,1
78087131,1709289140,20109842,registered,3
78088133,1709300292,13086128,registered,31192
78087546,1709294003,1714692,registered,9696
78088123,1709300216,4593642,registered,2339
78088032,1709299128,3917007,registered,82
78088011,1709298952,23509356,registered,1
78086896,1709286709,13242312,registered,1545
78087232,1709290173,23508563,registered,1
78087513,1709293562,23508862,registered,3
78087806,1709296614,874829,registered,2794
78086953,1709287327,23508202,registered,11
78087641,1709294952,22705910,registered,3
78087560,1709294127,11809811,registered,830
78087630,1709294816,5726057,registered,368
78086989,1709287799,23508183,registered,23
78086836,1709286087,12003811,registered,173
78086542,1709283074,23485901,registered,7
78087364,1709291936,19884695,registered,116
78087188,1709289719,3358488,registered,5902
78087166,1709289520,18189144,registered,13
78087152,1709289417,5618856,registered,623
78085464,1709265406,4761016,registered,29
78086596,1709283615,18571256,registered,17
78086980,1709287623,885770,registered,1971
78085138,1709257040,23451478,registered,3
78086632,1709284051,,does_not_exist,
78086541,1709283071,4106261,registered,2606
78086687,1709284683,20062162,registered,11
78085652,1709270069,23500577,registered,1
78086289,1709279984,13660013,registered,23
78086357,1709280729,23507587,registered,3
78086517,1709282763,22669219,registered,97
78086235,1709279232,3179698,registered,1534
78085365,1709262626,16194967,registered,7
78086220,1709278990,11793491,registered,2354
78086056,1709276734,23507196,registered,1
78085586,1709268462,6702228,registered,37
78085089,1709255560,21935028,registered,419
78085989,1709275921,17729094,registered,954
78085849,1709273936,23506367,registered,1
78085526,1709266831,15093600,registered,470
78085642,1709269753,23506731,registered,21
78085281,1709260309,23506181,registered,1
78085543,1709267297,20871586,registered,21
78085442,1709264792,4335674,registered,101
78085448,1709265004,18299445,registered,9
78085478,1709265709,15772449,registered,158
78085363,1709262589,15404748,registered,183
78085355,1709262346,4537917,registered,21
78084971,1709251960,17129125,registered,9
78085054,1709254479,23505862,registered,121
78085015,1709253238,,does_not_exist,
78253231,1711931966,721666,registered,4979
78256202,1711983815,12206796,registered,137
78256159,1711983221,7906796,registered,629
78254372,1711959840,22801235,registered,1
78254501,1711961586,9112151,registered,1089
78254993,1711968239,23555965,registered,1
78256559,1711988287,23388245,registered,109
78256329,1711985323,5722359,registered,8669
78256773,1711990989,23940489,registered,31
78253818,1711949557,17729094,registered,954
78253579,1711943224,23925261,registered,1
78256497,1711987489,254172,registered,595
78253860,1711950239,23927203,registered,1
78254757,1711965258,7815038,registered,15
78255236,1711971501,9501928,registered,27
78253456,1711939940,18292875,registered,153
78254902,1711967182,10050420,registered,37
78253702,1711946635,23926168,registered,23
78255992,1711981095,4976543,registered,712
78253266,1711933117,12139220,registered,11
78254516,1711961810,2499554,registered,1
78254766,1711965390,17460089,registered,11
78256542,1711988082,23938910,registered,1
78253701,1711946623,14296877,registered,304
78254414,1711960462,22065976,registered,11
78253997,1711953212,11742875,registered,172
78256632,1711989398,8570634,registered,281
78254631,1711963520,9469638,registered,19
78254374,1711959881,23923226,registered,11
78256155,1711983210,14833456,registered,25
78254529,1711961957,17556733,registered,515
78255078,1711969200,22718477,registered,106
78254579,1711962723,23931689,registered,1
78254249,1711957697,23537861,registered,25
78254479,1711961303,589352,registered,1977
78253728,1711947343,3810748,registered,6216
78256116,1711982782,23933968,registered,1
78256137,1711982942,20793070,registered,433
78253263,1711932895,23882527,registered,3
78255788,1711978498,22736332,registered,29
78254582,1711962773,10568293,registered,19
78256679,1711989902,6242883,registered,1176
78256468,1711987083,15954080,registered,1
78256629,1711989350,4218883,registered,1812
78256167,1711983324,14375411,registered,13
78254013,1711953692,3118602,registered,603
78254412,1711960432,23930871,registered,1
78256229,1711984063,14203965,registered,53
78256223,1711983980,116906,registered,6041
78256688,1711990024,1777693,registered,23
78256627,1711989308,23939842,registered,1
78255628,1711976432,1052349,registered,45
78256389,1711985979,15136506,registered,13
78256623,1711989209,23940094,registered,1
78256263,1711984485,,does_not_exist,
78256183,1711983559,23866642,registered,1
78256241,1711984234,23604358,registered,9
78255509,1711975019,9610988,registered,1
78255426,1711973856,12374659,registered,26
78256362,1711985631,6011193,registered,4235
78255846,1711979400,18112817,registered,41
78256333,1711985354,23892534,registered,1
78256304,1711985032,22806274,registered,131
78254889,1711967019,23933250,registered,23
78256240,1711984230,22442482,registered,1
78255053,1711968917,,does_not_exist,
78255915,1711980183,23338852,registered,41
78256090,1711982584,13128113,registered,258
78253503,1711941081,8420801,registered,85
78255709,1711977333,23209914,registered,1
78253797,1711949030,12066503,registered,19
78255586,1711975963,16548440,registered,15
78255277,1711971962,23934666,registered,13
78255527,1711975234,23935948,registered,1
78255340,1711972811,5303183,registered,43
78254765,1711965385,6751456,registered,4181
78255143,1711970294,13266627,registered,141
78255117,1711969864,13016698,registered,15
78254332,1711959162,1238967,registered,1234
78253564,1711942818,23925386,registered,1
78254737,1711964970,19846537,registered,1
78254492,1711961519,22601321,registered,17
78254706,1711964551,23727771,registered,1
78254555,1711962350,23399918,registered,19
78254422,1711960518,23930881,registered,11
78254396,1711960206,2856552,registered,1678
78254310,1711958826,12030711,registered,163
78254250,1711957699,23499771,registered,1
78253842,1711950025,23749008,registered,11
78254057,1711954594,23519493,registered,63
78253711,1711946805,21565736,registered,11
78253976,1711952828,5279876,registered,21
78253278,1711933729,23923322,registered,3
78253459,1711940015,23643137,registered,19
78253534,1711941991,12842649,registered,191
78253553,1711942502,20362050,registered,169
78253436,1711939443,11454308,registered,109
78253210,1711931053,23923271,registered,1
78253290,1711934212,16584100,registered,11
78253200,1711930570,18719517,registered,77
78412160,1714541810,6546694,registered,5921
78414193,1714573025,20013664,registered,13
78411698,1714528385,23997151,registered,61
78412744,1714551934,14368606,registered,49
78413787,1714567537,4915288,registered,954
78412019,1714537854,24813156,registered,11
78414237,1714573599,24820468,registered,3
78413671,1714565735,21960422,registered,165
78413025,1714556398,24816319,registered,178
78411725,1714529188,2813606,registered,961
78412812,1714553111,24812128,registered,11
78413784,1714567511,18139225,registered,451
78414268,1714573868,24819857,registered,1
78414216,1714573367,17905006,registered,139
78413301,1714560387,22362357,registered,35
78414211,1714573279,23544507,registered,25
78413084,1714557269,22650072,registered,1
78412765,1714552398,14808050,registered,37
78413575,1714564229,20520036,registered,3
78412286,1714544290,10964685,registered,392
78412491,1714547727,22471525,registered,11
78413842,1714568318,6714667,registered,1009
78412441,1714546967,13387473,registered,61
78412450,1714547094,2504015,registered,11
78412742,1714551877,22324538,registered,160
78414094,1714571803,3010486,registered,3286
78412108,1714540252,24813527,registered,11
78413504,1714563243,19141986,registered,11
78413931,1714569488,24761617,registered,1
78412195,1714542537,22727733,registered,1
78413403,1714561734,23798908,registered,11
78412912,1714554438,15153601,registered,1
78413409,1714561780,24817858,registered,1
78413299,1714560358,20900787,registered,11
78411723,1714529090,9368848,registered,17
78411570,1714524213,13860156,registered,399
78413120,1714557667,24816274,registered,1
78413313,1714560496,24356003,registered,21
78413728,1714566603,23495528,registered,37
78412316,1714544927,16413558,registered,92
78412032,1714538122,20088885,registered,817
78413917,1714569377,24819586,registered,1
78412623,1714549815,24257486,registered,1
78411675,1714527631,24811906,registered,13
78412276,1714544114,24750928,registered,3
78411542,1714523035,24811540,registered,1
78413431,1714562204,19658999,registered,27
78411879,1714533756,342553,registered,26938
78411768,1714530617,23568198,registered,1
78413885,1714568926,23955226,registered,21
78413392,1714561626,22480355,registered,1
78413126,1714557820,16469317,registered,15
78411878,1714533704,23400547,registered,1
78412322,1714544996,4391249,registered,3387
78412990,1714555780,24816285,registered,3
78413739,1714566919,10035190,registered,930
78411784,1714531045,46503,registered,5307
78413655,1714565373,1020139,registered,14840
78414227,1714573479,12842649,registered,191
78412680,1714550752,10136501,registered,369
78414110,1714572028,8271180,registered,1356
78413255,1714559781,24817397,registered,1
78414084,1714571651,20494961,registered,23
78414044,1714571064,24189875,registered,1
78413915,1714569319,23504804,registered,19
78413936,1714569564,7334203,registered,7484
78413927,1714569466,24819331,registered,1
78412601,1714549641,17001261,registered,7
78413131,1714557909,19674377,registered,55
78412549,1714548728,14471688,registered,381
78412846,1714553535,5747326,registered,746
78413592,1714564506,16019080,registered,21
78413244,1714559557,5533934,registered,3
78413065,1714556984,14737984,registered,13
78413287,1714560228,13561669,registered,307
78411867,1714533288,24812342,registered,3
78413057,1714556900,24816827,registered,1
78413233,1714559385,16456930,registered,11
78412608,1714549700,11702897,registered,275
78412978,1714555548,659389,registered,1333
78412576,1714549171,24814722,registered,21
78412774,1714552522,24815889,registered,11
78412917,1714554498,7334203,registered,7484
78412008,1714537404,8844500,registered,329
78412664,1714550474,24815340,registered,1
78412205,1714542804,4112504,registered,340
78412402,1714546377,24814646,registered,27
78412463,1714547287,21449539,registered,51
78411556,1714523533,14363736,registered,1
78411945,1714535774,24812833,registered,13
78412053,1714538662,23827609,registered,1
78411983,1714536893,20694911,registered,9
78411884,1714533869,24812566,registered,1
78411726,1714529248,18083094,registered,11
78411721,1714529042,20064965,registered,17
78411847,1714532622,4490974,registered,895
78411719,1714529025,11678386,registered,11
78411683,1714527980,13957426,registered,13
78411502,1714521989,14525869,registered,101
78411534,1714522875,21830161,registered,27
78562640,1717208446,3653306,registered,65
78565203,1717287887,5951505,registered,381
78562542,1717203236,3548429,registered,33
78563971,1717249748,23369687,registered,35
78563532,1717239104,23424163,registered,19
78562545,1717203299,20072676,registered,1
78564261,1717257355,14895078,registered,29
78564217,1717256280,1540785,registered,371
78565191,1717287597,18334455,registered,35
78562666,1717209981,24046776,registered,31
78562854,1717218634,14211325,registered,21
78564718,1717269531,10598759,registered,1
78562951,1717222068,24736755,registered,1
78565180,1717287236,7090153,registered,51
78564413,1717260864,25172460,registered,43
78563535,1717239191,9470610,registered,113
78562590,1717205696,14363471,registered,71
78564460,1717262238,19578830,registered,11
78564581,1717265507,25197686,registered,21
78564333,1717259261,1802225,registered,1772
78564655,1717267485,4146344,registered,712
78563585,1717240153,24619351,registered,23
78565231,1717289595,25367677,registered,33
78564789,1717271956,25366097,registered,1
78564550,1717264598,25334874,registered,11
78565188,1717287532,11833899,registered,598
78564920,1717276088,1686628,registered,12552
78562673,1717210321,25348896,registered,1
78563210,1717230882,14575101,registered,13
78564587,1717265730,4956494,registered,446
78565125,1717284501,9718590,registered,1
78565137,1717285056,25367244,registered,1
78564778,1717271422,25277330,registered,11
78565260,1717291470,15164210,registered,73
78565377,1717297950,5043301,registered,7112
78565192,1717287619,25367533,registered,21
78565243,1717290289,11618586,registered,1274
78564945,1717276766,22856932,registered,49
78565234,1717289743,25367595,registered,1
78564877,1717274628,23282704,registered,11
78564461,1717262313,8001192,registered,149
78565132,1717284818,25367180,registered,3
78564958,1717277262,7053357,registered,364
78565064,1717281326,11998382,registered,3928
78564999,1717279344,21142107,registered,19
78564241,1717256909,19672117,registered,69
78565013,1717279921,907047,registered,4239
78564771,1717271215,13968392,registered,2137
78564068,1717251854,22382653,registered,1
78564783,1717271591,16776181,registered,1
78564459,1717262135,13359236,registered,147
78564669,1717267963,17268748,registered,13
78564282,1717257984,22092437,registered,1
78564699,1717268888,11293079,registered,119
78563675,1717242380,13339979,registered,164
78563796,1717245301,1045364,registered,5262
78564605,1717266206,25318525,registered,35
78562653,1717209179,10001413,registered,350
78564505,1717263640,22383537,registered,1
78564523,1717264096,7760910,registered,2187
78562717,1717212617,15765365,registered,1
78564293,1717258227,22104628,registered,11
78562537,1717203044,1762950,registered,425
78564399,1717260595,5462130,registered,3
78564233,1717256797,18987860,registered,3
78564196,1717255734,19881007,registered,65
78564238,1717256890,18290180,registered,39
78564184,1717255179,22413808,registered,33
78564000,1717250335,25362727,registered,1
78563021,1717224510,25357982,registered,19
78563354,1717234213,13063547,registered,1
78563997,1717250295,14861805,registered,11
78563984,1717250037,24946091,registered,1
78563786,1717245101,3010930,registered,1444
78563960,1717249417,24972062,registered,9
78563975,1717249873,14081312,registered,71
78563894,1717247536,18389349,registered,57
78563412,1717236023,3160186,registered,309
78563873,1717247135,22478603,registered,46
78563834,1717246397,11834577,registered,388
78563286,1717232792,23382822,registered,11
78562481,1717200256,1802225,registered,1772
78563348,1717234111,18805826,registered,113
78563561,1717239809,25361005,registered,1
78563396,1717235529,13692287,registered,165
78562866,1717219313,25357472,registered,19
78562611,1717206868,18028737,registered,3
78563282,1717232758,25359716,registered,1
78562632,1717208132,23329580,registered,33
78562705,1717211894,22486615,registered,21
78563199,1717230671,3419069,registered,109
78563126,1717228017,24917702,registered,1
78562910,1717220537,2396539,registered,69601
78563023,1717224602,25358288,registered,11
78562982,1717223145,6638232,registered,423
78562976,1717222979,4414190,registered,21
78562724,1717212823,9579662,registered,73
78562591,1717205829,23090284,registered,76
78562518,1717202059,8356294,registered,111
78562519,1717202079,25001766,registered,39
78692798,1719844406,25899557,registered,3
78690704,1719814474,25643633,registered,185
78691459,1719826907,18036216,registered,41
78690154,1719795445,22685340,registered,11
78692537,1719840813,8613502,registered,73
78690671,1719813794,25885056,registered,1
78691120,1719821984,25424011,registered,1
78691335,1719825123,25888980,registered,11
78691652,1719829412,25890287,registered,1
78692959,1719846270,20591261,registered,1207
78691202,1719823278,24679796,registered,39
78691628,1719829168,,does_not_exist,
78690229,1719799365,19366064,registered,622
78691141,1719822333,8964442,registered,132
78690407,1719806454,13075718,registered,132
78692403,1719838955,108390,registered,1423
78692552,1719841104,25893754,registered,11
78692744,1719843706,,does_not_exist,
78691053,1719821046,25886913,registered,11
78692222,1719836755,2404988,registered,8076
78692707,1719843082,25004024,registered,21
78692863,1719845126,20460267,registered,2087
78690204,1719798033,6407935,registered,525
78691479,1719827226,14042465,registered,325
78693052,1719847518,8881063,registered,185
78691822,1719831449,23014932,registered,15
78692726,1719843402,21258038,registered,26
78690213,1719798378,1033217,registered,795
78693033,1719847220,18476227,registered,1
78692844,1719844878,24891981,registered,71
78690284,1719801741,17309067,registered,45
78692438,1719839428,5358730,registered,138
78690847,1719817269,6081065,registered,294
78692458,1719839672,7563454,registered,1181
78691826,1719831533,1789718,registered,1360
78690568,1719811036,25876466,registered,23
78691597,1719828756,25763956,registered,11
78690602,1719812016,20502608,registered,3
78692333,1719838032,23115853,registered,41
78691616,1719828999,2163392,registered,2799
78690406,1719806371,23950922,registered,11
78691574,1719828456,18769241,registered,601
78693027,1719847102,6074531,registered,33
78693015,1719846875,8377552,registered,11
78691873,1719832096,10574731,registered,73
78693024,1719847084,5322253,registered,11
78692910,1719845693,6227035,registered,2004
78692255,1719837070,11083821,registered,223
78691025,1719820452,6618289,registered,925
78691036,1719820666,25886361,registered,13
78691539,1719828000,1617563,registered,2313
78692640,1719842333,5824811,registered,83
78693056,1719847534,18147800,registered,3
78692950,1719846173,5049813,registered,5250
78693026,1719847089,2071807,registered,79915
78692641,1719842357,9749118,registered,537
78690388,1719805777,1137647,registered,117
78692811,1719844478,25899641,registered,1
78692719,1719843320,25898084,registered,1
78691402,1719826187,21670032,registered,3
78691009,1719820203,25885623,registered,11
78691957,1719833301,487993,registered,801
78690926,1719818821,20742497,registered,11
78692559,1719841214,25898131,registered,1
78691107,1719821768,5266998,registered,2607
78692274,1719837423,23470475,registered,91
78692380,1719838653,7030620,registered,61
78692260,1719837171,7513332,registered,17
78692165,1719836033,5295755,registered,849
78692139,1719835744,25786233,registered,109
78692134,1719835600,14742490,registered,107
78692212,1719836650,25893922,registered,1
78692193,1719836477,25893841,registered,1
78691556,1719828203,22880720,registered,11
78692083,1719834953,521070,registered,42316
78690837,1719817049,25507280,registered,11
78691919,1719832771,2807051,registered,53
78690772,1719815818,25885787,registered,1
78691438,1719826649,25631520,registered,3
78691625,1719829107,14084653,registered,779
78691658,1719829462,23594169,registered,1
78691288,1719824540,20793606,registered,5
78691039,1719820754,25887234,registered,1
78691340,1719825194,4678399,registered,125
78691274,1719824371,14558429,registered,21
78690700,1719814418,21279319,registered,53
78690669,1719813693,14401364,registered,89
78691077,1719821348,23713353,registered,3
78690274,1719801414,21829303,registered,11
78690264,1719801158,16754899,registered,9
78691081,1719821441,20772133,registered,48
78690101,1719792366,3163618,registered,11830
78690589,1719811650,15547407,registered,27
78690267,1719801187,6024462,registered,99
78690529,1719810090,16002941,registered,33
78690234,1719799756,25880657,registered,3
78690291,1719802118,20667030,registered,11
78690334,1719803807,16405935,registered,1793
78690210,1719798344,25880058,registered,11
78690099,1719792316,4777400,registered,261
78821823,1722526482,6397712,registered,61
78820996,1722515754,19269638,registered,11
78820861,1722513853,17194313,registered,3130
78818920,1722479880,2077750,registered,136
78820308,1722506188,2697895,registered,3182
78821121,1722517454,12834417,registered,49
78821975,1722528531,1924830,registered,303
78820328,1722506453,3186922,registered,6352
78820748,1722512038,26601850,registered,51
78819559,1722496077,19032459,registered,121
78820256,1722505662,3901715,registered,25
78820475,1722508703,7766155,registered,301
78818773,1722474842,16053579,registered,57
78821837,1722526626,14197547,registered,13
78821190,1722518382,20755000,registered,33
78819169,1722487576,10294812,registered,492
78821389,1722521098,21259971,registered,1
78821083,1722516880,22628549,registered,3
78818794,1722475730,26593833,registered,9
78820055,1722503243,546465,registered,4732
78821056,1722516530,6516853,registered,11
78819173,1722487694,6038853,registered,75
78821465,1722521988,1471980,registered,10750
78821744,1722525603,20944710,registered,316
78820096,1722503649,12351966,registered,75
78821089,1722516958,23693330,registered,3
78819066,1722484265,12306387,registered,21
78820798,1722512902,17240509,registered,1
78820700,1722511469,17341789,registered,57
78819017,1722482734,10964673,registered,105
78820957,1722515186,9885747,registered,1725
78818917,1722479696,6541639,registered,1083
78820258,1722505673,17237490,registered,11
78820362,1722506970,4941009,registered,488
78821982,1722528624,13354003,registered,105
78819376,1722492993,10921574,registered,195
78821963,1722528403,20391520,registered,21
78821184,1722518286,26603044,registered,1
78821828,1722526506,18595760,registered,317
78821355,1722520678,10517777,registered,364
78820110,1722503873,16388623,registered,11
78821050,1722516467,26602408,registered,21
78820860,1722513842,26600735,registered,3
78819832,1722500369,25376704,registered,37
78821371,1722520874,2562927,registered,1133
78821424,1722521460,,does_not_exist,
78821038,1722516303,26602515,registered,19
78821677,1722524703,4459513,registered,11
78821660,1722524499,20337029,registered,31
78821738,1722525504,4067981,registered,73
78821687,1722524860,26604364,registered,21
78821850,1722526788,21298517,registered,39
78820017,1722502822,25614285,registered,307
78821942,1722528069,26605080,registered,13
78821461,1722521954,26603866,registered,11
78821122,1722517458,15344606,registered,1
78821149,1722517768,15682978,registered,87
78821753,1722525701,24152378,registered,63
78821557,1722523342,9571463,registered,1797
78821675,1722524694,26123786,registered,1
78820222,1722505301,20765745,registered,9
78821544,1722523107,26603835,registered,71
78820951,1722515087,1749980,registered,448
78820013,1722502751,7950271,registered,11
78821292,1722519773,23187546,registered,39
78821429,1722521599,7343051,registered,314
78818768,1722474732,10218129,registered,33
78821193,1722518413,20725188,registered,141
78821187,1722518353,6612891,registered,19
78819939,1722501706,,does_not_exist,
78819386,1722493129,10576322,registered,436
78819922,1722501542,24994292,registered,138
78821132,1722517558,401173,registered,3241
78820601,1722510341,25557998,registered,1
78819924,1722501548,23493652,registered,1
78820763,1722512245,23939467,registered,1
78819716,1722498529,23294062,registered,127
78820758,1722512112,16850784,registered,11
78820768,1722512314,24845991,registered,31
78820126,1722504044,4519504,registered,21
78820267,1722505778,24079840,registered,16
78819839,1722500397,6036210,registered,435
78820102,1722503761,10817737,registered,55
78820057,1722503271,10200497,registered,2699
78819975,1722502194,17478115,registered,1
78819883,1722500946,5289322,registered,79
78818769,1722474734,16330649,registered,136
78819645,1722497338,26597706,registered,3
78819636,1722497189,10811142,registered,59
78819843,1722500457,26598303,registered,43
78819711,1722498470,26593998,registered,43
78819158,1722487199,2256085,registered,469
78819757,1722499195,18134264,registered,53
78819087,1722484841,154911,registered,1230
78819334,1722492042,1967441,registered,23
78819380,1722493048,12974991,registered,51
78818979,1722481470,4802259,registered,2924
78819007,1722482493,990639,registered,1147
78818919,1722479756,4858299,registered,1
78818782,1722475240,26593891,registered,29
78938211,1725218922,6930340,registered,5207
78938890,1725250145,22052356,registered,122
78939142,1725257913,1993709,registered,4238
78938875,1725249776,865220,registered,18442
78938799,1725246741,4057790,registered,3663
78936509,1725161875,10589070,registered,446
78938507,1725231117,14273766,registered,85
78938955,1725252517,11135080,registered,39
78939571,1725265949,27164170,registered,1
78938691,1725241606,7733997,registered,1
78937726,1725204888,22707261,registered,15
78938508,1725231134,11533625,registered,87
78938424,1725227492,3995472,registered,501
78938723,1725243266,21476426,registered,59
78938398,1725225889,17122431,registered,287
78938529,1725232654,27156253,registered,11
78936548,1725164942,10625884,registered,1
78939606,1725266579,16623111,registered,45
78936933,1725181035,6598705,registered,253
78938487,1725230339,25576634,registered,39
78936473,1725159046,18483286,registered,1
78937182,1725189209,24008810,registered,43
78939597,1725266448,27164213,registered,13
78937663,1725203073,23316635,registered,1
78938784,1725246167,15038713,registered,145
78938725,1725243516,7228093,registered,525
78938772,1725245327,3896821,registered,71
78938085,1725214994,14944414,registered,307
78939475,1725264211,22916751,registered,9
78939731,1725268700,25614285,registered,307
78938260,1725220667,9655667,registered,475
78937897,1725209746,1332263,registered,417
78938692,1725241616,27160356,registered,1
78938589,1725235292,23178328,registered,3
78938754,1725244723,260345,registered,2982
78939671,1725267800,2293659,registered,820
78939773,1725269348,27164932,registered,1
78938324,1725222818,27159620,registered,11
78939607,1725266598,158049,registered,2548
78937119,1725187112,19345023,registered,1
78938722,1725243221,200783,registered,14533
78938390,1725225303,19816405,registered,11
78939768,1725269206,27164911,registered,1
78939502,1725264715,27161342,registered,1
78936446,1725155866,27152939,registered,9
78939368,1725262450,19853741,registered,196
78939286,1725260792,19137257,registered,3
78938440,1725228161,17010806,registered,55
78938611,1725236941,10591846,registered,33
78939020,1725254655,22571507,registered,11
78939633,1725267168,22244178,registered,31
78939613,1725266754,27164495,registered,1
78939534,1725265456,4509617,registered,108
78936755,1725173827,779130,registered,3353
78938073,1725214337,12016688,registered,2490
78939233,1725259786,22569504,registered,95
78937907,1725210174,11325811,registered,21
78938285,1725221531,12567158,registered,53
78939116,1725257360,18926067,registered,15
78936404,1725153244,25194434,registered,21
78938798,1725246695,25474754,registered,54
78937759,1725205938,1317018,registered,25437
78938653,1725240072,21359963,registered,117
78938395,1725225603,1267833,registered,2167
78938539,1725232935,18290180,registered,39
78937823,1725207671,23087950,registered,3
78937533,1725199830,27156291,registered,3
78936643,1725169636,26505176,registered,23
78938295,1725221867,7945176,registered,158
78938312,1725222284,27137667,registered,33
78938302,1725221994,13818062,registered,282
78938115,1725215956,4699441,registered,1138
78938209,1725218880,27015075,registered,11
78937986,1725212079,10052728,registered,171
78936892,1725179567,7436683,registered,1
78937042,1725184234,9414971,registered,1
78937753,1725205638,2093469,registered,9227
78937962,1725211529,20785124,registered,317
78937912,1725210410,2774885,registered,1038
78937921,1725210619,6357916,registered,3059
78936557,1725165177,23732910,registered,5
78937724,1725204820,27157855,registered,17
78937655,1725202796,13679066,registered,63
78937395,1725195945,26672607,registered,3
78937094,1725185925,27155705,registered,13
78937235,1725191092,5790653,registered,4193
78937366,1725194775,595305,registered,16256
78937209,1725190203,21908805,registered,1
78937157,1725188434,13390999,registered,5
78936335,1725148884,27152581,registered,1
78937146,1725187966,27155929,registered,1
78936478,1725159212,11244192,registered,482
78936830,1725177205,10675641,registered,101
78936857,1725178374,16363897,registered,842
78936607,1725168050,8777147,registered,47
78936816,1725176646,4987648,registered,2746
78936530,1725163561,372172,registered,8063
78936422,1725154243,19742690,registered,3
78936535,1725164340,21440005,registered,19
78936484,1725159688,24609688,registered,17
79042915,1727781668,4451315,registered,11202
79044584,1727812821,23047773,registered,21
79044695,1727815636,8973018,registered,39
79044322,1727807395,11278044,registered,386
79041361,1727744251,1676880,registered,601
79041573,1727753967,14114860,registered,45
79041308,1727741233,18966255,registered,43
79042908,1727781574,27568942,registered,11
79042776,1727779714,18448211,registered,5
79044153,1727803880,13562186,registered,947
79042577,1727775950,5746740,registered,302
79044145,1727803792,12439683,registered,5400
79044320,1727807361,27306260,registered,85
79044500,1727811169,8877681,registered,58
79041699,1727758938,27519172,registered,1
79042147,1727768805,22811752,registered,75
79041942,1727764839,2039277,registered,171
79041540,1727752506,27168496,registered,11
79044714,1727816168,26124698,registered,77
79044650,1727814414,3903479,registered,2078
79044350,1727807818,20646477,registered,1
79044482,1727810646,9959517,registered,95
79044519,1727811591,15309643,registered,1
79044434,1727809675,23148802,registered,3
79043611,1727793323,8241624,registered,1
79043704,1727794641,9964019,registered,17
79044306,1727806977,27576222,registered,1
79043541,1727792075,27571252,registered,21
79043974,1727799770,9670009,registered,557
79042426,1727773884,10855529,registered,3833
79044593,1727813123,22829104,registered,40
79044512,1727811428,27550626,registered,1
79042421,1727773840,5730670,registered,1
79042708,1727778316,26654159,registered,11
79044711,1727816106,21105916,registered,39
79044310,1727807064,7310410,registered,25
79044352,1727807834,12777747,registered,27
79044611,1727813505,18124080,registered,96
79044230,1727805437,27032248,registered,21
79041578,1727754289,20374217,registered,15
79043944,1727799123,4769503,registered,19390
79044648,1727814334,11787380,registered,29
79043806,1727796550,21455135,registered,21
79044359,1727808042,7746472,registered,1211
79043026,1727783888,26400325,registered,1
79042253,1727770680,16611809,registered,647
79043708,1727794758,27572549,registered,11
79041633,1727756665,24986598,registered,10
79042519,1727775311,5511505,registered,100
79044764,1727817356,210867,registered,8636
79044704,1727815863,8130139,registered,114
79044503,1727811175,4727280,registered,945
79044553,1727812137,8378061,registered,167
79043163,1727785830,8681735,registered,73
79044501,1727811172,27238999,registered,1
79043871,1727797784,16749269,registered,21
79044369,1727808206,23693536,registered,33
79044256,1727805969,23516228,registered,1
79042937,1727782066,9850578,registered,33
79044131,1727803287,6738917,registered,576
79044058,1727801470,27558961,registered,1
79043973,1727799733,27263745,registered,13
79043777,1727796068,4636579,registered,691
79042155,1727768925,1801588,registered,2880
79043862,1727797551,6260154,registered,1015
79043808,1727796566,2521025,registered,21
79043588,1727792866,6511990,registered,2769
79042424,1727773870,27566456,registered,3
79043241,1727787408,20857192,registered,57
79042968,1727782609,,does_not_exist,
79043689,1727794476,6650562,registered,171
79043775,1727796062,27571924,registered,1
79042388,1727773151,27491221,registered,11
79043698,1727794554,27572910,registered,26
79042321,1727771739,25650803,registered,15
79043468,1727790954,17518128,registered,11
79043118,1727785222,27569765,registered,1
79042960,1727782462,4852379,registered,59
79043331,1727788749,142976,registered,4244
79042822,1727780433,27568687,registered,19
79042646,1727777014,15975952,registered,5
79043042,1727784101,17796008,registered,49
79043009,1727783695,10044319,registered,22
79043011,1727783710,4741925,registered,1
79041647,1727757139,27561505,registered,11
79042837,1727780684,4444546,registered,5434
79042456,1727774384,25016309,registered,1
79042666,1727777554,27096538,registered,21
79042588,1727776134,18380869,registered,11
79042560,1727775738,4946241,registered,65
79042135,1727768593,21165921,registered,155
79042252,1727770645,12237934,registered,11
79042289,1727771274,19426465,registered,205
79042347,1727772199,27565011,registered,11
79042248,1727770606,23262734,registered,1
79042204,1727769783,27545441,registered,1
79042189,1727769530,1183071,registered,8102
79041684,1727758284,7389300,registered,11
79041490,1727750784,23346328,registered,23
79041358,1727744127,897968,registered,3099
79149147,1730487839,2383070,registered,3571
79148366,1730471496,23315597,registered,188
79148243,1730469227,16611809,registered,647
79150108,1730530148,28098089,registered,1
79147500,1730453408,20288147,registered,33
79149763,1730509218,1393162,registered,5130
79147028,1730439262,4451521,registered,10739
79149262,1730490795,6130437,registered,133
79148948,1730482992,12173452,registered,75
79149521,1730498491,18385480,registered,717
79146647,1730420846,16791732,registered,65
79146794,1730428715,1111088,registered,2490
79149103,1730486846,28028372,registered,83
79149035,1730485291,13849446,registered,1166
79148566,1730475010,164171,registered,57220
79147700,1730457617,15640044,registered,41
79149930,1730519387,16569744,registered,23
79149175,1730489014,24050835,registered,23
79149745,1730507852,16611809,registered,647
79148483,1730473555,27961539,registered,1
79149341,1730492849,22767125,registered,11
79147681,1730457234,13621709,registered,276
79147019,1730438516,25294917,registered,1
79148525,1730474260,19233772,registered,71
79149108,1730486952,6260640,registered,71
79149164,1730488612,27183856,registered,13
79146953,1730436067,28084393,registered,1
79147875,1730461321,1942868,registered,12611
79149274,1730491215,4299527,registered,12127
79149425,1730495091,19500571,registered,469
79148210,1730468635,19203856,registered,386
79149829,1730514052,28003036,registered,21
79149811,1730512564,23035537,registered,131
79149821,1730513245,10693530,registered,23
79149972,1730521840,12125479,registered,71
79147042,1730439892,27843344,registered,1
79148054,1730465495,28089334,registered,11
79146896,1730433198,15367523,registered,57
79148560,1730474931,17830795,registered,25
79149626,1730502026,1660508,registered,1618
79147288,1730447786,28086143,registered,13
79147443,1730452050,11206079,registered,295
79147445,1730452079,480118,registered,6234
79148697,1730477055,24175985,registered,1
79149913,1730518399,8033429,registered,179
79149716,1730506360,2213289,registered,2065
79149657,1730503720,28095587,registered,1
79148175,1730468149,21287028,registered,1
79149449,1730495928,28009818,registered,1
79149707,1730505872,28092306,registered,43
79149558,1730499791,25345680,registered,1
79150136,1730531305,15831522,registered,213
79149427,1730495203,19458989,registered,13
79150176,1730533042,28098451,registered,11
79148924,1730482504,11590208,registered,631
79149485,1730497326,417896,registered,17630
79149846,1730514840,25609941,registered,1
79149825,1730513744,2449857,registered,3540
79149627,1730502376,27370466,registered,29
79149709,1730505909,27958463,registered,97
79149260,1730490782,22122585,registered,35
79149448,1730495900,19333560,registered,13
79146976,1730436793,17493607,registered,31
79148178,1730468207,7816617,registered,13
79149294,1730491654,15317245,registered,291
79149547,1730499258,28094909,registered,11
79149378,1730493954,19420479,registered,43
79149293,1730491636,4516027,registered,5873
79149431,1730495285,26124698,registered,77
79148025,1730464842,8964393,registered,1762
79148781,1730478853,20532883,registered,45
79148736,1730477871,7773898,registered,383
79149222,1730489911,28094017,registered,1
79149172,1730488918,8092340,registered,923
79147234,1730446160,4451521,registered,10739
79148625,1730475972,25531992,registered,1
79148802,1730479234,28092202,registered,1
79148747,1730478138,24109666,registered,21
79147084,1730441036,25786009,registered,37
79147597,1730455574,26910711,registered,1
79148347,1730471169,12839723,registered,21
79147896,1730461795,5045911,registered,192
79148292,1730470218,13392257,registered,1696
79148385,1730471709,28090248,registered,1
79148114,1730466784,13544780,registered,7
79146880,1730432669,963844,registered,3769
79147836,1730460497,27408621,registered,1
79147643,1730456517,22827362,registered,31
79147837,1730460526,15183599,registered,28
79147692,1730457556,28059525,registered,9
79147876,1730461324,9271127,registered,35
79147645,1730456562,28087698,registered,13
79147705,1730457664,544721,registered,10913
79146729,1730424912,1495652,registered,3
79147359,1730450049,4355878,registered,1543
79147385,1730450760,3825996,registered,776
79146851,1730431540,5590919,registered,51
79146969,1730436549,10964673,registered,105
79146802,1730429108,21926611,registered,1
79146738,1730425430,17852756,registered,25
79241768,1733063007,26406330,registered,1
79242541,1733089484,13175203,registered,533
79241969,1733068781,17526563,registered,49
79243117,1733120524,19902449,registered,61
79241910,1733067165,27074163,registered,23
79243106,1733120228,931625,registered,4160
79242651,1733095618,28576550,registered,1
79242582,1733091721,23179519,registered,1
79242142,1733074910,27753380,registered,21
79242639,1733094845,7411279,registered,286
79242191,1733076394,15336583,registered,1
79241406,1733050597,13196187,registered,173
79241543,1733056184,2434114,registered,101
79244095,1733142675,19193011,registered,91
79243355,1733127190,11565956,registered,1
79243094,1733119787,13434380,registered,117
79242610,1733093388,1527003,registered,63
79242887,1733110250,28579569,registered,11
79241871,1733066236,6762280,registered,63
79243348,1733126993,587587,registered,502
79241909,1733067156,17760669,registered,1
79243713,1733135764,7495742,registered,357
79242041,1733071816,18954373,registered,31
79241135,1733039895,3130882,registered,431
79242289,1733079935,7373353,registered,395
79243949,1733139920,8000016,registered,1264
79242841,1733106469,16673362,registered,21
79244221,1733144944,18182980,registered,11
79242048,1733072040,28575104,registered,1
79241735,1733062034,8939181,registered,940
79241244,1733044674,28570137,registered,11
79242086,1733073088,28183217,registered,101
79242984,1733115415,16223381,registered,11
79242121,1733074322,,does_not_exist,
79243222,1733123693,21353293,registered,1
79243340,1733126599,28578532,registered,1
79244168,1733144077,8710012,registered,173
79242279,1733079437,28572382,registered,1
79241634,1733058833,28572536,registered,1
79241502,1733054473,1924315,registered,1123
79243003,1733116266,22302800,registered,13
79244250,1733145564,880783,registered,6391
79242440,1733085872,22361697,registered,3
79241977,1733069060,7666843,registered,1
79241319,1733047218,17721722,registered,511
79243808,1733137462,5350089,registered,411
79242220,1733077276,22636845,registered,9
79243594,1733133219,24277705,registered,3
79244083,1733142357,23258204,registered,143
79244267,1733146007,2852466,registered,1011
79243356,1733127235,240566,registered,10506
79242702,1733098269,12551780,registered,21
79243311,1733125861,20795870,registered,61
79240720,1733013654,11386831,registered,133
79244132,1733143292,20228752,registered,51
79241191,1733042593,24432256,registered,21
79244109,1733142932,1542011,registered,1500
79244106,1733142830,13552076,registered,51
79241291,1733046382,12501041,registered,47
79244162,1733143977,11963124,registered,11
79244131,1733143264,28587984,registered,1
79244000,1733140806,10757185,registered,1
79243681,1733135221,2987746,registered,117
79243860,1733138393,19563428,registered,3
79242938,1733112438,28574095,registered,11
79243452,1733130182,14474484,registered,81
79243345,1733126638,28580903,registered,233
79243483,1733130770,22228176,registered,11
79241329,1733047739,12340650,registered,115
79243133,1733120977,23243194,registered,1
79243206,1733123244,25888980,registered,11
79241077,1733037088,2155362,registered,1713
79241088,1733037333,555129,registered,1502
79242930,1733111960,17493338,registered,1
79243015,1733116922,4515046,registered,3556
79240830,1733022148,16563869,registered,131
79241507,1733054641,22452248,registered,5
79242788,1733103337,14597172,registered,1
79240870,1733025372,11334569,registered,107
79241894,1733066882,21142470,registered,13
79242476,1733087190,3431557,registered,637
79241278,1733045975,11721428,registered,29
79242472,1733086834,2796004,registered,93
79242432,1733085620,298288,registered,18704
79242209,1733076958,23139150,registered,1
79242374,1733082709,28464084,registered,63
79242239,1733077879,21269848,registered,23
79241075,1733037047,12466687,registered,2387
79241070,1733036928,28185810,registered,13
79240885,1733026062,28563951,registered,31
79241946,1733068177,7310410,registered,25
79241645,1733059111,28572487,registered,1
79241786,1733063587,1224643,registered,695
79241613,1733058267,13968392,registered,2137
79241472,1733053512,28464084,registered,63
79241455,1733052629,1804173,registered,27576
79241313,1733047008,14140563,registered,1
79241034,1733035210,1335492,registered,2700
79240944,1733029719,13262427,registered,3
79240851,1733024075,8384910,registered,9510
79324475,1735837923,10140821,registered,763
79323215,1735808211,12466687,registered,2387
79322620,1735782884,29013884,registered,51
79323979,1735827221,999162,registered,5269
79322486,1735773275,2936329,registered,478
79323285,1735809755,1305993,registered,1319
79322300,1735764283,28130321,registered,1
79324831,1735847962,20333204,registered,1
79324053,1735828913,13239908,registered,1
79322243,1735761519,28250394,registered,1
79321760,1735741786,27092977,registered,11
79323799,1735823034,25655326,registered,23
79321489,1735728860,2842069,registered,1
79322598,1735781252,28996800,registered,11
79321826,1735744301,26869895,registered,91
79322117,1735756155,29013216,registered,1
79322098,1735755241,12843726,registered,31
79321289,1735716005,9052139,registered,1003
79324481,1735838030,10724849,registered,1
79322812,1735794098,25195170,registered,63
79323147,1735806229,4745607,registered,2524
79324398,1735835908,3837788,registered,566
79323230,1735808477,10733023,registered,27
79322625,1735783288,29015762,registered,21
79324075,1735829115,29020956,registered,11
79324043,1735828791,27205619,registered,97
79324114,1735829451,29015736,registered,11
79324718,1735844701,14871467,registered,117
79321112,1735701971,23392964,registered,11
79322253,1735761699,15697347,registered,15
79322530,1735776181,1319070,registered,419
79322010,1735751206,8458083,registered,2037
79322918,1735798647,29018691,registered,1
79321001,1735693052,29001591,registered,13
79322646,1735784278,28894214,registered,23
79322651,1735784556,14029272,registered,53
79324706,1735844309,9112151,registered,1089
79323513,1735815911,29022507,registered,11
79322130,1735756341,29014250,registered,13
79323626,1735819080,29023479,registered,1
79323660,1735819804,29015185,registered,1
79324334,1735834533,28346467,registered,1
79323267,1735809303,20621041,registered,73
79324635,1735842097,27985943,registered,1
79323808,1735823215,22615570,registered,31
79324436,1735836888,19491772,registered,23
79323765,1735822232,12714139,registered,201
79322565,1735778902,20414179,registered,33
79322394,1735768972,17064640,registered,92
79322184,1735758174,13947464,registered,119
79323742,1735821764,29024018,registered,3
79324524,1735839223,13971251,registered,1183
79322295,1735764036,15888639,registered,71
79324668,1735843025,10886283,registered,509
79322580,1735780169,1492229,registered,8190
79324608,1735841376,8990329,registered,9770
79323140,1735806075,11850322,registered,1093
79322581,1735780171,22459775,registered,67
79323746,1735821814,11850322,registered,1093
79323814,1735823391,6506387,registered,115
79320984,1735692470,27643176,registered,61
79324137,1735829802,357024,registered,61510
79324073,1735829099,29022599,registered,1
79323666,1735819996,21947326,registered,1
79323752,1735821856,29023931,registered,11
79321937,1735748529,28879561,registered,1
79322039,1735752594,9128863,registered,1424
79323468,1735814680,29022479,registered,1
79323434,1735813853,28548937,registered,1
79323172,1735806651,24242514,registered,37
79321947,1735748798,24541044,registered,21
79322796,1735793504,5404337,registered,328
79322900,1735797935,3753030,registered,3
79322685,1735786365,13038583,registered,61
79322531,1735776199,25057548,registered,13
79322639,1735783821,562697,registered,11991
79322543,1735776681,7693707,registered,1090
79322608,1735782284,13285308,registered,51
79322606,1735781909,28984840,registered,1
79322605,1735781908,20399246,registered,11
79322284,1735763232,142976,registered,4244
79322529,1735776018,25697573,registered,11
79322421,1735770145,4563600,registered,27
79322235,1735760955,14132036,registered,39
79322091,1735754869,14154498,registered,132
79322153,1735757097,10889650,registered,1176
79321029,1735694707,28971953,registered,43
79322044,1735752893,6140251,registered,451
79321755,1735741559,20621041,registered,73
79321647,1735736840,19801158,registered,9
79321347,1735720000,7365793,registered,1
79321741,1735741037,22169625,registered,11
79321016,1735693751,20145854,registered,28
79321551,1735732880,29008100,registered,9
79321570,1735733802,19779384,registered,1
79321012,1735693689,29003071,registered,11
79321224,1735711997,25678963,registered,51
79321189,1735709026,29008294,registered,11
79321028,1735694652,29006542,registered,21
79320980,1735691831,28987188,registered,11
79406511,1738496206,3333449,registered,535
79406663,1738502621,23051956,registered,11
79404973,1738412613,5118796,registered,141
79404917,1738410393,1892584,registered,2027
79407087,1738520394,15102993,registered,23
79406346,1738489276,1951507,registered,1072
79406917,1738513148,10737396,registered,894
79405928,1738457869,8981199,registered,27
79406428,1738492921,9003777,registered,189
79407242,1738526098,274460,registered,8231
79405056,1738416292,23914359,registered,29
79407057,1738519446,15248724,registered,3
79407189,1738524350,10048382,registered,9
79406912,1738512796,8621823,registered,517
79405028,1738415570,20315161,registered,39
79407173,1738523568,17170088,registered,216
79407184,1738524143,26347078,registered,11
79406013,1738465746,13009993,registered,39
79404513,1738390412,647987,registered,3687
79406498,1738495701,2869544,registered,1006
79406441,1738493394,906387,registered,1379
79406869,1738511171,28789698,registered,1
79407324,1738529256,14416045,registered,468
79405943,1738459448,12735824,registered,29
79405792,1738449290,22940592,registered,1
79405537,1738436814,20479348,registered,11
79406782,1738507263,16538566,registered,27
79407233,1738525842,11225161,registered,23
79407219,1738525396,27485903,registered,21
79404210,1738368052,2084503,registered,1276
79406154,1738477891,26318460,registered,13
79406955,1738515017,281965,registered,8237
79407250,1738526467,28976168,registered,3
79406608,1738500552,8849755,registered,3305
79406202,1738481042,95265,registered,14432
79406522,1738496687,15066440,registered,15
79407317,1738529162,7295599,registered,27464
79407284,1738527535,838046,registered,175
79406461,1738494135,3439054,registered,324
79406779,1738507178,3731228,registered,25
79406476,1738494702,29452131,registered,53
79406524,1738496700,15094147,registered,11
79406743,1738505575,22423656,registered,1
79407097,1738520803,11274687,registered,31
79404435,1738385172,7285576,registered,33
79405014,1738414382,5242417,registered,57
79404340,1738377505,24979113,registered,1
79405867,1738453745,28943623,registered,51
79406056,1738469728,12525654,registered,53
79404450,1738386317,14435587,registered,29
79407210,1738525089,23413915,registered,31
79404509,1738390230,29455716,registered,11
79407124,1738521905,3626508,registered,161
79407071,1738519960,16891669,registered,619
79406858,1738510751,13264186,registered,41
79404365,1738379871,5405763,registered,151
79406167,1738478642,22703556,registered,17
79405483,1738434984,29454364,registered,11
79406551,1738498522,28943623,registered,51
79405875,1738454295,15576838,registered,13
79406419,1738492561,20083434,registered,47
79405614,1738440190,2221360,registered,3940
79406133,1738476312,22045063,registered,21
79406471,1738494497,27168664,registered,31
79406394,1738491524,347484,registered,10608
79405832,1738451707,4098506,registered,662
79404982,1738413342,17912724,registered,1
79405991,1738463994,7872222,registered,91
79406005,1738465080,9135359,registered,854
79406233,1738483095,18479704,registered,1
79405989,1738463904,12609881,registered,908
79405988,1738463863,17946601,registered,199
79404494,1738389141,6424525,registered,71
79405965,1738461124,28753481,registered,21
79404453,1738386418,11467907,registered,265
79405879,1738454549,11574928,registered,21
79405874,1738454241,5093220,registered,651
79405672,1738443316,4710409,registered,613
79405385,1738430687,17784702,registered,31
79405384,1738430663,29461351,registered,13
79405520,1738436184,20083434,registered,47
79405079,1738416858,29457176,registered,43
79405304,1738427008,25199138,registered,11
79404581,1738394574,1371949,registered,2117
79405481,1738434919,29453425,registered,13
79405506,1738435682,,does_not_exist,
79405487,1738435039,29453746,registered,11
79405471,1738434594,29436122,registered,21
79405200,1738422393,1386750,registered,478
79405222,1738423425,9049108,registered,576
79404925,1738410668,16733446,registered,125
79404607,1738396020,29451537,registered,11
79404824,1738406847,11669787,registered,149
79404539,1738391777,22393364,registered,9
79404534,1738391538,10255994,registered,483
79404481,1738388587,11603913,registered,41
79404376,1738380568,1546174,registered,73
79407330,,,gone,
79404786,,,gone,
79405770,,,gone,
79480218,1740978905,19867001,registered,113
79479368,1740931762,4860016,registered,33
79478068,1740853583,29849824,registered,11
79478562,1740883654,6312979,registered,2195
79477348,1740820790,14234587,registered,77
79479491,1740937956,29858088,registered,41
79477745,1740839509,18764743,registered,177
79479963,1740961793,18409836,registered,47
79480121,1740973280,1141601,registered,431
79476989,1740791423,21122975,registered,50
79478514,1740879400,13048686,registered,11
79478360,1740868273,12068208,registered,167
79480260,1740981205,275002,registered,15133
79479370,1740931829,17089062,registered,168
79479289,1740927905,18619710,registered,1
79479705,1740947254,8774513,registered,419
79478682,1740895386,23317752,registered,55
79479653,1740945277,9493272,registered,41
79479213,1740924605,27835304,registered,175
79477586,1740833107,2881548,registered,681
79478019,1740851451,29850672,registered,13
79480013,1740966046,10649556,registered,19
79478025,1740851634,5320122,registered,496
79478750,1740900518,29400345,registered,101
79478980,1740913894,7729531,registered,440
79479998,1740964146,15235629,registered,1
79477010,1740793470,9101021,registered,58
79480032,1740967610,12883179,registered,490
79477693,1740837485,29832788,registered,21
79479376,1740932140,405017,registered,304801
79480205,1740978195,17237434,registered,165
79478658,1740892971,25331133,registered,1
79480081,1740970953,398348,registered,3815
79477078,1740800286,29844360,registered,21
79480319,1740983925,22117284,registered,119
79480120,1740973278,9983652,registered,4408
79479529,1740939950,8623462,registered,11
79479426,1740934688,11277108,registered,1141
79478757,1740901413,17550772,registered,37
79478900,1740909735,29836029,registered,9
79480151,1740974896,13751747,registered,9
79479946,1740961012,21943787,registered,11
79478715,1740898334,29855117,registered,9
79479618,1740943564,16485928,registered,3
79480437,1740988469,22952756,registered,55
79480411,1740987689,6006584,registered,1638
79477070,1740799226,382459,registered,147
79479347,1740930337,8041366,registered,258
79477248,1740814713,27763691,registered,21
79479870,1740955963,29862078,registered,1
79480096,1740971746,29863588,registered,1
79478526,1740880249,2498234,registered,166
79479888,1740956627,651174,registered,112970
79479405,1740933865,12663117,registered,867
79479725,1740948685,21675768,registered,43
79479781,1740951461,19050160,registered,1
79479599,1740942860,29860389,registered,1
79478558,1740883216,5565671,registered,115
79479227,1740925409,19549940,registered,134
79479038,1740916517,7865680,registered,289
79478781,1740903156,22358550,registered,29
79478307,1740865344,29830197,registered,15
79479543,1740940844,16220610,registered,1
79478924,1740910953,22137673,registered,79
79478810,1740905049,2604247,registered,1760
79479096,1740918904,29857243,registered,11
79478323,1740865979,29464493,registered,21
79479136,1740920887,23054475,registered,29
79477980,1740850178,12663117,registered,867
79478541,1740881642,18769241,registered,601
79478895,1740909314,15610445,registered,27
79479015,1740915460,19683815,registered,25
79478834,1740906696,13742665,registered,834
79478793,1740903797,11748924,registered,1278
79478383,1740869476,24397352,registered,11
79478857,1740907843,29856151,registered,19
79478724,1740898749,19822076,registered,1
79478703,1740897354,29854913,registered,9
79478051,1740852653,2603845,registered,139
79478331,1740866399,29851564,registered,43
79478223,1740860645,11752062,registered,29
79478318,1740865825,29852180,registered,1
79477947,1740848418,11938139,registered,193
79478111,1740855160,29562306,registered,1
79477786,1740841028,5449454,registered,189
79477988,1740850545,29850250,registered,11
79477616,1740834263,29848553,registered,1
79477889,1740845486,16631022,registered,43
79477398,1740823770,23295727,registered,1
79477824,1740842875,20736641,registered,1
79477752,1740839806,29849189,registered,121
79477634,1740835222,29848610,registered,3
79477395,1740823587,8040369,registered,797
79477700,1740837700,29848874,registered,1
79477559,1740832219,4306541,registered,589
79477454,1740826896,5722359,registered,8669
79477286,1740817340,23685065,registered,1
79477304,1740818570,15740935,registered,9
79477310,1740819037,29063035,registered,23
79477253,1740815292,13341886,registered,39
79548120,1743496983,19283299,registered,11
79547495,1743468017,10827766,registered,411
79547639,1743476050,17729094,registered,954
79549881,1743576419,17729094,registered,954
79550295,1743587395,19567509,registered,21
79549008,1743535368,30134521,registered,1
79548391,1743504034,6316905,registered,35
79550546,1743594788,17217445,registered,147
79548423,1743504876,23719756,registered,1
79548408,1743504464,5722359,registered,8669
79547736,1743483831,9585396,registered,51
79548968,1743534384,9482254,registered,48
79550279,1743586914,30140978,registered,179
79548908,1743532549,7124155,registered,1349
79550761,1743600328,1159548,registered,1571
79548638,1743510632,18275416,registered,63
79550730,1743599733,15066487,registered,35
79548754,1743513584,6936582,registered,2273
79549771,1743572819,13691305,registered,121
79550092,1743582506,8622814,registered,2048
79547703,1743480754,30127266,registered,1
79549541,1743560627,16146917,registered,11
79549787,1743573371,16584791,registered,89
79548793,1743514207,29655220,registered,1
79547856,1743488487,20785703,registered,43
79550367,1743589065,13175624,registered,163
79549595,1743563813,21947877,registered,19
79548332,1743502682,1211072,registered,1365
79549916,1743577698,17934191,registered,85
79549907,1743577421,11399424,registered,31
79550798,1743601047,19035289,registered,151
79550255,1743586265,10202292,registered,403
79549219,1743541992,15401199,registered,119
79550452,1743592429,21073063,registered,35
79550627,1743596906,3801839,registered,3223
79548081,1743495927,30129718,registered,1
79548741,1743513149,14066528,registered,39
79548517,1743507459,9473420,registered,387
79549249,1743543516,24174921,registered,9
79547588,1743473226,7535975,registered,387
79550287,1743587091,17752379,registered,59
79549687,1743568942,21607840,registered,149
79549742,1743571072,30135579,registered,11
79550040,1743581231,19757520,registered,135
79549110,1743538775,4907639,registered,2110
79550795,1743601006,30143082,registered,13
79550272,1743586666,14492893,registered,25
79549986,1743579676,9831001,registered,135
79550639,1743597405,4247599,registered,4365
79548070,1743495668,3053806,registered,811
79549767,1743572449,1306020,registered,565
79550724,1743599453,4451521,registered,10739
79547515,1743468794,18003955,registered,105
79550276,1743586846,30141263,registered,23
79550674,1743598235,30142340,registered,1
79548581,1743509317,30132324,registered,31
79550403,1743590431,14042465,registered,325
79549737,1743570791,25886068,registered,187
79550486,1743593209,13832488,registered,55
79550361,1743588875,11392626,registered,13
79550320,1743587896,30136760,registered,3
79550273,1743586733,29072357,registered,37
79550116,1743583084,10612004,registered,73
79548083,1743495967,16312980,registered,438
79549626,1743565632,30137775,registered,43
79549847,1743575509,11734394,registered,87
79549802,1743573972,13441089,registered,115
79549763,1743572316,12950642,registered,133
79549759,1743571979,29122074,registered,11
79547850,1743488322,12645056,registered,325
79549461,1743556518,25614285,registered,307
79549451,1743555839,18091627,registered,371
79549259,1743544098,3416476,registered,91
79549407,1743552400,4055501,registered,61
79548554,1743508449,30128422,registered,21
79549124,1743539067,23512163,registered,1
79549268,1743544446,10996746,registered,1
79549235,1743542678,22486045,registered,1
79549115,1743538889,16383578,registered,4191
79549057,1743537038,30134582,registered,21
79549000,1743535236,11554957,registered,33
79548243,1743500395,1142881,registered,14499
79547994,1743493099,5017321,registered,78
79548889,1743531856,17301261,registered,151
79548492,1743506666,22147321,registered,15
79548363,1743503335,30091986,registered,1
79548219,1743499698,284696,registered,2826
79548494,1743506743,12057138,registered,708
79548523,1743507599,14617774,registered,11
79548304,1743502015,14731895,registered,363
79547465,1743466273,5256563,registered,5989
79547496,1743468059,15938510,registered,175
79547724,1743482427,28364627,registered,69
79548185,1743498867,1720199,registered,11443
79548159,1743498185,2881414,registered,18110
79547780,1743485814,6734243,registered,2738
79547849,1743488314,1838076,registered,1692
79547762,1743484770,30116724,registered,1
79547567,1743471436,1245659,registered,315
79547571,1743471758,22761917,registered,3
79605191,1746315590,1892584,registered,2027
79603404,1746189800,20785410,registered,45
79603558,1746195711,2263683,registered,15893
79604384,1746249425,30383520,registered,13
79601257,1746059175,11640416,registered,135
79603426,1746190401,29549024,registered,61
79605163,1746311274,21314431,registered,21
79605098,1746305389,15025567,registered,189
79604901,1746290077,22133250,registered,479
79603699,1746200940,14589610,registered,530
79602482,1746130678,22263688,registered,141
79602019,1746109771,1719931,registered,6519
79601521,1746083840,,does_not_exist,
79604400,1746252437,21968740,registered,11
79602076,1746111995,30414201,registered,1
79601719,1746095712,30420241,registered,13
79602177,1746115943,18544711,registered,1
79601755,1746097905,29158214,registered,1
79604302,1746237776,3163618,registered,11830
79602585,1746136424,2153235,registered,1295
79603504,1746193571,19853741,registered,196
79601293,1746063291,4413976,registered,186
79602026,1746109909,21221407,registered,13
79605058,1746301838,30439205,registered,11
79605214,1746319784,6686740,registered,382
79602749,1746153778,22968865,registered,88
79605208,1746318982,29635154,registered,1
79604798,1746282325,893254,registered,19217
79604883,1746288674,25676423,registered,11
79602850,1746163122,14594233,registered,27
79601335,1746068933,22719,registered,145
79604966,1746294416,11030814,registered,13
79605299,1746334624,15907363,registered,484
79604732,1746277714,27678596,registered,31
79603806,1746205128,7916373,registered,15
79604226,1746227480,13413858,registered,494
79604815,1746283465,20741694,registered,197
79604986,1746296253,30438682,registered,1
79604797,1746282314,1681681,registered,10366
79604417,1746253935,6843103,registered,1111
79604826,1746284411,13392257,registered,1696
79604283,1746234895,12980093,registered,1
79604777,1746281209,1681681,registered,10366
79602106,1746113232,30421738,registered,11
79604608,1746269012,23133976,registered,91
79604724,1746277239,20985534,registered,63
79604500,1746261296,15913281,registered,471
79604458,1746257652,27813251,registered,9
79604094,1746218930,30432549,registered,1
79604038,1746215375,15102993,registered,23
79603414,1746190181,1245659,registered,315
79603725,1746201867,25551116,registered,21
79604220,1746226749,28969561,registered,29
79604132,1746220741,23809916,registered,33
79601928,1746105731,30421259,registered,3
79604183,1746223430,9807989,registered,127
79604129,1746220682,1614051,registered,2092
79602424,1746127410,28596049,registered,21
79604001,1746213324,11515528,registered,1875
79603730,1746202082,2687427,registered,3472
79601766,1746098262,27855560,registered,9
79603748,1746202643,20039096,registered,19
79603754,1746202916,16037656,registered,1
79603977,1746211807,23377808,registered,3
79603745,1746202516,20523198,registered,43
79602223,1746118063,16569183,registered,313
79603715,1746201610,3690024,registered,8747
79603739,1746202280,638231,registered,15125
79603298,1746185456,6734243,registered,2738
79603177,1746180230,15202159,registered,79
79603438,1746190811,10415211,registered,1
79602244,1746118579,30420986,registered,13
79603555,1746195585,20785410,registered,45
79603624,1746198401,13765507,registered,21
79603499,1746193405,30339427,registered,13
79602820,1746161069,30425953,registered,13
79602017,1746109680,16845,registered,1326
79601482,1746081214,15596825,registered,159
79602340,1746123274,30318320,registered,43
79603293,1746185245,1100561,registered,445
79603221,1746182400,23024593,registered,157
79603275,1746184480,6045314,registered,187
79603209,1746181957,14364672,registered,465
79603047,1746175215,20546995,registered,74
79602247,1746118795,2465116,registered,488
79601812,1746100629,22092072,registered,147
79602606,1746137783,25228952,registered,25
79602705,1746148450,1838076,registered,1692
79601846,1746102105,19462293,registered,11
79602162,1746115313,30360040,registered,1
79602421,1746127293,28970841,registered,1
79602397,1746125540,11699931,registered,69
79601938,1746106201,5271992,registered,41
79602285,1746120848,27211110,registered,11
79601835,1746101817,23028372,registered,63
79601886,1746104085,6029488,registered,479
79601906,1746104978,10006183,registered,2311
79601344,1746069971,23463922,registered,31
79601644,1746092275,29986553,registered,25
79601530,1746084421,21267272,registered,11
79651164,1748950709,30197612,registered,133
79648428,1748854199,1922840,registered,47
79650360,1748899927,8416262,registered,63
79647615,1748787584,15811464,registered,23
79648453,1748855346,11258737,registered,91
79651165,1748950732,30681483,registered,21
79648080,1748826660,11421839,registered,2003
79650535,1748916284,30703398,registered,11
79647808,1748801694,5416142,registered,757
79648275,1748846252,3366355,registered,1070
79651328,1748956884,15307950,registered,758
79647709,1748794188,23479659,registered,53
79648091,1748827647,30572723,registered,23
79651536,1748965309,7764996,registered,25
79650652,1748927707,1015761,registered,3886
79651402,1748960119,30709366,registered,7
79651262,1748954970,10259251,registered,1
79651249,1748954421,4247599,registered,4365
79650165,1748889205,13344315,registered,321
79647131,1748745730,219153,registered,8814
79651358,1748958559,7036941,registered,408
79647185,1748752142,15072863,registered,340
79647152,1748747871,30687709,registered,21
79651861,1748982732,1581090,registered,45071
79647601,1748786788,10233220,registered,65
79647875,1748807417,19436227,registered,31
79651859,1748982501,5036928,registered,1195
79651501,1748963676,24258942,registered,1
79650301,1748896738,18088716,registered,88
79648852,1748872151,8069131,registered,63
79650393,1748901963,5744712,registered,621
79651525,1748964702,4880278,registered,131
79651863,1748982827,14122,registered,298640
79650354,1748899722,17270456,registered,51
79650470,1748908670,29748328,registered,11
79650615,1748924577,1230724,registered,8312
79651690,1748972833,28019229,registered,105
79651688,1748972766,5686290,registered,21
79651651,1748970943,16226955,registered,29
79650281,1748895559,12815867,registered,71
79650316,1748897445,5036928,registered,1195
79651081,1748947329,5157277,registered,843
79650102,1748886199,1715495,registered,2267
79651091,1748948022,9205494,registered,3
79650026,1748882559,30669790,registered,21
79651160,1748950652,22562300,registered,1
79650016,1748882118,20229180,registered,1
79651124,1748949237,30597440,registered,11
79651120,1748949130,17580381,registered,29275
79651121,1748949142,22677202,registered,41
79650769,1748934458,5692844,registered,41
79650396,1748902243,219153,registered,8814
79650791,1748935529,8602940,registered,1422
79650986,1748943283,26509502,registered,71
79650982,1748943163,30706753,registered,11
79650971,1748942607,19525832,registered,95
79650773,1748934690,19181103,registered,13
79650039,1748883265,22246542,registered,21
79650697,1748930885,30696383,registered,1
79650567,1748920152,203454,registered,34573
79650499,1748911835,30702901,registered,11
79650461,1748907940,28596318,registered,45
79650291,1748896182,20342011,registered,11
79650348,1748899205,2153235,registered,1295
79650402,1748902684,4201634,registered,66
79648767,1748868991,4523408,registered,137
79650046,1748883637,21080364,registered,11
79649941,1748878627,5353177,registered,736
79648539,1748859026,24356414,registered,23
79649970,1748879928,9703451,registered,3206
79650011,1748881837,30700150,registered,11
79649982,1748880585,25584506,registered,21
79649939,1748878612,23809916,registered,33
79648524,1748858562,6681932,registered,488
79648735,1748868039,5805356,registered,165
79648388,1748851968,12415855,registered,1629
79648646,1748863977,12682141,registered,151
79648663,1748864989,5675285,registered,182
79648605,1748862270,12372992,registered,1978
79648240,1748844912,30694405,registered,11
79648421,1748853583,8919631,registered,61
79647470,1748767019,3904031,registered,3853
79648218,1748843383,30693714,registered,23
79647655,1748790154,30690667,registered,11
79648121,1748832973,24196488,registered,11
79647877,1748807501,28851884,registered,11
79647894,1748808872,30624922,registered,13
79647982,1748816000,20177667,registered,249
79647899,1748809119,948866,registered,3967
79647636,1748788533,2307570,registered,1277
79647627,1748788162,2718067,registered,1673
79647823,1748802742,5925909,registered,47
79647719,1748794740,29273012,registered,11
79647209,1748754311,30686177,registered,11
79647730,1748795624,21001135,registered,11
79647650,1748789448,1088979,registered,9714
79647350,1748767774,3170530,registered,448
79647158,1748749497,30595687,registered,1
79647107,1748742187,30686894,registered,1
79647093,1748740704,29561254,registered,63
79688933,1751549667,6234139,registered,711
79688445,1751527527,2311562,registered,276
79687721,1751470933,14409562,registered,442
79687615,1751467396,17443562,registered,90
79686433,1751391279,629530,registered,6244
79685633,1751353060,4315564,registered,55
79686084,1751373972,29982795,registered,1
79688697,1751538955,30954614,registered,1
79685396,1751328841,25745894,registered,33
79688005,1751486337,30951254,registered,21
79687094,1751445075,28841594,registered,21
79687678,1751469497,30945825,registered,31
79687355,1751456475,5520689,registered,358
79685480,1751339534,12282925,registered,181
79686767,1751424596,30943738,registered,1
79686864,1751434624,20220690,registered,93
79688562,1751532783,30955078,registered,31
79686262,1751382991,17945841,registered,1352
79688908,1751548519,17905006,registered,139
79688026,1751487254,30950954,registered,51
79688390,1751524626,1080517,registered,2713
79685420,1751333141,30934210,registered,1
79687897,1751480060,22289158,registered,73
79686564,1751401060,5719229,registered,3024
79688966,1751550977,4746211,registered,51
79688514,1751530619,12439683,registered,5400
79688939,1751549884,30956609,registered,9
79687500,1751462886,15993687,registered,3179
79688808,1751544108,13869422,registered,143
79687800,1751440396,2554340,registered,127
79688468,1751529197,30954531,registered,1
79688583,1751533806,10715700,registered,440
79688542,1751531920,8540074,registered,145
79687735,1751471774,21924814,registered,13
79687815,1751475849,8540074,registered,145
79688126,1751493809,22289158,registered,73
79688052,1751488785,6647782,registered,80
79685823,1751361971,1750612,registered,359
79686410,1751390343,3995094,registered,651
79687995,1751485519,30951169,registered,11
79687065,1751443587,30945825,registered,31
79687525,1751463686,5378816,registered,18335
79687578,1751466018,15525272,registered,57
79687761,1751472853,27596369,registered,1524
79687461,1751461204,5118421,registered,1431
79687611,1751467257,30887268,registered,1
79687705,1751470398,30949323,registered,1
79687032,1751442376,13554193,registered,1
79687632,1751468055,13774073,registered,1
79687592,1751466516,943222,registered,816
79687471,1751461708,28267581,registered,33
79687609,1751467142,19165750,registered,1
79686337,1751386272,16407794,registered,86
79686870,1751435165,22464539,registered,26
79687024,1751441876,28980923,registered,161
79687351,1751456041,6010635,registered,1307
79687131,1751446503,2819689,registered,2924
79687251,1751451620,11267281,registered,329
79687167,1751447761,1647627,registered,907
79686607,1751404081,4379593,registered,373
79686944,1751438879,30945151,registered,3
79686671,1751411048,14000710,registered,537
79686733,1751420480,20323626,registered,91
79685701,1751356387,5520689,registered,358
79686447,1751392210,18966972,registered,97
79686359,1751387275,12439452,registered,33
79686537,1751399162,1752563,registered,179
79686423,1751390837,21391767,registered,13
79686304,1751384777,27394501,registered,1
79686497,1751395638,13828837,registered,343
79686384,1751388784,18476381,registered,629
79686388,1751388907,8622814,registered,2048
79686332,1751386060,27596369,registered,1524
79686326,1751385827,30940665,registered,1
79686145,1751376862,11064604,registered,353
79685744,1751358658,6322924,registered,607
79685528,1751344417,6141238,registered,437
79685861,1751363407,8119069,registered,501
79686185,1751378715,3474488,registered,111
79685952,1751367717,15316330,registered,85
79685872,1751363834,6171575,registered,587
79685831,1751362241,30937432,registered,1
79685782,1751360619,28980923,registered,161
79685618,1751352212,2638256,registered,1239
79685558,1751347647,20706863,registered,21
79687851,,,gone,
79687543,,,gone,
79689043,,,gone,
79688998,,,gone,
79688778,,,gone,
79688733,,,gone,
79688723,,,gone,
79688461,,,gone,
79688448,,,gone,
79688618,,,gone,
79686222,,,gone,
79685715,,,gone,
79685448,,,gone,
79686908,,,gone,
79686669,,,gone,
79724899,1754309763,4108376,registered,9296
79723457,1754147852,1096196,registered,741
79722764,1754066071,3853504,registered,935
79724922,1754311527,7703718,registered,215
79725287,1754333388,7703718,registered,215
79724877,1754308279,12633371,registered,623
79722075,1754024529,2287419,registered,33
79724473,1754280656,4107349,registered,1148
79725440,1754346717,19625326,registered,227
79724676,1754298204,29129583,registered,143
79725556,1754362094,31099337,registered,17
79725307,1754335321,34747,registered,6272
79725680,1754374406,24367659,registered,133
79722891,1754075886,2957581,registered,372
79725054,1754318209,29596662,registered,59
79724319,1754254978,23588557,registered,31
79722099,1754026765,19709665,registered,61
79725686,1754375047,10709934,registered,37
79723871,1754208303,23116730,registered,193
79722748,1754064848,31191713,registered,11
79725843,1754384366,29120650,registered,129
79724772,1754303254,9021547,registered,411
79725626,1754370727,30889697,registered,11
79725144,1754322985,15263876,registered,323
79725444,1754346987,6952674,registered,118
79725442,1754346841,11580138,registered,561
79725340,1754337590,7475838,registered,4899
79725691,1754375337,9548428,registered,141
79724652,1754297156,21986874,registered,35
79725756,1754379708,6916032,registered,405
79724820,1754305026,19120704,registered,474
79724451,1754277275,7281962,registered,389
79725763,1754379960,23099960,registered,15
79725066,1754318500,804184,registered,5314
79723986,1754219593,31201598,registered,11
79725715,1754377254,12902578,registered,88
79725721,1754377674,9593060,registered,1628
79725576,1754365381,1004417,registered,23
79725439,1754346366,1086777,registered,4374
79724694,1754298980,7078356,registered,1327
79724774,1754303291,13314132,registered,655
79725338,1754337332,31211154,registered,11
79722074,1754024484,24826383,registered,19
79725298,1754334280,31204143,registered,11
79725199,1754326892,8833078,registered,133
79725035,1754317234,12485974,registered,616
79725131,1754322557,3219244,registered,25
79724253,1754246789,8533012,registered,13
79724387,1754267692,9815470,registered,13
79725017,1754316315,2801187,registered,2577
79724874,1754308224,21159105,registered,41
79722358,1754043460,9573948,registered,63
79722289,1754039818,16563674,registered,33
79723468,1754148718,1832239,registered,75
79724468,1754280230,25003692,registered,31
79724845,1754306593,7456317,registered,943
79723518,1754153995,3208351,registered,645
79723041,1754092930,5125230,registered,676
79724535,1754287416,31201145,registered,13
79722645,1754058689,31192487,registered,31
79722449,1754048343,243031,registered,21443
79723930,1754214883,19261310,registered,33
79724307,1754253710,7020743,registered,13
79724176,1754238556,31203627,registered,1
79722758,1754065661,21916751,registered,37
79724070,1754229120,10070015,registered,278
79724059,1754228315,1155237,registered,3638
79722918,1754078658,5322739,registered,532
79723981,1754219307,31170046,registered,1
79723815,1754203137,31197511,registered,7
79723724,1754182805,3840940,registered,1433
79723552,1754157035,10046090,registered,53
79723653,1754167993,27596369,registered,1524
79723508,1754153055,5732745,registered,347
79723447,1754147240,10078148,registered,645
79723352,1754137094,1035783,registered,1474
79722555,1754054018,1306892,registered,1801
79723313,1754132782,31197338,registered,23
79723215,1754123302,16553911,registered,19
79722771,1754066422,1970300,registered,504
79722280,1754039091,9182414,registered,449
79723058,1754097009,19710295,registered,83
79722386,1754045108,14219865,registered,43
79722798,1754068576,26470080,registered,1
79721938,1754007072,3595972,registered,547
79722098,1754026711,12096670,registered,845
79722606,1754056759,23889783,registered,23
79722812,1754069579,23484932,registered,71
79722736,1754063846,13338662,registered,145
79722617,1754057288,11580831,registered,1683
79722429,1754047293,232888,registered,4760
79722654,1754059422,13672967,registered,47
79722528,1754052441,15992045,registered,37
79722422,1754046837,31190247,registered,21
79722131,1754029259,1059860,registered,2258
79725186,,,gone,
79725584,,,gone,
79724193,,,gone,
79724168,,,gone,
79724122,,,gone,
79756149,1757013911,5096103,registered,764
79753328,1756807117,31389937,registered,23
79753253,1756801250,2127241,registered,109
79755156,1756941497,8776518,registered,153
79752604,1756734282,8189212,registered,141
79756072,1757009099,6433136,registered,573
79754896,1756918863,21047454,registered,11
79755665,1756985619,9947723,registered,73
79752550,1756731989,30565441,registered,19
79755293,1756961635,4187887,registered,37
79754938,1756921499,31413780,registered,47
79755132,1756938550,16563251,registered,621
79755630,1756983706,20624395,registered,50
79755216,1756951214,25886068,registered,187
79754563,1756900717,29986211,registered,21
79754233,1756882952,9021547,registered,411
79752301,1756714670,31320322,registered,11
79755527,1756978577,26535132,registered,33
79756507,1757057781,5016136,registered,299
79754358,1756889624,1214268,registered,25
79754535,1756899089,4882126,registered,512
79755351,1756967357,6186822,registered,1590
79755800,1756993848,1700890,registered,7864
79752205,1756707038,31393571,registered,21
79756402,1757046959,2153235,registered,1295
79756233,1757020927,1233376,registered,1102
79756455,1757052378,31424744,registered,39
79756468,1757053923,29461351,registered,13
79753835,1756838290,31406222,registered,13
79756594,1757063273,1750612,registered,359
79756369,1757039996,14868452,registered,52
79756612,1757064418,14531168,registered,80
79756578,1757062471,29571276,registered,29
79756496,1757057031,31212297,registered,11
79756546,1757060533,6139079,registered,172
79756154,1757014288,17436415,registered,134
79756115,1757011280,1700890,registered,7864
79756013,1757005487,1390639,registered,1289
79756235,1757021265,4057053,registered,8842
79755885,1756998321,10255067,registered,195
79753007,1756777534,10355850,registered,105
79756105,1757010731,24113823,registered,1
79756066,1757008794,6428130,registered,97
79755340,1756966738,17299542,registered,21
79755952,1757001786,31421061,registered,13
79755894,1756998687,1742777,registered,12898
79755748,1756990314,24332077,registered,352
79753551,1756819335,4367177,registered,302
79755358,1756967668,7176676,registered,395
79755548,1756979573,2218321,registered,2209
79755653,1756985027,19601652,registered,13
79755416,1756972064,29496406,registered,11
79755606,1756982233,17111297,registered,1
79754617,1756903889,17569967,registered,422
79754395,1756891465,2965433,registered,143
79754148,1756875955,11790637,registered,2347
79754208,1756881127,13060873,registered,127
79755107,1756935921,31415298,registered,11
79755165,1756942808,10081636,registered,31
79755062,1756931393,13014864,registered,941
79754854,1756916344,31413665,registered,1
79754606,1756903239,13014864,registered,941
79754860,1756916628,31247792,registered,3
79754631,1756905002,31412091,registered,13
79754246,1756883434,31408685,registered,13
79754605,1756903085,11244243,registered,19
79753068,1756786355,5118421,registered,1431
79754447,1756894642,31409826,registered,1
79754004,1756852213,6037762,registered,11
79753854,1756839922,23341874,registered,4
79753764,1756832936,11260596,registered,55
79753957,1756847429,26489817,registered,33
79752222,1756708879,219153,registered,8814
79753597,1756823042,31245684,registered,53
79753801,1756835657,6271889,registered,2049
79753458,1756813630,3611164,registered,376
79753276,1756803563,9856240,registered,175
79753560,1756820242,9085936,registered,182
79753263,1756802088,12519771,registered,977
79753173,1756796235,31400359,registered,21
79753356,1756808025,799812,registered,317
79753309,1756805709,31387539,registered,1
79752854,1756754751,31398751,registered,1
79752664,1756738330,19602238,registered,33
79752914,1756761804,27596369,registered,1524
79753050,1756784695,21325667,registered,91
79752353,1756718529,31394875,registered,1
79752709,1756742035,31397634,registered,21
79752526,1756731015,23589350,registered,13
79752359,1756718882,4917283,registered,241
79752184,1756704602,2824169,registered,131
79754732,,,gone,
79754943,,,gone,
79754864,,,gone,
79753057,,,gone,
79753424,,,gone,
79754470,,,gone,
79754286,,,gone,
79754304,,,gone,
79753483,,,gone,
79783126,1759688023,30749485,registered,158
79783246,1759703598,31633763,registered,19
79783362,1759725813,1644280,registered,407
79781068,1759418619,20133944,registered,29
79779874,1759311567,31607526,registered,51
79783245,1759703226,11540076,registered,495
79783265,1759705721,11537846,registered,37
79783011,1759672913,25273950,registered,21
79780104,1759324342,31609212,registered,1
79781221,1759431404,259543,registered,5293
79780815,1759400759,2287458,registered,3692
79782638,1759607161,12938851,registered,83
79780792,1759399253,395857,registered,85390
79781054,1759417659,14611943,registered,76
79780905,1759407323,19974417,registered,1
79781245,1759433769,31615834,registered,31
79781671,1759487443,16206119,registered,149
79782403,1759571884,2659307,registered,14007
79782209,1759531828,31611660,registered,151
79782313,1759555231,8384910,registered,9510
79783536,1759744188,193501,registered,2161
79783003,1759671132,22994391,registered,104
79782616,1759603811,31628663,registered,49
79781718,1759490814,18690525,registered,31
79781057,1759417870,2742628,registered,1
79779783,1759306252,31604031,registered,23
79782858,1759650807,15229942,registered,7
79782729,1759622250,22419967,registered,43
79781281,1759437357,6630397,registered,8491
79782187,1759528428,31624194,registered,1
79783212,1759698723,1636016,registered,563
79780171,1759328466,17751553,registered,27
79783603,1759747920,1194864,registered,5386
79782764,1759633257,13737721,registered,113
79783001,1759670744,30619466,registered,23
79783219,1759699818,859191,registered,385
79783199,1759696997,216652,registered,579
79783635,1759750208,31636916,registered,1
79782867,1759651967,16458414,registered,3
79780254,1759333377,22935935,registered,1
79781709,1759490077,4881318,registered,47
79783418,1759733865,4451315,registered,11202
79781331,1759443730,312140,registered,3031
79783308,1759713935,1068689,registered,664
79782279,1759548010,3151415,registered,6247
79783318,1759716961,31227688,registered,111
79783307,1759713568,1719931,registered,6519
79782708,1759616997,22043178,registered,21
79782765,1759633444,22260250,registered,51
79782221,1759533359,4887159,registered,3992
79780944,1759409893,10883855,registered,49
79782850,1759649940,3977699,registered,1691
79782632,1759605950,,does_not_exist,
79781979,1759509447,17715921,registered,46
79782555,1759592900,17664156,registered,115
79782328,1759557295,395857,registered,85390
79782535,1759589581,31627661,registered,23
79782321,1759556208,6329284,registered,1350
79781778,1759495095,1147321,registered,2177
79780334,1759341273,1886914,registered,929
79782389,1759569462,607407,registered,54143
79780798,1759399623,26674420,registered,376
79782339,1759560412,703421,registered,2288
79782333,1759559370,29255210,registered,75
79781647,1759485999,31120414,registered,45
79782307,1759553302,8384910,registered,9510
79782149,1759524028,12016688,registered,2490
79782196,1759530082,31624271,registered,23
79780994,1759414077,31589327,registered,29
79781395,1759456045,31618420,registered,3
79781320,1759442239,216652,registered,579
79781244,1759433561,8609461,registered,436
79781841,1759499809,2435421,registered,1284
79781756,1759493563,8777856,registered,95
79781489,1759472795,12030613,registered,351
79781493,1759472954,10596183,registered,35
79780701,1759390951,26343858,registered,1
79781203,1759430045,3173858,registered,1830
79781113,1759421024,243031,registered,21443
79780819,1759401144,2659307,registered,14007
79780750,1759395760,31614049,registered,1
79780187,1759329730,5552507,registered,357
79780657,1759386068,538256,registered,4024
79779794,1759307026,10874368,registered,129
79779991,1759318932,21438261,registered,93
79780338,1759341935,13418824,registered,21
79780565,1759366393,2056201,registered,3724
79780371,1759343972,20602190,registered,23
79780282,1759335689,2056201,registered,3724
79780349,1759342906,31610945,registered,29
79780301,1759337723,31610425,registered,20
79780256,1759333644,5986907,registered,8239
79780080,1759323429,11328614,registered,1170
79779946,1759316131,5378816,registered,18335
79780088,1759323641,,does_not_exist,
79779897,1759313117,2126910,registered,715
79779724,1759301621,2218321,registered,2209
79779933,1759315416,23916243,registered,9
79779898,1759313225,31608243,registered,1
79779732,1759302418,20298890,registered,513
79806539,1762002877,14566295,registered,1719
79807713,1762163772,31734310,registered,155
79808354,1762207900,21662788,registered,85
79806945,1762061869,14122775,registered,165
79807638,1762157307,1867328,registered,3938
79808944,1762261522,31812757,registered,49
79809789,1762330726,8149463,registered,77
79807773,1762167094,11540506,registered,335
79806553,1762003932,31733923,registered,91
79810595,1762375767,9911069,registered,56
79810618,1762377620,495990,registered,10811
79808761,1762250074,28660759,registered,49
79807856,1762172142,31806279,registered,1
79810057,1762346167,27672869,registered,13
79808233,1762197330,44330,registered,191290
79810820,1762400686,982786,registered,3599
79808277,1762201214,7357673,registered,2880
79807739,1762165232,5568409,registered,1232
79809778,1762330022,18271352,registered,3
79809086,1762269874,4153739,registered,11
79808955,1762262408,1410303,registered,14341
79809196,1762276252,19838194,registered,1
79807844,1762171259,27679865,registered,173
79806989,1762068581,31799231,registered,43
79810649,1762380568,31823510,registered,21
79810818,1762400176,1492613,registered,8546
79810049,1762345723,2550810,registered,1692
79809686,1762324203,12169560,registered,1160
79809514,1762302391,10339757,registered,413
79809124,1762271980,4568098,registered,444
79809182,1762275278,9415280,registered,453
79810510,1762370143,31822803,registered,1
79809768,1762329516,31580763,registered,21
79809781,1762330065,4993617,registered,28
79810195,1762352586,1073105,registered,533
79809411,1762291867,2753095,registered,8078
79809226,1762278244,12704512,registered,143
79810063,1762346521,31820570,registered,7
79809939,1762340202,31645108,registered,49
79809305,1762283205,20591261,registered,1207
79809303,1762283103,5097372,registered,1509
79809520,1762303217,3234439,registered,3
79808804,1762252878,5568409,registered,1232
79809980,1762342620,9517318,registered,334
79809924,1762338966,19152813,registered,11
79809062,1762268134,17271462,registered,25
79809773,1762329635,10998451,registered,21
79809157,1762274086,24208684,registered,3
79807233,1762099099,21620394,registered,40
79809179,1762274962,10134664,registered,53
79809523,1762303833,31817251,registered,9
79807535,1762144123,18095258,registered,70
79809415,1762292238,5986907,registered,8239
79809407,1762291606,31816634,registered,9
79809432,1762293584,90559,registered,17292
79809239,1762279176,5337715,registered,1
79809266,1762280643,16933602,registered,14
79808283,1762201808,2789332,registered,849
79809286,1762281943,5568409,registered,1232
79808417,1762215308,23607829,registered,45
79808094,1762187570,2107030,registered,2179
79808776,1762251054,9751398,registered,1168
79808954,1762262262,6732111,registered,1787
79808907,1762259581,31812773,registered,11
79808393,1762211866,10865139,registered,9
79808718,1762247786,31811694,registered,1
79808472,1762223486,2597986,registered,19
79808489,1762226531,6907424,registered,2994
79807372,1762116309,9407941,registered,4453
79808597,1762239819,29622952,registered,1
79808362,1762208355,27850465,registered,23
79807460,1762131418,17767452,registered,100
79807764,1762166353,31805735,registered,29
79806408,1761985128,31794921,registered,39
79807418,1762122446,3416476,registered,91
79806992,1762069268,827927,registered,37597
79806769,1762024098,2813606,registered,961
79807775,1762167238,8947333,registered,3073
79807712,1762163714,16446061,registered,11
79806610,1762008400,2748978,registered,183
79807825,1762170093,14944949,registered,99
79806571,1762005950,5069723,registered,49
79807627,1762156750,31804726,registered,9
79807616,1762156213,25979574,registered,13
79807277,1762105213,31571439,registered,67
79807389,1762118177,31802337,registered,51
79807312,1762109931,31571439,registered,67
79807201,1762094779,914641,registered,858
79807259,1762102423,1647971,registered,1252
79806886,1762042466,3577105,registered,1044
79806540,1762003201,,does_not_exist,
79806767,1762023774,3577105,registered,1044
79806821,1762031145,21856279,registered,51
79806845,1762035957,31798083,registered,11
79806536,1762002214,4108542,registered,659
79806751,1762022297,31797505,registered,9
79806527,1762000437,9072753,registered,147206
79806406,1761984869,13392257,registered,1696
79806333,1761972254,31241826,registered,55
79810613,,,gone,
79837003,1764772645,9261745,registered,455
79836488,1764731520,30599969,registered,43
79838089,1764858736,3720510,registered,309
79834334,1764561574,30098877,registered,11
79835026,1764603651,4951164,registered,58
79838505,1764901603,31973027,registered,17
79837363,1764799489,29322579,registered,45
79836638,1764747892,31988554,registered,21
79838126,1764864522,890669,registered,2392
79836112,1764693582,31512610,registered,1
79838108,1764863414,31992612,registered,1
79835314,1764625908,31292275,registered,11
79837366,1764799913,12754311,registered,21
79837533,1764825501,4336245,registered,233
79836759,1764756602,31922730,registered,9
79837071,1764777199,16462878,registered,5236
79836211,1764698840,23062305,registered,11
79838096,1764862948,1955609,registered,1389
79838295,1764876965,1050187,registered,631
79836074,1764691418,31844922,registered,21
79837569,1764828611,13519865,registered,2100
79836054,1764689720,31984307,registered,1
79837960,1764854662,8813473,registered,442
79836447,1764726160,1230724,registered,8312
79837659,1764835319,20704044,registered,1
79837984,1764856605,15848943,registered,1
79838259,1764874192,31057103,registered,1
79838348,1764881771,9239154,registered,121
79836108,1764693463,16037994,registered,401
79837684,1764836431,31995589,registered,43
79838353,1764881879,584617,registered,77
79837346,1764798131,31993270,registered,1
79837831,1764845622,12631750,registered,26
79837275,1764792022,8668595,registered,277
79837925,1764851896,31997254,registered,1
79834695,1764586029,1797628,registered,2596
79837806,1764844145,31734310,registered,155
79838094,1764862667,21654439,registered,296
79838462,1764894810,4470052,registered,692
79838103,1764863084,3705139,registered,352
79838308,1764878213,31999081,registered,11
79837134,1764780558,22460191,registered,115
79838297,1764877208,2912875,registered,59
79838136,1764865242,6511669,registered,213
79838243,1764873388,13132728,registered,1655
79838117,1764863677,31998135,registered,11
79836122,1764693948,1028270,registered,32612
79836029,1764688273,31984246,registered,1
79837855,1764847261,31975824,registered,1
79837813,1764844669,19490340,registered,1
79837301,1764794007,17032002,registered,203
79837650,1764834767,5872151,registered,67
79837737,1764839607,5774127,registered,418
79837782,1764842913,9931829,registered,1285
79837717,1764838534,2903608,registered,183
79836716,1764753426,22823405,registered,31
79837276,1764792038,23203819,registered,65
79837512,1764823521,31990256,registered,11
79837467,1764814491,22243187,registered,1
79837428,1764807974,31993085,registered,11
79835808,1764674989,3584765,registered,5747
79836922,1764767371,11681752,registered,16
79837092,1764778233,17616824,registered,1
79837076,1764777509,12098706,registered,389
79837059,1764776196,9335403,registered,447
79837011,1764773057,5008962,registered,5880
79836939,1764768285,20772913,registered,279
79836360,1764713073,31611806,registered,19
79834382,1764568945,16193835,registered,55
79836176,1764696797,4117624,registered,2312
79836492,1764732497,7706098,registered,395
79836409,1764718804,1046184,registered,2370
79836341,1764711483,13379862,registered,75
79836234,1764701257,31315947,registered,19
79835345,1764629313,14537948,registered,51
79836317,1764709258,31367544,registered,101
79836295,1764706708,20790092,registered,1
79836150,1764695344,23050787,registered,1
79836040,1764688958,16688854,registered,357
79836025,1764688189,8075540,registered,7066
79835823,1764676061,21654439,registered,296
79834656,1764584264,31974854,registered,1
79835431,1764643033,6635590,registered,748
79834996,1764602077,131874,registered,127583
79835877,1764679318,31975730,registered,113
79835774,1764673155,19882354,registered,82
79835365,1764633150,13934928,registered,31
79835734,1764671089,10220427,registered,77
79835714,1764669533,11706631,registered,1
79835202,1764616407,5423080,registered,412
79835498,1764651898,31915950,registered,9
79835091,1764607601,11569867,registered,21
79835504,1764652872,31950611,registered,11
79835404,1764639177,13972322,registered,283
79835227,1764618803,13136530,registered,691
79835136,1764610619,11142072,registered,49
79834873,1764594826,31925018,registered,1
79834523,1764579010,5513532,registered,5205
79834259,1764547209,31972771,registered,11
79834278,1764551579,12439683,registered,5400
79858798,1767303697,27679865,registered,173
79860752,1767615142,12282048,registered,500
79861671,1767706337,21544705,registered,16
79862585,1767802092,32157927,registered,1
79860334,1767554517,32141450,registered,41
79858762,1767297696,10869644,registered,241
79862013,1767740734,10779916,registered,207
79861270,1767671098,8075540,registered,7066
79862964,1767849544,28636245,registered,9
79861996,1767738452,13282965,registered,117
79862860,1767832005,1258671,registered,4261
79863316,1767876093,3328268,registered,315
79862878,1767835170,21969014,registered,83
79863193,1767868300,11342126,registered,53
79863218,1767869578,5872920,registered,93
79862232,1767775649,,does_not_exist,
79862288,1767779801,13171329,registered,76
79862438,1767792071,32156865,registered,53
79860696,1767610284,1606657,registered,6152
79860056,1767517337,32136728,registered,3
79862217,1767774320,32151000,registered,23
79863288,1767874038,7894339,registered,277
79863122,1767863549,29531828,registered,33
79862629,1767805321,1719931,registered,6519
79862465,1767794496,10386133,registered,83
79862797,1767823721,22330265,registered,320
79862696,1767811687,13757692,registered,550
79862693,1767811017,31848762,registered,57
79862160,1767769550,32144300,registered,1
79862309,1767781291,869029,registered,197
79861196,1767655315,5419964,registered,163
79861471,1767691190,32149424,registered,1
79862867,1767833538,6259117,registered,35
79862631,1767805473,27679865,registered,173
79862281,1767779611,6523288,registered,1312
79862746,1767817575,1175788,registered,3069
79862581,1767801617,32157698,registered,51
79862560,1767800303,15089106,registered,11
79862199,1767773386,32155396,registered,31
79862127,1767765807,14953535,registered,622
79862285,1767779729,1719931,registered,6519
79862254,1767777064,1719931,registered,6519
79862282,1767779653,32151089,registered,31
79862248,1767776710,32155552,registered,1
79859255,1767368784,1315125,registered,3524
79861926,1767730534,14979776,registered,341
79861916,1767729403,32152359,registered,1
79859902,1767482240,3239842,registered,4673
79860592,1767601599,2123706,registered,3843
79861016,1767633499,32146528,registered,29
79860982,1767631448,16652583,registered,19
79861393,1767683894,32131868,registered,21
79859287,1767371765,838046,registered,175
79861318,1767677544,32144888,registered,1
79861070,1767638257,1554020,registered,14934
79859541,1767417786,2739669,registered,961
79859731,1767449581,17500419,registered,47
79860470,1767584835,18175450,registered,1
79861004,1767632806,19676780,registered,73
79858666,1767282021,7119822,registered,21
79860071,1767519843,1719931,registered,6519
79860690,1767609878,23594507,registered,11
79860774,1767616866,18820894,registered,11
79860726,1767612785,23096815,registered,292
79860485,1767588391,385064,registered,844
79860671,1767608663,20766965,registered,33
79859865,1767474605,4665624,registered,539
79860100,1767523255,19300813,registered,1
79859898,1767481062,2789327,registered,4592
79860536,1767595231,31768624,registered,1
79860469,1767584740,12485188,registered,1
79860242,1767543982,13981672,registered,765
79860235,1767543392,329776,registered,7335
79859176,1767361756,16518280,registered,29
79860131,1767527797,13629335,registered,8376
79860107,1767524459,6326979,registered,63
79859815,1767464002,4177582,registered,231
79859979,1767495610,27679865,registered,173
79859237,1767367808,14777331,registered,3
79859000,1767341500,703421,registered,2288
79859608,1767431882,7119822,registered,21
79859774,1767456185,20804170,registered,11
79859119,1767355023,131874,registered,127583
79859523,1767413297,13296605,registered,159
79859443,1767390713,32051406,registered,23
79858834,1767309598,1130549,registered,1833
79859306,1767373685,31586066,registered,43
79858891,1767321132,14481140,registered,387
79859099,1767352522,27653619,registered,120
79859269,1767369878,1995602,registered,141
79858789,1767301965,32130896,registered,1
79858829,1767309345,7273648,registered,471
79858654,1767280545,32130044,registered,11
79858562,1767266750,32129373,registered,10
79858827,1767308697,1346705,registered,21172
79858728,1767291771,22959562,registered,105
79858534,1767262166,12662642,registered,432
79858533,1767260500,28575617,registered,1
79861598,,,gone,
79859983,,,gone,
79884426,1770391223,2929854,registered,1063
79884362,1770385704,4547005,registered,1899
79884645,1770416341,17590045,registered,31
79883908,1770329182,494134,registered,33877
79884657,1770418581,5537598,registered,169
79884485,1770396882,5296568,registered,5433
79884564,1770406495,21143002,registered,71
79884360,1770385667,2082769,registered,17090
79884813,1770459341,32328398,registered,31
79883033,1770233460,24842407,registered,33
79885063,1770498481,16353581,registered,121
79883804,1770317869,32276647,registered,33
79882152,1770140440,32242603,registered,223
79881766,1770110650,8125934,registered,100
79881660,1770098295,219153,registered,8814
79883927,1770333862,4947006,registered,180
79881923,1770122886,32306963,registered,1
79882231,1770148384,32308898,registered,39
79885044,1770495370,32242842,registered,156
79885047,1770495952,21936064,registered,53
79882097,1770135962,30524134,registered,41
79885116,1770506975,3577105,registered,1044
79884198,1770371993,13075936,registered,41
79885139,1770514693,32331879,registered,1
79881972,1770126411,13392257,registered,1696
79885104,1770505284,32331594,registered,33
79883038,1770234032,131874,registered,127583
79884849,1770464994,14779240,registered,307
79885268,1770549452,32331654,registered,1
79880560,1769960766,32295115,registered,73
79884930,1770477773,1319998,registered,27470
79884940,1770478669,,does_not_exist,
79884665,1770419503,14779240,registered,307
79883915,1770330524,1818713,registered,20296
79884588,1770409151,30913731,registered,23
79882907,1770221714,9824631,registered,41
79884292,1770379791,32324857,registered,1
79884369,1770386549,13450768,registered,3
79881625,1770093495,219153,registered,8814
79884111,1770365150,31987259,registered,33
79884041,1770354175,26535132,registered,33
79884126,1770367027,4956118,registered,439
79881313,1770053371,32302400,registered,1
79883151,1770250038,32273223,registered,35
79883874,1770325211,32321520,registered,23
79883776,1770315981,14488903,registered,29
79883573,1770299007,4547005,registered,1899
79883792,1770316989,10713813,registered,318
79883703,1770308448,32306288,registered,83
79883504,1770293379,14779240,registered,307
79883495,1770292918,10830219,registered,486
79882253,1770149966,30589464,registered,136
79883562,1770298002,32319579,registered,1
79880521,1769957352,1549736,registered,2114
79883442,1770289667,22724114,registered,101
79883470,1770291352,32318712,registered,23
79881832,1770115623,9315690,registered,4089
79883287,1770276137,4565947,registered,15439
79883275,1770275090,32306288,registered,83
79883128,1770246269,32316192,registered,9
79882683,1770202611,17289290,registered,25
79882958,1770226037,8197926,registered,51
79882976,1770228160,5846398,registered,323
79882944,1770224309,9636073,registered,31
79882743,1770207840,21258842,registered,191
79880442,1769943956,4033876,registered,1224
79882369,1770165943,19397433,registered,101
79882192,1770144850,15161229,registered,77
79882494,1770186580,26673908,registered,21
79882256,1770150310,30122029,registered,9
79882294,1770153807,6371060,registered,344
79882503,1770187546,32311422,registered,1
79882413,1770174146,2072516,registered,3240
79882492,1770186390,32311213,registered,3
79882457,1770182659,960115,registered,4739
79882151,1770140416,2532408,registered,4627
79882296,1770154215,32309375,registered,11
79882282,1770152624,,does_not_exist,
79882200,1770145753,31921095,registered,193
79882176,1770142214,29423938,registered,1
79882150,1770140350,999959,registered,224
79882101,1770136222,14066157,registered,61
79882058,1770131980,32307698,registered,31
79880732,1769986751,2300622,registered,1268
79881410,1770063221,32300159,registered,1
79881964,1770126003,7876254,registered,25
79882004,1770128229,15972168,registered,1
79881685,1770100366,6379197,registered,2500
79880863,1770015328,168457,registered,1226
79881611,1770091790,5140006,registered,49
79881189,1770043575,4640991,registered,2034
79881680,1770100037,4534829,registered,1
79881186,1770043352,1431690,registered,746
79881411,1770063459,24044967,registered,25
79881256,1770049777,4918272,registered,147
79880701,1769979049,27237073,registered,11
79880487,1769952546,1583714,registered,2470
79881063,1770033926,15097430,registered,35
79880532,1769958482,32295703,registered,1
79880338,1769917284,706421,registered,10364
79902760,1772882436,13915619,registered,1
79902845,1772895368,31955106,registered,1
79902161,1772789542,18589117,registered,29
79899547,1772468204,1719931,registered,6519
79902534,1772831363,4806787,registered,333
79900588,1772596552,32448518,registered,1
79899633,1772475871,22128873,registered,140
79900562,1772590853,627003,registered,999
79900825,1772626946,31955106,registered,1
79902546,1772833140,4718719,registered,21
79900473,1772576656,32447964,registered,1
79902222,1772795071,3067485,registered,11792
79901234,1772668832,32452708,registered,1
79899979,1772527883,14453891,registered,93
79900801,1772624569,31271606,registered,1
79899563,1772469590,997832,registered,1424
79900523,1772583211,30540186,registered,174
79898983,1772389164,23126922,registered,111
79898900,1772374967,13802115,registered,9054
79903103,1772946647,2358629,registered,291
79898958,1772383842,32291666,registered,1
79902424,1772817280,16383578,registered,4191
79902744,1772879052,5160710,registered,153
79903031,1772927336,898649,registered,4177
79903170,1772961401,4190853,registered,10749
79903290,1772979404,5899916,registered,935
79902878,1772901469,5352813,registered,29
79902528,1772830490,26881983,registered,1
79903003,1772918861,32146528,registered,29
79903012,1772922559,30752861,registered,129
79902827,1772893883,1071405,registered,727
79902274,1772800935,6022964,registered,87
79902793,1772889295,26428231,registered,1
79899804,1772500617,10262805,registered,51431
79902404,1772815311,32460864,registered,1
79902880,1772901587,23789478,registered,1
79902824,1772893617,12771298,registered,407
79902736,1772877839,11815002,registered,31
79902571,1772837530,32461913,registered,1
79902556,1772835131,32421355,registered,19
79902489,1772825436,7995915,registered,61
79901629,1772718886,265521,registered,100171
79900876,1772630916,32450375,registered,1
79902182,1772791114,5587646,registered,126
79902227,1772795575,857741,registered,6968
79901940,1772755667,10047590,registered,3
79901699,1772725241,32365167,registered,53
79900921,1772633177,31838109,registered,1
79902015,1772774694,19371363,registered,47
79901739,1772729058,25259196,registered,1
79900081,1772536620,628006,registered,5652
79901911,1772750074,31050060,registered,11
79901927,1772754363,1953537,registered,3094
79901763,1772731716,32447637,registered,1
79901060,1772644697,4706711,registered,10676
79901558,1772713329,1071405,registered,727
79898950,1772383494,32436350,registered,3
79901639,1772719694,2840125,registered,583
79901507,1772709513,1719931,registered,6519
79901475,1772706417,21590067,registered,11
79900764,1772620829,23445901,registered,10
79901200,1772662370,2037637,registered,3889
79901226,1772666399,32419323,registered,11
79901198,1772662122,388520,registered,143142
79901202,1772662982,14507879,registered,1
79901132,1772652425,3084842,registered,4061
79900176,1772546110,32446237,registered,1
79900315,1772557690,17301261,registered,151
79900760,1772620130,24770245,registered,11
79900624,1772604143,32312844,registered,23
79900718,1772616535,3063,registered,4806
79900580,1772594342,32448574,registered,1
79900434,1772571627,31931873,registered,1
79900558,1772589561,8786541,registered,225
79900405,1772568291,32447561,registered,1
79900482,1772577907,14681964,registered,45
79900348,1772560680,1513933,registered,23277
79899625,1772475514,3237759,registered,501
79900053,1772534194,2016165,registered,2061
79899551,1772468495,1719931,registered,6519
79899823,1772504314,31485284,registered,1
79899514,1772465082,20303620,registered,3
79899359,1772447887,32435655,registered,91
79898994,1772391641,8732457,registered,171
79899165,1772421533,20523322,registered,1
79899534,1772466740,23479712,registered,1
79899422,1772455977,6668894,registered,43
79899362,1772448090,32435655,registered,91
79899392,1772452065,20766110,registered,9
79899371,1772449463,11986067,registered,505
79899247,1772435109,11952235,registered,183
79899300,1772442607,13075132,registered,180
79899178,1772423580,5953471,registered,135
79898910,1772376436,13802115,registered,9054
79899066,1772404629,32437964,registered,7
79899009,1772395541,17564258,registered,29
79898762,1772354646,32435449,registered,1
79898663,1772323671,32434147,registered,1
79898673,1772325807,997832,registered,1424
79898671,,,gone,
79920283,1775339808,32584247,registered,1
79919712,1775229495,8565438,registered,8320
79920702,1775441853,28111632,registered,1
79919975,1775272566,28111632,registered,1
79922356,1775666569,31531449,registered,21
79923606,1775835212,32538553,registered,1
79918666,1775076957,32573246,registered,1
79919401,1775192661,32578357,registered,29
79919695,1775228409,31316604,registered,1
79923258,1775790028,32603687,registered,1
79920013,1775281097,10216058,registered,43
79923826,1775863733,32606950,registered,41
79922292,1775660757,19452622,registered,63
79920617,1775417317,32146528,registered,29
79921445,1775556440,1458688,registered,315
79920353,1775366806,32098589,registered,39
79920650,1775423877,32450637,registered,71
79919186,1775149017,13839395,registered,1
79922675,1775726569,32600765,registered,1
79921190,1775516038,3757559,registered,4722
79921992,1775627328,32595818,registered,1
79922713,1775728588,1753273,registered,594
79922800,1775735528,189247,registered,20876
79922888,1775744484,17560433,registered,62
79922871,1775743151,32593434,registered,61
79923862,1775875995,10660856,registered,25
79923665,1775840265,32500332,registered,37
79922319,1775663113,32500332,registered,37
79923563,1775832299,9807989,registered,127
79922538,1775704656,32599596,registered,1
79923659,1775839362,6137346,registered,1
79922109,1775640695,10785117,registered,414
79923241,1775787274,14871954,registered,311
79922267,1775658325,32597651,registered,37
79920736,1775453104,16937219,registered,89
79922929,1775748343,11505680,registered,667
79922985,1775752767,17192866,registered,103
79922249,1775655868,1121497,registered,11647
79922248,1775655819,4828410,registered,135
79922604,1775719920,13843254,registered,49
79922555,1775711099,32564344,registered,1
79922241,1775655645,27959200,registered,1
79922469,1775683222,14664418,registered,1
79922348,1775665526,27800403,registered,107
79921609,1775572073,32146528,registered,29
79922326,1775663708,19827554,registered,1
79920675,1775429390,32587300,registered,1
79918291,1775038527,25741389,registered,1
79922227,1775653868,32365167,registered,53
79921931,1775613322,32540259,registered,1
79922076,1775636658,32568658,registered,41
79918243,1775033852,32568658,registered,41
79921981,1775624902,15922454,registered,41
79921779,1775588511,32530586,registered,1
79921515,1775563471,10731610,registered,129
79921748,1775584913,31011642,registered,1
79921476,1775559683,28168937,registered,21
79919651,1775224927,5844307,registered,611
79919400,1775192456,20795870,registered,61
79920823,1775466070,19120704,registered,474
79919883,1775249989,264776,registered,475
79920733,1775452434,25177197,registered,31
79920989,1775486834,1445532,registered,363
79919811,1775240869,8565438,registered,8320
79920334,1775359795,28111632,registered,1
79920642,1775422213,19796664,registered,55
79920454,1775387343,22434294,registered,621
79920382,1775372050,4408232,registered,293
79920409,1775377526,28111632,registered,1
79920405,1775377185,32585239,registered,1
79920255,1775334906,32583315,registered,19
79919655,1775225257,10364805,registered,89
79920233,1775331205,,does_not_exist,
79920153,1775315980,13727011,registered,398
79920136,1775312714,15067623,registered,1436
79920096,1775303403,32582782,registered,29
79919837,1775244976,32580943,registered,1
79919189,1775149179,22954533,registered,31
79919891,1775250507,8565438,registered,8320
79918782,1775099953,32573353,registered,29
79919746,1775232380,8565438,registered,8320
79919706,1775229318,9137363,registered,41
79918923,1775121649,219153,registered,8814
79919603,1775219291,8565438,registered,8320
79919502,1775208892,3318590,registered,103
79919524,1775212168,22266301,registered,33
79919245,1775157381,32450637,registered,71
79918389,1775048341,32569410,registered,23
79919352,1775177391,17265725,registered,97
79919173,1775146989,32574438,registered,39
79918995,1775129891,32575609,registered,1
79918462,1775055328,15822514,registered,57
79918294,1775038844,20985309,registered,1
79918326,1775041711,23348288,registered,33
79918324,1775041560,22133250,registered,479
79918442,1775053324,3087409,registered,2841
79918351,1775044241,3067485,registered,11792
79918340,1775043305,32547623,registered,1
79922950,,,gone,
79919789,,,gone,
79937846,1778202445,31435243,registered,11
79939094,1778460227,32714950,registered,1
79937938,1778222923,32706438,registered,1
79937971,1778226976,31839200,registered,1
79935672,1777876205,32593653,registered,21
79936685,1778023132,22232787,registered,1
79936900,1778061190,22133250,registered,479
79937962,1778226023,31176782,registered,9
79938339,1778266929,1492613,registered,8546
79935400,1777807145,31176782,registered,9
79938214,1778252840,32707965,registered,1
79935096,1777735327,32681613,registered,1
79939025,1778435600,31256641,registered,25
79937863,1778207136,21955364,registered,53
79937601,1778160804,32700283,registered,19
79937978,1778228161,28354348,registered,1
79936102,1777936789,9311041,registered,65
79938907,1778415438,669301,registered,1449
79938420,1778282428,13965149,registered,41
79934876,1777679625,11656388,registered,139
79938737,1778366202,27649417,registered,1
79938176,1778248607,26797716,registered,15
79937124,1778083491,14515013,registered,29
79937810,1778192896,21101782,registered,61
79937273,1778107247,10644546,registered,442
79938879,1778411892,32456091,registered,7
79938816,1778395609,32494476,registered,1
79939072,1778454517,11127662,registered,9
79938961,1778425034,15209531,registered,21
79938829,1778397912,32712413,registered,1
79938693,1778353996,1549736,registered,2114
79938784,1778384930,1577640,registered,69
79938669,1778348787,2749397,registered,25538
79938654,1778345642,4671881,registered,136
79938428,1778284706,9864999,registered,67
79938386,1778274974,22133250,registered,479
79938463,1778302982,23716111,registered,1
79938439,1778292937,27412036,registered,21
79938405,1778279119,911576,registered,1
79938169,1778247739,31818115,registered,73
79938052,1778235582,31378182,registered,48
79937914,1778219095,31060634,registered,1
79937075,1778078152,4758399,registered,184
79937763,1778184217,27679865,registered,173
79938182,1778248910,622049,registered,1654
79937884,1778213529,8783169,registered,307
79938130,1778244500,32707640,registered,1
79938010,1778231118,28027805,registered,21
79937514,1778150941,16544724,registered,161
79937471,1778144911,32703013,registered,3
79937550,1778154796,32703552,registered,11
79937573,1778157709,27367838,registered,1
79936934,1778064263,32218383,registered,1
79935230,1777767266,32687871,registered,1
79936748,1778040842,32698277,registered,1
79937545,1778154555,12035427,registered,1
79937078,1778078471,2127241,registered,109
79937386,1778135555,17850062,registered,11
79937362,1778131937,17348251,registered,979
79937333,1778124674,32702052,registered,1
79937320,1778121928,31884575,registered,1
79936041,1777925506,31960824,registered,1
79937087,1778079773,6480960,registered,309
79936555,1777999667,12986220,registered,37
79936904,1778061478,14873823,registered,430
79936872,1777792543,32394925,registered,61
79936742,1778038795,32690988,registered,21
79936578,1778003033,32677732,registered,31
79936596,1778004931,32696558,registered,11
79936577,1778002882,23370814,registered,1
79935914,1777906257,31013762,registered,49
79936481,1777990050,22288336,registered,1
79936344,1777975268,32695563,registered,1
79936126,1777940002,32694108,registered,1
79936199,1777955762,18244706,registered,1
79935956,1777913550,20481022,registered,1
79936223,1777959827,32694454,registered,1
79936100,1777936394,30673063,registered,5
79934840,1777668338,5610471,registered,416
79935906,1777905498,259310,registered,14584
79935974,1777917111,8329213,registered,7782
79934947,1777706064,12888983,registered,1
79935886,1777903695,32690988,registered,21
79935804,1777892703,32648800,registered,27
79935775,1777889345,11561121,registered,1023
79935335,1777794772,19464202,registered,5
79935088,1777732684,18563845,registered,1
79935518,1777831289,11357695,registered,760
79934522,1777617797,22959562,registered,105
79935469,1777820967,32689514,registered,3
79935417,1777810510,23074625,registered,16
79934545,1777622289,32683103,registered,1
79934792,1777659993,14658397,registered,1
79934736,1777651809,32207718,registered,1
79934842,1777669187,32685049,registered,23
79934592,1777628710,20856066,registered,67
79934819,1777663257,23864181,registered,1
79938797,,,gone,
79934606,,,gone,
79937049,,,gone,
