user_id,u_creation
405017,1262722532
14122,1221602728
44330,1228752097
388520,1278782782
51197,1231004364
131874,1246471158
265521,1265220551
395857,1279546451
149138,1249172095
482717,1287649130
357024,1249788534
96588,1240842652
132438,1246559877
164171,1251375710
5821,1221139367
521070,1287847848
203454,1257428502
494134,1288651119
139150,1247713208
342553,1260232727
367878,1276661027
308827,1270407253
243031,1262590864
189247,1255451212
461499,1285749005
298288,1269145088
159072,1243967122
417896,1281577388
90559,1239691210
427494,1255805047
453851,1285068716
250962,1263492442
275002,1266388420
316082,1271211130
259310,1264517896
200783,1256086490
95265,1240536523
562697,1294152386
359219,1275745538
544721,1292500977
495990,1288793058
171121,1252531207
347484,1274476909
240566,1262135046
219153,1259215877
210867,1258163742
209834,1258049086
281965,1267182915
274460,1266332830
297850,1269055249
372172,1277124422
470062,1286528850
329776,1272633464
461887,1285772798
360826,1275944956
34747,1225902354
480118,1287469299
116906,1244062799
583464,1295550285
46503,1229388230
259543,1264537100
387774,1278682709
3063,1219760368
232888,1260962263
546465,1292615298
142976,1248278924
534238,1291756575
538256,1292008155
398348,1279738198
401173,1279993558
312140,1270748369
37758,1226688739
260345,1264616609
215929,1258770345
284696,1267557490
562930,1294163974
378386,1277753521
158049,1250545475
193501,1256088750
521347,1290773049
555129,1293466858
108390,1242565042
16845,1221686712
154911,1250064565
168457,1252063254
572575,1279186663
368367,1276700099
385064,1278463813
487993,1277894469
31352,1224891648
414506,1281290329
254172,1263918323
216652,1258929394
264776,1265148140
394568,1279358684
468662,1286422162
382459,1278115472
22719,1222439809
360598,1275927603
584617,1295622746
651174,1299659201
772649,1306481907
832230,1309979203
741099,1304658212
607407,1297127426
827927,1309774923
1028270,1320342560
992687,1318480440
678572,1301192523
825920,1309597993
972202,1317342417
847200,1310764398
893254,1313256119
865220,1311764781
866082,1311791574
595305,1296336299
688624,1301720575
638231,1298920085
1020139,1319920938
836026,1310155832
1055165,1321697214
990750,1318394965
759991,1305754313
706421,1288725178
815408,1309012399
975199,1317540347
817659,1309122785
857741,1311330892
721998,1278887744
880783,1312555596
629530,1298435200
1029365,1320396977
628006,1260963167
804184,1308366837
999162,1318855064
1045364,1321265946
721666,1303556340
960115,1316731222
947473,1316110747
949275,1316191700
1086777,1323304687
907047,1314076450
898649,1313585406
931625,1315345499
948866,1316178359
1008563,1319288571
1015761,1319683325
955091,1316531850
963844,1316969481
647987,1299494420
982786,1317926164
779130,1306921813
897968,1313557117
874829,1312295180
1080517,1323031892
689991,1301847575
890669,1313094006
1046184,1321297329
703421,1302586771
1059860,1321968024
589352,1295974696
885770,1312886554
1085068,1323241358
622049,1297973520
1044326,1321200388
673167,1300889005
1035783,1320762467
669301,1300706037
997832,1318769757
906387,1314035335
659389,1300129776
632943,1298574375
990639,1318387517
627003,1298307368
914641,1314383600
943222,1315940021
1033217,1320644554
839963,1310438979
882512,1312701241
839837,1310427264
1071405,1322574339
1068689,1322453743
1050187,1321463800
1014747,1319638841
1073105,1322648329
678188,1301157182
587587,1295877241
817824,1309194380
728438,1303958553
859191,1311415380
799812,1308148721
999959,1318884482
869029,1262827907
838046,1310341796
585742,1295713345
1052349,1321550670
906355,1314033768
1004417,1319082214
887815,1312977194
911576,1314261132
1581090,1344321718
1319998,1333869109
1317018,1333698981
1513933,1341903759
1473517,1340319538
1346705,1334929096
1554020,1343292832
1142881,1326275199
1410303,1337692851
1220022,1329701987
1121497,1325174188
1652954,1325172044
1366368,1335807098
1471980,1340278893
1088979,1323401033
1472743,1340296393
1293127,1332768382
1492613,1341035527
1230724,1330085401
1492229,1341006950
1183071,1328110978
1497385,1341273154
1601580,1340313730
1106951,1324342143
1260682,1331361904
1606657,1345200199
1585507,1344447615
1194864,1328624786
1393162,1336979714
1258671,1331274364
1155237,1326851481
1315125,1333625028
1583225,1344380185
1175788,1327788565
1335492,1334549258
1111088,1324530281
1583714,1344405473
1617563,1345652373
1147321,1326445657
1267833,1331686564
1371949,1336034206
1549736,1343159058
1614051,1345547434
1219322,1329662291
1130549,1325700741
1306892,1333316742
1159548,1327009879
1542011,1342830248
1211072,1329302183
1305993,1333264817
1390639,1336798815
1330719,1334291822
1647971,1346822785
1238967,1330467705
1233376,1330230288
1308807,1333393145
1647627,1346804607
1419711,1338087928
1154981,1326838661
1431690,1338588780
1096196,1323794121
1224643,1329870065
1455474,1339655755
1369110,1335930760
1172907,1327644705
1306020,1333266520
1636016,1346329896
1330734,1334292598
1386750,1336643459
1295308,1332845937
1503984,1341491463
1100561,1323974817
1141601,1326222611
1319070,1333802931
1332263,1334341607
1161825,1327114410
1457672,1302049960
1644280,1346691021
1394897,1337039681
1444483,1339157595
1540785,1342787646
1445532,1339196266
1256757,1331202237
1245659,1330709912
1458688,1339764299
1369413,1335944033
1151593,1326707521
1266639,1331646763
1412129,1337762237
1153070,1326768595
1511594,1341826661
1137647,1326060181
1546174,1343055310
1577640,1344186301
1141927,1326235940
1527003,1342362527
1508060,1341621911
1214268,1329408835
1135478,1325903607
1495652,1341221646
2071807,1360841373
1804173,1352230004
2146894,1362712201
1818713,1352738542
2082769,1361181328
1840471,1353456537
1835727,1353327296
1742777,1350101111
1942868,1357130088
1686628,1348158278
1720199,1349357579
1866775,1354289806
1681681,1348010162
1714692,1349189773
2093469,1361404243
2175052,1363369778
1700890,1348677250
1719931,1349351758
1711271,1349081786
1993709,1358634205
2221360,1364502616
1867328,1354303722
2037637,1359913853
2123706,1362144989
2195440,1363874719
2056201,1360370654
2205916,1364174457
2072516,1360854524
1714490,1349185675
1953537,1357507795
1936853,1356804361
1801588,1352157208
2163392,1363137549
1797628,1352010150
1851302,1353855669
2105339,1361738214
1877671,1354674735
1828539,1353038468
1715495,1349212750
2218321,1364444323
2107030,1361790557
1977867,1358181090
2213289,1364329851
2016165,1359314667
1892584,1355165753
1802225,1352184586
1852526,1353911512
1878846,1354706307
2155362,1362972933
1838076,1353398953
1660508,1347289056
2175783,1363387464
1955609,1357576521
1789718,1351715751
2153235,1362898726
2084503,1361214401
1950689,1357375690
2186785,1363700955
1694518,1348492864
1924315,1356221574
1944636,1357188366
1951507,1357408475
1886914,1354924880
1794617,1351868267
2126661,1362228310
1897051,1355298521
1810778,1352415364
1991502,1358536851
1788656,1351689540
2126910,1362237085
1839674,1353432949
1676880,1347865754
1753273,1350479460
2178774,1363503956
2254835,1365349007
1970300,1357915006
1749980,1350389630
1762950,1350817512
1905276,1355522151
2186349,1363693533
2014166,1359225843
2242558,1365028275
1750612,1350403162
1689811,1348258593
1924830,1356258682
1862456,1354175067
1752563,1350463777
2039277,1359973370
1757597,1350593310
1995602,1358723411
2077750,1360993761
2127241,1362247967
1832239,1353172208
2091093,1361362151
1922840,1356138437
1793117,1351824095
1777693,1351268419
1967441,1357835785
2225443,1364583004
2076615,1360953297
2396539,1368871606
2749397,1378360435
2573061,1373552585
2881414,1381819062
2263683,1365542184
2659307,1375852617
2876079,1381668808
2753095,1378445061
2404988,1369130552
2756466,1378537351
2532408,1372432582
2789327,1379452671
2270563,1365688182
2430657,1369789712
2827181,1380403677
2446374,1370227986
2287458,1366130940
2383070,1368557622
2449857,1370307381
2687427,1376600913
2736467,1377996639
2697895,1376947379
2819689,1380202027
2801187,1379728039
2764206,1378803230
2815264,1380112501
2313889,1366777317
2866298,1381396362
2779311,1379166701
2604247,1374412815
2712050,1377282127
2550810,1372947152
2856552,1381188575
2718067,1377520355
2301782,1366450326
2556795,1373135324
2435421,1369897937
2307570,1366636881
2300622,1366402843
2638256,1375277116
2562927,1373341244
2517880,1372107316
2813114,1380065110
2774885,1379040898
2852466,1381086832
2869544,1381464138
2739669,1378121245
2813606,1380082465
2579031,1373713087
2678074,1376387575
2789332,1379452750
2293659,1366264503
2341986,1367477309
2696565,1376918458
2840125,1380743430
2848049,1380918684
2707342,1377173814
2465116,1370642973
2256085,1365393318
2352242,1367769075
2741711,1378184204
2372954,1368279481
2478983,1371050517
2358629,1367935074
2311562,1366724375
2374981,1368366428
2748978,1378346175
2498234,1371577915
2804125,1379850163
2603845,1374397544
2480766,1371096536
2813091,1380064248
2824169,1380297559
2564061,1373364713
2797922,1379656280
2554340,1373038386
2695038,1376882658
2804980,1379879145
2719735,1377561294
2434114,1369859236
2796004,1379602927
2694521,1376854512
2645812,1375445174
2807051,1379936550
2758178,1378612791
2531815,1372421584
2801324,1379737022
2287419,1366130378
2772278,1378982495
2521025,1372179525
2597986,1374206296
2855815,1381170130
2421086,1369514453
2320194,1366899722
2504015,1371711499
2713491,1377343281
2499554,1371616347
2610407,1374579159
2742628,1378203609
2842069,1380793188
2988730,1384361800
2954547,1383611307
3163618,1388960349
3067485,1386187642
3486675,1396381987
3451339,1395547127
2998077,1384554487
3690024,1401426563
3186922,1389516926
3151415,1388589007
3358488,1393465652
3584765,1398765409
3555558,1398059030
3239842,1390814401
3084842,1386631367
3207874,1389984233
3010486,1384892218
3319713,1392650696
3087409,1386688438
3204942,1389924896
3532564,1397488462
2953135,1383579662
3099733,1386944582
3380902,1393967047
3423825,1394905258
3509416,1396932521
3173858,1389193885
3179698,1389308016
3010930,1384902135
3261772,1391303619
3521180,1397161821
3430943,1395096132
3366355,1393617147
2929854,1382997521
3330229,1392848361
3626104,1399829647
3577105,1398550723
3692272,1401282866
3391131,1394168236
3053806,1385877499
3180151,1389321793
3654852,1400555772
3249293,1391006026
2929914,1382999099
2938491,1383155247
2881548,1381821823
3678257,1401163591
3208351,1389994070
3431557,1395117110
3417134,1394739513
3549017,1397827685
2987552,1384343462
3118602,1387446171
3312274,1392427518
3324491,1392742497
3595972,1399028453
3053085,1385845267
3333449,1392910565
3562196,1398202051
3374090,1393834912
3237759,1390748806
2936329,1383136073
3264407,1391398349
3170530,1389122913
3611472,1399454198
3376169,1393872591
3130882,1387836675
3667693,1400824650
3330347,1392850969
3611164,1399449052
2957581,1383676404
3439054,1395253220
3328268,1392816077
3160186,1388837036
3497492,1396605367
3512495,1396984557
2903608,1382366760
3626508,1399842194
3173159,1389182570
2965433,1383837862
2987746,1384346738
3474488,1396046224
3419069,1394786723
3318590,1392631125
3150869,1388565141
3416476,1394729582
3063297,1386105221
3521832,1397182266
3007310,1384834913
3653306,1400513928
2912875,1382556014
3280709,1391707707
3548429,1397814355
3219244,1390308080
3180881,1389341455
3212052,1390133308
3542096,1397665949
3234439,1390630675
3258646,1391196379
3325856,1392769264
4281353,1416648155
4400804,1419814989
4299527,1417082356
4190853,1414514966
4108376,1412422480
4045275,1410851750
3713236,1402010431
4057053,1411104087
3810748,1404696153
3757559,1403199815
3821009,1404917591
4247599,1415872079
4067676,1411408870
3904031,1407074639
4057790,1411118517
4391249,1419414232
4235960,1343822003
3801839,1404393743
3909896,1407234046
4175822,1414103747
3782963,1403868695
4106261,1412348948
3751931,1403084852
4117624,1412692218
4177926,1414158487
3903479,1407050563
4218883,1415195905
4124887,1412850529
3977699,1409032864
4245462,1415820926
4355878,1418426857
3840940,1405428893
3896008,1406815883
4033876,1410507529
4107349,1412375387
3853504,1405695672
3696153,1401600173
3825996,1405004246
3745149,1402926479
4146344,1413388183
4066329,1411386255
4105440,1412331843
4098506,1412161753
4108542,1412429124
3744043,1402906472
3995094,1409505253
4196379,1414629409
4306541,1417270130
4141607,1413290867
3837788,1405356753
3843659,1405491577
3995472,1409521073
4193573,1414578053
4025583,1410329992
4215840,1415129371
4038547,1410643359
3727079,1402420751
4139253,1413238114
4379593,1419032967
3735871,1402612727
3705139,1401841901
4112504,1412582292
4107501,1412381494
4347706,1418249186
3720510,1402260813
4367177,1418747488
4109843,1412484126
4336245,1418021391
4177582,1414151452
4231277,1415485392
4060158,1411172731
4043732,1410806067
4221094,1415241529
4194509,1414593033
4407788,1420013459
4335674,1418002925
3917007,1407391098
4067981,1411414935
3896821,1406830013
3945119,1408118545
4201634,1414743408
3994535,1409484608
4055501,1411061362
3728440,1402459011
4114970,1412631876
4315564,1417521471
3877029,1406292999
4187887,1414454059
4052852,1411013270
3731228,1402509264
3901715,1406969633
3977619,1409030580
4092128,1412012267
3846409,1405537426
4325744,1417717202
3974451,1408950736
4153739,1413551364
3753030,1403102387
3826475,1405012120
4389665,1419362147
4492932,1422219925
4769503,1428588300
4755954,1428349170
4549682,1423559066
4565947,1423897294
4451315,1421191268
4451521,1421198269
4706711,1427189080
5008962,1434306367
4516027,1422757821
4444546,1421053601
4847250,1430323487
4503189,1422452551
4887159,1431344800
4515046,1422722623
4420797,1420474938
4802259,1429291487
4987648,1433790407
4745607,1428050678
4838216,1430145905
4593642,1424608621
4907639,1431806163
4640991,1425648046
4547005,1423497508
4553482,1423634990
4914597,1432010722
5002496,1434100126
4508962,1422561072
4699441,1427019148
4876058,1431019064
4915288,1432024452
4727280,1427657705
4490974,1422145798
4926165,1432233920
4976543,1433483619
4470052,1421671526
4594573,1424633813
4636579,1425556427
4710409,1427258729
4409163,1420058639
4443378,1421014691
4770853,1428607403
4665624,1426219355
4873538,1430979716
4430968,1420675145
4882126,1431177941
4941009,1432651222
4995002,1433941768
4956494,1432998552
4568098,1423977308
4905285,1431720341
4956118,1432987063
4858867,1430645661
4874204,1430990597
4844269,1430268036
4806787,1429443260
5016136,1434469160
4408232,1420025992
4777400,1428767222
4917283,1432055869
4849732,1430381051
4416877,1420362312
4413976,1420243779
4758399,1428403872
4947006,1432775961
4592502,1424558516
4918272,1432077875
4523408,1422954250
4671881,1426373335
4828410,1429875310
4880278,1431112640
4678399,1426545161
4509617,1422577689
4811218,1429545570
5017321,1434493062
4485050,1421981720
4946241,1432754204
4852379,1430427572
4951164,1432854177
5002689,1434103814
4746211,1428063510
4877503,1431058036
4881318,1431151649
4860016,1430680181
4761016,1428445287
4993617,1433919704
4563600,1423833352
4414190,1420254695
4416080,1420323574
4519504,1422872122
4537917,1423237863
4718719,1427413100
4713491,1427307727
4950244,1432833289
4652937,1425974986
4459513,1421359687
4790331,1429076971
4534829,1423171775
4741925,1427968563
4858299,1430619414
5025009,1434645488
5212614,1439237839
5378816,1443256472
5131640,1437284043
5722359,1451283971
5043301,1435127987
5256563,1440310042
5296568,1441280085
5049813,1435249037
5513532,1446409843
5231110,1439671934
5032387,1434851861
5550284,1447239320
5719229,1451158486
5684405,1450225355
5516760,1446483793
5266998,1440566806
5179643,1438389539
5594008,1448261332
5029589,1434742391
5097372,1436427437
5118421,1436947449
5300978,1441374168
5342009,1442402218
5568409,1447690488
5036928,1434988349
5672673,1449940768
5250196,1440130402
5264127,1440503260
5357095,1442786319
5295755,1441267698
5157277,1437907489
5096103,1436395444
5416142,1444173958
5353177,1442652498
5125230,1437077960
5369777,1443046746
5093220,1436348692
5618856,1448829072
5195209,1438797409
5539782,1447002750
5322739,1441913592
5320122,1441869944
5659969,1449675589
5610471,1448589206
5423080,1444306357
5350089,1442571578
5213521,1439267313
5386216,1443472441
5520689,1446563174
5552507,1447280628
5676180,1450057992
5311230,1441686523
5404337,1443875871
5091964,1436324830
5623007,1448917962
5456194,1445058963
5045911,1435170596
5449454,1444910147
5675285,1450028989
5165721,1438097460
5537598,1446923560
5419964,1444243617
5160710,1438002003
5067189,1435699841
5405763,1443926642
5118796,1436953763
5358730,1442830072
5180116,1438411752
5587646,1448057843
5086040,1436198123
5565671,1447631428
5511505,1446337916
5549401,1447220690
5143811,1437571463
5636181,1449163991
5289322,1441124254
5418026,1444214693
5111019,1436789979
5122009,1437022469
5242417,1439972122
5590919,1448170313
5069723,1435755462
5140006,1437494891
5508962,1446249654
5168858,1438164220
5303183,1441439255
5271992,1440665344
5692844,1450388637
5317326,1441805506
5352813,1442640244
5581809,1447944513
5279876,1440855603
5686290,1450264009
5052996,1435321048
5322253,1441904083
5462130,1445246431
5533934,1446820762
5269194,1440601679
5337715,1442315851
5986907,1456501592
5896591,1454893422
6286540,1462288074
5942100,1455734369
6396981,1464526407
6011193,1456978184
5790653,1452787650
6357916,1463685265
6301394,1462554000
6379197,1464148440
5938276,1455680079
6312979,1462845881
6367851,1463930194
6383910,1464228822
6335363,1463257532
5800969,1453021991
5838180,1453740979
6271889,1461937903
6227035,1461098468
5875276,1454455002
6306190,1462696761
6006584,1456906183
6320774,1462975087
6186822,1460357948
6296626,1462464985
6329284,1463125639
6010635,1456965440
6242883,1461367673
6260154,1461742044
6187009,1460360790
5899916,1454956686
5727540,1451404187
5747326,1451990857
6218849,1460969498
6234139,1461223311
5980666,1456406750
6302996,1462599633
5919632,1455296059
5744712,1451931691
5844307,1453855891
6322924,1463010734
6171575,1460024513
5908119,1455104873
6029488,1457358909
6140251,1459431111
6141238,1459444080
6036210,1457467226
5774127,1452522634
5947182,1455815325
5951505,1455890492
5726057,1451376618
6113142,1458894844
5732745,1451530431
6371060,1464004293
6273451,1461966364
6159325,1459832933
5846398,1453893361
6131504,1459284608
6207773,1460703239
5746740,1353504287
6081065,1458283727
6089149,1458468602
6391814,1464364488
6045314,1457619920
6139079,1459416177
5805356,1453121482
5865063,1454271921
6312612,1462833907
5953471,1455918176
6130437,1459268664
6326810,1463072600
5771359,1452472504
6221111,1461000714
6024462,1457244680
5872920,1454419171
6306373,1462702353
6022964,1457199534
5824811,1453443510
6038853,1457519211
6260640,1461749075
5872151,1454408888
6368037,1463934576
5921787,1455351843
5975285,1456326255
6326979,1463075255
5877928,1454503674
5824481,1453436071
5925909,1455474099
6241363,1461336970
6259117,1461720660
6316905,1462906703
6074531,1458177991
6113214,1458896357
5918366,1455279076
6366532,1463894048
5914178,1455202256
6037762,1457502306
6137283,1459380428
5730670,1451479125
6137346,1459382224
6630397,1469323119
6546694,1413083343
6930340,1475737491
6836950,1473970673
6751456,1472026116
7052826,1477048055
6733101,1471575538
6404949,1464701694
6907424,1475295889
6461882,1465857751
7242490,1480700346
6511990,1466847299
6734243,1471598781
7236309,1480597086
7158458,1479149785
7038689,1476821309
6936582,1475834356
7026806,1476624454
6585238,1468423130
7024124,1476549773
6681701,1470387510
6594488,1468590220
6732111,1471546317
7124155,1478478754
7078356,1477542289
6523288,1467116216
6843103,1474125617
6541639,1467467047
7058869,1477181492
6770704,1472482395
6855437,1474405384
6714667,1471173131
6742542,1471852285
6618289,1469090035
6543183,1467526340
6635590,1469457047
7114383,1478253568
6738917,1471722062
6433136,1465268885
6407935,1464762012
7228093,1480462464
7267480,1481198569
6681932,1470390571
7273648,1481300887
6638232,1469514591
7190950,1479754269
7067737,1477373222
6946577,1476056353
7036941,1476797778
6916032,1475502904
7176676,1479449869
6686740,1470521671
6457597,1465779500
7053357,1477056181
6847222,1474260611
6943622,1475986908
7057029,1477138240
6480960,1466192582
7106508,1478114560
7214332,1480193264
6598705,1468709369
7216494,1480258337
6511669,1466837159
6650562,1469720449
6745864,1471918634
6866000,1474564184
6952674,1476167358
6506387,1466717446
6474040,1466070933
7277304,1481388868
6428130,1465170090
6939362,1475876676
7103182,1478069989
6647782,1469681169
6424525,1465090469
6423231,1465050215
6762280,1472228129
6397712,1464546802
6595736,1468611285
7030620,1476701790
7090153,1477779074
6417398,1464918275
6668894,1470158219
7191612,1479765719
6702228,1470862009
7095352,1477920331
6857110,1474443804
6768248,1472433334
7119822,1478367161
6612891,1469006706
6623294,1469162733
6461303,1465845757
6732606,1471559372
6884048,1474916116
7020743,1476468421
6504933,1466693827
6516853,1467004919
6802741,1473216018
6404027,1464688659
6431677,1465234786
7295599,1481706960
7657180,1488613947
7334203,1482487250
7585973,1487439830
7475838,1485462213
7984318,1494309407
7766024,1490438908
7745011,1490093118
7357673,1483095804
8031980,1495119399
7788402,1490822370
7760910,1490340410
7739171,1490004333
7973386,1494082849
8000016,1494543531
7290715,1481628977
7746472,1490109458
7563454,1487082008
7693707,1489214285
7347925,1482890684
7456317,1485155870
7916257,1493072725
7492260,1485816304
7429461,1484643656
7577786,1487284744
7386830,1483770375
7791963,1490877400
7906796,1492885749
7849631,1491901551
7544724,1486715304
7729531,1489789075
7991624,1494418149
7694287,1489227346
7373353,1483521547
7706098,1489456482
7705108,1489435380
7281962,1481496782
7535975,1486574863
7773898,1490615140
7495742,1485875474
7516523,1486232393
7662164,1488727597
7343051,1482772591
7394787,1483969680
7766155,1490441795
7865680,1492147892
7411279,1484245238
7894339,1492675529
7444874,1484894397
7703718,1489417186
7404079,1484130547
7945176,1493590738
7697951,1489312072
7846454,1491845951
8001192,1494570514
7423199,1484528000
7986994,1494341963
7607340,1487796418
7864052,1492111430
7704419,1489425854
7758191,1490288471
7872222,1492280085
7974115,1494097808
7858604,1492026776
7922319,1493163346
7462273,1485253414
7888119,1492585953
7429636,1484645993
7867485,1492175514
7995915,1494487781
7527095,1486449046
7329095,1482390762
7488674,1476175077
7744381,1490085722
7285576,1481553839
7712365,1489547350
7948859,1493669819
8016847,1494894902
7310410,1481983779
7764996,1490410660
7876254,1492386846
7370374,1483460806
7513332,1486155390
7695733,1489254893
7815038,1491317196
7916373,1493075655
7816617,1491336340
7389300,1483835625
7655893,1488577622
7696199,1489264781
7854973,1491982169
7950271,1493703659
8011515,1494797611
7365793,1483369366
7436683,1484755390
7488129,1485751293
7588866,1487517578
7666843,1488808783
7733997,1489899782
7885276,1492532751
8605685,1505336629
8410477,1501750771
8384910,1501304078
8565438,1504639661
8329213,1500441276
8075540,1495914576
8353711,1500824148
8124392,1496825340
8235224,1498797504
8176763,1497722660
8622814,1505662358
8458083,1502628215
8229534,1498709537
8602940,1505301537
8271180,1499435063
8584998,1504979043
8236076,1498809749
8092340,1496237972
8813647,1508657614
8359315,1500918636
8040369,1495276568
8529954,1503969664
8516987,1503669085
8266719,1499364476
8484885,1503075120
8621823,1505641612
8119069,1496744562
8813473,1508652354
8609461,1505396372
8214951,1498471213
8774513,1507957732
8645552,1505961309
8549456,1504289657
8844500,1509118513
8223367,1498612710
8621405,1505632348
8783169,1508143104
8570634,1504720429
8308920,1500048217
8668595,1506326984
8041366,1495298263
8773741,1507933773
8612526,1505448472
8786541,1508184928
8304961,1499991446
8834635,1508977111
8033429,1495140497
8086274,1496145230
8710012,1506967487
8732457,1507294712
8378061,1501180653
8776518,1507998042
8540635,1504138283
8540074,1504124281
8189212,1497969310
8833078,1508951023
8225004,1498640009
8130139,1496910361
8356294,1500883015
8674275,1506405581
8125934,1496842328
8777856,1508029519
8314042,1500179155
8420801,1501922711
8149463,1497277248
8235475,1498802175
8613502,1505463229
8681735,1506502330
8384487,1501290083
8521115,1503764363
8069131,1495784343
8416262,1501835963
8197926,1498110929
8388869,1501406759
8777147,1508010000
8549694,1504294395
8146119,1497222318
8569991,1504711695
8249527,1499099179
8390913,1501453519
8560158,1504551196
8366737,1501028946
8236892,1498820047
8252097,1499151523
8371891,1501092825
8522174,1503799682
8566169,1504656447
8155759,1497369371
8533012,1504014771
8085795,1496139358
8332711,1500477720
8333028,1500480969
8377552,1501173551
8623462,1505676471
8779354,1508068908
8373469,1501124495
8156159,1497374853
8241624,1498924173
8393433,1501497762
8836299,1509005620
9072753,1512740552
8990329,1511356738
9407941,1519536948
9315690,1517821064
9430855,1519933306
8849755,1509229230
8947333,1510773102
9218680,1516008317
9140652,1514269972
9363441,1518677043
8923126,1510382362
8964393,1511046936
9479925,1520861737
9128863,1513892602
8923742,1510396107
9182743,1515281650
9112151,1513578116
9194965,1515525066
9052139,1512407110
9122757,1513773883
8939181,1510666273
9068493,1512664374
9135359,1514084010
9092563,1513150056
9175971,1515129413
8968910,1511148562
9392446,1519235171
9363181,1518670965
9049108,1512364181
9300659,1517497119
9476887,1520807037
8952552,1510845889
9261745,1516792792
9415280,1519674571
9451634,1520345271
9182414,1515271381
9335403,1518122737
9422807,1519807043
9021547,1511889395
9477275,1520819656
9473420,1520719751
9040520,1512152428
9431952,1519954850
9247345,1516539633
9201884,1515644606
8982800,1511303842
9045445,1512278337
9003777,1511529400
9492890,1521045727
9042297,1512198702
8881063,1509717731
9045285,1512273055
9085936,1513030995
9404237,1519438840
9448460,1520293230
9429989,1519921078
9165037,1514916500
9254028,1516661215
9108369,1513464170
9103285,1513336002
8964442,1511048698
9239154,1516351547
9470610,1520656279
8924392,1510409803
9159902,1514789255
9086772,1513052053
8861637,1509444589
9277778,1517088691
9268630,1516898161
9118870,1513698310
9129194,1513902953
9215367,1515926736
9311041,1517708728
8919631,1510318506
8877681,1509665177
9101021,1513287901
9208152,1515748120
9482254,1520894064
9137363,1514150947
9414283,1519660094
9472307,1520695062
9493272,1521050638
8973018,1511203282
9135643,1514096926
9271127,1516949724
8981199,1511285354
9260781,1516779694
9400819,1519378601
9469638,1520628352
9368848,1518773157
9111696,1513566236
9460784,1520494102
9205494,1515694041
9483760,1520925321
9035955,1512073891
9117518,1513679030
9202134,1515649580
9352847,1518492145
9414971,1519669522
9435382,1520012777
9983652,1529800864
9506773,1521276815
9703451,1524738788
10006183,1530195558
9542989,1521856385
9643220,1523646983
9571463,1522347931
9934276,1528872762
9885747,1527957373
9593060,1522782849
10018602,1530474208
9931829,1528826579
9580869,1522557704
9751398,1525677438
10049514,1531056684
9516820,1521464527
10035190,1530769340
9510800,1521350734
9727704,1525214229
9707286,1524782382
9515210,1521446215
9819585,1526834502
10078148,1531517905
9782619,1526179742
9670009,1524143399
9749118,1525622032
9655667,1523917525
9543594,1521875356
9500464,1521160858
9782885,1526189576
10009287,1530253760
9670371,1524147731
9919423,1528579628
9895048,1528165354
10061532,1531258193
9840684,1527163557
10086964,1531727732
10001413,1530121159
10096713,1531877718
9517318,1521469508
9875189,1527759700
9599508,1522884059
9676849,1524260064
9819015,1526821987
10070015,1531391596
9805823,1526556401
10040045,1530841188
9782019,1526157503
9856240,1527468388
10052728,1531127201
9814002,1526685447
9548428,1521989149
9831001,1527023478
9807989,1526582422
9495657,1521096428
9581602,1522576494
9964275,1529442458
9959517,1529374670
9969144,1529518248
9985614,1529856595
9999799,1530100563
10040457,1530850460
9579662,1522520934
9947723,1529082622
10069349,1531384502
9835949,1527093915
9633065,1523485051
9864999,1527603977
9573948,1522399433
10042664,1530882803
9690450,1524564076
9911069,1528404815
9706410,1524768102
10046090,1530961185
9562117,1522216398
9585396,1522662468
9824631,1526927820
10050420,1531076010
9850578,1527327795
9636073,1523535413
10081636,1531584655
10108584,1532054420
10054961,1531154563
9501928,1521189706
9767061,1525893909
10044319,1530909457
10029433,1530665239
9733228,1525318189
9942747,1528993475
9964019,1529437823
9815470,1526726674
10128976,1532447389
10048382,1531028231
9961223,1529401882
10016219,1530408580
10047590,1530998174
9610988,1523091140
9713326,1524895031
9718590,1525030881
9811166,1526639429
10262805,1534998858
10232932,1534404423
10276092,1535289438
10415970,1537920230
10215301,1534077660
10200497,1533774920
10194070,1533673652
10660847,1542339026
10671956,1542577454
10597994,1541187090
10570372,1540728579
10624521,1541690351
10705248,1543221251
10465165,1538816771
10370098,1537082133
10308255,1535940940
10170808,1533208989
10140821,1532629980
10628853,1541765934
10332617,1536352833
10499751,1539444705
10296584,1535649892
10669819,1542531721
10244126,1534618572
10616752,1541570027
10421103,1537997587
10542695,1540239012
10294812,1535628054
10255994,1534871197
10589070,1541042692
10644546,1542091829
10576322,1540834231
10339757,1536544535
10202292,1533806295
10597313,1541175861
10136501,1532570708
10517777,1539769309
10620788,1541627070
10277347,1535318297
10608731,1541433138
10255067,1534858389
10139615,1532614596
10239445,1534510553
10502606,1539519604
10465240,1538818846
10250051,1534769840
10151621,1532873634
10355850,1536796622
10598503,1541198504
10179012,1533358669
10381760,1537292460
10675641,1542642102
10364805,1536942652
10649500,1542162616
10386133,1537365533
10251030,1534782702
10220427,1534176619
10574731,1540814943
10612004,1541492359
10444357,1538457358
10304597,1535827924
10233220,1534408547
10521130,1539816440
10233262,1534409015
10466645,1538849885
10459429,1538703258
10134664,1532535891
10397331,1537541146
10560942,1540524162
10580803,1540907611
10240714,1534529215
10216058,1534095499
10709934,1543299547
10596183,1541161175
10218129,1534147491
10591846,1541085364
10469210,1538923344
10633733,1541870490
10583976,1540961847
10660856,1542339165
10693530,1542938267
10163714,1533098266
10483008,1539160360
10568293,1540666256
10649556,1542163765
10492910,1539314374
10136025,1532558080
10168791,1533180309
10240229,1534521333
10143914,1532688266
10131616,1532498899
10163275,1533087773
10159788,1533029672
10259251,1534934511
10302367,1535769614
10367710,1537015634
10393217,1537470964
10415211,1537903810
10598759,1541206548
10625884,1541709636
11232091,1553086345
10829044,1545653980
11070463,1550300269
10855529,1546379954
11222963,1552941992
11163122,1551928106
10870968,1546679863
11110509,1551038951
11082866,1550560266
10755032,1544103096
11053343,1550009430
11098908,1550795656
10889650,1547035777
11277108,1553856905
10922372,1547641561
11162983,1551925341
11168443,1552008653
10737396,1543817695
11049287,1549955312
10844937,1546046021
11187883,1552345114
11258651,1553581266
10710625,1543309820
10919961,1547604781
11197301,1552482425
10828054,1545633071
10886283,1546977413
10830219,1545683942
11244192,1553274347
10715700,1543390590
10918680,1547579133
10785117,1544692368
10827766,1545624669
10964685,1548372368
11113397,1551094694
11064604,1550185006
11267281,1553700030
10713813,1543352581
11241501,1553238868
11059335,1550101938
11206079,1552610607
10869644,1546639696
11083821,1550572631
10779916,1544605058
10921574,1547631817
10997067,1548953130
11048919,1549949355
11163817,1551940990
10772341,1544467691
10998152,1548970007
11158386,1551859290
11212736,1552739103
10963649,1548355385
11040740,1549795769
10731610,1543667183
10768751,1544408727
10874368,1546767359
10913537,1547492406
10964673,1548372160
10988830,1548834031
10797469,1544965417
11258737,1553582586
10864759,1546550035
10798352,1544985503
10719083,1543434366
10811142,1545224506
10769507,1544426996
10930703,1547765464
10817737,1545342397
11260596,1553606205
11157647,1551846851
11051724,1549986026
10883855,1546945366
11142072,1551577201
11277706,1553865257
10958833,1548292522
10779479,1544598811
11118334,1551172360
11135080,1551430607
11098070,1550779083
11245276,1553294459
11274687,1553809498
10733023,1543699811
10794349,1544872045
11225161,1552984992
10941740,1548012998
10998451,1548975743
11244243,1553275156
11030814,1549575244
11070044,1550287053
11064687,1550187046
10865139,1546559231
11127662,1551305643
11107398,1550958994
10724849,1543526091
10757185,1544135464
10765499,1544318794
10854968,1546363625
10927691,1547724684
10996746,1548949381
11564487,1558995413
11725056,1561995857
11355926,1555162916
11348853,1555025851
11462274,1557196217
11421839,1556427708
11515528,1558092560
11580831,1559266650
11555352,1558803230
11748924,1562450716
11618586,1560005140
11328614,1554721000
11756529,1562618304
11439134,1556749342
11561121,1558947259
11720193,1561900175
11357695,1555208910
11644523,1560452555
11426624,1556535178
11716727,1561795217
11741232,1562271323
11505680,1557940993
11590208,1559487366
11743228,1562317934
11580138,1559248080
11313341,1554401749
11622114,1560096547
11540076,1558536265
11391711,1555866384
11746588,1562389660
11409289,1556178913
11332693,1554789833
11649567,1560537898
11278044,1553869735
11537219,1558499445
11749309,1562467880
11299809,1554210243
11540506,1558541551
11549527,1558691602
11680166,1561106497
11702897,1561548942
11467907,1557287552
11607307,1559798891
11388819,1555784846
11742875,1562312537
11524853,1558291407
11669787,1560940984
11656388,1560726533
11640416,1560404028
11386831,1555738796
11293079,1554130846
11644205,1560447834
11454308,1557036160
11334569,1554813105
11296621,1554174569
11472543,1557352660
11533625,1558440089
11734394,1562156793
11408942,1556174000
11535369,1558460137
11296358,1554170719
11503138,1557911818
11750797,1562509687
11409953,1556186799
11442410,1556808298
11531487,1558412337
11699931,1561497067
11495043,1557780336
11669515,1560937848
11342126,1554920134
11339429,1554888424
11588912,1559456090
11453377,1557005074
11603913,1559735843
11537846,1558509543
11554957,1558795580
11399424,1556018788
11721428,1561932588
11752062,1562546690
11390282,1555832995
11325811,1554663514
11569867,1559080913
11574928,1559160002
11607285,1559798235
11727952,1562053462
11681752,1561126950
11665814,1560875651
11392626,1555891418
11679359,1561094426
11503029,1557910563
11678386,1561067566
11545480,1558621511
11313071,1554397885
11317450,1554472184
11405143,1556106891
11471145,1557330617
11539679,1558531272
11565956,1559028201
11568337,1559056307
11706631,1561615126
11901732,1565263698
11998382,1567153445
12001122,1567196039
12016688,1567544587
11793491,1563297092
12242085,1571469098
11790637,1563262777
12319746,1572862081
11816060,1563735867
12097673,1569019461
12132509,1569613670
12040751,1568020801
11805611,1563493495
12169560,1570296194
11850322,1564373093
12096670,1568997927
11809811,1563562169
12213858,1571049481
12244355,1571513829
12057138,1568276007
11857974,1564493598
12280396,1572153900
11833899,1564027032
11986067,1566939613
12282048,1572191988
12228795,1571255401
12098706,1569052456
11834577,1564038032
12267349,1571902363
12116507,1569381862
12055667,1568246528
12030613,1567774017
12314521,1572752653
12066237,1568445382
12067462,1568473764
11938139,1565994296
11952235,1566311718
12350323,1573375518
12282925,1572210347
11913236,1565505955
12003811,1567272372
12068208,1568490891
12030711,1567775098
12087451,1568844648
12206796,1570903639
12060231,1568317431
12107639,1569246574
12340650,1573172598
12202502,1570814186
11933251,1565897830
11943549,1566151076
11934175,1565923919
12050818,1568172715
11891020,1565112764
12173452,1570389631
12351966,1573409402
12125479,1569506406
12201107,1570797361
11822402,1563855687
12210876,1570995078
11969264,1566591314
12131119,1569593478
11830293,1563970775
12363034,1573588023
11944737,1566188562
11955589,1566372680
12034851,1567867378
12170208,1570310846
12228598,1571252644
12251061,1571655756
12310626,1572657956
12079613,1568723764
12243798,1571502747
11815002,1563712251
12034811,1567866574
11787380,1563204785
12366913,1573649809
12349434,1573348950
12365115,1573628185
11842484,1564157297
12296645,1572431238
12306387,1572582716
12066503,1568452170
12153496,1570015726
12173250,1570385452
12223836,1571194666
11933986,1565918990
11963124,1566483098
12110618,1569292964
12139220,1569773957
12237934,1571394797
12312751,1572709715
11995668,1567095990
12212411,1571031091
12035427,1567880229
12069175,1568528329
12098278,1569041479
12224552,1571207053
12365647,1573635052
12369015,1573675717
12439683,1574787774
12466687,1575268235
12462568,1575171882
12931358,1582192408
12372992,1573738080
12596824,1577298683
12415855,1574420405
12709265,1578987072
12684120,1391601221
12519771,1576083119
12783363,1580001183
12609881,1577480249
12663117,1578332067
12728698,1579230065
12586440,1577123816
12775432,1579870388
12633371,1577813729
12485974,1575552646
12526953,1576177176
12919727,1582037307
12883179,1581484723
12627448,1577734207
12662642,1578326370
12771298,1579808658
12525976,1576165118
12841604,1580849177
12454866,1575003409
12645056,1578030146
12634706,1577848482
12535999,1576316165
12714139,1579043767
12875502,1581379397
12842649,1580870327
12652230,1578141397
12587043,1577133446
12646090,1578044717
12682141,1578568677
12454241,1574986751
12704512,1578921563
12637530,1577904913
12724224,1579174020
12481380,1575481069
12862278,1581144896
12379013,1573828115
12482184,1575491866
12801898,1580243667
12889609,1581566916
12902578,1581759377
12380212,1573844551
12467295,1575277245
12783164,1579996226
12737448,1579353920
12838566,1580814054
12815867,1580410184
12679909,1578543860
12915212,1581973996
12498603,1575775836
12525654,1576161812
12567158,1576784136
12572068,1576861459
12834417,1580750359
12501041,1575825334
12456642,1575031511
12658466,1578265385
12464213,1575211980
12455457,1575014223
12922440,1582073306
12439452,1574785823
12811962,1580369907
12864512,1581187282
12843726,1580887253
12735824,1579328421
12723376,1579165793
12777747,1579898519
12374659,1573757385
12631750,1577788780
12828286,1580653336
12650341,1578109285
12766690,1579761028
12551780,1576581309
12754311,1579606474
12839723,1580826781
12420401,1574506070
12679908,1578543801
12661764,1578316501
12793686,1580151130
12399632,1574189715
12405087,1574265152
12427078,1574653975
12448182,1574885885
12490189,1575621073
12559092,1576676884
12604748,1577418755
12649876,1578099596
12903724,1581780198
12377774,1573811805
12924893,1582107404
12459040,1575083434
12485188,1575542425
12888983,1581553227
13086128,1584586446
13000695,1583251947
12975140,1582828656
13000229,1583247031
13132728,1585277810
13242312,1586206288
13351890,1587269566
13049379,1583993138
13157917,1585601921
13174189,1585682301
13176726,1585700763
13014864,1583438107
13095767,1584721608
13136530,1585326336
13314132,1586887493
13039962,1583853557
13175203,1585687911
13114791,1585039972
13354525,1587302696
13325186,1586987532
13046093,1583938574
13178155,1585714444
13258121,1586341926
13200217,1585840987
13377970,1587533359
13344315,1587172633
13097857,1584758942
13128113,1585219247
12941616,1582331559
13070106,1584356750
12991543,1583129012
12952673,1582537245
13105822,1584903677
13075132,1584433862
13196187,1585821785
13339979,1587130407
13175624,1585690801
13296605,1586723701
13359236,1587360848
13338662,1587119577
13266627,1586416901
12967038,1582724781
12950642,1582506058
13075718,1584440923
13149907,1585530660
13288540,1586625558
13060873,1584175790
13065680,1584278227
13282965,1586558841
13253060,1586291525
13354003,1587297001
12938851,1582291296
13317529,1586925121
13171329,1585668798
13379862,1587548961
12973461,1582809768
12951917,1582528660
12977237,1582866413
13038583,1583838616
13387473,1587618705
13244198,1586225248
13377704,1587530134
13165131,1585645962
12974991,1582827190
13285308,1586593443
13139121,1585372193
13132086,1585264162
13075936,1584443410
13264186,1586388082
13009993,1583382945
13341886,1587145173
12986220,1583015678
13099982,1584799155
13083614,1584546221
13124660,1585165246
13333696,1587065101
13022673,1583570173
13352833,1587283616
13355270,1587310053
13016698,1583471517
13035946,1583796575
13214266,1585936170
12988214,1583063516
13048686,1583979663
13109527,1584965983
13159736,1585613913
13101085,1584815152
13103377,1584864457
13223866,1586033356
13262427,1586371615
12950145,1582493160
12980093,1582902666
13063547,1584226659
13109065,1584960522
13144557,1585445525
13150438,1585541497
13158455,1585604672
13239908,1586189026
13241026,1586196471
13361522,1587380385
13802115,1592952141
13629335,1590602257
13843268,1593547834
13519865,1589218320
13392257,1587657044
13849446,1593633209
13562186,1589736372
13877794,1594041334
13742665,1592109051
13391350,1587650848
13496839,1588923465
13740625,1592065513
13657037,1590998876
13757692,1592327014
13793478,1592843453
13413858,1587940448
13402819,1587785875
13860156,1593787624
13727011,1591871544
13911870,1594474456
13882158,1594098471
13628900,1590598046
13828837,1593345570
13684789,1591331114
13875491,1594018399
13561669,1589729941
13891321,1594206146
13818062,1593163536
13621709,1590512173
13836950,1593463488
13473495,1588670918
13624773,1590555364
13878686,1594050045
13746895,1592185280
13545928,1589511170
13692287,1591424417
13816273,1593136030
13452863,1588402435
13869422,1593937171
13846537,1593599431
13457825,1588471631
13888223,1594167094
13510557,1589103981
13691305,1591407978
13434380,1588174490
13441089,1588251672
13737721,1592016788
13698449,1591514212
13901207,1594322994
13614287,1590420201
13590238,1590072963
13687395,1591360173
13602940,1590246150
13661262,1591045686
13865229,1593877486
13593338,1590110425
13711425,1591683711
13679066,1591265516
13639429,1590730033
13585963,1590022185
13640183,1590738949
13421065,1588026970
13565916,1589791182
13832488,1593411668
13552076,1589583239
13711721,1591686752
13732442,1591944068
13843254,1593547528
13672967,1591191643
13710497,1591669828
13805268,1592995952
13470478,1588629971
13665297,1591100301
13778105,1592599526
13604476,1590268017
13660013,1591031419
13857272,1593751456
13874852,1594009480
13418824,1588001990
13724968,1591847191
13765507,1592430924
13771634,1592513373
13845966,1593593091
13401839,1587766501
13625670,1590566341
13744216,1592137694
13779812,1592635914
13751747,1592247137
13544780,1589492870
13390999,1587648207
13450768,1588366019
13648123,1590848216
13900777,1594318235
13554193,1589621443
13695748,1591467597
13774073,1592555360
13775773,1592573187
13839395,1593504061
13891854,1594211867
13915619,1594540502
13944524,1594931844
13946204,1594965168
14337399,1600997541
14045537,1596512374
14154784,1598237322
13968392,1595320802
13971251,1595352194
14364775,1601434157
14159635,1598296489
14220087,1599211446
14084653,1597120822
13981672,1595497521
14293020,1600332992
14182249,1598615784
14000710,1595820722
14122835,1597720003
14364672,1601431957
14101264,1597342804
14199477,1598917306
14311637,1600642737
13982165,1595502988
14068964,1596847579
14348930,1601199478
14243731,1599593152
14042465,1596465057
14222808,1599243682
14296877,1600375713
14102599,1597370010
14359801,1601367072
13972322,1595366641
14317802,1600730180
14145634,1598047401
14125020,1597749318
14122775,1597718860
14217529,1599165615
14324456,1600825678
14154498,1598230757
14134673,1597890555
13947464,1594981477
13996686,1595743335
14072615,1596915966
14009369,1595936646
14073330,1596935119
13941174,1594892852
14273766,1600073368
14234587,1599472446
14261610,1599840990
14081312,1597069908
14363471,1601408187
14272004,1600042832
14275360,1600091356
13975334,1595413645
14066157,1596803325
14255458,1599751902
14162909,1598350170
14029272,1596208594
14042115,1596460835
14203965,1598978469
14322014,1600787770
14114860,1597591159
14290165,1600287426
14006919,1595905069
14119317,1597666646
14219865,1599208566
13965149,1595268278
14066528,1596808098
14132036,1597846140
14228983,1599375436
14347880,1601178391
13934928,1594808642
14083356,1597095343
14270056,1600005254
14289934,1600284413
14258266,1599800196
14055766,1596650774
14089426,1597178319
14104381,1597397975
14160779,1598318862
14211325,1599081260
14157793,1598276440
14186201,1598683636
13957426,1595152557
14197547,1598888719
14301835,1600446748
14337446,1600998602
13923261,1594650383
13947791,1594985419
14110167,1597496745
14012490,1595975628
14192262,1598807587
14194455,1598855095
14313395,1600675464
13946169,1594964728
13981127,1595491932
14052592,1596615254
14114212,1597580975
14140563,1597972666
14193942,1598846333
14226605,1599319724
14363736,1601411745
14449816,1602685975
14566295,1604345986
14682396,1605977564
14557595,1604219294
14445883,1602639704
14724837,1606571120
14589610,1604657028
14641214,1605424341
14416045,1602183859
14409562,1602097030
14481140,1603141996
14471688,1603014028
14731895,1606693825
14546482,1604027032
14715170,1606413238
14761117,1607060522
14477706,1603105075
14459861,1602816054
14774643,1607266561
14679964,1605942669
14458035,1602785200
14607831,1604946376
14755868,1606994892
14707430,1606317474
14471988,1603018703
14370243,1601500901
14438520,1602538657
14510833,1603524151
14749068,1606913287
14534411,1603875472
14742490,1606831254
14525869,1603765061
14423238,1602285084
14453891,1602744326
14401364,1601993385
14454416,1602750127
14474484,1603055017
14531168,1603825934
14611943,1605004765
14747381,1606896317
14559478,1604250466
14476934,1603096738
14497660,1603347219
14428141,1602370669
14722376,1606526769
14504163,1603426860
14664513,1605729318
14450894,1602697057
14537948,1603910209
14368606,1601480861
14681964,1605971752
14405814,1602056983
14492782,1603284873
14560222,1604262618
14697058,1606199887
14752375,1606949548
14476523,1603092326
14671518,1605814897
14385123,1601734580
14508353,1603475174
14637870,1605359058
14683196,1605989238
14435587,1602503200
14488903,1603236972
14515013,1603602316
14489213,1603243134
14594233,1604726196
14446528,1602650335
14492893,1603285817
14424660,1602314287
14613028,1605016078
14652006,1605581526
14732164,1606699777
14558429,1604234136
14607323,1604941264
14672100,1605823914
14697432,1606204165
14524967,1603747988
14375411,1601572061
14394765,1601904311
14575101,1604470106
14656828,1605635416
14679395,1605932073
14737984,1606771428
14507765,1603468316
14545124,1604002650
14554684,1604156129
14558078,1604228154
14594203,1604725677
14617774,1605080789
14629079,1605221103
14637434,1605351362
14729187,1606650165
14431304,1602432130
14507879,1603469651
14562142,1604299806
14597172,1604774696
14658397,1605657457
14664418,1605728303
14673088,1605842408
15051310,1611224556
15233792,1613638463
15182215,1612949774
15067623,1611434157
15178267,1612895530
14777930,1607321797
14953535,1609953223
15233108,1613631901
14995131,1610505349
15080473,1611617814
15093600,1611770390
15010256,1610688491
15209268,1613325122
14873823,1608663612
14849198,1608282537
15201553,1613189753
14828964,1608023334
15177497,1612888300
14890683,1608965300
14979776,1610316684
15072863,1611521588
14894361,1609035676
14871954,1608642425
14779240,1607336436
14944414,1609848652
15025567,1610908657
15107234,1611935617
14799935,1607591294
15038713,1611074973
14815334,1607809221
15008646,1610661135
14871467,1608637317
15029868,1610971934
14937262,1609759466
14944949,1609853756
14928444,1609609441
15040738,1611098698
15138238,1612362533
15202159,1613200675
15161229,1612669169
15203179,1613217887
15164210,1612718451
15014628,1610735044
15171270,1612810755
14955502,1609980708
15041996,1611119619
15135314,1612332224
14868452,1608592118
15148825,1612485713
14929328,1609625332
14910186,1609284691
14910411,1609289520
14924539,1609540396
15192173,1613060710
15061312,1611336511
14947820,1609883791
14808050,1607694281
14810457,1607723309
15066487,1611417980
15097430,1611823942
15166840,1612764172
14935439,1609737495
15137264,1612352809
14895078,1609053101
15183599,1612963895
14953481,1609952681
14833456,1608074401
15102993,1611885254
15203207,1613218373
15047120,1611169384
15061658,1611340547
15209531,1613329056
14812471,1607766619
15230943,1613598593
14970638,1610175563
15066440,1611417333
15006916,1610641823
15007217,1610644406
15136506,1612345598
14861805,1608499438
15089106,1611725878
15094147,1611776182
15162567,1612695086
14999723,1610554715
15018497,1610800039
14954949,1609970202
15229942,1613586647
14896026,1609070871
14777331,1607311298
14850661,1608299301
14870677,1608628298
14913734,1609337433
14806347,1607674249
15127921,1612246205
15141244,1612395748
15147294,1612463707
15153601,1612543484
15198027,1613138161
15212983,1613385083
15235629,1613655707
15307950,1614610213
15393431,1615721163
15412256,1615953922
15342452,1612882932
15599916,1618074778
15264946,1614062412
15263876,1614047616
15474507,1616637828
15317245,1614712950
15250454,1613849484
15298141,1614462504
15517888,1617144189
15605043,1618152026
15482106,1616708848
15430546,1616138582
15298806,1614476741
15374305,1615453524
15404748,1615864953
15268436,1614095886
15277269,1614189438
15596825,1618036501
15543946,1617437257
15653864,1618537002
15532072,1617289926
15311893,1614660027
15273973,1614160829
15670586,1618648185
15401199,1615819907
15471010,1616599729
15605961,1618162421
15346093,1615095059
15590480,1617961490
15416626,1615997463
15682978,1618757754
15657608,1618556688
15282764,1614254373
15316330,1614703080
15256210,1613952512
15449021,1616388314
15282696,1614253806
15350235,1615158523
15524911,1617216179
15448432,1616379277
15367523,1615372117
15525272,1617219919
15693344,1618836637
15330859,1614872771
15698979,1618880452
15566455,1617720508
15303860,1614560844
15472073,1616608874
15640044,1618442852
15242858,1613739639
15249127,1613830690
15491880,1616816459
15571194,1617775872
15535355,1617327323
15661413,1618581768
15291069,1614352281
15384913,1615576105
15477627,1616670595
15472234,1616610183
15547407,1617482557
15610445,1618220609
15349808,1615149960
15615313,1618264866
15363100,1615313008
15446567,1616349238
15454218,1616432645
15465299,1616545266
15640143,1618444617
15510994,1617080325
15563841,1617699214
15452720,1616421158
15697347,1618864231
15283692,1614262579
15349492,1615144920
15576838,1617820353
15298693,1614474284
15316193,1614701873
15390686,1615669554
15439977,1616251190
15481759,1616704090
15525981,1617229175
15551537,1617547822
15636660,1618413312
15660296,1618573813
15248724,1613825011
15338745,1614970146
15344083,1615054795
15373429,1615443745
15562865,1617690093
15309643,1614626882
15314746,1614689048
15336583,1614947143
15344606,1615063510
15393390,1615720493
15526144,1617231944
15546085,1617465350
15591248,1617967998
15747757,1619180191
15993687,1621611117
15900110,1620761107
16004199,1621732248
15907363,1620826989
15913281,1620884173
15975987,1621464291
15870185,1620463687
16037994,1622034120
15843133,1620220568
15766257,1619424021
15937619,1621115624
15970133,1621417250
15831522,1620123565
16072902,1622340544
15943221,1621182378
15938510,1621130423
15941430,1621165355
15772449,1619488438
16033105,1622000557
15948815,1621240099
15786791,1619628797
15939838,1621147878
15763745,1619389553
15818978,1620005623
15900224,1620762205
15947194,1621227040
15993130,1621607221
15744788,1619151793
15888639,1620664426
16067894,1622282353
15797540,1619744122
15822514,1620041103
16053579,1622154688
16005231,1621746294
15828701,1620099671
15879725,1620577540
15883526,1620626542
16070635,1622308598
15922454,1620967545
16090157,1622507372
15992045,1621599246
16087650,1622480202
15916786,1620912421
16002941,1621711682
16087803,1622481366
15819702,1620015204
16056388,1622183140
16042802,1622072392
15876839,1620547079
15927921,1621011059
15785985,1619622321
15811464,1619907923
15873291,1620496327
15850814,1620288730
16019080,1621877716
16090536,1622512087
15952602,1621265515
15819125,1620007723
16089847,1622502528
15787417,1619634399
15990312,1621586200
16011184,1621809528
16088657,1622488440
16090614,1622513074
15808153,1619868587
15871510,1620477017
15959016,1621324836
16084058,1622454245
15728048,1619042342
15740935,1619110490
15779967,1619562030
15894806,1620724179
15975952,1621463753
15784594,1619611953
15812088,1619919008
15935788,1621094396
16032151,1621989717
16033187,1622001428
16077694,1622390593
15742234,1619120015
15765365,1619415639
15776288,1619526633
15831384,1620122499
15848943,1620273733
15894506,1620722127
15914527,1620894011
15920267,1620942104
15954080,1621276859
15972168,1621431639
16012910,1621831000
16036613,1622025559
16037656,1622031965
16090084,1622506020
16090361,1622510069
16090435,1622510931
16090496,1622511693
16090680,1622513900
16090751,1622514729
16090807,1622515384
16383578,1625487999
16250404,1623915310
16136190,1622886965
16363897,1625211585
16312980,1624604246
16169533,1623192381
16238491,1623803317
16319191,1624674175
16393363,1625592819
16139086,1622914941
16206119,1623494724
16324245,1624745855
16330649,1624848377
16354567,1625105503
16353581,1625087399
16384503,1625495515
16354685,1625107478
16131596,1622836034
16348967,1625044422
16356720,1625130019
16249654,1623909120
16272800,1624185694
16092191,1622527396
16351576,1625066048
16179815,1623270506
16193835,1623385780
16322134,1624715848
16376208,1625391268
16339999,1624949090
16353492,1625086028
16109202,1622657872
16176691,1623248141
16289952,1624367088
16340011,1624949152
16355251,1625115600
16091451,1622521778
16091362,1622520827
16254805,1623951043
16326652,1624789450
16226955,1623708181
16270364,1624148754
16285814,1624331110
16333375,1624877011
16140353,1622932238
16299041,1624457986
16328041,1624805291
16354624,1625106417
16354183,1625098527
16354938,1625110979
16091078,1622518180
16201332,1623438491
16248542,1623896208
16283271,1624298325
16354723,1625107979
16091596,1622522967
16327116,1624794673
16222253,1623669616
16369656,1625283497
16116417,1622719649
16191453,1623357642
16091123,1622518687
16146917,1623006070
16182941,1623302445
16223381,1623678517
16281706,1624284985
16295483,1624427904
16337841,1624919498
16354215,1625099290
16354620,1625106365
16354732,1625108125
16388623,1625551108
16221350,1623662371
16129647,1622820292
16194967,1623394756
16310296,1624569830
16354489,1625104499
16091387,1622521111
16092167,1622527189
16235920,1623777496
16342729,1624972088
16353828,1625091012
16354901,1625110437
16355153,1625114125
16090871,1622516137
16091392,1622521162
16110097,1622665865
16122295,1622766195
16220610,1623656810
16265534,1624080811
16266564,1624094207
16271933,1624175444
16296913,1624440206
16300378,1624469535
16344053,1624983537
16354786,1625108975
16354833,1625109631
16354908,1625110516
16354929,1625110819
16355140,1625113945
16385283,1625502608
16462878,1626439220
16405935,1625737643
16425029,1626003374
16611809,1628319498
16532921,1627342061
16563251,1627666915
16498000,1626896736
16621315,1628476425
16472582,1626585132
16569183,1627766899
16523413,1627233664
16546574,1627479295
16544724,1627464166
16563869,1627675245
16524697,1627256500
16622198,1628488172
16401072,1625677135
16413558,1625824169
16483846,1626733118
16584791,1627989008
16407794,1625753468
16499019,1626913196
16515624,1627116868
16517341,1627137980
16615981,1628392971
16588016,1628019947
16551510,1627539419
16436352,1626148539
16470918,1626548049
16572029,1627824635
16400620,1625673463
16569549,1627775920
16548862,1627498512
16603555,1628198717
16507217,1627009225
16570161,1627793436
16523320,1627232631
16603354,1628195886
16598028,1628143789
16623111,1628497079
16631022,1628584384
16499995,1626928533
16515584,1627116263
16502390,1626952782
16547362,1627485211
16569882,1627786302
16563674,1627672104
16542616,1627444940
16637258,1628651322
16518280,1627150250
16550299,1627521277
16538566,1627398651
16648969,1628762336
16459959,1626409286
16569744,1627781864
16569806,1627783935
16426507,1626021856
16501491,1626944350
16569803,1627783738
16570109,1627792279
16591104,1628064479
16569416,1627772194
16498831,1626908987
16553911,1627561039
16455467,1626353929
16469317,1626526862
16507872,1627018171
16532913,1627341921
16537255,1627387801
16548440,1627494573
16483120,1626723698
16537348,1627388473
16569700,1627780789
16570663,1627802599
16643195,1628701031
16393886,1625598540
16446061,1626254697
16456930,1626366062
16460086,1626411071
16498710,1626906862
16569657,1627779499
16569716,1627781154
16569748,1627781986
16584100,1627982333
16610784,1628297521
16623091,1628496928
16619375,1628443414
16495596,1626872618
16458414,1626382915
16485928,1626764636
16534139,1627358967
16570435,1627799078
16570443,1627799282
16574573,1627870683
16562482,1627658593
16570507,1627800220
16570598,1627801422
16599244,1628155222
16600440,1628166368
16621341,1628476688
16900696,1631545094
16702151,1629345920
16891669,1631444154
16688854,1629206740
16669839,1629004931
16776897,1630198236
16821791,1630660515
16685119,1629176959
16742490,1629815992
16981179,1632371367
16684427,1629169031
16655800,1628830877
16733446,1629724506
16915566,1631686001
16754094,1629925275
16739361,1629789620
16937219,1631883263
16677732,1629104528
16700794,1629325587
16864745,1631142356
16923213,1631750540
16695407,1629278330
16801971,1630473817
16782326,1630272040
16791732,1630368004
16958886,1632152502
16801561,1630469062
16746325,1629859815
16752395,1629909299
16754569,1629932177
17010806,1632687573
16722673,1629578465
17016601,1632749690
16959293,1632155994
16715779,1629482422
16922127,1631735456
16689223,1629209347
16891248,1631438449
16974375,1632306357
16923083,1631748315
16961609,1632182137
16715393,1629478314
16716413,1629490040
16728463,1629667186
16887929,1631383172
16759719,1629984810
16773118,1630145518
16801025,1630462322
17004702,1632614856
16673362,1629048715
16749269,1629885647
16801667,1630470357
16940481,1631916630
17017029,1632752930
16652583,1628790352
16834581,1630836385
16979362,1632346186
16800319,1630451410
16910417,1631632584
16972898,1632295405
16663748,1628919436
16755664,1629949186
16836124,1630855705
16994913,1632494981
16933602,1631851000
16779224,1630233763
16801262,1630465317
16811857,1630563671
16838865,1630895894
16662578,1628898345
16800863,1630460258
16801097,1630463258
16801273,1630465459
16801768,1630471700
16850784,1631010463
16928435,1631796714
16754899,1629937834
16800472,1630453925
16802016,1630474299
16878946,1631279656
16941332,1631932920
17001261,1632570290
16763187,1630022165
16801798,1630471969
16839507,1630903037
17024659,1632826417
16666508,1628953519
16776181,1630183289
16776924,1630198932
16798512,1630429572
16800582,1630455982
16800829,1630459724
16800987,1630461850
16801030,1630462385
16801244,1630465173
16806634,1630511764
16939177,1631900189
16949439,1632046802
16962015,1632189363
16993791,1632485953
17197068,1634692867
17194313,1634663094
17233433,1635072047
17082611,1633457408
17148496,1634196472
17122431,1633903438
17170088,1634411175
17032002,1632902289
17189155,1634626340
17098913,1633614334
17089062,1633520727
17237434,1635126806
17236519,1635110905
17175713,1634487658
17217445,1634885885
17082597,1633457290
17066023,1633287680
17192866,1634653111
17265725,1635378455
17064640,1633270360
17231514,1635044239
17135667,1634050942
17248376,1635229602
17061394,1633227458
17295973,1635730810
17038688,1632957675
17261398,1635339585
17186867,1634601069
17212995,1634833647
17270456,1635422372
17061401,1633227523
17202382,1634737976
17252690,1635261780
17178039,1634519622
17221342,1634917669
17241650,1635164762
17265992,1635382358
17065906,1633285968
17204830,1634756144
17190687,1634637297
17040468,1632981264
17146663,1634172276
17166325,1634369714
17271462,1635429626
17289290,1635630470
17048856,1633071759
17124151,1633931832
17201840,1634734266
17296393,1635736927
17026851,1632842982
17084891,1633481960
17105500,1633684976
17160370,1634307131
17214450,1634847509
17068558,1633328946
17086481,1633501046
17093911,1633567323
17247339,1635219424
17047244,1633039649
17048401,1633067111
17080604,1633442274
17087292,1633507554
17140510,1634108739
17151143,1634221313
17203168,1634743210
17268748,1635409600
17048081,1633063279
17225547,1634970900
17236128,1635104796
17237490,1635127585
17241450,1635163174
17286400,1635584980
17296074,1635732440
17296394,1635736958
17046921,1633035453
17129125,1633977504
17132501,1634023432
17292352,1635678172
17296020,1635731591
17047942,1633061284
17048560,1633069016
17041101,1632987271
17043167,1633003434
17047853,1633049369
17048219,1633065146
17174444,1634474562
17208539,1634799850
17212121,1634827155
17030065,1632876352
17047615,1633045801
17111297,1633752676
17131781,1634015939
17176317,1634493556
17186246,1634593423
17214961,1634855109
17240509,1635156360
17282941,1635536629
17292693,1635682516
17295812,1635727959
17296359,1635736405
17580381,1638535959
17348251,1636271671
17556733,1638313484
17569967,1638437579
17347824,1636266242
17519455,1637957618
17620776,1638927013
17471060,1637499306
17561310,1638356261
17633664,1639038070
17301261,1635779942
17436415,1637139961
17563711,1638374194
17664156,1639387768
17312204,1635875880
17443466,1637201590
17443562,1637202895
17658752,1639321014
17397004,1636732680
17296544,1635738935
17560433,1638349758
17538713,1638172137
17625100,1638962533
17557035,1638317836
17503102,1637800867
17341789,1636184520
17461633,1637376617
17653244,1639241828
17397054,1636733038
17526563,1638043183
17500419,1637773131
17309067,1635853329
17510079,1637862444
17342599,1636194495
17331991,1636066868
17550772,1638265011
17554033,1638289122
17609267,1638843879
17558468,1638333614
17376254,1636541168
17445556,1637223395
17493607,1637720114
17505804,1637829541
17590045,1638645939
17564258,1638378499
17558270,1638331645
17413667,1636936044
17557401,1638322722
17560909,1638353333
17299542,1635767000
17512286,1637891389
17557536,1638324043
17557540,1638324105
17302045,1635786466
17413702,1636936555
17556938,1638316449
17557628,1638324988
17377723,1636552409
17609282,1638843970
17310565,1635863850
17557253,1638320928
17460307,1637355913
17482769,1637614895
17556968,1638316926
17556984,1638317175
17557358,1638322183
17558088,1638329700
17584252,1638572404
17621701,1638935209
17350008,1636293208
17430705,1637081655
17460089,1637353409
17518128,1637943561
17546164,1638223297
17549195,1638252888
17557169,1638319738
17558062,1638329408
17558136,1638330271
17558202,1638330876
17652002,1639227567
17493871,1637723163
17419955,1636992160
17301537,1635782142
17553923,1638288331
17296632,1635740522
17297070,1635745338
17334924,1636102406
17478115,1637576656
17493338,1637716799
17494454,1637729123
17517083,1637935207
17555342,1638299401
17557023,1638317766
17557070,1638318341
17557082,1638318467
17557382,1638322471
17557684,1638325458
17558499,1638333946
17583028,1638557338
17616824,1638895004
17945841,1642322521
17729094,1640059572
17696880,1639696405
17672187,1639469708
17721722,1639987183
17896651,1641848907
17778275,1640668416
17951403,1642391074
17932951,1642161211
17962148,1642491817
17946601,1642331855
17950970,1642386293
17876870,1641694719
17854027,1641495134
17867420,1641595077
17905006,1641918965
17981284,1642659426
17765114,1640504380
17764295,1640491171
17765892,1640514804
17785131,1640743636
17807039,1641000802
17767452,1640535498
17798344,1640882600
17961236,1642484198
17934191,1642172492
17750765,1640286875
17808219,1641024051
17757713,1640377287
17808683,1641031279
17684626,1639580909
17752379,1640312213
17984267,1642681572
17808561,1641029570
17918619,1642022205
17742505,1640192586
17796008,1640860352
17715921,1639917649
17779372,1640679512
17756392,1640358298
17806631,1640990775
17932182,1642154628
17967370,1642530653
17785616,1640749033
17881444,1641735731
17757170,1640368568
17784702,1640737438
17785642,1640749403
17664826,1639393532
17683553,1639572503
17751553,1640297743
17778760,1640673624
17807977,1641019955
17830795,1641292072
17852756,1641487672
17950820,1642384648
17990967,1642751330
17974915,1642600492
17807431,1641009337
17808269,1641024838
17796933,1640868679
17709739,1639840591
17806916,1640998197
17754665,1640338988
17983534,1642676063
17675887,1639497658
17807076,1641001750
17808596,1641030084
17908069,1641940968
17669595,1639438384
17679178,1639532745
17709959,1639843071
17745081,1640228890
17807675,1641014251
17807994,1641020234
17808476,1641028002
17850062,1641469499
17902691,1641904855
17943687,1642291312
17744325,1640214878
17758117,1640386200
17805018,1640963853
17807121,1641002738
17807334,1641007366
17990324,1642745871
17694807,1639673243
17735686,1640123354
17750735,1640286477
17760669,1640429934
17786882,1640763036
17791672,1640808519
17800084,1640904581
17807013,1641000263
17807147,1641003326
17807843,1641017526
17808017,1641020570
17808040,1641021010
17808145,1641022809
17892313,1641817231
17912724,1641979073
18018869,1643036782
18022759,1643072160
18004704,1642881324
18091040,1643722858
18192997,1644722031
18139225,1644217548
18086775,1643687381
18091627,1643727029
18193889,1644734607
18308621,1645791376
18148705,1644302051
18201795,1644825607
18084172,1643656623
18292875,1645646958
18163936,1644429338
18061379,1643401325
18005471,1642891555
18001326,1642846767
18003955,1642872878
18252875,1645278784
18124080,1644021672
18088716,1643705159
18071805,1643540550
18165913,1644448005
18017386,1643026678
18135626,1644167341
18095258,1643759186
18068760,1643496949
18294415,1645664500
18275416,1645512329
18130956,1644110727
18087469,1643694846
18199073,1644794574
18134264,1644154029
18200023,1644808092
18036216,1643187921
18112817,1643913551
18157505,1644378965
18290180,1645627309
18024710,1643091346
18065369,1643458419
18046629,1643278918
18086483,1643683230
18086639,1643685717
18087684,1643696869
18211597,1644915879
18145450,1644267084
18269671,1645455185
18038700,1643206437
18132346,1644131723
18151640,1644323966
18244609,1645193837
18301105,1645720900
18292832,1645646565
18313385,1645844137
18096787,1643779219
18158234,1644386349
18264045,1645409322
18015165,1643009865
18086073,1643677381
18087369,1643693875
18189144,1644671726
18276422,1645519625
18291278,1645634609
18027824,1643113956
18083094,1643648136
18085531,1643669919
18086145,1643678384
18087513,1643695287
18105239,1643851847
18182382,1644595499
18182980,1644600509
18198738,1644790076
18272739,1645482182
18279380,1645539719
18299445,1645708574
18067334,1643478759
18120824,1643987827
18028737,1643120376
18087134,1643691405
18147800,1644293578
18216392,1644949535
18227654,1645046593
18271352,1645467178
18066219,1643467096
18076138,1643583009
18085508,1643669749
18085919,1643675331
18086209,1643679276
18086234,1643679535
18086710,1643686735
18087613,1643696287
18104655,1643843952
18130850,1644108687
18175450,1644529588
18223958,1645017707
18228179,1645052182
18233013,1645096520
18244706,1645194603
18245360,1645199479
18649495,1648770107
18385480,1646518990
18476381,1647375138
18313588,1645847038
18649992,1648773496
18595760,1648370203
18637386,1648685691
18578687,1648210168
18479582,1647409922
18652558,1648784827
18339779,1646106702
18615570,1648527155
18467290,1647298885
18314039,1645853455
18579383,1648215317
18653813,1648789684
18359123,1646268113
18321994,1645953172
18339756,1646106446
18340406,1646112747
18318189,1645900452
18389349,1646569868
18630057,1648630929
18403816,1646706343
18393007,1646611393
18649779,1648772399
18409836,1646752402
18339801,1646106897
18654810,1648793285
18331056,1646036781
18334455,1646057247
18518468,1647760860
18501329,1647587210
18649583,1648771024
18589117,1648304925
18339744,1646106340
18341995,1646125680
18650349,1648775421
18446184,1647078215
18448621,1647105592
18589712,1648309987
18328181,1646012850
18339723,1646106181
18651963,1648782452
18338785,1646096186
18479999,1647413364
18571256,1648143869
18338986,1646098407
18339769,1646106585
18323647,1645970249
18380869,1646471693
18389907,1646575627
18449862,1647131602
18647844,1648756662
18649474,1648769931
18651819,1648781870
18652829,1648785806
18448211,1647101248
18339953,1646108544
18477281,1647385285
18644314,1648734200
18646250,1648746072
18649540,1648770638
18650352,1648775429
18650919,1648778207
18320753,1645937970
18336981,1646075663
18338565,1646093752
18338874,1646097220
18339008,1646098645
18339298,1646101966
18339648,1646105413
18340048,1646109512
18393815,1646621538
18449589,1647124236
18476227,1647373690
18478158,1647395805
18479704,1647410927
18483286,1647436420
18489841,1647492069
18520640,1647784193
18543799,1647960663
18544711,1647965610
18556525,1648038585
18563845,1648092868
18608941,1648476361
18619710,1648552229
18631955,1648644047
18637647,1648688245
18638231,1648693603
18649556,1648770798
18649559,1648770816
18650140,1648774353
18650432,1648775876
18650635,1648776881
18651359,1648780064
18651724,1648781510
18652217,1648783452
18652947,1648786294
18654030,1648790434
18758062,1649534532
18769241,1649663022
18904265,1650609817
18764743,1649616765
19014488,1651485438
19001804,1651333676
19035289,1651681794
18965043,1651065411
19032459,1651660619
18805826,1649959205
18740619,1649365160
18766270,1649636978
19004883,1651370211
18966972,1651078910
18719517,1649210037
18888841,1650518951
18982716,1651192205
18937753,1650878635
18832188,1650163686
19005090,1651372819
18912470,1650659873
19062782,1651941045
19051820,1651831595
19112593,1652472110
18986197,1651215564
18869942,1650404081
19006582,1651392024
18962069,1651044107
18966255,1651073285
19005342,1651375871
18966442,1651074556
18990580,1651243024
18690525,1648981698
18954373,1650985742
19094233,1652275583
18783285,1649769598
19005161,1651373610
19005423,1651377093
19064704,1651967969
19083356,1652166449
18790043,1649828916
18899849,1650577812
19004470,1651364030
19004680,1651367333
19005568,1651379153
18837996,1650212582
18850326,1650296540
18902260,1650595092
19013029,1651472432
19104306,1652376574
19003046,1651345677
19105489,1652389250
18655289,1648794744
18934319,1650849190
18821956,1650090910
18926067,1650776989
18941322,1650901000
19005912,1651384034
19090469,1652241874
18820894,1650082272
18912492,1650660028
18984940,1651207793
18992237,1651254445
19005486,1651377973
19005824,1651382978
19006188,1651387408
19006250,1651387923
19011632,1651454543
19058194,1651890362
19081337,1652139562
18759262,1649551431
18952614,1650975589
18968887,1651095023
18987860,1651225424
19011860,1651458254
19019462,1651530223
19111985,1652464490
18697029,1649040751
18727163,1649261758
18809489,1649997479
18915573,1650687172
18939302,1650889165
18977957,1651162971
18981768,1651185513
18985022,1651208274
19003856,1651354717
19004080,1651358196
19004378,1651362710
19004459,1651363873
19005064,1651372340
19005428,1651377159
19005454,1651377579
19005787,1651382481
19005988,1651384911
19006123,1651386624
19006265,1651388153
19016760,1651504252
19050160,1651818697
19077718,1652107029
19111088,1652454998
19130803,1652734128
19366064,1655579041
19234424,1653935702
19422691,1656294297
19120704,1652615735
19299757,1654700648
19203856,1653543986
19157137,1652998727
19241817,1654012834
19399312,1655985181
19277574,1654462561
19426465,1656332542
19424148,1656313732
19297087,1654678006
19403948,1656033950
19397433,1655969961
19122481,1652638852
19124338,1652673256
19193011,1653428882
19386218,1655845149
19119034,1652587927
19284873,1654541407
19233772,1653928498
19360518,1655486372
19273018,1654389163
19266924,1654287715
19244821,1654051089
19339352,1655227527
19371363,1655681010
19184834,1653352868
19244670,1654048827
19423224,1656303057
19420479,1656255553
19171037,1653178747
19238146,1653982757
19363291,1655537432
19364431,1655555826
19245296,1654058253
19261310,1654230015
19260581,1654218977
19436227,1656428391
19245155,1654056201
19146971,1652891523
19433560,1656408190
19158379,1653019754
19244333,1654042321
19189861,1653401609
19362020,1655512108
19423835,1656310896
19315136,1654875381
19113254,1652484094
19439052,1656457330
19245145,1654056080
19141269,1652840701
19181103,1653313490
19240199,1653999790
19245138,1654055979
19333560,1655162689
19141986,1652850776
19150052,1652931625
19152813,1652956876
19159407,1653031969
19179518,1653300484
19214256,1653655303
19244332,1654042315
19269638,1654336704
19283299,1654527377
19305676,1654768144
19322508,1655009596
19382168,1655809865
19244366,1654043032
19245149,1654056126
19245446,1654060651
19273115,1654391702
19355975,1655434029
19282100,1654517939
19400013,1655990950
19244312,1654041991
19428724,1656350128
19113650,1652494854
19137257,1652797726
19177656,1653282993
19202104,1653517952
19243924,1654035552
19334079,1655173436
19398112,1655975413
19116331,1652537472
19165750,1653109966
19211672,1653628700
19222155,1653766216
19223202,1653788781
19244271,1654041247
19244808,1654050869
19245158,1654056303
19245263,1654057814
19245586,1654062409
19300813,1654709612
19317962,1654926994
19345023,1655298761
19408415,1656078036
19504610,1657211292
19500571,1657177976
19625326,1658839937
19549940,1657807047
19582512,1658262733
19523384,1657504299
19556890,1657893609
19486832,1657022722
19619966,1658774516
19652293,1659165574
19474790,1656882542
19525832,1657533128
19616200,1658739012
19645691,1659076520
19457327,1656649416
19552971,1657846586
19672117,1659422680
19662226,1659311287
19452622,1656595685
19663729,1659335245
19662909,1659323523
19476554,1656913619
19674377,1659440943
19530980,1657593648
19657580,1659246451
19675333,1659448534
19602238,1658500480
19457929,1656656366
19568339,1658097329
19452488,1656594683
19570593,1658133961
19658999,1659266249
19662176,1659310178
19456605,1656639326
19491772,1657084166
19564130,1658019087
19456591,1656639168
19456876,1656642893
19457860,1656655657
19567509,1658080841
19604522,1658530718
19662507,1659317209
19663343,1659330509
19503810,1657204787
19585531,1658306055
19661684,1659300316
19663607,1659333933
19457373,1656650089
19458989,1656666136
19552966,1657846505
19569905,1658126942
19601652,1658494962
19662295,1659312712
19457166,1656646967
19462293,1656694513
19553416,1657854166
19578830,1658227615
19635502,1658950927
19660258,1659281508
19662542,1659317840
19662607,1659318749
19666945,1659362053
19449532,1656570740
19663153,1659327750
19445712,1656521582
19464202,1656722351
19455936,1656627682
19456181,1656631996
19457056,1656645254
19476450,1656912350
19485772,1657013606
19563428,1658000367
19662519,1659317379
19673836,1659436932
19456260,1656633649
19456285,1656634026
19456346,1656635284
19456482,1656637722
19456537,1656638424
19456728,1656640974
19456788,1656641747
19456945,1656643959
19457057,1656645267
19457226,1656647808
19457279,1656648536
19457381,1656650232
19457513,1656651726
19457612,1656653090
19464609,1656730439
19490340,1657058486
19617980,1658755641
19631033,1658909496
19632013,1658917968
19647758,1659095310
19662350,1659314054
19662477,1659316789
19662990,1659324797
19663101,1659326623
19663167,1659328000
19663440,1659331808
19854658,1661548040
19831782,1661281252
19968680,1662877560
19903400,1662116223
19922027,1662370856
19933534,1662481411
19853741,1661536921
19933880,1662484153
20032724,1663583160
19695382,1659654946
19747072,1660263948
19764896,1660527562
19757520,1660403015
19883675,1661911982
20024594,1663488379
19884695,1661926360
19748589,1660286786
19867001,1661735970
19858756,1661612658
19710295,1659862263
19882354,1661890978
19860851,1661644488
19676780,1659460132
19881007,1661877304
19709665,1659852395
19902449,1662107482
19983060,1663051799
19796664,1660848877
19865229,1661706914
19892285,1662003918
19883274,1661905543
19884743,1661926804
19842690,1661403767
19948535,1662631156
19735124,1660133089
19927547,1662430510
20045441,1663697601
19868263,1661753971
19683815,1659535426
19821595,1661180702
19891639,1661995188
19749120,1660291739
19962712,1662788900
19883422,1661907923
20009699,1663308718
20039096,1663648657
19675819,1659452672
20029037,1663543210
19697888,1659686940
19892755,1662009565
20006407,1663266160
20013664,1663341994
19816405,1661128011
19863669,1661688330
19891621,1661994969
19892854,1662010736
19892958,1662011720
19898724,1662061131
19999439,1663207084
20032688,1663582925
19801158,1660904067
19817250,1661142128
19891615,1661994924
19893085,1662012806
19690544,1659608863
19918713,1662331461
19742690,1660216063
19813025,1661076557
19882897,1661898995
19891746,1661996814
19945397,1662597826
19953972,1662683757
19695318,1659653809
19701445,1659718883
19722599,1660010393
19771651,1660606970
19779384,1660686319
19785701,1660743136
19791041,1660803369
19822076,1661184472
19827554,1661248178
19838194,1661347561
19846537,1661442563
19887557,1661951509
19888968,1661962714
19890914,1661982740
19891423,1661991516
19891600,1661994653
19891814,1661998054
19891857,1661998634
19891936,1661999521
19892134,1662001883
19892711,1662009070
19925786,1662404646
19971203,1662913661
19971747,1662920448
19974417,1662965797
19979008,1663003120
19982718,1663048576
20009601,1663307877
20266647,1666036359
20122390,1664467151
20088885,1664184264
20240835,1665750619
20298890,1550053230
20177667,1665074201
20323670,1666630712
20362050,1666995671
20064859,1663877377
20236195,1665710186
20252882,1665891467
20203803,1665396627
20135017,1664595353
20220690,1665565624
20323626,1666630330
20200954,1665363963
20309717,1666457001
20268275,1666057636
20183167,1665137518
20279048,1666155829
20105719,1664323103
20228752,1665644396
20083434,1664116115
20135052,1664596056
20372695,1667144381
20070205,1663936107
20315161,1666535718
20357162,1666951245
20050999,1663752791
20288147,1666239905
20134991,1664594749
20337029,1666768815
20133944,1664574321
20145854,1664752752
20293303,1666280189
20135187,1664598050
20134771,1664590893
20351158,1666889507
20383830,1667264554
20134956,1664594126
20064965,1663878712
20073874,1663975670
20086012,1664151272
20135572,1664603948
20209440,1665452831
20133007,1664562181
20239851,1665743279
20361611,1666989826
20374217,1667160797
20166292,1664968113
20211157,1665472814
20279466,1666160124
20362623,1667005719
20367173,1667063691
20062162,1663854617
20078535,1664039622
20086995,1664166690
20134550,1664586478
20318965,1666588111
20342011,1666805929
20368863,1667091425
20375459,1667180982
20220238,1665561995
20074479,1663987459
20125379,1664496103
20064841,1663877228
20109842,1664361973
20133877,1664573141
20135492,1664602546
20135863,1664608807
20146351,1664762842
20303620,1666376070
20313820,1666520709
20322103,1666618092
20383851,1667264887
20057837,1663818492
20072676,1663958329
20094736,1664229406
20104014,1664305366
20134525,1664585913
20134842,1664592269
20134865,1664592682
20134911,1664593402
20135115,1664596937
20135171,1664597833
20135184,1664598026
20135399,1664601451
20135505,1664602765
20149111,1664794854
20215920,1665509773
20218867,1665547712
20229180,1665647837
20313866,1666521278
20333204,1666722342
20360724,1666980277
20370623,1667121496
20379708,1667223059
20383716,1667262722
20383828,1667264527
20383908,1667265790
20460267,1668005805
20591261,1669296154
20443528,1667849490
20508530,1668503412
20741694,1670677099
20749953,1670776754
20725188,1670513441
20632095,1669716415
20740880,1670668748
20716348,1670434748
20531015,1668695198
20689092,1670228450
20495631,1668376546
20585881,1669242419
20546995,1668855290
20452149,1667928234
20621041,1669620697
20502774,1668445016
20451088,1667920319
20594886,1669334924
20624395,1669644896
20532883,1668708694
20523198,1668624650
20641353,1669785365
20384799,1667278112
20414179,1667538624
20445054,1667868786
20384893,1667279554
20483072,1668227143
20583247,1669216250
20651991,1669865765
20569778,1669101383
20494961,1668368021
20524399,1668636252
20602190,1669404632
20391520,1667332403
20652245,1669868160
20706863,1670360013
20647889,1669826918
20652287,1669868486
20384102,1667268658
20498523,1668413345
20652366,1669869321
20433475,1667751892
20592818,1669308479
20383951,1667266335
20399246,1667403250
20479348,1668182235
20508547,1668503505
20649302,1669837857
20651480,1669860576
20651861,1669864443
20651898,1669864759
20652128,1669867187
20667030,1669988676
20742497,1670685935
20384203,1667270232
20694911,1670266387
20384302,1667271640
20542444,1668797745
20384275,1667271347
20384492,1667274117
20414189,1667538686
20502608,1668443538
20504280,1668458428
20520036,1668602715
20543548,1668810150
20650980,1669855146
20651473,1669860452
20652064,1669866437
20652231,1669868040
20709674,1670390241
20384198,1667270202
20384737,1667277454
20384748,1667277640
20385064,1667281435
20385089,1667281656
20448562,1667903095
20481022,1668197242
20523322,1668625745
20562466,1669031227
20578435,1669179953
20585009,1669231573
20590060,1669287611
20593602,1669316114
20633720,1669727538
20646477,1669817275
20650117,1669845495
20650870,1669853909
20651282,1669858582
20651654,1669862398
20651843,1669864278
20651865,1669864485
20651903,1669864836
20652006,1669865931
20652127,1669867180
20652257,1669868263
20652601,1669871759
20704044,1670338985
20736641,1670613185
20793070,1671190326
20785124,1671112332
20944710,1673005434
20772913,1671000540
21084140,1674702866
21016031,1673835371
20897407,1672446885
20884961,1672297324
20856066,1671920965
21102245,1674958891
20985534,1673462659
20795870,1671212049
21101782,1674947054
20857192,1671947957
20900075,1672490822
20973411,1673348882
21058321,1674359210
20772133,1670992142
20785410,1671114579
20847092,1671797042
20785703,1671116616
21105916,1675015723
21108694,1675062640
20830033,1671612661
20889125,1672337188
20902708,1672534530
21073063,1674567128
20755000,1670834271
20766965,1670939664
20815949,1671462969
20902844,1672537763
21017036,1673850027
21108814,1675064071
20902776,1672536264
20926384,1672826505
20903777,1672558573
21078205,1674633030
20781520,1671084621
20903602,1672555689
20962066,1673240183
20871586,1672142501
20876054,1672193652
20904180,1672565685
21055928,1674313185
21122341,1675219289
20876868,1672205637
20904225,1672566448
21121274,1675200538
21122158,1675216527
20804170,1671311683
20834589,1671652536
20865565,1672067114
20866687,1672079211
20885137,1672298893
20900787,1672500237
20903165,1672545793
20903309,1672549065
20903708,1672557571
20904353,1672568589
21001135,1673621946
21047454,1674191298
21049553,1674215287
21080364,1674654588
21121795,1675209761
21122001,1675214005
21122083,1675215392
21122275,1675218145
20765745,1670930813
20766110,1670933410
20793314,1671192217
20876458,1672200110
20758797,1670864600
20793606,1671194934
20903660,1672556751
20944489,1673003475
21091935,1674807444
20773289,1671004034
20826491,1671567378
20871036,1672137039
20949383,1673055903
21121777,1675209465
21121831,1675210620
20783979,1671104325
20790092,1671162646
20831591,1671625289
20852999,1671880550
20862583,1672036352
20894543,1672409740
20902090,1672520714
20903892,1672560592
20904024,1672562994
20904066,1672563754
20904218,1672566362
20924886,1672812617
20985309,1673460456
21084692,1674713267
21114242,1675120136
21119435,1675181302
21121752,1675209041
21122211,1675217252
21305238,1677595461
21169587,1675826871
21258842,1676990249
21165921,1675781258
21317376,1677745025
21162028,1675739000
21239182,1676716928
21501694,1679922853
21298316,1677512003
21359963,1678325510
21438261,1679309961
21325667,1677844281
21138650,1675408377
21143002,1675452193
21489259,1679759314
21159005,1675697731
21228735,1676568883
21306606,1677608979
21476426,1679602221
21374650,1678510524
21536420,1680269273
21279319,1677232836
21307902,1677628349
21449539,1679416237
21122975,1675229395
21266187,1677075847
21159105,1675698707
21290394,1677405421
21307899,1677628327
21309722,1677656050
21122723,1675225731
21298517,1677513816
21369283,1678437208
21427288,1679155304
21467424,1679563620
21251782,1676906438
21163814,1675761546
21287742,1677351455
21258038,1676982754
21284870,1677311386
21269848,1677120682
21310664,1677665575
21452156,1679445082
21534164,1680250315
21309631,1677655080
21314431,1677701720
21455135,1679479901
21142107,1675442053
21440005,1679323744
21288394,1677364295
21308292,1677636338
21142470,1675446074
21182040,1675963383
21197859,1676209065
21221407,1676482787
21240294,1676733390
21258410,1676986438
21296511,1677495099
21307839,1677626907
21309262,1677650948
21309390,1677652643
21312912,1677685299
21327156,1677858688
21391767,1678737581
21122374,1675219819
21122821,1675227152
21174508,1675876473
21177581,1675920921
21267272,1677085210
21275440,1677178718
21305330,1677596277
21308829,1677644576
21395113,1678785834
21307364,1677618672
21382427,1678616119
21539953,1680307327
21122538,1675222687
21196495,1676186912
21435463,1679278874
21508583,1679995367
21122590,1675223569
21122604,1675223834
21152215,1675610123
21228478,1676566140
21233061,1676628674
21259971,1677000511
21287028,1677341591
21307981,1677630123
21308361,1677637384
21308739,1677643150
21309107,1677648820
21309693,1677655706
21324849,1677835156
21353293,1678243403
21401552,1678862302
21444653,1679376409
21536019,1680266205
21538169,1680284322
21539969,1680307714
21540549,1680318490
21935028,1684668703
21654439,1681622075
21989305,1685488949
21960422,1685019515
21607840,1681116093
21687208,1681969211
21760922,1682657424
21825234,1683282591
21949579,1684873774
21577622,1680747041
21964609,1685085562
21662788,1681725296
21869540,1683712128
21969014,1685156930
21999009,1685609986
21870365,1683718418
21923907,1684479846
21936064,1684687106
21955364,1684949047
21856279,1683581552
21945929,1684831600
21675768,1681849151
21620394,1681238961
21773447,1682782783
21548962,1680435690
21916751,1684375205
21962368,1685042958
21986874,1685459057
21541297,1680331014
21559556,1680553361
21914976,1684342855
21660161,1681696638
21932665,1684613215
21830161,1683319083
21907593,1684244435
21541671,1680336189
21739632,1682464195
21753196,1682588435
21784752,1682919803
21785644,1682930072
21956450,1684965784
21996880,1685580209
21997129,1685585540
21947877,1684852856
21544705,1680371488
21542221,1680343436
21616594,1681206519
21644142,1681486666
21707336,1682170618
21784496,1682916521
21924814,1684490904
21997500,1685592214
21565736,1680619263
21590067,1680880120
21652769,1681592162
21778436,1682843017
21783638,1682903443
21784402,1682915291
21784857,1682921055
21784876,1682921266
21791644,1682984535
21829303,1683312126
21898570,1684112088
21943787,1684797158
21968740,1685148031
21973665,1685257982
21980637,1685377142
21998515,1685604889
21998741,1685607286
21784815,1682920458
21998551,1685605313
21892442,1683975092
21670032,1681799281
21784440,1682915899
21839327,1683419137
21997463,1685591545
21541216,1680329760
21541296,1680330994
21541385,1680332280
21626950,1681309603
21631625,1681366403
21776466,1682818118
21783424,1682899993
21783578,1682902486
21784987,1682922711
21785304,1682926105
21785375,1682926917
21785706,1682930831
21785825,1682932026
21786226,1682935921
21786300,1682936712
21863265,1683646746
21908805,1684258310
21917106,1684382302
21926611,1684504857
21947326,1684847051
21952000,1684914972
21996875,1685580049
21997211,1685587051
21999000,1685609903
22133250,1687782022
22070773,1686722809
22324538,1690956991
22092072,1687092556
22263688,1689938703
22128873,1687702933
22052356,1686403301
22117284,1687476773
22157701,1688178209
22158562,1688200721
22121080,1687534592
22015686,1685837148
22169295,1688403272
22137673,1687852964
22197765,1688885911
22289158,1690380889
22213776,1689145310
22135382,1687810515
22260250,1689876140
22001172,1685629538
22260359,1689877826
22025265,1685985037
22122585,1687562000
22214399,1689151629
22042305,1686230522
22266301,1689986052
22058606,1686545968
22157312,1688162932
22161900,1688282260
22244178,1689660071
22158918,1688208239
22317242,1690845809
22319183,1690877969
22034004,1686118656
22158584,1688201197
22319860,1690885125
22043178,1686240186
22045063,1686274753
22246542,1689685172
22304720,1690618371
22310744,1690743086
22318690,1690872604
22147321,1687990181
22297529,1690497602
22054749,1686462027
22134043,1687791120
22159294,1688215972
22302800,1690573063
22319680,1690883120
21999148,1685611080
22065976,1686649910
22083898,1686918320
22104628,1687287989
22157532,1688171250
22158087,1688189880
22158478,1688199085
22169625,1688408431
22228176,1689346088
22317640,1690855323
22317700,1690856709
22317712,1690856939
22318212,1690866064
22318614,1690871524
22026699,1686008396
22158879,1688207512
22233887,1689472552
22301391,1690554248
22310545,1690739341
22318635,1690871879
22319723,1690883591
22092437,1687099376
22113939,1687429823
22132530,1687773010
22146870,1687980565
22149234,1688028439
22157489,1688169802
22157743,1688179459
22157984,1688186764
22158444,1688198379
22159266,1688215445
22159314,1688216403
22229718,1689371695
22232787,1689440804
22243187,1689641715
22288336,1690372954
22305626,1690633331
22317352,1690848970
22317417,1690850388
22317575,1690853970
22317856,1690859666
22317966,1690861773
22318132,1690864712
22318251,1690866862
22319344,1690879756
22319407,1690880401
22319450,1690880870
22319461,1690880967
22319592,1690882285
22319622,1690882592
22319719,1690883526
22674380,1389917127
22466650,1693326606
22434294,1692784269
22437734,1692827764
22330265,1691035329
22529925,1694298525
22626825,1695591234
22420334,1692578126
22460191,1693232413
22669219,1696231606
22569504,1694787603
22386947,1692001717
22546963,1694554058
22459775,1693227466
22478603,1693494292
22390709,1692057441
22330202,1691034330
22419967,1692565162
22677202,1696343094
22362357,1691567103
22398300,1692176577
22413808,1692428451
22330267,1691035385
22333864,1691074018
22570091,1694790620
22615570,1695395578
22332390,1691060758
22358550,1691503606
22464539,1693304115
22349899,1691382665
22486615,1693622903
22643336,1695804507
22664577,1696138260
22601321,1695221209
22481555,1693545515
22663674,1696112172
22479469,1693503863
22587986,1695062777
22665105,1696149331
22666516,1696175127
22348143,1691339512
22418294,1692530900
22437789,1692829241
22446498,1692964088
22471525,1693399374
22482416,1693557034
22482458,1693557779
22540657,1694474915
22571507,1694806942
22663210,1696101685
22664009,1696122034
22664583,1696138378
22665241,1696152868
22665484,1696157500
22685340,1696449111
22354319,1691434702
22393364,1692099506
22636845,1695723225
22417848,1692521094
22452248,1693074391
22361697,1691558939
22411675,1692375143
22464230,1693301556
22471053,1693394400
22481159,1693537881
22628549,1695625391
22665210,1696151913
22666554,1696175599
22375237,1691757057
22376383,1691772709
22382653,1691917731
22383537,1691934306
22423656,1692625871
22438973,1692855317
22442482,1692894548
22455907,1693158938
22473387,1693421057
22475569,1693463365
22480355,1693517911
22481082,1693536215
22481342,1693541472
22481718,1693547774
22482238,1693554847
22482282,1693555253
22482359,1693556404
22482369,1693556527
22482449,1693557577
22482967,1693564823
22483096,1693566504
22486045,1693605566
22489724,1693676830
22508845,1693988684
22549679,1694595177
22562300,1694714282
22650072,1695891200
22653097,1695922837
22659522,1696021484
22664793,1696142612
22665882,1696164324
22666088,1696167747
23096815,1702496505
23116730,1702821671
23024593,1701488140
22806274,1698311475
23035537,1701659807
23126922,1702987722
22718477,1696962477
22959562,1700585112
22994391,1701099561
22724114,1697040884
23133976,1703088920
22968865,1700713243
23090284,1702417702
22811752,1698391050
23018167,1701395530
22705458,1696770375
23028372,1701537892
22994369,1701099321
22952756,1700498820
22856932,1699095167
23021144,1701432843
23115853,1702805587
22829104,1698684650
22792560,1698124153
22862854,1699208020
23094075,1702465035
22823405,1698598133
22827362,1698666963
22954533,1700526378
22736332,1697214845
22837197,1698804486
23054475,1701885715
22837051,1698801042
23016701,1701368994
23018868,1701406900
22838785,1698827779
22839508,1698836093
23018817,1701406072
23021237,1701433777
23047773,1701800489
22703556,1696735389
23074625,1702197029
22707261,1696804924
23014932,1701352318
23099960,1702545828
22837058,1698801255
22838073,1698819496
23018581,1701402510
22767125,1697701455
22836288,1698783271
22837067,1698801527
22839182,1698832071
22880720,1699453239
22920145,1700043974
23000346,1701176505
23020861,1701429922
23051956,1701861805
23062305,1701986403
23112418,1702728530
22916751,1699994554
23021576,1701437566
22753967,1697524079
22775109,1697810497
23018244,1701396802
22705910,1696778173
22761917,1697626374
22822674,1698585753
22837332,1698807192
22838675,1698826494
23017840,1701388222
23070541,1702116690
23087950,1702387861
23108853,1702656653
23148802,1703360933
22725171,1697054790
22727733,1697099299
22801235,1698240057
22837417,1698808728
22837747,1698814927
22838206,1698821093
22838321,1698822425
22838731,1698827081
22838739,1698827162
22839620,1698837474
22839897,1698841020
22842610,1698874950
22935935,1700237660
22940592,1700313324
22965535,1700662967
22992924,1701084462
23012117,1701323757
23018292,1701397712
23020564,1701426775
23020792,1701429132
23021008,1701431527
23050787,1701849145
23136232,1703132881
23139150,1703172204
23158792,1703594857
23162042,1703663026
23461455,1708588981
23315597,1706539093
23258204,1705494082
23294062,1706124173
23505862,1709253027
23180346,1704087616
23257707,1705487942
23388245,1707724533
23470475,1708707063
23484932,1708958085
23203819,1704523069
23317752,1706572497
23479659,1708874497
23338852,1706905009
23187546,1704240395
23495528,1709110808
23181022,1704106361
23369687,1707473035
23329580,1706763109
23348288,1707122609
23329021,1706751457
23413915,1708008200
23463922,1708613730
23179315,1704041927
23269420,1705672258
23329804,1706767103
23346328,1707077446
23507762,1709281615
23508183,1709285692
23329999,1706769813
23506731,1709269221
23399918,1707853451
23424163,1708109975
23504804,1709232532
23390596,1707746453
23177803,1703999545
23181079,1704107755
23181311,1704112865
23181561,1704117990
23181575,1704118411
23181884,1704124358
23282704,1705945116
23382822,1707656451
23392964,1707771087
23507535,1709278978
23445901,1708408373
23180254,1704083536
23298233,1706194559
23167203,1703755692
23485901,1708968102
23272250,1705733842
23341874,1706976346
23178328,1704015911
23180163,1704079308
23182012,1704127602
23328739,1706744280
23377808,1707619170
23451478,1708467416
23507587,1709279737
23170206,1703811894
23175088,1703925746
23179519,1704048487
23179847,1704060839
23179983,1704069617
23180434,1704090572
23180634,1704096034
23180820,1704101276
23181533,1704117407
23181541,1704117616
23181550,1704117753
23181967,1704126353
23182095,1704129313
23209914,1704659486
23243194,1705234696
23262734,1705567725
23276963,1705842378
23292017,1706097468
23295727,1706161621
23316635,1706551026
23324847,1706688520
23327984,1706728446
23329314,1706757836
23329619,1706763816
23330269,1706773359
23330398,1706775052
23330611,1706777689
23331057,1706783154
23331193,1706784822
23370814,1707489296
23400547,1707863529
23479712,1708875229
23490552,1709035782
23493652,1709082418
23499771,1709171394
23500577,1709185289
23506181,1709259746
23506367,1709263266
23506819,1709270711
23507196,1709275264
23507429,1709277856
24332077,1713129625
24367659,1713206413
23519493,1709453589
24152378,1712661998
23997151,1712196755
23509336,1709297826
23607829,1710376771
24008810,1712235937
24679796,1714057298
24242514,1712848590
23693536,1710983267
23809916,1711442414
23588557,1710240473
23940489,1711990317
24046776,1712369700
23914359,1711875599
23537861,1709654585
23544507,1709726201
24044967,1712360029
23889783,1711724776
23926168,1711945468
23933250,1711966632
24050835,1712385550
24356414,1713185099
24619351,1713904554
23955226,1712048922
24109666,1712571957
24356003,1713184411
24432256,1713355678
24541044,1713701777
23643137,1710713953
24609688,1713881411
24079840,1712490363
23589350,1710244708
23934666,1711971018
24811906,1714526490
24812833,1714534751
23508202,1709285970
23508389,1709287939
23594507,1710278247
23749008,1711174525
23798908,1711399556
23923226,1711928686
23930881,1711960015
23950922,1712038438
24196488,1712760225
24397352,1713274147
24770245,1714385190
24812128,1714528659
23604358,1710344782
23916243,1711885769
24174921,1712717855
23732910,1711102983
23508862,1709292990
23693330,1710982249
23713353,1711034229
23882527,1711698303
23923322,1711929650
24208684,1712783495
24277705,1712924985
24750928,1714318622
24812342,1714530458
23508563,1709289643
23509343,1709297871
23509356,1709298027
23512163,1709325641
23516228,1709392379
23555965,1709843293
23568198,1710022923
23594169,1710274570
23685065,1710949892
23716111,1711041942
23719756,1711055384
23727771,1711089967
23789478,1711369265
23827609,1711500926
23864181,1711623172
23866642,1711630480
23892534,1711736164
23923271,1711929175
23925261,1711941074
23925386,1711941581
23927203,1711949647
23930871,1711959991
23931689,1711962283
23933968,1711968862
23935948,1711974868
23938910,1711984531
23939467,1711986579
23939842,1711987895
23940094,1711988792
24113823,1712578738
24175985,1712721046
24189875,1712748298
24257486,1712886937
24258942,1712890558
24736755,1714256489
24761617,1714367323
24811540,1714522608
24812566,1714532588
25614285,1718689869
25886068,1719816062
25643633,1718859648
24816319,1714554101
24994292,1715459711
25786233,1719561091
24891981,1714989946
25195170,1716406462
25474754,1717799905
25678963,1719078416
25172460,1716312901
25001766,1715518210
25576634,1718387283
25376704,1717350106
25786009,1719560689
25318525,1717025014
24842407,1714679418
25367677,1717288833
25745894,1719406750
24845991,1714708343
25003692,1715528534
25177197,1716340625
24814646,1714545897
25228952,1716556792
25655326,1718911416
25876466,1719786359
24814722,1714546173
25004024,1715530356
25194434,1716402945
25197686,1716424734
25273950,1716825153
25367533,1717287024
25551116,1718244313
25584506,1718457987
24826383,1714607852
25357472,1717218602
25357982,1717222075
25650803,1718891531
25057548,1715770024
25886361,1719817190
24813156,1714537051
24813527,1714539855
24815889,1714552029
25199138,1716433670
25277330,1716843267
25334874,1717091709
25358288,1717224064
25507280,1718022080
25676423,1719059905
25697573,1719225795
25763956,1719485183
25880058,1719797981
25885623,1719814537
25886913,1719819199
25888980,1719824158
25893754,1719834955
24986598,1715415382
24972062,1715336020
24816285,1714553957
24820468,1714573063
25367180,1717282980
25631520,1718785807
25880657,1719798405
25899557,1719843427
24815340,1714549266
24816274,1714553917
24816827,1714556430
24817397,1714558937
24817858,1714561152
24819331,1714568209
24819586,1714569323
24819857,1714570561
24917702,1715096807
24946091,1715228260
24979113,1715363918
25016309,1715596030
25259196,1716756383
25294917,1716918168
25331133,1717077450
25345680,1717148617
25348896,1717161695
25359716,1717232195
25361005,1717239616
25362727,1717249782
25366097,1717271369
25367244,1717283681
25367595,1717287868
25424011,1717558758
25531992,1718135801
25557998,1718278580
25609941,1718653758
25741389,1719394518
25885056,1719812448
25885787,1719815084
25887234,1719820064
25890287,1719826241
25893841,1719835163
25893922,1719835371
25898084,1719840469
25898131,1719840540
27596369,1727898311
26674420,1723018468
27679865,1728334061
27653619,1728211722
27800403,1728937687
27205619,1725541219
26869895,1724016032
27306260,1726166411
26124698,1720216634
26509502,1721883124
26603835,1722521398
27643176,1728135220
26601850,1722511204
26593998,1722475831
26598303,1722499605
26489817,1721750922
26535132,1722058297
27137667,1725119628
27168664,1725288446
27678596,1728327589
26593891,1722474854
27370466,1726678976
27572910,1727793865
26505176,1721844960
27074163,1724901929
26602408,1722514176
26604364,1722524029
26673908,1723016159
27032248,1724702158
27096538,1725014493
27412036,1727024868
27485903,1727354185
27571252,1727788628
27753380,1728655942
27763691,1728725132
26602515,1722514622
27568687,1727780140
27157855,1725204195
26797716,1723536505
25979574,1720009529
26318460,1720602003
26605080,1722527790
27155705,1725185339
27164213,1725264877
27183856,1725390874
27263745,1725880712
27672869,1728307564
26347078,1720777082
26603866,1722521584
26654159,1722922324
27015075,1724621709
27092977,1724993130
27156253,1725190428
27159620,1725221102
27168496,1725287462
27211110,1725580213
27237073,1725631138
27491221,1727371376
27561505,1727753283
27565011,1727767888
27568942,1727781110
27572549,1727792646
26593833,1722474329
27152939,1725155252
27813251,1728996232
26597706,1722496626
26600735,1722505685
26672607,1723010581
27156291,1725190784
27566456,1727772863
25899641,1719843598
26123786,1720207201
26343858,1720760470
26400325,1721178811
26406330,1721213756
26428231,1721356857
26470080,1721673231
26603044,1722517471
26881983,1724103122
26910711,1724177716
27152581,1725148490
27155929,1725187266
27160356,1725233216
27161342,1725246145
27164170,1725264648
27164495,1725266396
27164911,1725268425
27164932,1725268552
27238999,1725643612
27367838,1726665167
27394501,1726849320
27408621,1726996532
27519172,1727517589
27545441,1727682347
27550626,1727700273
27558961,1727733968
27569765,1727783717
27571924,1727790646
27576222,1727806461
27649417,1728184024
28580903,1733114575
27835304,1729090289
28980923,1735501834
29129583,1736444536
29120650,1736409525
28019229,1730097146
28183217,1730993227
29400345,1738063592
27958463,1729728608
28028372,1730131496
29255210,1737203194
28364627,1731957923
28464084,1732479302
28943623,1735224649
29013884,1735751534
28660759,1733494579
28596318,1733180048
29322579,1737587913
28092306,1730479575
28971953,1735430113
29072357,1736159297
28267581,1731444821
28563951,1732991819
28969561,1735407734
27850465,1729161743
28894214,1734882992
29063035,1736095669
28003036,1729975855
28027805,1730129331
28168937,1730924928
28596049,1733178012
28753481,1734014032
28841594,1734537138
29006542,1735681173
29015762,1735768278
28086143,1730447051
28087698,1730455569
28185810,1731003835
29001591,1735643484
29014250,1735754182
28089334,1730464851
28094909,1730496088
28098451,1730532234
28570137,1733043332
28574095,1733066164
28579569,1733105907
28851884,1734598335
28987188,1735550741
28996800,1735613409
29003071,1735652918
29008294,1735707380
29015736,1735767990
29020956,1735807248
29022507,1735814182
29023931,1735820916
29122074,1736415157
29273012,1737341490
27855560,1729179351
28059525,1730288335
28636245,1733377633
29008100,1735705022
28976168,1735469972
29024018,1735821423
27843344,1729134062
27959200,1729734085
27961539,1729748811
27985943,1729863368
28009818,1730034209
28084393,1730435828
28090248,1730469580
28092202,1730479044
28094017,1730489531
28095587,1730503119
28098089,1730529565
28111632,1730637972
28130321,1730739469
28250394,1731379377
28346467,1731868846
28354348,1731918939
28548937,1732890913
28572382,1733057080
28572487,1733057675
28572536,1733057915
28575104,1733071413
28575617,1733074054
28576550,1733079915
28578532,1733097224
28587984,1733142840
28789698,1734256857
28879561,1734766223
28970841,1735417751
28984840,1735538589
29013216,1735747058
29015185,1735762401
29018691,1735795839
29022479,1735813987
29022599,1735814630
29023479,1735818642
29158214,1736628708
29423938,1738189790
30140978,1743584626
30540186,1747254294
30589464,1747746396
30197612,1744035303
29849189,1740838807
29561254,1739031105
29549024,1738941256
29596662,1739269938
29452131,1738354146
29457176,1738401115
29851564,1740858102
30137775,1743564605
30318320,1745092881
30599969,1747843941
29858088,1740922092
30524134,1747129292
29531828,1738851516
30132324,1743508519
29571276,1739116975
29986553,1742287950
30141263,1743586085
30572723,1747600022
30619466,1748021177
30693714,1748836217
29436122,1738257995
29464493,1738459001
29832788,1740721325
29844360,1740799616
29986211,1742281368
30128422,1743487996
30134582,1743534762
30669790,1748530875
30681483,1748657973
30687709,1748747566
29856151,1740906789
30565441,1747501875
29830197,1740699211
29453425,1738365588
29461351,1738429758
29850672,1740850264
30143082,1743595808
30339427,1745316669
30383520,1745733941
30420241,1746094950
30420986,1746101971
30425953,1746159674
30624922,1748092810
29451537,1738350417
29453746,1738369567
29454364,1738377424
29455716,1738389842
29496406,1738665108
29748328,1740177526
29849824,1740843739
29850250,1740846775
29857243,1740915859
30098877,1743215244
30135579,1743542660
30421738,1746108333
30439205,1746301055
30597440,1747827006
30686177,1748720988
30690667,1748789813
30694405,1748843691
30700150,1748881596
30702901,1748909088
30703398,1748915868
30706753,1748941675
29836029,1740738660
29854913,1740896487
29855117,1740898089
30122029,1743434474
30673063,1748564630
29848610,1740834491
30136760,1743555657
30421259,1746104315
29562306,1739038636
29622952,1739414452
29635154,1739473778
29655220,1739615673
29848553,1740833923
29848874,1740836609
29852180,1740864461
29860389,1740938419
29862078,1740955263
29863588,1740971294
29982795,1742197196
30091986,1743160139
30116724,1743402009
30127266,1743479771
30129718,1743494626
30134521,1743534285
30142340,1743591678
30360040,1745486490
30414201,1746024184
30432549,1746218306
30438682,1746294815
30595687,1747815394
30686894,1748736583
30696383,1748859664
30749485,1749381047
31734310,1761132464
31611660,1759350976
30752861,1749430996
31227688,1754538481
31367544,1756342368
31733923,1761128144
31571439,1758814264
31241826,1754710903
31245684,1754772463
30950954,1751482812
31607526,1759305673
31013762,1752176466
31628663,1759603335
31645108,1759850545
31378182,1756464356
31413780,1756917034
31120414,1753235242
31586066,1759011788
31424744,1757051073
31794921,1761983736
30945825,1751442928
30955078,1751531105
31192487,1754050030
31615834,1759414912
31589327,1759068627
31610945,1759341786
31256641,1754940547
30913731,1751083161
31197338,1754128810
31389937,1756644417
31604031,1759249916
31624271,1759529305
31627661,1759588954
30951254,1751486139
31190247,1754026694
31393571,1756705262
31397634,1756741539
31400359,1756782159
31531449,1758374283
31580763,1758927213
31610425,1759335706
31315947,1755707592
31611806,1759353824
31633763,1759702612
31099337,1753059264
31201145,1754199467
31406222,1756836691
31408685,1756874799
31412091,1756902914
31421061,1756998804
30889697,1750852963
30951169,1751485199
31050060,1752615884
31191713,1754041639
31201598,1754207031
31204143,1754244067
31211154,1754334074
31212297,1754356569
31292275,1755447191
31320322,1755762189
31415298,1756934293
31435243,1757190433
31798083,1762034151
30956609,1751543471
31176782,1753864503
31797505,1762021874
30709366,1748959288
31197511,1754131189
30945151,1751438216
31247792,1754819733
31618420,1759454652
30887268,1750836334
30934210,1751331340
30937432,1751361982
30940665,1751385367
30943738,1751423964
30949323,1751468493
30954531,1751527140
30954614,1751527725
31011642,1752156863
31057103,1752683095
31060634,1752730976
31170046,1753787680
31203627,1754236556
31271606,1755141395
31316604,1755713112
31387539,1756603158
31394875,1756717293
31398751,1756753282
31409826,1756885347
31413665,1756916085
31485284,1757818333
31512610,1758132547
31608243,1759312705
31609212,1759323020
31614049,1759394452
31624194,1759527346
31636916,1759749847
31768624,1761628297
32242603,1769044799
31921095,1763724644
32242842,1769050034
31975730,1764585943
32435655,1772357906
32306288,1770114400
31818115,1762318651
32295115,1769937143
32394925,1771647451
31848762,1762759460
32156865,1767789321
32365167,1771078598
31802337,1762113312
32157698,1767798344
31812757,1762254355
31799231,1762063850
31995589,1764835125
32141450,1767540376
32098589,1766569633
32308898,1770145119
32273223,1769582051
31987259,1764728927
32276647,1769622436
32331594,1770504619
32151089,1767710635
32155396,1767770634
32307698,1770130681
32328398,1770444858
31805735,1762165542
32146528,1767633399
32051406,1765716497
32151000,1767709443
32312844,1770202959
32318712,1770287000
32321520,1770321812
31823510,1762379847
31844922,1762696281
31988554,1764747002
32131868,1767331453
32421355,1772093971
31973027,1764548892
31812773,1762254547
31950611,1764172475
31972771,1764541542
31990256,1764764463
31993085,1764794374
31998135,1764860626
31999081,1764870638
32130044,1767280295
32309375,1770152299
32419323,1772062897
32129373,1767266265
31804726,1762155849
31816634,1762291259
31817251,1762303530
31915950,1763656717
31922730,1763742260
32316192,1770245711
31820570,1762345614
32136728,1767433206
32311213,1770184856
32436350,1772371280
31806279,1762171578
31811694,1762244013
31822803,1762368983
31838109,1762588464
31839200,1762605901
31884575,1763228966
31925018,1763785177
31931873,1763914378
31955106,1764240166
31960824,1764327223
31974854,1764577628
31975824,1764587242
31984246,1764688049
31984307,1764688530
31992612,1764787496
31993270,1764797564
31997254,1764851306
32130896,1767300277
32144300,1767603295
32144888,1767611068
32149424,1767689347
32152359,1767729186
32155552,1767772680
32157927,1767800581
32207718,1768488202
32218383,1768669743
32291666,1769865234
32295703,1769948188
32300159,1770025928
32302400,1770052665
32306963,1770122188
32311422,1770187111
32319579,1770297351
32324857,1770379298
32331654,1770506312
32331879,1770514269
32434147,1772323218
32435449,1772354104
32450637,1772630510
32593434,1775566543
32568658,1774977919
32606950,1775854489
32574438,1775109071
32500332,1773593616
32597651,1775656772
32677732,1777480136
32573353,1775078318
32578357,1775192251
32582782,1775301186
32648800,1776848123
32569410,1774997270
32685049,1777668514
32593653,1775570556
32690988,1777870335
32583315,1775312638
32700283,1778076874
32696558,1777992823
32703552,1778154157
32437964,1772404329
32456091,1772726655
32689514,1777820550
32703013,1778144552
32446237,1772545390
32447561,1772567028
32447637,1772568692
32447964,1772576002
32448518,1772592780
32448574,1772594067
32450375,1772626573
32452708,1772668585
32460864,1772814446
32461913,1772837251
32494476,1773461286
32530586,1774215500
32538553,1774365634
32540259,1774399922
32547623,1774530146
32564344,1774891699
32573246,1775075796
32575609,1775128551
32580943,1775244632
32584247,1775336826
32585239,1775374749
32587300,1775429157
32595818,1775626741
32599596,1775704368
32600765,1775726326
32603687,1775788512
32681613,1777571531
32683103,1777619822
32687871,1777766188
32694108,1777939575
32694454,1777951682
32695563,1777975158
32698277,1778040358
32702052,1778124012
32706438,1778222008
32707640,1778243328
32707965,1778249818
32712413,1778378208
32714950,1778459851
