question_id,closed_date,closed_reason,score,answer_count
67781287,,,0,2
67783057,,,2,1
67783016,,,0,1
67782993,,,0,1
67782942,,,-2,1
67782911,,,0,0
67782907,,,0,4
67782893,,,4,2
67782859,,,0,1
67782839,,,0,1
67782782,,,-1,1
67782735,,,0,2
67782727,,,2,3
67782720,,,3,5
67782714,,,-2,1
67782700,1622524526,Duplicate,3,1
67782694,,,0,1
67782661,,,1,3
67782611,,,1,1
67782605,,,0,1
67782568,,,0,1
67782521,,,1,3
67783065,,,0,2
67783218,,,1,1
67783254,,,3,3
67783276,,,0,2
67783635,,,0,1
67783632,,,0,0
67783563,,,3,3
67783553,,,0,1
67783540,,,1,1
67783530,,,6,3
67783529,,,0,1
67783527,,,0,1
67783512,,,0,1
67783494,,,3,1
67782470,,,2,1
67783482,,,3,1
67783452,1622527703,Duplicate,0,0
67783439,,,0,1
67783431,,,3,1
67783406,,,1,1
67783398,,,1,1
67783393,,,0,1
67783391,,,-1,1
67783376,1622530450,Duplicate,0,0
67783373,,,0,2
67783299,,,0,0
67783459,,,1,1
67782431,,,0,2
67783217,,,1,1
67782307,,,1,2
67781835,,,0,0
67781819,,,0,2
67781812,,,1,1
67781799,,,0,1
67781761,,,1,2
67781749,,,0,1
67781735,,,0,2
67781710,,,0,1
67781614,,,0,0
67781605,1622514436,Duplicate,1,0
67781863,,,0,1
67781560,,,1,1
67781489,,,0,0
67781480,,,0,1
67781473,,,0,2
67781467,,,0,1
67781463,,,-2,1
67781460,,,0,2
67781446,,,0,0
67781390,1622633326,Needs more focus,0,1
67781317,1622506359,Opinion-based,-2,1
67782392,,,-1,2
67781533,,,1,0
67781885,,,0,1
67781291,,,0,0
67782222,,,0,0
67782297,,,1,1
67782266,,,0,0
67782251,,,1,1
67782240,,,0,1
67782229,,,0,1
67782228,,,0,0
67781920,,,2,2
67782215,,,0,1
67782206,1622518557,Duplicate,4,3
67782158,,,1,1
67782204,,,1,1
67782054,,,0,2
67782045,,,0,1
67782032,,,0,2
67782026,,,0,1
67781994,,,-1,2
67781988,,,-1,1
67781976,,,1,1
67781963,,,1,2
67781946,,,0,2
67781934,,,1,1
67782082,,,1,0
68204056,,,0,0
68204050,,,0,1
68204051,,,0,1
68204075,,,0,0
68203754,,,0,2
68204103,,,2,1
68204109,1625115441,Not suitable for this site,2,1
68204128,,,1,1
68204133,,,2,0
68204097,,,2,2
68204026,,,1,1
68203761,,,2,5
68203996,,,-2,1
68203974,,,-3,3
68203955,,,1,1
68203921,,,0,2
68203864,,,0,1
68203854,,,0,1
68203849,,,0,1
68203846,,,-1,1
68203840,1625115685,Needs details or clarity,-1,1
68204153,,,2,1
68204001,1625111685,Duplicate,0,0
68204161,,,7,1
68204457,,,1,1
68204204,1625586983,Duplicate,0,0
68204651,,,0,1
68204635,,,0,1
68204624,,,-1,1
68204617,,,2,1
68204602,,,0,1
68204565,,,0,2
68204563,,,0,1
68204549,,,1,1
68204533,,,0,1
68204510,,,-1,2
68204484,,,0,0
68204482,,,0,1
68204455,,,-1,1
68204411,,,9,0
68204395,,,0,1
68204393,,,-3,1
68204384,,,-4,1
68204310,,,4,2
68204243,,,1,3
68204231,,,-3,2
68204223,,,-1,1
68204183,1625150744,Needs details or clarity,0,1
68203739,,,-1,2
68204157,,,2,3
68203729,,,0,1
68203376,,,1,2
68203363,,,1,2
68203338,1625201640,Not suitable for this site,0,1
68203313,,,-4,4
68203300,,,0,0
68203295,,,4,0
68203157,,,0,0
68203146,,,4,2
68203142,,,1,0
68203137,,,0,3
68203377,,,0,2
68203111,,,2,1
68202989,,,0,1
68202978,,,2,1
68202976,,,0,1
68202975,,,4,0
68202971,,,1,0
68202945,,,0,4
68202931,,,1,2
68202921,,,0,1
68202917,1625113805,Duplicate,-1,2
68202851,,,0,1
68203091,,,1,1
68203385,,,1,1
68202813,,,1,1
68203428,,,0,1
68203693,,,-3,1
68203688,1625111813,Duplicate,-1,1
68203684,,,0,3
68203673,,,0,4
68203665,,,0,1
68203648,,,0,1
68203626,1625107805,Duplicate,0,0
68203625,,,0,2
68203612,,,3,1
68203611,,,0,3
68203588,,,0,4
68203736,,,0,1
68203577,,,1,0
68203537,,,0,1
68203530,,,0,1
68203510,,,0,2
68203485,,,0,1
68203470,,,0,2
68203469,,,0,2
68203460,,,0,0
68203445,,,1,1
68203432,,,0,1
68203587,,,1,2
68607593,,,0,1
68607614,,,0,1
68607656,,,0,1
68607667,,,-1,2
68607825,,,0,1
68607722,,,1,1
68607752,1627797042,Duplicate,0,0
68607592,,,0,1
68607712,1627796941,Duplicate,-1,1
68607578,,,0,1
68607529,,,-1,1
68607574,,,0,2
68607565,,,1,1
68607545,,,2,1
68607866,,,1,1
68607517,,,0,2
68607496,,,1,1
68607481,,,0,1
68607475,,,0,2
68607474,,,0,1
68607439,,,0,2
68607367,,,0,1
68607576,,,-2,1
68607871,,,0,2
68608056,,,0,1
68607955,,,0,1
68607348,,,1,1
68608447,,,1,1
68608428,,,2,1
68608380,,,0,5
68608326,,,1,1
68608318,,,0,2
68608273,,,0,1
68608271,,,0,1
68608259,1627803225,Duplicate,1,2
68608220,,,0,2
68607936,,,0,1
68608216,,,2,0
68608161,,,-1,3
68608448,,,0,1
68608105,,,2,1
68608081,1628229725,Duplicate,0,0
68608079,,,0,2
68608076,,,2,3
68608069,,,0,2
68608065,,,1,1
68608040,,,0,1
68608025,,,0,3
68608200,,,0,0
68608159,,,0,2
68607340,,,1,1
68607326,,,0,1
68606884,,,0,1
68606815,,,1,2
68606814,,,0,2
68606809,,,1,0
68606779,,,0,1
68606744,,,1,0
68606739,,,0,1
68606730,,,0,2
68606703,,,2,1
68606695,,,3,2
68606688,,,0,1
68606672,,,0,2
68606663,,,0,1
68606661,,,34,1
68606646,,,2,0
68606641,,,1,1
68606631,,,5,1
68606625,,,1,2
68606608,,,1,0
68606598,,,0,2
68607328,,,3,1
68606901,,,1,1
68606917,,,3,2
68606719,,,0,1
68606952,,,2,1
68606920,,,0,2
68607301,,,0,1
68607287,,,0,1
68607277,,,1,0
68607258,,,0,1
68607226,,,0,1
68607222,,,2,2
68607197,,,1,1
68607187,,,1,1
68607162,,,0,0
68607160,,,1,1
68607325,,,0,1
68607138,,,0,0
68607139,,,0,0
68606981,,,4,2
68606986,,,-1,1
68606999,,,0,0
68607027,,,0,1
68606971,,,0,2
68607067,,,2,3
68607075,,,2,1
68607130,,,1,1
68607037,,,0,4
69007628,,,0,1
69007798,,,2,1
69007786,,,2,2
69007748,,,3,3
69007730,,,0,1
69007677,,,1,2
69007865,,,0,0
69007672,,,0,0
69007639,,,0,0
69007603,,,0,2
69007453,1630486136,Needs details or clarity,-3,2
69007524,,,2,5
69007516,,,0,1
69007479,,,0,1
69007473,,,0,0
69007390,,,-1,3
69007381,1630468544,Duplicate,1,1
69007376,,,0,1
69007370,,,0,1
69007362,,,0,1
69007870,,,0,1
69007530,,,0,0
69008004,,,-1,1
69007361,,,1,2
69008035,1630479859,Needs details or clarity,0,1
69008518,,,1,1
69008507,,,0,1
69008501,,,-1,4
69008445,,,0,1
69008420,1630475768,Duplicate,0,1
69008362,,,1,3
69008321,,,0,1
69008305,,,0,1
69008290,,,3,4
69008275,,,3,1
69008015,,,1,1
69008262,,,1,1
69008156,,,0,1
69008155,,,1,1
69008133,,,3,1
69008131,,,0,1
69008130,,,1,3
69008121,,,3,1
69008105,,,0,7
69008075,,,1,0
69008065,,,1,1
69008055,,,0,0
69008185,,,1,1
69007351,,,4,3
69007922,,,0,1
69007325,,,0,1
69006853,1630505145,Duplicate,0,0
69006819,,,2,0
69006814,,,0,1
69006804,,,1,1
69006749,1630458558,Duplicate,0,0
69006674,,,1,3
69006654,1630458989,Duplicate,2,2
69006615,,,0,2
69006595,,,1,2
69006584,,,0,1
69006886,,,0,2
69006583,,,1,2
69006564,,,-1,2
69006562,,,0,2
69006541,,,0,0
69006523,1630471663,Duplicate,2,0
69006489,,,0,1
69006486,,,0,1
69006479,,,0,0
69006473,,,4,1
69006464,,,0,1
69006444,,,0,1
69006579,,,1,1
69006887,,,5,1
69007346,,,3,1
69007296,1630465190,Duplicate,-1,2
69007257,,,0,1
69007238,1630469815,Needs more focus,-4,1
69007185,,,1,4
69007184,,,1,0
69007162,,,0,1
69007149,,,1,2
69007130,,,0,1
69007122,,,0,2
69007119,,,-1,1
69007080,,,0,1
69007158,1630486004,Needs more focus,-1,4
69007064,1630463072,Duplicate,0,2
69007068,,,0,1
69006918,,,0,3
69006931,1630461723,Duplicate,1,1
69006956,,,1,2
69006961,,,0,1
69006916,,,1,1
69007000,,,0,1
69007019,,,2,1
69007042,,,1,3
69007044,,,0,1
69006972,1630466703,Duplicate,0,0
69401226,,,4,1
69401434,,,0,1
69401431,,,0,1
69401411,1633070350,Duplicate,1,1
69401404,,,0,0
69401386,,,0,1
69401364,,,2,2
69401341,1633069350,Duplicate,1,0
69401248,,,1,1
69401227,,,0,2
69401441,,,2,1
69401210,,,1,1
69401192,1633655389,Duplicate,0,1
69401183,,,0,1
69401159,,,1,1
69401157,,,0,2
69401150,,,1,1
69401136,,,-1,2
69401126,1633070530,Duplicate,-1,1
69401056,,,1,2
69401055,,,1,1
69401453,1633170321,Not suitable for this site,-1,2
69401196,,,0,1
69401454,,,1,3
69401718,,,-1,2
69401488,,,2,2
69402145,,,0,3
69402126,,,0,2
69402091,,,0,2
69402078,,,0,0
69402000,,,-1,1
69401984,,,0,3
69401888,,,1,3
69401857,,,0,2
69401841,,,0,0
69401793,1633073446,Not suitable for this site,-1,1
69401477,,,1,2
69401786,1633073474,Not suitable for this site,-3,2
69401038,,,0,1
69401713,,,1,2
69401708,1635492955,Needs details or clarity,3,1
69401661,,,0,3
69401644,,,5,1
69401643,1633086866,Needs details or clarity,1,3
69401611,,,2,2
69401600,,,0,1
69401599,1633086937,Not suitable for this site,0,2
69401490,,,0,2
69401752,,,3,3
69400996,,,0,1
69400984,,,1,2
69400936,,,2,2
69400397,,,0,0
69400384,,,0,1
69400374,,,1,0
69400352,,,0,0
69400332,1633074117,Needs more focus,0,2
69400329,,,0,1
69400319,1633070098,Not suitable for this site,-2,1
69400299,,,0,1
69400241,,,1,1
69400165,,,0,1
69400163,,,2,1
69400157,,,0,1
69400146,,,0,1
69400106,,,0,1
69400088,,,0,2
69400080,,,0,0
69400063,,,0,1
69400007,,,0,2
69399990,,,0,2
69399970,,,2,2
69399941,,,-1,2
69400416,,,3,3
69400419,,,0,2
69400203,,,0,1
69400495,,,0,1
69400456,,,0,1
69400899,,,2,2
69400897,,,2,1
69400871,,,8,2
69400868,1633355484,Duplicate,2,0
69400843,,,1,1
69400814,,,1,1
69400813,,,0,0
69400809,,,0,1
69400771,,,3,3
69400770,,,0,0
69400900,,,7,4
69400501,,,1,0
69400750,,,1,0
69400727,,,1,1
69400703,,,2,2
69400630,,,2,1
69400620,,,0,1
69400607,,,1,1
69400573,,,0,1
69400535,,,2,1
69400525,,,1,1
69400768,,,1,1
69792712,1636689793,Needs more focus,-2,2
69792713,,,1,2
69792729,,,0,1
69792760,,,0,0
69792877,,,1,1
69793663,,,0,0
69792798,1635749915,Not suitable for this site,0,2
69792801,,,0,1
69792703,,,1,1
69792774,1635743628,Duplicate,6,1
69792699,,,0,2
69792497,,,0,1
69792582,,,1,2
69792575,,,0,1
69792564,,,1,2
69792515,,,1,1
69792478,,,1,6
69792464,,,0,2
69792429,,,1,1
69792413,1635739804,Needs details or clarity,-2,1
69792367,,,1,0
69792359,,,0,1
69792696,,,0,1
69792879,1635746283,Duplicate,-1,2
69793545,,,0,0
69792894,,,0,0
69792350,1635742025,Duplicate,0,1
69793525,1635764455,Not suitable for this site,0,2
69793514,,,1,1
69793494,,,-1,1
69793465,,,0,1
69793437,,,0,0
69793376,,,1,1
69793305,,,0,1
69793288,1635748321,Duplicate,0,1
69793245,,,-1,6
69792881,,,0,1
69793202,,,0,0
69793151,,,0,2
69793144,1635746912,Duplicate,0,2
69793091,,,2,1
69793089,1635746764,Duplicate,0,1
69793016,,,0,1
69793013,1635746753,Not suitable for this site,0,1
69792966,,,1,1
69792957,,,0,2
69792938,,,0,2
69792900,,,0,0
69793181,,,0,1
69793559,,,0,2
69792337,,,2,3
69792328,1635739652,Duplicate,1,2
69791834,1635730553,Not suitable for this site,-1,1
69791808,,,1,1
69791783,,,-1,1
69791753,,,0,0
69791728,,,0,1
69791723,,,2,1
69791693,,,1,0
69791690,,,3,1
69791674,,,-1,2
69791646,1635733986,Duplicate,1,0
69791630,,,-1,1
69791620,,,0,1
69791617,,,0,3
69791612,,,1,1
69791611,,,0,1
69791596,,,2,3
69791575,,,0,1
69791573,,,1,1
69791553,,,-2,3
69791533,,,2,1
69791524,,,0,0
69791848,,,1,1
69791863,,,1,1
69792335,,,0,2
69791885,,,0,1
69791864,,,3,2
69792320,,,0,1
69792317,,,2,1
69792296,,,0,1
69792261,,,3,1
69792258,,,1,0
69792205,,,3,1
69792172,,,1,0
69792130,1636059985,Duplicate,0,0
69792108,,,-1,3
69792103,,,0,1
69792199,,,1,2
69792099,,,1,1
69792094,,,0,1
69792060,1635734454,Duplicate,-1,2
69791899,,,0,2
69792025,,,1,2
69792016,,,0,1
69792006,1672621992,Not suitable for this site,-5,3
69791941,,,6,5
69791920,,,1,0
69791917,,,4,3
69792100,,,0,0
70178619,,,3,4
70178620,,,3,3
70178637,,,0,1
70178788,,,4,1
70178648,,,-1,1
70178686,,,1,1
70178705,1638343284,Needs details or clarity,-2,1
70178582,,,2,1
70178644,,,1,2
70178553,,,0,0
70178340,,,0,0
70178534,,,1,2
70178486,,,-1,1
70178475,,,0,2
70178452,,,4,1
70178444,,,1,3
70178438,,,2,1
70178416,,,1,4
70178415,1710058893,Duplicate,-2,1
70178355,,,4,2
70178819,,,2,1
70178536,,,1,1
70178831,,,2,1
70179127,,,1,0
70178910,,,1,1
70178335,,,2,0
70179298,,,0,1
70179296,,,0,1
70179295,1638339185,Duplicate,1,1
70179282,1638350005,Duplicate,0,0
70179247,1638343792,Duplicate,0,1
70179237,,,0,1
70179230,,,3,3
70179196,,,2,2
70179159,,,-1,1
70178840,,,6,2
70179158,,,4,0
70179142,,,2,2
70179124,,,1,1
70179109,,,0,0
70179076,,,1,1
70179051,,,2,2
70178999,,,1,2
70178995,,,2,1
70178943,,,1,2
70178936,1638342099,Needs details or clarity,1,1
70178922,,,1,1
70179151,,,0,0
70179307,,,3,1
70178274,,,1,1
70178230,,,-3,1
70177871,,,0,1
70177841,,,0,2
70177811,,,0,1
70177806,,,2,1
70177804,,,-1,1
70177797,,,1,1
70177790,,,0,1
70177770,,,0,1
70177765,,,0,0
70177759,,,0,1
70177873,,,-1,1
70177724,,,0,1
70177709,,,5,1
70177685,,,0,0
70177674,,,2,1
70177661,,,1,1
70177638,,,0,1
70177629,,,-1,1
70177623,1638328151,Duplicate,1,1
70177598,,,5,2
70177591,1638729543,Needs details or clarity,-1,1
70178247,,,0,2
70177716,,,0,1
70177878,,,-1,1
70177760,,,1,1
70177898,,,0,2
70177888,,,0,1
70178216,1659573766,Duplicate,1,4
70178212,,,1,1
70178206,,,1,2
70178205,,,0,0
70178163,,,0,1
70178162,,,1,0
70178145,,,0,1
70178142,,,0,1
70178129,,,3,0
70178125,,,0,3
70178229,,,0,1
70178064,,,-1,1
70178114,,,3,2
70177916,,,1,2
70177935,,,0,2
70177940,,,1,2
70177945,,,-1,1
70177902,,,0,1
70177979,1638321447,Duplicate,0,0
70178001,,,0,2
70178016,,,0,2
70177967,,,0,1
70547425,,,0,1
70547669,,,0,1
70547624,,,1,1
70547552,,,0,0
70547527,,,0,2
70547515,1641090346,Duplicate,-1,1
70547460,,,1,1
70547678,,,2,2
70547441,,,-3,1
70547426,1641099515,Duplicate,0,5
70547416,,,-1,1
70547309,,,0,1
70547395,,,1,1
70547384,,,1,1
70547324,,,1,1
70547300,,,1,1
70547296,,,0,1
70547290,,,0,0
70547281,,,-6,4
70547251,,,0,1
70547199,,,1,1
70547711,,,-2,1
70547404,,,0,2
70547721,,,3,2
70547186,,,0,1
70547735,,,0,2
70548240,,,4,2
70548233,,,1,0
70548206,,,1,3
70548188,,,1,1
70548161,,,0,1
70548129,,,1,1
70548095,,,-2,1
70548094,,,0,1
70548075,,,-1,1
70548070,,,0,0
70547728,,,0,3
70548057,,,-3,1
70547994,,,0,0
70547939,,,1,0
70547910,,,1,1
70547901,,,1,1
70547865,,,0,1
70547850,,,1,0
70547813,,,-2,2
70547808,,,0,0
70547798,,,4,2
70547742,,,2,1
70548041,,,-1,3
70547176,,,1,2
70546671,,,0,1
70547077,,,-1,1
70546655,,,0,0
70546604,,,5,3
70546579,,,0,0
70546565,,,1,1
70546553,,,0,0
70546551,,,-1,1
70546522,,,1,1
70546468,,,3,2
70546467,,,2,1
70546448,,,2,3
70546410,,,2,2
70546406,,,-1,1
70546392,,,3,1
70546376,,,0,0
70546369,,,0,1
70546364,,,0,1
70546362,,,2,1
70546351,,,1,1
70546349,,,0,1
70546341,,,3,0
70546325,,,1,1
70546666,,,1,2
70546667,,,-1,2
70546324,,,3,1
70546689,,,1,1
70547100,1641015103,Duplicate,0,0
70547027,,,2,5
70547008,,,,
70547000,,,0,1
70546926,,,2,1
70546913,,,3,2
70546893,,,1,2
70546855,,,0,1
70546850,,,3,1
70546846,,,0,1
70546838,,,0,1
70546870,,,1,1
70546824,,,-1,1
70546823,,,7,1
70546822,,,3,2
70546709,,,0,1
70546788,,,0,1
70546765,,,3,1
70546744,,,2,0
70546742,1641013443,Duplicate,5,1
70546725,,,0,1
70546720,,,1,0
70546828,,,-1,2
70935636,,,2,0
70935641,,,0,0
70935648,,,0,1
70935761,,,-1,3
70935718,,,-1,4
70935727,,,0,1
70935739,,,0,1
70935570,,,0,2
70935680,,,-1,1
70935535,,,0,3
70935265,,,1,1
70935501,,,0,1
70935481,,,0,1
70935457,,,0,3
70935425,1643688623,Duplicate,0,1
70935419,,,0,2
70935394,1643687669,Duplicate,0,0
70935367,,,0,1
70935365,,,0,2
70935309,,,1,0
70935766,,,2,1
70935519,,,0,3
70935795,1643800266,Duplicate,0,1
70936091,,,0,3
70935825,,,1,2
70935262,,,3,1
70936462,,,3,1
70936451,1643698962,Duplicate,0,0
70936408,,,0,1
70936382,,,0,2
70936340,,,1,0
70936307,1643697140,Duplicate,-2,1
70936254,,,0,0
70936246,1643712222,Duplicate,0,0
70936198,,,1,3
70935815,1643692814,Duplicate,1,0
70936145,,,0,4
70936118,1643704719,Needs more focus,2,4
70936073,,,1,2
70936033,,,1,1
70936023,,,0,0
70935983,1643698968,Duplicate,-1,1
70935905,1643693337,Duplicate,0,1
70935903,,,0,1
70935898,,,0,1
70935872,,,0,0
70935868,,,0,1
70936144,,,1,2
70935209,,,6,4
70936466,,,0,1
70935197,,,0,1
70934673,,,1,2
70934656,,,0,1
70934653,,,2,1
70934631,,,-1,1
70934622,,,0,1
70934600,,,1,2
70934586,,,1,1
70934574,,,1,1
70934572,,,0,2
70934563,,,3,3
70934699,,,6,1
70934553,,,0,1
70934506,,,7,1
70934492,1643745045,Duplicate,0,2
70934480,,,0,1
70934392,,,1,3
70934384,,,0,1
70934367,,,2,1
70934362,,,1,3
70934334,,,0,1
70934315,,,-1,3
70934247,,,0,2
70934517,,,0,2
70934735,,,0,1
70935202,,,0,0
70934789,,,3,2
70935182,,,-1,1
70935179,,,1,1
70935173,,,0,1
70935155,1643685522,Duplicate,3,1
70935154,,,0,1
70935153,,,0,1
70934781,,,0,1
70935112,,,1,1
70935039,,,0,1
70934989,1643712063,Duplicate,-1,1
70934970,,,-1,1
70935118,,,1,1
70934962,,,0,1
70934954,,,0,1
70934949,,,0,1
70934947,,,1,1
70934912,,,3,1
70934895,,,0,0
70934889,,,1,1
70934878,,,0,1
70934844,,,-1,1
70934808,,,0,1
70934967,,,0,2
71303708,,,0,0
71303716,,,1,1
71303719,,,1,3
71303734,,,1,3
71303810,,,1,1
71303748,,,0,1
71303788,,,1,0
71303795,,,0,1
71303740,,,0,1
71303700,,,0,1
71303520,,,0,1
71303659,,,1,1
71303643,,,9,1
71303630,,,0,1
71303585,,,0,2
71303583,,,0,1
71303574,1646107690,Duplicate,0,1
71303567,,,3,0
71303564,,,0,1
71303551,,,1,1
71303550,,,1,1
71303817,,,0,2
71303690,,,0,0
71303878,,,4,2
71304165,,,0,2
71303921,,,0,1
71303489,,,0,0
71304422,1646122931,Not suitable for this site,1,1
71304415,,,0,1
71304410,,,0,1
71304381,,,0,2
71304356,,,0,1
71304329,,,1,1
71304293,,,0,2
71304288,,,0,1
71304202,,,0,1
71303881,,,0,0
71304199,1646114358,Duplicate,0,0
71304181,,,1,3
71304164,,,0,1
71304113,,,0,2
71304045,,,0,0
71304022,,,1,1
71304002,,,0,1
71303990,,,9,0
71303964,,,1,0
71303956,,,3,3
71303929,,,0,1
71304186,,,0,1
71304476,,,1,1
71303481,,,1,2
71303453,,,-2,3
71302801,,,1,2
71302771,,,0,1
71302758,,,1,1
71302734,,,0,1
71302725,,,0,1
71302679,,,0,0
71302671,,,0,1
71302660,,,1,1
71302626,,,2,1
71302583,,,0,1
71302569,,,0,1
71302557,,,0,1
71302527,,,1,0
71302471,,,0,2
71302464,,,1,3
71302423,,,0,1
71302413,,,-1,1
71302401,,,-1,1
71302387,,,1,2
71302366,,,4,1
71303456,,,1,1
71302811,,,0,0
71302832,,,0,1
71302650,,,0,0
71302840,,,0,1
71302839,,,1,0
71303438,,,0,1
71303417,,,2,2
71303408,,,0,1
71303293,,,3,0
71303258,,,3,1
71303247,,,0,2
71303220,,,1,0
71303194,,,0,0
71303173,,,1,2
71303084,,,0,1
71303439,,,1,0
71303064,,,1,2
71303074,,,0,0
71302850,,,0,1
71302867,,,0,2
71302892,,,0,1
71302925,,,0,0
71302841,,,2,0
71302943,,,0,2
71302991,,,1,0
71303032,,,1,1
71302932,,,0,1
71701592,,,0,2
71701690,,,1,1
71701680,,,0,0
71701641,,,0,1
71701634,,,0,1
71701629,,,14,3
71701697,1648870845,Duplicate,1,2
71701625,,,0,0
71701622,1648792518,Duplicate,0,1
71701586,,,1,2
71701506,,,0,2
71701567,,,-1,1
71701565,,,1,2
71701543,,,0,1
71701523,,,2,1
71701504,,,0,2
71701491,,,1,1
71701469,1648797023,Duplicate,-3,4
71701458,,,0,1
71701448,,,-1,1
71701739,,,0,3
71701574,,,1,2
71701806,,,1,3
71701421,,,0,1
71701844,,,0,2
71702483,,,-1,1
71702459,1649083959,Opinion-based,0,2
71702453,1649137839,Needs details or clarity,0,2
71702434,,,0,0
71702376,,,1,1
71702374,,,0,0
71702238,,,-1,3
71702183,,,0,0
71702179,,,0,2
71702170,,,0,0
71701814,1649023621,Duplicate,0,4
71702167,,,0,1
71702153,,,0,1
71702147,,,0,1
71702121,,,0,0
71702099,1648791134,Duplicate,-1,1
71701981,,,0,5
71701966,,,0,1
71701959,,,0,1
71701940,,,0,0
71701899,,,0,1
71701855,,,0,1
71702156,,,0,0
71701415,,,2,1
71702526,,,1,0
71701364,,,0,3
71700815,,,0,1
71700767,,,0,1
71700757,,,0,3
71700716,,,0,1
71700691,,,0,1
71700679,,,0,0
71700673,,,1,1
71700634,,,0,1
71700591,,,0,0
71700580,,,0,1
71700830,,,0,0
71700577,,,0,1
71700550,,,0,1
71700531,,,-1,2
71700514,,,1,2
71700505,,,0,4
71700501,,,1,1
71700475,,,-2,3
71700439,,,0,3
71700434,,,0,2
71700425,,,0,3
71700418,,,1,0
71700563,,,0,1
71700852,,,0,1
71701389,1648789099,Duplicate,0,1
71700881,,,0,2
71701338,,,0,0
71701327,,,-2,1
71701326,,,0,3
71701313,,,1,0
71701302,,,1,2
71701296,,,0,2
71701279,1664670461,Duplicate,0,5
71701239,,,0,0
71701200,,,0,1
71701199,,,0,2
71701288,,,1,0
71701126,,,0,1
71701187,,,-1,2
71700949,,,0,1
71700993,,,0,1
71701011,,,0,1
71701013,,,0,3
71700902,,,0,1
71701045,,,1,2
71701113,,,1,2
71701125,,,0,1
71701041,,,5,1
71700862,,,0,1
72074137,,,1,0
72074415,1651417794,Duplicate,0,1
72074406,,,0,0
72074375,,,0,1
72074345,,,0,1
72074327,,,0,0
72074319,,,0,0
72074213,1651383761,Duplicate,0,2
72074195,,,0,1
72074186,,,0,0
72073941,,,-1,1
72074092,,,1,2
72074079,,,0,0
72074060,,,2,1
72074050,,,0,1
72074031,,,-2,1
72074018,,,0,1
72073990,,,0,1
72073949,,,0,0
72073943,,,0,1
72074429,,,1,2
72074133,,,1,0
72074474,1651453456,Duplicate,-1,2
72074635,,,0,1
72074495,,,-1,2
72074882,,,4,2
72074870,,,-1,1
72074846,,,1,1
72074819,,,0,1
72074801,,,1,1
72074778,,,0,2
72074762,,,0,1
72074751,1651421348,Duplicate,0,0
72074669,,,0,2
72074662,,,0,2
72074477,,,2,0
72074658,,,-1,1
72074636,1651389207,Duplicate,0,1
72073931,,,0,1
72074605,,,0,1
72074598,1651509624,Duplicate,0,2
72074586,1651461646,Duplicate,0,2
72074580,,,1,0
72074547,,,0,0
72074524,,,0,1
72074512,,,1,3
72074496,,,1,1
72074655,,,1,0
72073922,,,0,1
72074121,,,0,1
72073918,,,0,1
72073427,,,-1,1
72073419,,,1,1
72073417,,,6,1
72073413,,,0,1
72073393,,,0,1
72073388,,,0,2
72073381,,,1,3
72073373,,,0,2
72073362,1651412234,Not suitable for this site,-1,1
72073350,,,0,1
72073484,,,0,0
72073302,,,0,1
72073198,,,0,4
72073168,,,4,1
72073157,,,0,1
72073153,,,0,1
72073134,,,2,1
72073130,,,-1,1
72073104,,,-1,2
72073078,1651387227,Duplicate,-1,1
72073068,,,0,0
72073065,,,0,0
72073242,,,3,4
72073488,,,1,0
72073919,,,4,1
72073495,,,0,1
72073886,,,0,2
72073875,,,0,1
72073871,,,0,0
72073846,,,1,1
72073836,,,1,0
72073803,,,1,1
72073489,,,0,1
72073755,,,1,1
72073739,,,1,2
72073728,,,0,1
72073699,,,0,0
72073765,,,0,1
72073668,,,1,0
72073664,,,0,0
72073663,,,0,1
72073646,,,1,0
72073643,,,1,1
72073636,,,0,1
72073630,,,0,3
72073596,,,1,0
72073523,,,-2,2
72073505,,,1,0
72073686,,,1,2
72456456,1654057918,Duplicate,1,0
72456479,,,-2,1
72456480,,,0,0
72456481,,,2,1
72456593,,,0,1
72456555,,,0,1
72456557,,,1,2
72456589,,,0,2
72456554,,,1,3
72456447,,,2,1
72456234,,,63,1
72456404,,,0,0
72456399,,,0,0
72456392,,,1,1
72456345,,,0,1
72456342,,,0,0
72456328,,,0,1
72456290,,,2,0
72456253,,,0,2
72456250,,,0,0
72456246,,,0,0
72456623,,,2,2
72456416,,,0,1
72456644,,,0,2
72456849,1654065034,Duplicate,0,0
72456679,,,-1,1
72456212,,,0,1
72457216,,,-1,1
72457194,,,1,3
72457169,,,0,1
72457168,,,0,1
72457129,,,0,1
72457090,,,2,1
72457084,,,1,0
72457031,,,0,0
72457021,,,0,1
72456647,,,2,2
72457019,,,-1,1
72456914,,,0,2
72456847,,,0,1
72456845,,,0,1
72456831,,,0,2
72456810,,,1,2
72456780,,,0,1
72456725,,,2,2
72456723,,,0,1
72456705,,,0,1
72456687,,,0,1
72456934,,,0,2
72457221,,,3,0
72456146,,,2,2
72456084,,,0,1
72455495,,,0,1
72455487,,,10,2
72455444,,,0,1
72455427,,,0,0
72455420,,,0,0
72455398,,,0,1
72455394,,,0,2
72455381,,,0,0
72455370,,,0,4
72455369,,,0,1
72455307,,,0,2
72455305,,,0,2
72455288,,,-1,1
72455278,,,0,0
72455274,,,0,2
72455252,,,0,1
72455246,1654042432,Duplicate,1,0
72455240,,,1,1
72455215,,,0,1
72455208,,,1,1
72455196,,,0,1
72455507,,,-1,1
72455526,,,0,2
72456086,,,3,1
72455547,,,0,0
72456010,,,-1,1
72456001,,,1,1
72455983,,,0,0
72455962,1654054341,Duplicate,0,2
72455936,,,0,1
72455925,,,0,1
72455541,,,0,2
72455896,,,0,1
72455866,,,1,2
72455852,1654057164,Not suitable for this site,-1,1
72455847,,,0,2
72455916,,,1,1
72455760,,,0,0
72455730,,,2,1
72455709,,,0,1
72455673,,,2,4
72455639,,,0,2
72455601,,,0,0
72455600,,,2,1
72455584,,,0,1
72455582,,,2,1
72455558,,,1,1
72455810,,,0,4
72824468,,,21,5
72824482,1656651509,Duplicate,0,1
72824484,,,0,1
72824498,,,1,1
72824608,,,-2,3
72824561,,,2,1
72824584,,,0,2
72824590,,,0,2
72824532,,,0,0
72824467,,,0,0
72824084,,,0,1
72824419,,,0,1
72824417,,,1,2
72824327,,,0,2
72824292,,,0,1
72824262,1656650913,Duplicate,0,1
72824244,,,-1,1
72824236,,,1,4
72824231,,,0,1
72824213,,,0,1
72824114,,,0,1
72824617,,,0,1
72824420,,,5,2
72824636,,,0,1
72825021,,,0,1
72824733,,,0,1
72825203,,,4,1
72824080,,,0,0
72825192,,,2,1
72825182,,,1,1
72825151,,,0,1
72825139,,,3,3
72825137,,,0,1
72825127,,,0,0
72825123,,,0,2
72825117,,,3,2
72824646,,,0,1
72825113,1656656893,Duplicate,0,1
72825065,,,0,1
72824918,,,1,5
72824876,,,2,1
72824866,,,1,0
72824855,,,-1,2
72824797,,,0,0
72824787,,,3,2
72824784,,,-1,4
72824773,,,1,1
72824754,,,0,1
72825111,,,2,1
72825193,,,1,0
72824067,,,0,1
72824048,,,0,0
72823610,,,1,1
72823607,,,1,1
72823544,,,0,1
72823450,,,-2,1
72823443,,,1,1
72823416,,,1,1
72823407,,,1,2
72823377,,,2,2
72823341,,,0,1
72823321,,,0,3
72823313,,,0,0
72823311,,,0,1
72823304,,,0,0
72823302,,,1,5
72823290,,,-2,1
72823277,,,1,0
72823273,,,2,1
72823253,,,0,1
72823219,,,0,0
72823176,,,0,0
72824054,1656915936,Needs more focus,-1,1
72823648,,,2,1
72823655,,,-1,1
72823376,,,0,1
72823664,,,0,0
72823662,,,0,1
72823970,,,0,0
72823934,,,0,1
72823920,,,0,1
72823916,,,-1,1
72823906,,,1,1
72823902,,,0,1
72823893,,,0,0
72823876,,,0,0
72823871,,,-1,2
72823843,,,0,1
72824019,,,1,1
72823803,,,0,2
72823816,1656674123,Needs details or clarity,-3,1
72823690,,,1,2
72823703,,,0,0
72823741,,,-1,1
72823744,,,0,0
72823675,,,0,1
72823770,,,1,1
72823786,,,0,2
72823793,,,0,1
72823768,,,5,2
73188906,,,2,5
73189054,,,1,3
73188996,,,0,0
73188992,,,0,2
73188984,,,1,1
73188983,,,0,2
73189080,,,0,0
73188919,,,0,0
73188917,,,-1,1
73188887,,,0,1
73188808,,,0,1
73188881,1659330449,Duplicate,0,1
73188838,,,0,1
73188814,,,0,1
73188811,,,0,2
73188805,,,-1,1
73188799,,,0,1
73188712,,,1,2
73188705,,,0,0
73188697,,,0,1
73189094,,,0,1
73188883,,,0,1
73189147,1659331940,Duplicate,-1,1
73188690,,,1,1
73189190,,,1,0
73189867,,,1,0
73189755,,,0,1
73189719,,,0,2
73189717,,,0,3
73189686,,,1,3
73189663,,,2,0
73189636,,,0,1
73189635,,,0,1
73189631,,,0,1
73189616,,,0,0
73189161,,,0,1
73189602,,,-1,1
73189531,,,0,1
73189476,,,7,1
73189456,1659345500,Needs details or clarity,-2,1
73189429,,,1,1
73189409,,,1,2
73189405,,,0,2
73189403,,,-1,2
73189285,,,0,1
73189225,,,1,1
73189191,,,0,1
73189588,,,0,1
73188664,,,2,1
73189135,1659332963,Duplicate,0,1
73188635,,,-1,2
73188205,1659329353,Duplicate,1,1
73188137,,,-1,1
73188124,,,0,1
73188122,,,0,1
73188111,,,0,1
73188102,,,1,1
73188094,,,0,0
73188063,,,1,1
73188054,,,0,0
73188050,,,0,1
73188208,,,0,1
73188010,,,0,0
73187971,,,0,0
73187965,,,1,0
73187931,,,0,1
73187923,,,1,1
73187918,,,-1,1
73187914,,,-2,4
73187905,,,4,1
73187868,,,0,1
73187837,,,2,1
73187799,,,2,2
73187982,,,1,0
73188210,,,1,2
73187792,,,-1,1
73188243,,,-1,1
73188648,,,1,1
73188595,,,0,1
73188586,,,1,2
73188582,1659325225,Duplicate,0,2
73188551,,,0,1
73188528,,,1,0
73188523,,,0,1
73188494,,,0,1
73188486,,,0,2
73188479,,,0,1
73188476,,,0,0
73188517,,,1,2
73188454,,,1,1
73188434,,,3,3
73188433,,,1,1
73188263,,,1,1
73188411,,,1,1
73188399,,,0,0
73188383,,,0,1
73188352,,,0,1
73188325,,,1,2
73188299,,,0,1
73188468,,,0,2
73564132,,,-2,1
73564183,,,3,2
73564219,1662005644,Duplicate,0,0
73564275,,,0,1
73564238,,,1,1
73564255,,,2,1
73564271,,,0,0
73564123,,,-2,2
73564223,,,3,1
73564117,,,0,2
73563992,,,2,0
73564093,,,0,0
73564087,1662004508,Duplicate,0,1
73564070,,,1,0
73564057,,,0,1
73564054,,,0,0
73564053,,,0,1
73564052,,,0,0
73564027,,,-1,3
73564018,,,0,1
73564285,,,-2,1
73564116,,,0,1
73564291,,,1,1
73564707,,,0,1
73564340,,,0,1
73563970,,,1,1
73564957,,,1,3
73564936,,,-1,3
73564843,,,-1,2
73564829,,,1,2
73564826,,,2,2
73564800,,,1,3
73564784,,,0,2
73564774,,,0,2
73564771,,,6,2
73564314,,,0,2
73564751,,,1,2
73564732,,,1,1
73564704,,,1,1
73564659,,,0,0
73564576,,,0,1
73564558,,,2,3
73564550,,,-2,4
73564547,,,0,1
73564465,,,0,1
73564451,,,1,1
73564348,,,1,1
73564748,1662289652,Duplicate,1,1
73563965,,,0,1
73564980,,,0,1
73563867,1662002848,Duplicate,0,2
73563367,,,0,1
73563343,1661996769,Duplicate,-1,1
73563332,,,0,1
73563328,,,0,1
73563323,,,-1,3
73563318,,,2,3
73563305,,,0,1
73563304,,,1,3
73563299,,,0,0
73563274,,,0,1
73563384,,,-2,1
73563253,,,0,1
73563204,,,1,2
73563186,,,0,1
73563158,,,1,2
73563154,1661995338,Needs more focus,-1,1
73563131,1662002670,Duplicate,0,1
73563105,,,0,0
73563089,,,0,2
73563077,,,2,0
73563061,,,2,1
73563053,1661997640,Duplicate,0,1
73563239,,,0,0
73563409,,,0,1
73563885,,,0,0
73563485,,,-1,1
73563804,,,20,3
73563789,,,2,3
73563761,,,1,2
73563754,,,0,1
73563689,,,-1,1
73563684,,,-1,1
73563440,1663574330,Duplicate,-1,1
73563678,,,-2,1
73563677,,,4,1
73563665,,,0,1
73563651,,,1,1
73563683,,,-1,4
73563592,,,0,1
73563591,,,0,2
73563578,,,5,1
73563559,,,0,1
73563528,1662087787,Duplicate,-2,1
73563524,,,1,1
73563518,,,1,2
73563506,,,-1,4
73563505,,,-1,2
73563496,,,0,1
73563648,,,0,2
73916103,,,-1,1
73916163,,,0,3
73916178,,,-1,1
73916183,,,0,1
73916257,1664622190,Duplicate,0,0
73916223,,,0,1
73916248,,,0,1
73916254,,,2,1
73916206,,,0,1
73916100,,,0,2
73915848,,,1,0
73916068,,,2,1
73916030,,,0,0
73916010,,,0,0
73915997,,,0,1
73915951,,,1,1
73915928,,,0,1
73915925,1664839414,Duplicate,-1,1
73915919,,,0,1
73915881,,,0,1
73915852,,,0,0
73916269,,,0,1
73916072,1664603518,Duplicate,0,1
73916301,,,0,2
73916434,,,0,2
73916352,,,-1,2
73915844,,,2,1
73916666,,,0,3
73916648,,,0,1
73916629,,,0,0
73916611,,,0,1
73916570,1734280573,Duplicate,0,0
73916554,,,2,1
73916547,,,0,1
73916546,1664824893,Duplicate,0,0
73916544,1664610421,Duplicate,0,1
73916343,,,0,2
73916516,1664611141,Duplicate,1,1
73916442,,,1,2
73916424,,,0,1
73916417,,,0,3
73916399,,,0,2
73916387,,,1,0
73916385,1664616167,Duplicate,-1,2
73916383,,,0,0
73916378,,,1,1
73916372,,,-4,5
73916367,,,0,0
73916510,,,0,1
73916700,,,0,1
73915833,,,0,3
73915796,1664648932,Duplicate,1,0
73915337,1664620066,Duplicate,0,1
73915267,,,-1,1
73915251,,,2,0
73915245,,,1,0
73915243,,,0,3
73915233,,,1,1
73915223,,,4,0
73915198,,,0,1
73915176,1664586852,Duplicate,3,0
73915163,,,0,0
73915158,,,0,0
73915131,,,-1,1
73915085,,,2,2
73915067,,,0,2
73915065,,,1,1
73915058,,,0,1
73915052,,,0,1
73914994,,,1,4
73914970,,,0,1
73914963,,,0,2
73915831,,,-1,1
73915365,,,-2,2
73915380,,,0,1
73915191,,,0,1
73915435,,,0,1
73915392,,,0,2
73915741,,,-1,2
73915705,,,0,1
73915703,1664598421,Duplicate,1,1
73915680,,,0,1
73915662,,,10,3
73915658,,,0,3
73915647,,,0,2
73915637,,,0,2
73915636,,,1,2
73915613,,,-2,1
73915775,,,1,1
73915563,,,-1,1
73915569,,,-2,2
73915455,,,-1,1
73915456,,,0,1
73915499,,,0,1
73915532,,,1,1
73915441,,,0,2
73915541,,,0,1
73915547,,,1,1
73915562,1664594098,Duplicate,0,1
73915535,,,1,0
74271198,,,0,1
74271364,,,0,1
74271360,,,0,1
74271346,,,-1,1
74271324,,,0,2
74271300,,,1,3
74271398,,,0,1
74271221,1667273279,Duplicate,0,1
74271205,,,1,1
74271193,,,0,3
74271117,,,0,1
74271162,,,0,1
74271155,,,1,2
74271140,,,0,2
74271139,,,0,1
74271109,,,0,1
74271091,,,0,1
74271089,,,0,1
74271056,,,1,0
74271011,1667295474,Duplicate,0,1
74271413,,,-1,2
74271184,,,0,1
74271425,,,1,1
74271005,,,-1,1
74271556,,,0,1
74272097,,,-1,1
74272051,1667287760,Duplicate,-1,1
74272036,,,1,1
74272010,,,-1,2
74271960,,,1,1
74271918,,,0,0
74271865,,,-2,2
74271854,,,0,2
74271821,,,0,1
74271781,,,0,0
74271533,,,0,1
74271775,,,0,1
74271728,,,0,3
74271690,,,0,1
74271681,,,3,4
74271669,,,0,1
74271648,,,0,2
74271642,,,-3,1
74271640,,,0,1
74271596,,,2,1
74271582,,,0,1
74271565,,,0,1
74271738,,,0,1
74270987,,,0,3
74272143,,,0,1
74270977,,,0,2
74270556,,,-1,1
74270537,,,-1,2
74270504,,,0,1
74270503,,,0,1
74270482,,,0,1
74270451,,,0,1
74270443,,,0,1
74270428,,,0,1
74270414,,,0,0
74270405,,,0,1
74270581,,,-4,1
74270404,,,0,1
74270364,,,0,1
74270345,,,0,2
74270323,,,0,1
74270302,,,0,1
74270287,1667262312,Needs details or clarity,-1,1
74270286,,,0,0
74270271,,,1,1
74270265,,,0,1
74270252,,,0,0
74270221,,,0,2
74270368,,,-1,1
74270599,,,0,1
74270985,,,0,0
74270611,,,-1,1
74270960,,,0,1
74270945,,,1,0
74270904,,,0,2
74270903,,,0,2
74270901,,,0,2
74270892,,,-2,2
74270886,,,2,1
74270778,,,1,1
74270774,,,-2,1
74270758,,,1,1
74270887,,,0,2
74270730,,,-1,1
74270749,,,-1,1
74270630,1667266612,Duplicate,0,0
74270653,,,0,1
74270657,,,1,0
74270674,,,0,1
74270621,,,3,1
74270696,,,1,1
74270708,,,1,0
74270717,,,0,1
74270683,,,2,1
74270609,,,1,3
74636711,,,-1,4
74636865,,,-1,2
74636834,,,1,0
74636807,,,0,0
74636794,,,0,1
74636784,,,0,1
74636777,,,0,0
74636772,,,0,1
74636752,,,1,1
74636740,,,0,1
74636478,,,0,1
74636650,,,0,1
74636649,,,-1,3
74636627,,,0,1
74636622,,,0,0
74636613,,,0,1
74636609,,,1,1
74636600,,,0,0
74636590,,,0,2
74636533,,,0,1
74636867,,,0,1
74636710,,,1,1
74636883,,,0,0
74637025,,,-1,3
74636896,,,0,1
74637458,,,5,3
74637387,,,0,1
74637350,,,0,0
74637271,,,0,0
74637234,,,0,1
74637231,,,0,2
74637221,,,-1,1
74637167,,,0,0
74637156,,,0,1
74637137,,,0,1
74636885,,,0,1
74637107,,,-1,1
74637028,,,0,1
74636441,,,1,2
74637000,,,0,1
74636986,,,0,1
74636955,,,1,3
74636944,,,-1,1
74636925,,,1,1
74636921,,,0,0
74636918,,,2,0
74636905,,,-1,1
74637083,,,0,1
74636427,,,0,0
74636683,,,0,0
74636410,,,0,3
74635937,,,0,0
74635932,,,0,1
74635930,1669870468,Needs details or clarity,-3,4
74635885,,,2,2
74635839,,,0,3
74635832,,,0,1
74635830,,,0,1
74635825,,,1,1
74635810,,,0,2
74635764,,,0,1
74635970,,,1,4
74635760,,,0,0
74635723,,,0,1
74635696,,,1,0
74635652,,,2,2
74635614,,,0,2
74635612,,,1,2
74635590,,,0,2
74635544,,,0,1
74635534,,,1,1
74635519,,,0,0
74635498,,,0,1
74635724,,,0,1
74635994,,,7,2
74636423,,,1,1
74636010,,,0,1
74636397,,,1,1
74636393,,,-1,2
74636391,1669886982,Duplicate,0,1
74636387,1670346208,Duplicate,0,0
74636322,,,0,2
74636276,,,1,2
74636003,1737826590,Duplicate,3,2
74636250,,,-1,1
74636236,,,1,1
74636222,1669861771,Duplicate,0,3
74636215,,,-2,1
74636264,,,0,1
74636197,,,0,1
74636192,,,0,1
74636162,,,1,2
74636125,,,0,1
74636120,,,0,3
74636105,,,0,1
74636064,,,0,2
74636052,,,0,1
74636048,1670108602,Duplicate,0,1
74636015,,,-1,2
74636203,,,2,2
74973803,1672564806,Not suitable for this site,-2,2
74973823,,,1,1
74973844,,,1,1
74973851,,,0,2
74973915,,,1,1
74973872,,,1,1
74973880,,,0,1
74973911,,,0,1
74973855,,,0,0
74973793,,,0,0
74973505,,,0,1
74973771,,,-1,1
74973678,1672563364,Duplicate,-1,1
74973663,,,1,2
74973659,1672563551,Duplicate,-1,1
74973657,,,0,1
74973651,,,0,1
74973624,,,1,2
74973577,,,3,1
74973549,,,1,0
74973537,,,0,2
74973928,,,-4,1
74973786,,,0,1
74973935,,,1,6
74974132,,,0,1
74973982,,,2,2
74973497,,,0,2
74974498,,,-1,3
74974495,,,-2,2
74974429,,,0,1
74974409,,,0,1
74974398,,,0,2
74974260,,,1,1
74974252,,,0,1
74974247,,,1,5
74974242,,,0,0
74973975,1672566827,Duplicate,0,0
74974239,,,0,1
74974204,,,2,2
74974120,,,0,1
74974103,,,0,1
74974064,,,1,2
74974056,,,-2,1
74974046,,,1,1
74974026,,,0,1
74974024,,,0,1
74973996,,,-2,1
74973993,,,0,2
74974207,,,0,0
74974516,,,1,1
74973485,,,0,1
74973455,,,0,1
74972898,,,0,1
74972891,,,1,1
74972881,,,-1,2
74972873,1676502217,Duplicate,0,1
74972866,,,0,2
74972850,,,3,1
74972826,,,0,2
74972823,,,-2,1
74972819,,,3,0
74972809,,,0,2
74972792,,,1,2
74972782,,,1,2
74972770,,,2,1
74972742,,,0,1
74972734,,,1,1
74972685,,,2,1
74972666,,,0,1
74972656,,,0,1
74972655,,,0,1
74972651,,,0,0
74972602,,,1,1
74972912,,,1,1
74972953,,,1,1
74973481,,,-1,1
74973032,,,8,2
74973452,1672576034,Duplicate,0,1
74973450,,,2,4
74973437,,,1,0
74973427,,,0,2
74973381,,,0,1
74973357,,,0,1
74972995,,,3,4
74973347,,,0,2
74973298,,,0,1
74973259,,,0,3
74973249,,,2,1
74973348,,,0,2
74973214,,,0,2
74973200,,,0,1
74973190,,,1,1
74973187,,,-1,2
74973173,,,0,0
74973155,,,-1,1
74973151,,,0,2
74973115,,,0,3
74973096,,,1,1
74973070,1672546422,Duplicate,-1,1
74973219,,,0,2
75305341,,,1,2
75305355,,,1,1
75305358,,,3,1
75305419,,,0,0
75305542,,,0,4
75305527,,,0,3
75305531,1675239970,Duplicate,0,3
75305535,,,0,1
75305478,,,1,1
75305306,,,0,1
75305090,,,1,2
75305283,,,0,0
75305242,,,0,1
75305208,,,2,3
75305204,,,2,2
75305201,,,1,1
75305176,,,1,3
75305169,,,4,1
75305138,,,-3,1
75305132,,,-1,1
75305126,,,1,2
75305544,,,0,2
75305304,,,0,0
75305553,,,0,1
75305825,,,0,1
75305574,,,0,1
75306186,,,0,1
75305082,,,1,0
75306132,,,1,0
75306101,,,1,0
75306090,,,0,2
75306070,,,1,1
75305999,,,0,1
75305953,,,0,1
75305933,,,1,2
75305917,,,1,0
75305569,,,0,1
75305908,,,-1,1
75305853,,,0,1
75305824,,,0,0
75305818,,,0,2
75305784,,,0,3
75305774,,,0,2
75305753,,,0,0
75305752,,,0,1
75305672,,,0,3
75305671,,,0,2
75305603,,,0,2
75305890,,,1,1
75306149,,,0,1
75305073,,,-3,1
75305069,,,0,2
75304693,,,0,0
75304678,,,1,3
75304664,,,0,1
75304649,,,0,1
75304624,,,0,1
75304615,,,0,1
75304598,,,-1,3
75304580,,,0,1
75304566,,,0,1
75304550,,,1,0
75304530,,,-1,2
75304507,,,1,0
75304491,,,3,5
75304446,,,-2,1
75304442,,,0,1
75304433,,,0,1
75304410,,,0,1
75304404,,,1,1
75304397,,,0,0
75304393,,,0,1
75305071,,,0,2
75304697,,,0,0
75304698,1705071504,Duplicate,2,1
75304567,,,2,2
75304740,,,0,0
75304713,,,2,3
75305001,,,1,2
75304991,,,0,1
75304987,,,1,2
75304979,,,0,1
75304963,,,0,2
75304961,,,2,0
75304942,,,2,1
75304931,,,-1,1
75304908,,,2,2
75304899,,,0,1
75305029,,,-2,1
75304885,,,1,1
75304897,,,1,1
75304770,,,1,1
75304797,,,0,1
75304801,,,0,0
75304825,,,0,1
75304754,,,0,1
75304839,,,1,1
75304873,,,1,3
75304882,,,2,0
75304836,,,0,0
75600140,,,0,2
75600258,,,-1,3
75600244,,,1,2
75600237,,,0,0
75600223,,,2,1
75600219,,,1,1
75600322,,,1,0
75600189,,,0,2
75600156,,,1,1
75600130,,,0,2
75599874,,,1,1
75600055,,,0,1
75600032,,,-1,1
75599969,,,0,1
75599898,,,-2,1
75599864,,,0,1
75599861,,,1,2
75599831,,,0,1
75599827,,,0,1
75599811,,,0,0
75600328,,,0,1
75600056,,,1,1
75600347,,,0,2
75599785,,,1,1
75600462,,,0,1
75601169,,,1,2
75601134,,,1,0
75601083,,,0,0
75600997,,,0,1
75600994,,,4,1
75600968,,,-1,2
75600954,,,0,2
75600944,,,-1,1
75600818,1677656960,Duplicate,1,0
75600814,,,4,0
75600460,,,0,2
75600803,,,0,0
75600751,,,0,1
75600734,,,0,1
75600691,,,1,3
75600684,,,7,2
75600682,,,1,1
75600606,,,0,2
75600594,,,1,2
75600555,,,-1,2
75600538,,,1,2
75600517,,,1,1
75600771,,,0,1
75599734,,,0,1
75601207,,,3,1
75599667,,,0,2
75598879,,,0,1
75598798,,,2,2
75598789,,,1,1
75598774,1677634046,Duplicate,1,2
75598769,,,2,0
75598678,,,0,1
75598670,,,2,1
75598655,,,1,1
75598637,,,0,1
75598632,,,1,2
75598953,,,-1,1
75598600,,,0,1
75598578,,,0,2
75598557,,,0,1
75598513,1677641200,Duplicate,0,1
75598512,,,0,1
75598498,,,-2,1
75598493,,,4,2
75598481,,,0,0
75598478,,,0,1
75598463,,,6,3
75598427,,,-1,1
75598589,,,1,1
75598980,,,1,1
75599689,,,0,2
75599050,,,0,1
75599648,,,1,1
75599626,,,0,2
75599615,,,0,1
75599584,,,0,1
75599546,,,1,2
75599543,,,-1,2
75599532,,,1,2
75599502,,,0,1
75599488,,,1,2
75599483,,,-1,1
75599415,,,2,2
75599010,,,0,1
75599357,,,-1,2
75599257,,,-1,2
75599247,,,0,1
75599222,,,0,1
75599218,,,1,1
75599188,,,2,1
75599179,,,1,1
75599137,,,0,1
75599094,,,0,1
75599057,,,0,1
75599358,,,1,1
75904960,,,0,0
75904981,,,0,1
75905017,,,0,1
75905088,,,1,1
75905030,,,1,1
75905034,,,,
75905078,,,0,0
75904931,,,0,1
75905029,,,0,2
75904923,,,0,1
75904812,,,3,2
75904870,,,1,1
75904853,,,0,1
75904837,,,0,0
75904821,,,0,1
75904795,,,3,1
75904780,,,7,1
75904757,,,2,1
75904709,1680338286,Duplicate,1,1
75904708,,,0,1
75905091,,,1,3
75904905,,,0,1
75905136,,,1,1
75905386,,,1,1
75905146,,,0,0
75905592,,,0,1
75905574,,,-2,1
75905562,1680519124,Duplicate,0,0
75905554,,,1,1
75905530,,,1,2
75905491,,,0,1
75905443,,,0,1
75905439,1680342912,Duplicate,0,1
75905432,,,1,2
75905429,,,4,1
75905137,,,0,0
75905416,,,0,1
75904704,,,-1,1
75905332,,,1,0
75905258,,,1,1
75905243,,,0,1
75905219,,,-1,1
75905208,,,1,1
75905202,,,2,1
75905201,,,-1,1
75905175,,,0,3
75905165,,,1,0
75905391,,,1,0
75904692,,,1,2
75904876,,,4,1
75904686,,,0,1
75904116,,,1,1
75904104,,,-2,1
75904077,,,-1,1
75904063,,,0,2
75904025,,,0,0
75904016,,,0,1
75903982,,,0,1
75903962,,,0,1
75903895,,,0,1
75903887,,,1,3
75904121,,,0,0
75903878,,,0,1
75903823,,,2,1
75903822,,,0,1
75903821,,,-1,1
75903818,,,,
75903689,,,1,0
75903678,,,0,1
75903640,,,0,0
75903592,,,-3,1
75903584,,,1,1
75904688,,,0,0
75903837,,,1,1
75904146,,,0,1
75903571,,,1,2
75904201,,,-1,1
75904175,,,-1,1
75904671,,,0,1
75904669,,,0,0
75904667,,,2,3
75904625,,,0,0
75904622,,,0,1
75904605,,,1,1
75904576,,,-1,2
75904569,,,0,0
75904558,,,2,1
75904509,,,0,1
75904683,,,1,1
75904500,,,1,0
75904487,,,3,0
75904423,,,0,1
75904370,,,0,0
75904348,,,1,0
75904337,1680325179,Duplicate,-1,2
75904325,,,-1,2
75904265,,,0,1
75904243,,,-1,2
75904241,,,0,1
75904222,,,1,1
76145419,,,0,3
76145421,,,0,1
76145455,,,0,1
76145540,,,-1,1
76145527,,,1,0
76145538,,,0,2
76145539,,,1,1
76145408,,,-1,3
76145466,,,0,0
76145406,,,0,2
76145177,,,1,1
76145334,,,0,1
76145292,,,0,1
76145251,,,0,1
76145101,,,0,1
76145158,,,0,1
76145126,,,1,0
76145123,,,2,1
76145113,,,1,2
76145112,,,2,0
76145554,,,2,1
76146298,,,0,1
76145626,,,2,1
76145980,,,0,3
76145674,,,0,0
76145091,,,2,1
76146288,,,0,2
76146250,,,0,2
76146232,,,1,1
76146218,,,1,1
76146206,,,0,0
76146187,,,3,1
76146181,,,2,2
76146177,1682960925,Not suitable for this site,-1,1
76146164,,,2,1
76145647,,,1,0
76146137,,,1,1
76146041,,,0,0
76145911,,,0,1
76145889,,,-3,2
76145878,,,0,0
76145866,,,0,1
76145777,,,-1,1
76145761,,,10,4
76145756,,,0,1
76145750,,,2,3
76145736,,,-3,1
76146072,,,1,1
76145056,,,1,0
76145394,,,0,1
76145035,,,0,0
76144586,,,0,0
76144581,,,0,1
76144532,,,0,2
76144505,,,2,1
76144488,,,0,3
76144445,,,0,0
76144420,,,1,1
76144405,,,2,1
76144393,,,0,2
76144383,,,0,0
76144622,,,0,0
76144372,,,0,2
76144299,,,1,0
76144290,,,-1,1
76144265,,,-1,3
76144256,,,1,1
76144252,,,0,1
76144224,,,-1,1
76144183,,,1,1
76144167,,,0,0
76144163,,,1,0
76144138,,,0,2
76144370,,,-1,1
76144651,,,0,0
76145052,,,1,1
76144683,,,1,1
76145014,,,3,2
76144977,,,2,1
76144916,,,-2,1
76144883,,,1,0
76144853,,,1,1
76144840,,,0,1
76144796,,,0,1
76144792,,,-1,1
76144789,,,0,0
76144788,1682925184,Not suitable for this site,-2,1
76144837,,,0,1
76144769,,,1,1
76144784,,,2,2
76144694,,,1,1
76144698,,,0,1
76144699,,,-1,1
76144700,1682917530,Duplicate,0,1
76144690,,,0,2
76144724,,,0,0
76144753,,,1,1
76144756,,,1,0
76144722,,,0,1
76144678,,,5,0
76379758,,,0,1
76380018,,,0,1
76380001,,,0,2
76379924,,,3,1
76379882,,,0,1
76379867,,,0,2
76379852,,,0,1
76379807,,,0,0
76379762,,,1,1
76379760,1685693359,Duplicate,-3,2
76379525,,,1,0
76379738,,,1,1
76379737,,,0,1
76379704,,,0,1
76379674,,,1,2
76379667,,,0,1
76379662,,,0,2
76379641,,,0,0
76379616,,,0,1
76379570,,,0,1
76380023,,,0,0
76379743,,,0,2
76380078,,,0,2
76380381,1685622430,Duplicate,6,1
76380153,,,0,1
76380708,1685615323,Duplicate,-1,1
76380677,,,0,2
76380671,,,-1,1
76380576,,,0,1
76380556,,,1,0
76380548,,,0,1
76380541,,,1,3
76380520,,,2,1
76380508,,,5,0
76380495,,,1,1
76380131,,,0,1
76380443,,,1,1
76380434,,,1,1
76379499,,,1,1
76380377,,,1,0
76380353,1685617571,Duplicate,0,4
76380306,,,0,1
76380291,,,0,1
76380275,,,0,1
76380185,,,0,1
76380177,,,-1,1
76380172,,,6,2
76380435,,,0,1
76379440,,,9,2
76379740,,,1,1
76379321,,,-2,3
76378535,,,-1,1
76378524,,,3,1
76378461,,,0,1
76378441,,,1,1
76378414,,,0,1
76378401,,,1,0
76378374,1685612403,Duplicate,0,1
76378373,,,2,2
76378323,,,0,1
76378321,,,0,1
76378543,,,1,2
76378252,,,0,0
76378181,,,1,1
76378174,,,1,0
76378138,,,0,0
76378108,,,-1,1
76378061,,,2,1
76378059,,,-1,1
76378030,,,0,1
76378000,,,0,0
76377964,,,2,1
76377950,,,0,3
76378248,1685622221,Duplicate,0,0
76378578,,,0,0
76379366,,,1,1
76378628,,,0,1
76379197,,,1,1
76379182,,,0,1
76379142,,,1,2
76379139,,,0,1
76379117,,,0,1
76379113,,,1,1
76378592,,,-4,2
76379050,,,1,0
76379034,,,1,1
76378973,,,-1,1
76378948,1685694234,Duplicate,-3,1
76379108,,,-1,1
76378919,1685623603,Duplicate,0,1
76378873,,,0,1
76378844,,,0,1
76378818,,,0,1
76378796,,,1,0
76378780,,,2,2
76378770,,,-1,1
76378761,,,1,0
76378700,,,1,1
76378670,,,1,1
76378946,,,0,2
76594306,1688208771,Duplicate,0,1
76594336,,,0,1
76594344,,,0,2
76594373,,,0,2
76594471,,,1,0
76594409,,,0,1
76594423,,,1,2
76594454,,,0,2
76594405,,,0,1
76594243,,,1,1
76594025,,,2,1
76594173,,,0,0
76594133,,,-1,3
76594132,,,0,1
76594121,,,0,2
76594119,,,0,4
76594116,,,0,1
76594115,,,0,1
76594086,,,2,2
76594057,,,0,1
76594031,,,3,1
76594535,,,0,2
76594177,,,0,1
76594555,,,1,0
76594831,,,0,1
76594567,,,0,1
76594013,,,0,0
76595188,,,-1,1
76595131,,,0,1
76595086,,,0,1
76595077,,,1,1
76595025,,,0,1
76595019,,,0,1
76595013,,,3,1
76594968,,,0,0
76594950,,,1,1
76594563,,,0,1
76594886,,,0,1
76594841,,,0,1
76594818,,,4,3
76594777,,,0,0
76594738,,,1,1
76594723,,,0,1
76594721,,,2,0
76594701,,,0,2
76594689,,,0,1
76594654,,,0,3
76594594,,,0,2
76594871,,,1,1
76595197,,,1,1
76593959,,,0,1
76593906,,,9,11
76593239,,,0,1
76593203,,,2,1
76593169,,,4,2
76593152,,,0,0
76593096,,,0,0
76593095,,,0,0
76593091,,,0,1
76593080,,,1,1
76593077,,,1,1
76593068,,,4,1
76593064,,,1,1
76593041,,,0,0
76592974,,,0,1
76592972,,,0,0
76592936,,,0,0
76592933,,,2,1
76592932,,,0,2
76592910,,,0,1
76592906,,,0,0
76592858,,,1,1
76592844,,,0,2
76593245,,,1,1
76593250,,,1,1
76593946,,,-1,1
76593300,,,-1,1
76593885,,,0,1
76593884,,,1,1
76593863,,,0,2
76593834,,,0,1
76593825,,,3,1
76593816,,,0,2
76593783,,,0,1
76593751,,,3,1
76593629,,,-1,1
76593621,,,1,0
76593811,,,0,0
76593542,,,0,1
76593563,,,4,1
76593312,,,0,1
76593317,,,-2,1
76593328,,,0,1
76593346,,,0,0
76593309,,,0,1
76593390,,,0,0
76593413,1688227081,Duplicate,0,1
76593524,,,0,1
76593377,,,0,1
76593284,,,4,1
76809660,,,1,2
76809890,,,1,2
76809889,,,0,0
76809852,,,0,1
76809816,,,0,1
76809804,,,0,1
76809763,1690878484,Duplicate,-1,1
76809761,,,3,0
76809760,,,0,0
76809683,,,1,1
76809227,,,-1,1
76809631,,,1,1
76809593,,,0,0
76809520,,,2,1
76809516,,,0,1
76809432,1690876346,Duplicate,0,0
76809426,,,0,0
76809394,,,-2,2
76809324,,,0,2
76809257,,,2,0
76809999,,,0,1
76809656,,,0,1
76810019,,,0,0
76810276,,,-2,2
76810034,,,0,0
76810725,,,1,1
76810701,,,0,1
76810696,,,1,1
76810604,,,0,0
76810581,,,0,2
76810565,,,0,1
76810522,,,0,1
76810507,,,0,2
76810495,,,-1,1
76810488,,,1,1
76810023,,,0,0
76810468,,,0,0
76810335,,,0,1
76809221,,,1,1
76810268,,,0,1
76810215,,,0,1
76810199,,,0,1
76810191,,,0,1
76810168,,,0,1
76810109,,,0,1
76810100,,,-1,1
76810069,1728815093,Duplicate,-3,1
76810452,,,0,2
76809145,,,5,4
76809633,,,1,0
76809165,,,0,1
76808166,,,1,0
76808165,,,0,2
76808151,,,1,0
76808125,,,1,1
76808119,,,2,0
76808074,,,0,0
76808065,,,1,2
76808000,,,0,1
76807981,,,1,1
76807932,,,0,0
76808176,,,0,0
76807910,,,0,1
76807875,,,0,1
76807840,,,1,1
76807835,,,0,1
76807829,,,2,1
76807810,,,0,0
76807795,,,1,1
76807787,,,2,1
76807756,,,0,1
76807753,,,2,0
76809119,,,-1,1
76807884,,,1,1
76808182,,,0,0
76807945,1690867844,Duplicate,0,1
76808290,,,0,1
76808187,1690857934,Duplicate,0,1
76809071,,,1,2
76808985,,,1,1
76808979,,,0,1
76808943,,,0,0
76808907,,,0,1
76808832,,,-1,2
76808786,,,1,0
76808763,,,0,0
76808711,,,-1,1
76808700,,,-1,1
76809118,,,1,0
76808579,,,0,1
76808672,,,1,1
76808353,,,0,0
76808355,,,0,2
76808399,1690872480,Duplicate,-4,1
76808413,,,0,1
76808328,,,0,1
76808517,,,0,2
76808522,1690865931,Not suitable for this site,0,1
76808552,,,-2,2
76808441,,,0,0
77021789,,,0,0
77021923,,,0,1
77021901,,,1,1
77021891,,,0,2
77021885,,,0,1
77021872,,,0,1
77021853,,,0,1
77022025,,,0,1
77021824,,,0,1
77021797,,,0,3
77021769,,,0,1
77021670,,,0,1
77021739,,,0,1
77021698,,,1,1
77021676,,,0,0
77021631,,,-2,1
77021604,,,0,1
77021587,1693689922,Duplicate,-2,1
77021583,,,0,0
77021550,,,0,1
77021545,,,0,1
77022075,,,0,1
77021764,,,1,0
77022111,,,1,1
77021505,,,0,0
77022170,,,0,1
77022698,,,0,2
77022657,,,0,0
77022613,,,0,1
77022606,,,1,1
77022582,,,2,1
77022574,,,1,1
77022538,,,1,1
77022494,,,0,1
77022479,,,0,1
77022472,,,1,1
77022149,,,0,1
77022402,,,0,1
77022317,,,2,1
77022302,,,0,3
77022254,,,-1,1
77022238,,,0,1
77022231,1693594127,Needs details or clarity,-2,1
77022216,,,1,1
77022214,,,0,2
77022212,,,1,1
77022209,,,0,2
77022194,,,0,0
77022338,1693567078,Duplicate,1,2
77022705,,,0,1
77021415,,,1,1
77021296,,,0,0
77020548,,,0,2
77020545,,,1,0
77020489,,,0,2
77020475,,,2,1
77020474,,,0,0
77020444,,,1,0
77020430,,,0,1
77020360,,,1,1
77020339,,,0,1
77020338,,,1,0
77020319,,,1,1
77020313,1693734161,Duplicate,0,1
77020282,,,-1,1
77020278,,,8,4
77020275,,,0,0
77020181,1693555674,Duplicate,1,0
77020135,,,0,1
77020108,,,1,1
77020014,,,1,1
77019941,,,0,1
77019925,,,4,1
77020549,,,-1,3
77020555,,,0,0
77021379,,,1,2
77020636,,,0,2
77021289,,,0,1
77021272,,,-1,1
77021209,,,0,1
77021203,,,0,1
77021145,,,2,1
77021140,,,1,1
77020618,,,0,1
77021026,1759408247,Duplicate,1,1
77020991,,,0,1
77020988,,,0,1
77020971,,,0,0
77021106,,,3,2
77020925,,,0,1
77020917,,,0,1
77020912,,,0,0
77020839,,,0,2
77020829,,,0,0
77020794,,,0,3
77020722,,,0,2
77020720,,,-1,3
77020703,,,0,1
77020689,,,1,1
77020961,,,0,0
77210749,1696249074,Needs details or clarity,0,1
77210750,,,0,1
77210766,,,-2,2
77210776,,,1,1
77210887,,,0,0
77210823,,,0,1
77210829,,,0,0
77210880,,,1,0
77210814,,,0,1
77210723,,,,
77210348,,,1,1
77210663,,,0,2
77210616,,,1,1
77210615,,,0,0
77210550,,,0,1
77210527,,,5,1
77210441,,,4,2
77210440,,,0,0
77210426,,,0,0
77210413,1696314192,Duplicate,0,1
77210363,1696210795,Duplicate,1,0
77210932,,,0,0
77210676,,,1,0
77210935,,,0,1
77211167,,,0,0
77210972,,,0,3
77211413,,,-1,3
77210346,,,1,0
77211410,,,0,0
77211375,,,0,1
77211360,,,0,1
77211348,,,1,1
77211326,,,0,0
77211283,,,1,1
77211236,,,0,1
77211228,,,1,2
77210960,,,2,1
77211210,1696208886,Duplicate,0,1
77211199,,,0,1
77211166,,,0,1
77211155,,,1,1
77211149,,,0,1
77211147,,,0,0
77211141,,,0,1
77211100,,,1,0
77211096,1696174515,Duplicate,0,0
77211082,,,0,1
77211058,,,0,1
77211206,1723181776,Duplicate,1,1
77211411,,,0,0
77210337,,,1,1
77210245,,,1,1
77209201,,,0,3
77209153,,,2,2
77209135,,,1,0
77209111,,,0,2
77209093,,,1,1
77209084,,,0,1
77209024,,,0,1
77209020,,,0,2
77208996,,,4,1
77208988,,,0,1
77208975,,,0,1
77208951,,,2,1
77208922,,,0,0
77208907,,,1,1
77208905,,,1,1
77208902,,,2,2
77208893,,,0,1
77208860,,,0,1
77208847,,,0,1
77208822,1696147234,Duplicate,-3,2
77210312,,,-1,2
77209292,,,0,0
77209319,,,0,0
77209004,,,0,0
77209413,,,2,1
77209395,,,0,1
77210197,,,0,1
77210153,,,1,1
77210131,,,7,1
77210091,,,0,1
77210038,,,1,2
77209952,,,1,0
77209921,,,0,0
77209909,1696163660,Duplicate,1,1
77209906,1696155324,Not suitable for this site,-2,1
77209901,,,0,2
77210230,,,1,1
77209783,,,-1,2
77209796,,,1,1
77209452,,,1,2
77209457,,,0,1
77209513,,,0,1
77209520,,,6,1
77209416,,,1,1
77209550,,,1,1
77209564,1696146143,Duplicate,-1,1
77209768,,,1,3
77209527,,,0,1
77401402,,,0,1
77401727,,,0,0
77401719,,,1,0
77401664,,,0,2
77401642,,,-1,1
77401626,,,1,2
77401730,,,29,5
77401594,,,1,2
77401497,,,0,1
77401390,,,0,0
77401255,,,-2,1
77401350,,,1,1
77401319,,,1,1
77401316,,,0,1
77401278,,,0,0
77401247,,,0,2
77401243,,,0,0
77401182,,,1,2
77401175,,,10,1
77401164,,,0,1
77401775,,,0,0
77401357,,,3,3
77401863,1698839912,Duplicate,-1,1
77401162,,,0,0
77401910,,,0,1
77402704,,,1,3
77402675,,,0,0
77402636,,,0,0
77402633,,,1,1
77402612,,,-1,2
77402608,,,0,1
77402540,,,0,0
77402460,,,-1,2
77402426,,,2,0
77402411,,,0,1
77401881,,,0,1
77402394,,,-3,1
77402235,,,0,1
77402221,,,1,1
77402209,,,2,2
77402165,,,1,2
77402092,,,2,1
77402021,,,1,1
77402006,,,1,1
77401990,,,1,1
77401977,,,0,0
77401947,,,2,1
77402348,,,0,1
77401153,,,0,2
77402707,,,1,2
77400962,,,0,0
77400100,,,-2,1
77400079,,,1,2
77400073,,,3,0
77400070,,,3,4
77400051,1698806992,Not suitable for this site,-2,1
77399997,,,0,1
77399990,,,0,1
77399936,,,0,0
77399922,,,0,1
77399910,,,0,1
77400104,,,0,3
77399900,,,-1,1
77399845,,,1,2
77399834,,,2,4
77399830,,,3,2
77399828,,,1,1
77399751,,,1,2
77399743,,,0,1
77399713,,,0,0
77399698,,,0,0
77399685,,,0,0
77399677,1698797495,Needs more focus,-1,1
77399890,,,0,1
77400110,,,1,1
77401110,,,0,1
77400193,,,0,1
77400181,,,0,1
77400929,,,-1,1
77400918,,,-1,1
77400895,,,1,1
77400886,,,0,1
77400828,,,0,1
77400737,,,0,0
77400697,,,0,2
77400639,,,0,0
77400589,,,2,0
77400576,,,0,0
77400724,,,1,1
77400516,,,0,1
77400502,,,1,1
77400488,,,0,1
77400211,,,0,1
77400426,1699105920,Duplicate,1,2
77400420,,,0,0
77400393,,,0,3
77400294,,,1,1
77400236,,,1,1
77400214,,,0,1
77400539,,,0,0
77584782,,,0,0
77584799,,,1,1
77584834,,,1,0
77584949,,,0,0
77584854,,,0,0
77584908,,,0,1
77584918,,,0,1
77584759,,,0,1
77584837,,,1,4
77584747,,,0,1
77584384,,,0,1
77584671,,,0,1
77584648,,,2,1
77584629,,,-2,1
77584591,,,1,1
77584588,,,0,1
77584556,,,0,2
77584481,,,0,1
77584444,,,0,1
77584424,,,0,0
77585069,,,-1,1
77584718,,,0,0
77585112,1701440140,Duplicate,0,1
77585519,,,0,0
77585240,,,1,1
77584351,,,0,0
77585820,,,-1,1
77585792,,,1,0
77585752,,,1,1
77585720,,,-1,1
77585703,,,0,0
77585659,,,0,2
77585655,,,0,1
77585645,,,0,0
77585613,,,-2,1
77585138,,,0,1
77585608,,,0,1
77585597,,,1,1
77585477,,,0,1
77585434,,,0,1
77585373,,,0,1
77585364,,,0,1
77585352,,,1,1
77585320,,,0,1
77585292,,,0,1
77585278,,,0,0
77585253,,,0,1
77585606,,,3,1
77584308,,,0,1
77585832,,,1,0
77584201,,,-1,2
77582815,,,0,1
77582809,,,0,1
77582801,,,-3,2
77582784,,,0,1
77582760,,,0,1
77582747,,,0,2
77582739,,,-1,1
77582651,,,7,3
77582649,,,0,0
77582620,,,5,3
77582955,,,0,2
77582592,,,0,0
77582507,,,0,0
77582486,,,-1,1
77582477,,,1,0
77582468,,,0,1
77582460,,,1,1
77582449,,,0,0
77582446,,,1,2
77582439,,,0,1
77582391,,,0,0
77582351,,,0,2
77582522,,,0,1
77582993,,,1,0
77584244,,,0,1
77583140,,,-2,1
77584165,,,0,1
77584118,,,4,1
77584055,,,0,1
77584036,,,1,1
77583949,,,3,0
77583913,,,-2,1
77583096,,,0,0
77583878,,,1,3
77583736,,,4,2
77583719,,,1,1
77583716,,,2,0
77583899,,,0,0
77583685,,,-1,1
77583617,,,0,1
77583549,,,1,0
77583545,1701415592,Needs more focus,-6,2
77583506,1701414311,Duplicate,0,0
77583456,,,2,1
77583454,,,3,1
77583298,,,0,1
77583227,,,0,0
77583167,,,1,3
77583699,,,1,0
77742393,,,0,0
77742406,,,0,1
77742419,,,0,2
77742431,1704151694,Duplicate,-1,2
77742521,,,1,1
77742475,,,0,1
77742479,,,0,0
77742505,,,0,1
77742445,1704124706,Duplicate,0,0
77742344,,,1,1
77742164,,,1,0
77742335,,,0,2
77742314,1727322072,Duplicate,1,1
77742313,,,1,2
77742298,1711646821,Opinion-based,0,1
77742292,,,1,2
77742285,,,0,1
77742274,,,1,0
77742185,,,-1,1
77742175,,,1,1
77742165,,,-3,1
77742544,,,1,2
77742336,,,0,2
77742568,,,1,1
77742692,,,0,0
77742572,,,-2,1
77742157,,,0,1
77743028,,,0,1
77742999,,,0,1
77742996,,,0,1
77742952,,,0,0
77742927,,,0,1
77742867,,,0,1
77742827,,,0,2
77742824,,,0,0
77742763,,,1,3
77742571,,,1,1
77742745,,,0,1
77742718,,,-1,1
77742657,,,0,1
77742640,,,2,1
77742635,,,1,1
77742634,,,0,1
77742624,,,1,4
77742619,,,0,1
77742615,,,2,2
77742587,,,1,1
77742586,,,1,1
77742733,,,0,0
77743056,,,1,1
77742140,,,-3,1
77742122,,,1,1
77741227,,,0,0
77741201,,,2,3
77741143,,,3,2
77741075,,,3,1
77741069,,,0,0
77741036,,,0,1
77740923,,,2,2
77740909,,,0,1
77740864,,,0,2
77740852,,,4,2
77740851,,,0,1
77740831,,,1,0
77740806,,,1,1
77740795,,,0,1
77740785,,,0,1
77740738,,,0,1
77740729,,,-1,1
77740727,,,0,0
77740695,,,-4,2
77740674,,,3,1
77742134,,,0,1
77741314,,,-1,1
77741382,,,2,1
77740893,,,1,1
77741434,,,0,1
77741417,,,0,3
77742064,,,0,1
77742058,,,-3,2
77742055,,,0,3
77742043,,,0,0
77742010,,,0,1
77741969,,,0,1
77741925,,,3,2
77741921,1704113218,Not suitable for this site,0,1
77741916,,,0,1
77741913,,,0,1
77742085,,,0,1
77741714,,,1,3
77741749,1704108893,Duplicate,0,0
77741470,,,0,1
77741487,,,1,1
77741503,,,-1,1
77741590,,,-1,1
77741457,,,0,1
77741608,,,1,1
77741625,,,0,3
77741639,,,3,1
77741601,,,0,1
77918877,,,0,1
77919126,,,0,0
77919089,,,1,0
77919054,,,0,1
77919015,,,2,1
77918933,,,0,0
77919134,,,1,0
77918920,,,0,2
77918908,,,0,1
77918871,,,0,2
77918656,,,0,1
77918809,,,0,0
77918804,1706778666,Duplicate,2,2
77918750,,,1,2
77918729,,,-1,1
77918648,,,1,0
77918644,,,0,1
77918623,,,0,1
77918600,,,0,0
77918540,,,2,1
77919305,,,-3,1
77918815,,,0,1
77919317,,,0,1
77918537,,,1,1
77919370,,,1,0
77920150,,,0,1
77920123,,,10,1
77920104,,,1,0
77920093,,,4,2
77920089,,,1,3
77919979,,,0,0
77919954,,,0,0
77919947,,,0,1
77919936,,,0,0
77919918,,,1,1
77919364,,,0,0
77919909,,,0,0
77919836,,,0,0
77919739,,,0,1
77919730,,,0,1
77919633,,,0,0
77919632,,,2,1
77919560,,,0,1
77919480,,,1,0
77919456,,,0,1
77919397,,,2,1
77919392,,,0,0
77919908,,,-1,1
77918532,,,0,2
77920171,,,2,1
77918487,,,0,2
77917588,,,0,2
77917586,,,0,0
77917582,,,0,2
77917567,,,2,1
77917508,,,0,0
77917446,,,0,0
77917438,,,2,1
77917429,,,0,1
77917402,1706754974,Duplicate,0,1
77917342,1706755636,Duplicate,0,0
77917599,,,0,2
77917339,,,3,1
77917321,,,0,1
77917313,,,0,1
77917297,1716743454,Duplicate,1,1
77917266,,,0,0
77917257,,,0,0
77917251,,,2,0
77917202,,,0,1
77917146,,,2,1
77917101,,,0,1
77917091,,,2,2
77917330,,,0,1
77917623,,,0,0
77918504,,,-1,1
77917692,,,0,1
77918360,,,0,0
77918290,1706792656,Duplicate,1,1
77918221,,,0,2
77918172,,,2,1
77918159,,,1,0
77918150,,,0,1
77918063,,,2,1
77918029,,,0,1
77918027,,,0,1
77918018,,,-5,2
77918080,,,0,2
77917971,,,2,1
77917982,,,0,1
77917717,,,-1,1
77917734,,,0,1
77917778,,,0,1
77917829,,,0,1
77917705,,,0,0
77917904,,,5,1
77917935,,,0,1
77917969,,,1,1
77917840,,,0,1
77917641,,,0,0
78087152,,,1,1
78087355,,,0,1
78087339,,,-1,1
78087247,1709292151,Duplicate,0,1
78087243,,,-2,1
78087232,,,-3,1
78087223,,,0,1
78087188,,,0,1
78087177,,,0,1
78087166,,,0,1
78086687,,,0,0
78086989,,,1,2
78086982,,,0,1
78086980,1709287727,Duplicate,0,0
78086953,,,1,0
78086896,,,0,1
78086853,,,0,0
78086836,,,1,1
78086745,,,2,3
78086715,,,0,1
78087364,,,0,0
78087131,,,0,1
78087381,,,0,1
78087811,,,0,1
78087400,,,0,1
78088169,,,-1,1
78088133,,,2,2
78088123,,,0,0
78088072,,,-1,1
78088064,,,1,1
78088040,,,3,2
78088036,,,1,0
78088032,,,1,1
78088011,,,-1,1
78088003,,,4,1
78087383,,,0,2
78087961,,,0,0
78087857,,,-1,2
78086632,,,-2,4
78087806,,,1,1
78087641,1709295567,Duplicate,-1,1
78087630,,,3,0
78087614,,,0,1
78087560,,,0,1
78087546,1709300633,Needs details or clarity,0,1
78087517,,,4,2
78087513,,,0,1
78087955,1709304886,Not suitable for this site,-2,1
78086596,,,0,2
78087040,,,0,1
78086542,1709295616,Duplicate,-1,1
78085526,,,2,1
78085478,,,0,0
78085464,,,0,1
78085448,,,0,1
78085442,1709272877,Not suitable for this site,-1,1
78085365,,,-1,1
78085363,,,0,2
78085355,,,2,0
78085327,,,0,0
78085281,,,0,1
78085543,,,-1,2
78085183,,,0,1
78085129,,,4,2
78085119,,,1,1
78085089,,,1,1
78085079,,,0,1
78085054,1709768649,Not suitable for this site,2,0
78085020,,,3,1
78085015,1709253504,Duplicate,0,0
78084971,,,0,0
78084959,,,1,2
78084945,,,0,2
78085138,,,0,0
78085586,,,0,1
78086553,,,1,0
78085642,,,1,1
78086541,,,0,2
78086517,,,1,1
78086474,,,2,2
78086386,,,0,1
78086357,,,0,2
78086289,,,1,0
78085597,,,0,0
78086241,,,1,1
78086235,,,0,0
78086220,1709279123,Duplicate,0,1
78086191,,,0,0
78086248,,,1,1
78086056,,,0,1
78085996,,,-1,1
78085989,,,2,0
78085938,,,2,1
78085909,,,0,0
78085881,,,0,0
78085849,,,0,0
78085841,,,0,1
78085766,,,0,0
78085652,,,0,1
78086132,,,2,1
78255586,,,0,0
78255628,,,-1,1
78255709,,,0,1
78255788,,,-3,1
78256116,,,0,1
78255915,,,0,1
78255992,,,-1,1
78256090,1711991845,Duplicate,2,0
78255846,,,1,1
78255527,,,0,0
78254889,,,2,1
78255426,,,0,0
78255340,,,-2,1
78255277,,,1,1
78255236,,,0,1
78255143,1711971809,Duplicate,1,1
78255117,,,0,0
78255078,,,0,1
78255053,,,-1,1
78254993,,,-1,1
78254902,,,0,1
78256137,,,0,0
78255509,,,0,0
78256155,,,0,1
78256333,,,0,0
78256167,,,1,1
78254766,,,0,1
78256688,,,1,1
78256679,,,0,1
78256632,,,0,0
78256629,,,1,2
78256627,,,0,0
78256623,,,0,0
78256559,,,2,1
78256542,,,0,1
78256497,,,1,1
78256159,,,1,2
78256468,,,0,0
78256362,,,0,1
78256329,1719678937,Opinion-based,0,3
78256304,,,0,1
78256263,,,0,1
78256241,,,-1,1
78256240,,,0,0
78256229,,,0,1
78256223,1711990328,Duplicate,1,2
78256202,,,2,2
78256183,,,0,0
78256389,,,0,1
78256773,,,3,1
78254765,,,0,1
78254737,,,0,0
78253818,,,5,2
78253797,,,1,1
78253728,,,1,3
78253711,,,1,2
78253702,,,-1,1
78253701,,,3,1
78253579,,,-2,1
78253564,,,-1,1
78253553,1711944376,Duplicate,0,2
78253534,,,4,1
78253503,,,1,1
78253459,1711949940,Duplicate,0,1
78253456,,,1,0
78253436,,,1,1
78253290,,,0,0
78253278,,,0,1
78253266,,,0,0
78253263,,,0,1
78253231,,,2,1
78253210,,,-1,3
78253200,,,1,0
78253842,,,0,0
78253860,,,0,1
78254757,,,0,1
78253997,1711985693,Not suitable for this site,-2,1
78254706,,,0,0
78254631,,,1,3
78254582,,,0,1
78254579,,,0,1
78254555,1711986532,Duplicate,0,4
78254529,,,1,1
78253976,1711958690,Duplicate,2,0
78254501,,,1,2
78254492,,,0,1
78254479,,,0,2
78254422,,,-1,1
78254516,,,-1,1
78254412,1711985706,Needs more focus,-3,1
78254396,,,0,1
78254374,,,0,1
78254372,,,0,0
78254332,,,0,1
78254310,,,0,1
78254250,,,0,0
78254249,,,0,2
78254057,,,0,1
78254013,,,0,1
78254414,1712087403,Needs details or clarity,-3,1
78413244,,,0,2
78413255,,,-2,1
78413287,,,0,1
78413299,,,1,1
78413409,,,0,0
78413313,,,1,1
78413392,,,0,0
78413403,,,0,1
78413301,,,1,1
78413233,,,0,0
78412846,,,1,1
78413126,,,1,2
78413120,,,0,1
78413084,,,0,0
78413065,,,1,2
78413057,,,-1,1
78413025,,,6,0
78412990,,,0,1
78412978,,,0,1
78412917,,,0,0
78412912,,,0,0
78413431,,,-2,2
78413131,,,0,0
78413504,,,1,1
78413917,,,0,0
78413592,,,2,0
78414268,,,-1,1
78412812,,,1,0
78414227,,,1,1
78414216,,,0,1
78414211,,,0,1
78414193,,,1,0
78414110,1714572810,Duplicate,0,0
78414094,,,2,3
78414084,,,2,0
78414044,,,0,0
78413575,,,0,1
78413936,,,0,0
78413927,,,0,0
78413915,,,0,0
78413885,,,1,1
78413842,,,0,2
78413787,,,0,2
78413784,,,0,2
78413739,,,0,1
78413728,,,0,1
78413671,,,2,1
78413655,,,1,1
78413931,,,0,0
78414237,,,0,1
78412774,,,1,0
78412744,,,4,3
78411945,,,1,2
78411884,,,0,0
78411879,,,0,1
78411878,,,0,0
78411867,,,0,1
78411847,,,0,0
78411784,,,0,2
78411768,,,0,1
78411725,,,1,1
78411723,,,0,5
78411721,1714552748,Needs details or clarity,-3,2
78411719,,,0,1
78411698,,,1,1
78411683,,,-1,1
78411675,,,0,1
78411570,,,0,1
78411556,,,0,1
78411542,,,0,1
78411534,,,0,0
78411502,,,0,0
78412765,,,-1,1
78411983,,,-1,1
78412008,,,0,2
78411726,,,1,0
78412032,,,0,1
78412019,,,1,1
78412680,,,0,1
78412664,,,0,0
78412623,,,0,1
78412608,,,0,1
78412601,,,-2,1
78412576,1714555964,Not suitable for this site,-1,2
78412549,,,0,1
78412491,,,0,1
78412463,,,2,0
78412450,,,1,1
78412742,,,2,1
78412402,,,-1,1
78412441,,,1,1
78412108,,,1,1
78412160,,,3,1
78412195,,,-1,1
78412205,,,1,1
78412053,,,0,1
78412286,,,2,1
78412316,,,0,1
78412322,,,1,0
78412276,1714624321,Duplicate,0,1
78564460,,,0,1
78564605,,,0,0
78564587,,,0,1
78564581,,,0,0
78564550,,,0,0
78564523,,,1,0
78564655,,,0,1
78564505,1717267274,Duplicate,0,1
78564461,,,1,2
78564459,,,0,2
78564261,,,2,2
78564399,,,0,0
78564333,,,0,1
78564293,,,1,0
78564282,,,0,1
78564241,,,0,1
78564238,,,0,0
78564233,,,0,1
78564217,,,2,2
78564196,1717258536,Duplicate,0,1
78564669,,,0,1
78564413,,,0,1
78564699,,,1,1
78564184,,,0,0
78564771,,,1,1
78565260,,,0,1
78565243,,,0,1
78565234,,,-1,1
78565231,,,1,2
78565203,1754164319,Needs more focus,-1,2
78565192,,,0,1
78565191,,,0,1
78565188,,,1,1
78565180,,,0,1
78565137,,,0,1
78564718,,,-1,1
78565132,,,0,1
78565064,,,1,0
78565013,,,0,0
78564999,,,0,0
78564958,1717294530,Not suitable for this site,-1,1
78564945,,,3,2
78564920,,,-1,1
78564877,,,1,0
78564789,,,-4,1
78564783,,,0,0
78564778,,,1,0
78565125,,,-1,1
78564068,,,-2,1
78565377,,,0,2
78563997,,,1,1
78562976,,,0,0
78562951,1718284166,Duplicate,-1,1
78562910,,,0,1
78562866,1717235074,Duplicate,0,2
78562854,,,1,1
78562724,1717214069,Duplicate,0,0
78562717,,,0,0
78562705,,,2,1
78562673,,,0,1
78562666,,,1,3
78562982,1717224604,Duplicate,2,0
78562653,1717669278,Not suitable for this site,1,1
78562632,,,1,1
78562611,,,0,1
78562591,,,0,0
78562590,,,3,1
78562545,,,0,1
78562542,,,0,3
78562537,,,0,1
78562519,,,0,1
78562518,,,0,1
78562481,,,0,1
78562640,,,4,2
78563021,,,1,0
78564000,,,0,0
78563126,,,0,0
78563984,1717253656,Duplicate,-1,1
78563975,,,0,0
78563971,,,0,3
78563960,,,0,1
78563894,,,0,1
78563873,,,0,0
78563834,,,0,0
78563796,,,0,0
78563786,,,0,1
78563675,,,1,3
78563585,,,1,2
78563023,,,1,0
78563535,,,0,1
78563532,,,1,1
78563412,,,0,0
78563396,,,2,3
78563354,,,0,1
78563348,,,0,1
78563286,,,1,1
78563282,,,0,0
78563210,,,0,1
78563199,,,1,1
78563561,,,0,0
78692193,,,0,0
78692212,,,0,0
78692222,,,1,5
78692380,,,1,0
78692260,,,0,0
78692274,,,0,0
78692333,,,0,1
78692165,,,0,1
78692255,,,2,2
78692139,,,3,1
78691822,,,1,1
78691957,,,0,1
78691919,,,0,2
78691873,,,-1,1
78691826,,,0,1
78691658,,,0,1
78691652,,,0,1
78691628,,,0,1
78691625,,,-1,2
78691616,,,0,1
78692403,,,0,1
78692134,,,0,2
78692438,,,0,1
78692811,,,0,0
78692537,,,1,1
78693056,,,0,1
78693052,,,4,5
78693033,,,-1,2
78693027,,,0,1
78693026,,,1,1
78693024,,,1,1
78693015,1719879548,Duplicate,1,0
78692959,,,3,2
78692950,,,1,2
78692910,,,0,1
78692458,,,2,3
78692863,,,0,1
78691597,,,0,1
78692798,,,0,1
78692744,,,0,2
78692726,,,0,1
78692719,,,0,0
78692707,,,1,1
78692641,,,0,1
78692640,,,1,2
78692559,,,0,0
78692552,,,0,0
78692844,,,0,1
78691574,,,1,1
78692083,,,0,0
78691539,,,1,1
78690669,,,0,1
78690602,,,0,1
78690589,,,0,1
78690568,,,2,1
78690529,,,0,1
78690407,,,1,1
78690406,,,1,0
78690388,,,2,1
78690334,,,0,1
78690291,,,1,0
78690671,,,0,0
78690284,,,1,1
78690267,,,4,1
78690264,,,-1,1
78690234,,,0,1
78690229,,,2,2
78690213,,,1,1
78690210,,,1,0
78690204,,,0,1
78690154,,,1,1
78690101,,,0,1
78691556,,,1,0
78690274,,,1,2
78690700,,,-1,1
78690099,,,1,0
78690772,1719815995,Needs details or clarity,-7,1
78690704,,,3,1
78691459,,,2,0
78691438,,,-1,3
78691402,,,0,1
78691340,1719833940,Duplicate,0,0
78691335,,,1,2
78691288,,,0,1
78691274,,,0,0
78691202,,,1,1
78691141,,,0,1
78691120,,,-1,1
78691479,,,0,1
78691107,,,1,2
78691081,,,0,0
78691077,,,0,1
78691053,,,1,2
78691039,,,0,2
78691036,,,1,1
78691025,,,0,1
78691009,,,1,1
78690926,,,0,1
78690847,,,0,2
78690837,,,1,0
78821083,,,0,1
78821089,,,0,1
78821121,,,1,3
78821187,,,1,0
78821132,,,1,0
78821149,,,0,3
78821184,,,0,0
78821056,,,0,1
78821122,,,0,1
78821050,,,2,0
78820861,,,3,1
78820996,,,1,1
78820957,,,0,0
78820951,,,0,1
78820748,,,5,2
78820860,1722515506,Needs details or clarity,-1,1
78820798,,,-1,1
78820768,,,2,0
78820763,,,-1,1
78820758,1722516604,Needs details or clarity,-4,1
78821190,,,2,1
78821982,,,0,2
78821193,,,1,0
78821675,,,0,1
78821355,,,1,2
78820700,,,0,1
78821975,,,0,2
78821963,,,1,0
78821942,,,0,1
78821850,,,1,0
78821837,,,1,1
78821828,,,3,1
78821823,,,2,1
78821753,,,0,0
78821744,,,0,1
78821292,,,0,1
78821738,,,0,1
78821677,,,-1,2
78821660,,,0,2
78821557,,,5,2
78821544,,,4,0
78821465,1723568120,Needs more focus,-1,2
78821461,,,1,1
78821429,,,0,1
78821424,,,1,2
78821389,,,0,1
78821371,,,1,1
78821687,,,2,1
78820601,,,0,0
78821038,,,0,1
78820362,,,4,0
78819636,,,1,1
78819559,,,0,1
78819386,,,0,1
78819380,,,2,0
78819376,,,0,3
78819334,,,1,0
78819173,,,1,2
78819169,,,0,1
78819158,,,0,1
78819087,,,0,2
78819645,,,0,1
78819066,,,1,1
78819007,,,1,0
78818979,,,1,0
78818920,,,3,2
78818919,,,0,0
78818917,,,0,1
78818794,,,0,1
78818782,,,2,3
78818773,,,0,4
78818769,,,1,0
78818768,,,2,2
78819017,,,1,1
78819711,,,1,1
78820475,,,3,2
78819757,,,0,1
78820328,,,0,1
78820308,,,2,1
78820267,,,0,0
78820258,,,0,2
78820256,,,0,2
78820222,1722524682,Duplicate,0,1
78820110,,,1,1
78820102,,,0,1
78820096,,,0,2
78820057,,,2,1
78820126,,,0,1
78820017,,,0,1
78820055,,,0,1
78819839,,,1,0
78819843,,,1,0
78819883,,,1,2
78819922,,,-1,1
78819832,,,0,1
78819939,,,1,1
78819975,,,0,1
78820013,,,0,1
78819924,,,0,2
78819716,,,0,2
78938539,,,0,0
78938754,,,0,1
78938725,,,0,2
78938723,,,0,1
78938722,,,1,0
78938692,,,0,0
78938691,,,0,1
78938653,,,1,1
78938611,1725275632,Duplicate,-2,1
78938589,,,-5,2
78938302,,,0,0
78938507,,,1,1
78938487,,,-1,1
78938440,,,3,1
78938424,,,0,0
78938398,,,2,1
78938395,,,1,0
78938390,,,0,0
78938324,,,0,0
78938312,1725223118,Duplicate,0,0
78938772,,,0,0
78938529,,,1,1
78938784,,,0,2
78939368,,,0,1
78938799,,,2,2
78939773,,,0,1
78939768,1725272612,Duplicate,-3,1
78939731,,,0,1
78939671,,,0,1
78939633,,,1,1
78939613,1725267132,Duplicate,0,0
78939607,,,1,1
78939606,,,1,1
78939597,,,1,1
78939571,,,0,1
78938798,1725253407,Not suitable for this site,0,2
78939534,,,0,0
78939475,,,1,1
78938295,1725356334,Duplicate,1,0
78939286,,,0,1
78939233,,,2,1
78939142,,,2,1
78939116,,,1,0
78939020,,,0,2
78938955,,,2,1
78938890,,,8,3
78938875,,,2,6
78939502,1725426279,Not suitable for this site,-2,4
78938285,,,1,3
78938508,,,2,1
78938211,,,2,1
78937094,,,1,4
78937042,,,0,1
78936933,,,0,2
78936892,,,0,0
78936857,,,0,1
78936830,,,0,0
78936816,,,0,0
78936755,,,1,0
78936643,,,0,2
78936607,,,0,1
78937119,,,0,0
78936557,,,-2,3
78936535,,,0,1
78936530,,,0,1
78936509,,,3,1
78936484,,,0,1
78936478,,,1,1
78936473,,,-2,2
78936446,,,0,0
78936422,,,0,1
78936404,,,2,1
78936335,1725363009,Duplicate,0,1
78936548,1725209250,Needs more focus,-2,1
78937146,,,0,0
78938260,,,0,1
78937182,,,0,1
78938209,1725532807,Duplicate,1,0
78938115,,,1,1
78938085,,,1,1
78938073,,,2,1
78937986,,,-1,1
78937962,,,1,3
78937157,,,-1,1
78937912,1725368674,Needs details or clarity,-1,1
78937907,,,0,1
78937897,,,1,1
78937823,1725304194,Needs details or clarity,-1,1
78937921,,,0,1
78937753,,,0,1
78937726,,,-4,1
78937724,1725206611,Duplicate,0,1
78937663,,,0,1
78937655,,,1,1
78937533,,,0,2
78937395,,,-7,1
78937366,,,-1,4
78937235,,,0,6
78937209,1725193318,Duplicate,0,0
78937759,,,1,1
79043871,,,1,0
79043944,,,1,1
79043973,,,1,1
79043974,,,0,1
79044230,,,-1,1
79044131,,,0,1
79044145,,,7,1
79044153,,,-1,1
79044058,,,0,0
79043862,1727804665,Duplicate,0,0
79043468,,,1,0
79043806,,,0,2
79043777,,,2,0
79043775,,,0,0
79043708,,,1,0
79043704,,,1,2
79043698,,,0,0
79043689,,,0,1
79043611,,,-1,1
79043588,,,1,1
79043541,,,1,1
79044256,,,0,0
79043808,,,0,0
79044306,,,0,1
79044503,,,1,2
79044320,,,2,1
79043331,,,1,0
79044714,,,0,1
79044711,,,1,1
79044704,1727818175,Needs details or clarity,-7,2
79044695,,,0,3
79044650,,,2,1
79044648,,,1,0
79044611,,,1,1
79044593,,,0,1
79044584,,,3,2
79044310,,,0,1
79044553,,,0,0
79044512,,,-1,1
79044501,,,0,1
79044500,,,0,1
79044482,,,0,1
79044434,,,0,1
79044369,,,2,1
79044359,,,1,1
79044352,,,0,0
79044350,,,0,0
79044322,,,4,4
79044519,,,0,1
79044764,,,1,1
79043241,,,0,1
79043118,1727785777,Duplicate,-4,1
79042289,,,1,5
79042253,,,3,2
79042252,,,1,1
79042248,,,0,1
79042204,,,0,0
79042189,,,2,0
79042155,1728563479,Not suitable for this site,0,4
79042147,,,2,1
79042135,1728284632,Duplicate,0,1
79041942,1729849777,Duplicate,2,2
79041699,,,0,0
79041684,,,1,0
79041647,,,1,2
79041633,,,1,1
79041578,,,1,1
79041573,,,0,1
79041540,,,1,1
79041490,,,0,1
79041361,,,0,1
79041358,1727744527,Duplicate,1,0
79041308,,,3,1
79042321,,,0,1
79042347,,,0,0
79043163,,,0,1
79042421,,,0,1
79043042,,,0,1
79043026,,,0,1
79043011,,,0,0
79043009,,,2,1
79042968,,,-9,1
79042960,,,-1,1
79042915,,,2,1
79042908,,,1,0
79042837,,,0,1
79042822,1727789002,Duplicate,1,2
79042937,,,0,1
79042708,,,-1,2
79042776,,,0,1
79042426,,,2,2
79042456,,,0,1
79042519,,,2,1
79042560,,,0,0
79042424,,,0,1
79042588,,,1,0
79042646,,,0,0
79042666,1727777972,Duplicate,-3,3
79042577,,,1,1
79042388,,,1,0
79149222,,,0,0
79149427,,,0,1
79149425,,,0,1
79149378,,,1,1
79149341,,,-1,1
79149294,,,3,0
79149293,,,0,1
79149274,,,0,1
79149262,,,2,2
79149260,,,1,0
79148747,,,1,0
79149164,,,1,2
79149147,,,3,3
79149108,,,0,2
79149103,,,0,1
79149035,,,0,0
79148948,,,1,1
79148924,,,1,2
79148802,,,0,0
79148781,,,1,1
79149431,,,0,0
79149175,,,0,0
79149448,,,1,1
79149716,,,1,1
79149485,,,0,1
79150176,,,1,0
79150136,,,1,1
79150108,,,0,1
79149972,,,-1,1
79149930,,,0,0
79149913,,,5,2
79149846,,,0,1
79149829,1731857697,Duplicate,0,1
79149825,,,0,1
79149821,,,2,0
79149449,1730547442,Duplicate,0,0
79149811,,,1,1
79149745,,,2,2
79148736,,,0,1
79149709,,,4,1
79149707,,,3,3
79149657,,,-5,1
79149627,,,0,1
79149626,,,2,3
79149558,,,0,1
79149547,1730548918,Duplicate,1,0
79149521,,,1,0
79149763,,,4,1
79148625,,,0,1
79149172,,,2,1
79148697,,,0,0
79147500,,,2,1
79147445,,,1,1
79147443,,,1,2
79147385,,,2,0
79147359,,,0,0
79147288,,,1,1
79147234,,,0,1
79147084,,,1,1
79147042,,,0,2
79147019,,,0,1
79147597,,,-1,1
79146976,,,-4,1
79146953,,,-2,1
79146896,,,0,1
79146880,,,0,1
79146851,,,0,1
79146802,,,0,1
79146794,,,-1,2
79146738,,,1,1
79146729,,,0,1
79146647,,,0,1
79148566,,,3,2
79146969,1730438485,Duplicate,-4,2
79147643,,,-1,2
79147028,,,1,1
79147681,,,2,1
79147645,,,1,2
79148525,,,0,1
79148483,1737559711,Not suitable for this site,-1,2
79148385,,,0,0
79148366,,,0,1
79148347,1730472348,Duplicate,-4,1
79148292,,,0,1
79148243,,,3,3
79148210,,,0,1
79148178,,,1,1
79148175,,,0,1
79148560,,,0,1
79148054,1730664791,Duplicate,1,1
79148114,,,0,1
79147700,,,4,2
79147705,,,2,1
79147836,,,1,1
79147837,,,0,0
79147692,1730462634,Duplicate,0,0
79147876,,,0,1
79147896,,,0,0
79148025,,,2,3
79147875,,,0,1
79242930,,,0,0
79243133,,,0,0
79243117,,,2,3
79243106,,,1,1
79243094,,,0,1
79243015,,,0,0
79243003,,,0,0
79243206,,,0,0
79242984,,,0,0
79242938,,,1,0
79242887,,,1,1
79242639,,,2,1
79242788,,,0,1
79242702,1733151114,Duplicate,0,2
79242651,,,0,0
79242610,,,0,1
79242582,,,-1,1
79242541,1759492282,Duplicate,2,2
79242476,,,1,0
79242472,,,1,0
79242440,,,0,1
79243222,,,0,1
79242841,,,-1,2
79243311,,,1,2
79242432,,,0,0
79243345,,,2,2
79244250,,,0,1
79244221,,,0,2
79244168,,,1,4
79244162,,,0,1
79244132,,,2,1
79244131,,,0,0
79244109,,,0,1
79244106,,,1,0
79244095,,,0,2
79244083,,,0,1
79243340,,,0,0
79244000,,,0,0
79243860,,,0,1
79243808,,,1,1
79243713,1733314835,Needs details or clarity,-5,2
79243681,,,0,2
79243594,,,0,1
79243483,,,0,0
79243452,,,2,0
79243356,,,1,1
79243355,,,0,1
79243348,,,1,1
79243949,,,0,1
79244267,1733148028,Duplicate,0,0
79242374,,,1,1
79242279,,,0,1
79241455,,,0,1
79241406,,,1,1
79241329,,,0,1
79241319,,,1,1
79241313,,,0,0
79241291,,,2,2
79241278,,,0,2
79241244,,,1,1
79241191,,,0,2
79241135,,,0,1
79241088,,,1,3
79241077,,,-1,1
79241075,,,0,1
79241070,1733126684,Not suitable for this site,0,1
79241034,,,0,1
79240944,,,0,1
79240885,,,2,1
79240870,,,2,1
79240851,,,1,0
79240830,,,-1,2
79240720,,,4,1
79241472,,,1,0
79241502,,,0,3
79242289,,,0,1
79241543,1734736430,Not suitable for this site,6,1
79242239,,,0,1
79242220,,,0,2
79242209,,,-1,1
79242191,,,0,1
79242142,,,2,3
79242121,,,0,0
79241507,,,0,1
79242048,,,-3,1
79242041,,,2,2
79241977,,,-1,1
79241969,,,0,1
79242086,,,1,0
79241910,,,2,1
79241909,,,0,1
79241894,,,0,0
79241871,,,0,1
79241786,,,0,0
79241768,,,0,1
79241735,,,0,1
79241645,,,0,1
79241634,,,0,1
79241613,,,2,0
79241946,,,0,0
79323215,,,2,1
79323230,,,0,1
79323267,,,0,2
79323285,,,0,1
79323660,,,0,1
79323468,,,0,0
79323513,,,1,0
79323626,,,0,1
79323434,,,0,0
79323172,,,2,1
79322620,,,5,2
79323140,,,0,2
79322918,,,-2,2
79322900,,,0,1
79322812,,,1,2
79322796,,,0,1
79322685,,,0,1
79322651,,,0,1
79322646,,,2,1
79322639,,,0,0
79322625,,,2,2
79323666,,,0,1
79323147,,,1,1
79323742,,,-4,2
79324114,,,1,1
79323752,,,1,0
79324831,,,-1,1
79322608,,,1,0
79324706,,,1,1
79324668,,,2,2
79324635,,,0,0
79324608,,,0,1
79324524,,,2,1
79324481,,,0,1
79324475,,,1,2
79324436,,,0,0
79323746,,,0,2
79324398,,,0,0
79324137,,,2,1
79324075,,,0,1
79324073,,,0,0
79324053,,,0,1
79324043,,,0,1
79323979,,,0,2
79323814,,,0,1
79323808,,,0,0
79323799,,,2,3
79323765,,,1,1
79324334,,,0,0
79324718,,,1,1
79322606,,,-3,1
79322598,,,1,1
79321937,,,0,1
79321826,,,1,1
79321760,,,1,1
79321755,,,1,1
79321741,,,0,0
79321647,,,-3,1
79321570,,,0,0
79321551,,,0,1
79321347,,,0,0
79321289,,,0,1
79321224,,,3,1
79321189,,,0,1
79321112,,,0,1
79321029,,,4,1
79321028,,,2,0
79321016,,,0,1
79321012,,,1,0
79321001,,,1,1
79320984,,,1,1
79320980,,,1,0
79322605,,,0,0
79321947,,,2,0
79322010,,,4,2
79321489,,,0,1
79322044,,,1,0
79322039,,,0,0
79322580,,,0,0
79322565,,,0,1
79322543,,,1,1
79322531,,,1,1
79322530,,,0,1
79322529,,,1,0
79322486,,,1,1
79322421,1736012191,Needs details or clarity,0,1
79322394,,,0,1
79322300,,,0,1
79322581,,,4,1
79322284,,,2,0
79322295,,,1,1
79322098,,,0,1
79322117,,,-1,1
79322130,,,1,1
79322153,1735764316,Opinion-based,-1,1
79322091,,,1,1
79322235,,,-3,1
79322243,,,0,2
79322253,,,-2,1
79322184,,,1,0
79406441,,,-1,1
79406524,,,1,1
79406522,,,1,1
79406511,,,2,1
79406498,,,0,1
79406476,,,1,1
79406551,1738561271,Needs details or clarity,-2,2
79406471,,,1,0
79406461,,,0,1
79406428,,,0,1
79406167,,,-2,1
79406394,,,0,1
79406346,,,0,0
79406233,,,0,0
79406202,,,0,1
79406154,,,0,1
79406133,1738552704,Not suitable for this site,-2,1
79406056,1738601355,Duplicate,0,1
79406013,,,3,2
79406005,,,1,1
79406608,,,-1,3
79406419,,,0,1
79407330,,,,
79405991,,,3,1
79406779,,,0,2
79407324,,,0,1
79407317,,,2,1
79407284,,,0,2
79407250,1738527423,Duplicate,0,1
79407242,,,1,1
79407233,,,2,3
79407219,,,2,0
79407210,,,1,0
79407189,,,-1,1
79407184,,,-1,2
79406743,,,0,1
79407173,,,1,2
79407097,1738578349,Duplicate,1,1
79407087,,,0,3
79407071,,,0,1
79407057,,,0,1
79406955,,,0,1
79406917,,,1,0
79406912,,,1,0
79406869,,,-3,1
79406858,,,0,1
79406782,,,0,3
79407124,1740419560,Duplicate,5,1
79405989,,,0,1
79406663,,,2,1
79405965,,,2,0
79405014,,,4,1
79404982,,,-1,1
79404973,,,2,1
79404925,1742227791,Duplicate,0,1
79404917,,,5,1
79404824,1738408620,Duplicate,0,0
79404786,,,,
79404607,,,1,0
79404581,,,0,1
79404539,,,0,1
79405028,,,0,1
79404534,,,0,0
79404509,,,-1,1
79404494,1738465106,Duplicate,0,0
79404481,,,1,0
79404453,,,0,0
79404450,,,0,0
79404435,,,0,1
79404376,,,2,1
79404365,1738391619,Duplicate,-1,1
79404340,,,0,1
79404210,,,2,1
79404513,,,0,1
79405056,,,0,1
79405988,,,0,1
79405200,1738426621,Duplicate,1,1
79405943,1738591001,Not suitable for this site,-2,1
79405928,,,0,2
79405879,,,1,0
79405875,,,0,1
79405874,,,1,0
79405867,,,1,1
79405079,,,2,3
79405792,,,0,0
79405770,,,,
79405672,,,1,1
79405614,,,1,1
79405832,,,0,1
79405520,,,1,1
79405506,,,3,0
79405487,,,1,0
79405483,,,1,1
79405481,,,1,1
79405471,,,2,0
79405385,,,2,2
79405384,,,1,1
79405304,,,0,1
79405222,,,0,0
79405537,,,0,1
79479227,1740948951,Duplicate,-1,3
79479289,,,0,2
79479347,,,2,1
79479368,,,0,1
79479491,1754582525,Not suitable for this site,4,1
79479376,,,0,1
79479405,,,0,2
79479426,,,-2,1
79479370,,,-1,1
79479213,,,4,1
79478793,,,2,2
79479096,1740984819,Not suitable for this site,0,1
79479038,,,0,1
79479015,,,0,0
79478980,,,0,2
79478924,,,0,1
79478900,,,0,1
79478895,,,1,0
79478857,,,1,0
79478834,,,0,1
79478810,,,1,0
79479529,,,0,0
79479136,,,0,1
79479543,,,-1,1
79480013,,,-1,1
79479618,,,0,1
79478781,,,0,1
79480437,1740996076,Duplicate,1,1
79480411,1741867802,Duplicate,1,0
79480319,,,1,1
79480260,,,1,1
79480218,,,7,1
79480205,,,0,1
79480151,,,-1,1
79480121,,,1,0
79480120,,,1,1
79479599,,,0,2
79480096,,,0,0
79480032,,,1,1
79479998,,,0,0
79479963,,,0,2
79479946,,,1,0
79479888,1740980869,Duplicate,-1,1
79479870,,,-1,1
79479781,,,0,0
79479725,,,1,1
79479705,,,0,3
79479653,,,0,1
79480081,,,0,1
79478757,1740921893,Duplicate,-3,1
79478750,,,0,2
79478724,,,1,0
79477786,,,0,1
79477752,,,1,1
79477745,,,0,1
79477700,1740952825,Needs details or clarity,-7,1
79477693,,,1,0
79477634,,,-7,2
79477616,1740843799,Not suitable for this site,-5,1
79477586,,,0,1
79477559,,,1,4
79477398,,,0,1
79477395,1740839428,Duplicate,2,1
79477348,,,0,1
79477310,,,0,0
79477304,,,-1,1
79477286,,,0,1
79477253,1741023036,Not suitable for this site,1,1
79477248,,,2,1
79477078,,,2,1
79477070,1741070149,Duplicate,-1,2
79477010,,,1,2
79476989,,,0,1
79477824,,,0,0
79477889,,,0,0
79477454,,,0,1
79477980,,,0,1
79477947,,,1,1
79478703,,,-1,1
79478682,,,0,1
79478658,,,0,0
79478562,1761632679,Not suitable for this site,0,2
79478558,1740948437,Duplicate,0,2
79478541,,,-1,3
79478526,,,0,1
79478514,,,0,1
79478383,,,0,1
79478360,,,1,0
79478715,,,0,0
79477988,,,1,0
79478323,,,0,1
79478318,,,0,0
79478307,,,0,1
79478223,,,2,2
79478111,1740861853,Duplicate,-2,1
79478068,,,0,1
79478051,,,0,2
79478025,,,1,1
79478019,1740913925,Not suitable for this site,0,1
79478331,,,4,1
79549767,,,2,2
79549771,,,3,2
79549787,,,0,1
79549802,,,0,1
79549986,,,-1,1
79549881,,,2,1
79549907,,,3,1
79549916,,,0,1
79549763,,,1,0
79549847,,,0,0
79549759,,,1,0
79549541,,,1,1
79549737,,,2,0
79549687,,,6,4
79549626,,,4,1
79549595,1743770393,Duplicate,1,0
79549461,,,0,1
79549451,,,1,0
79549407,,,1,0
79549268,1743545900,Duplicate,0,3
79549259,,,0,1
79549249,,,-1,2
79549742,,,1,1
79550040,,,1,1
79550798,,,2,3
79550116,,,0,0
79549235,,,0,1
79550795,,,1,2
79550761,,,0,2
79550730,,,0,0
79550724,,,0,0
79550674,,,0,0
79550639,,,0,2
79550627,,,0,1
79550546,,,1,1
79550486,,,1,0
79550092,,,7,3
79550452,,,0,1
79550367,,,1,1
79550361,,,0,0
79550320,,,0,1
79550295,,,0,0
79550287,,,1,1
79550279,,,18,8
79550276,,,2,1
79550273,,,1,1
79550272,,,0,1
79550255,,,1,1
79550403,,,2,1
79549219,1755767311,Not suitable for this site,6,1
79549124,,,0,0
79549115,1743917086,Not suitable for this site,0,1
79548159,,,0,0
79548120,,,1,0
79548083,,,0,1
79548081,,,-1,1
79548070,,,0,1
79547994,,,1,0
79547856,,,-1,2
79547850,,,3,1
79547849,,,2,0
79547780,,,2,1
79547762,1743488075,Duplicate,-1,1
79547736,,,0,3
79547724,,,0,1
79547703,,,0,1
79547639,,,3,1
79547588,,,0,1
79547571,,,0,0
79547567,,,1,1
79547515,,,1,1
79547496,,,1,4
79547495,,,0,1
79548185,1743504758,Duplicate,0,0
79548219,,,0,1
79547465,,,0,1
79548304,,,0,1
79548243,,,1,1
79549110,,,1,1
79549057,,,2,0
79549008,,,0,1
79549000,,,1,1
79548968,,,2,1
79548908,,,0,1
79548793,,,-4,1
79548754,,,2,5
79548741,,,2,1
79548638,,,0,1
79548889,1743693309,Not suitable for this site,0,1
79548554,,,2,1
79548523,,,1,0
79548517,,,1,1
79548332,,,0,1
79548494,,,0,1
79548492,,,1,1
79548423,,,0,1
79548408,,,1,2
79548391,,,1,1
79548363,,,0,1
79548581,,,2,1
79604001,,,1,2
79604038,1746355979,Needs more focus,-5,1
79604094,,,0,0
79604226,,,5,2
79604132,,,2,1
79604183,,,2,1
79604220,1746257744,Not suitable for this site,1,1
79603977,,,0,0
79604129,,,2,1
79603806,,,0,1
79603555,,,2,1
79603748,,,0,0
79603745,,,0,1
79603739,,,1,0
79603730,,,3,0
79603725,1746295797,Not suitable for this site,0,1
79603715,,,1,1
79603699,,,1,1
79603624,,,0,0
79603558,,,5,3
79604283,,,4,2
79603754,,,0,1
79604302,,,-1,2
79604815,,,2,4
79604400,,,1,1
79603504,,,0,1
79605299,,,0,0
79605214,,,1,1
79605208,,,0,2
79605191,,,3,2
79605163,,,1,1
79605098,,,2,1
79605058,,,0,1
79604986,,,0,0
79604966,,,1,2
79604384,,,0,1
79604901,,,3,4
79604826,1746295422,Not suitable for this site,-1,2
79604798,,,-1,1
79604797,,,1,0
79604777,,,0,0
79604732,,,2,1
79604724,1746565818,Needs more focus,1,1
79604608,,,0,2
79604500,,,-1,1
79604458,,,0,2
79604417,,,0,1
79604883,,,0,1
79603499,,,1,1
79603438,,,0,0
79601257,,,1,1
79602106,,,1,1
79602076,,,0,0
79602026,,,1,1
79602019,,,-1,1
79602017,,,3,1
79601938,,,1,1
79601928,1746120916,Not suitable for this site,-1,1
79601906,,,0,0
79601886,,,0,1
79601835,1746186357,Duplicate,2,1
79602162,,,-1,2
79601812,,,4,3
79601755,,,-3,3
79601719,,,1,2
79601644,,,1,1
79601530,1746931159,Duplicate,1,0
79601521,,,-3,2
79601482,,,7,2
79601344,,,0,1
79601335,,,0,1
79601293,,,2,1
79603426,,,0,1
79601766,,,-2,1
79602177,,,0,1
79601846,,,0,1
79602244,,,0,1
79602223,,,1,1
79603404,,,2,1
79603298,,,2,2
79603293,,,-1,1
79603275,,,0,0
79603221,,,0,0
79603209,,,1,1
79603177,,,-2,1
79603047,,,0,0
79602850,,,-2,1
79602820,,,1,1
79603414,,,1,2
79602705,,,1,0
79602749,,,2,1
79602285,,,1,0
79602340,,,3,1
79602397,,,3,0
79602421,,,0,0
79602247,,,4,1
79602482,,,0,1
79602585,,,-1,2
79602606,,,0,1
79602424,,,1,1
79650461,,,0,1
79650769,,,2,3
79650697,,,0,1
79650652,,,3,0
79650615,,,4,2
79650567,,,0,1
79650535,,,1,0
79650773,,,1,0
79650499,,,1,0
79650470,,,1,0
79650402,,,2,0
79650348,1748961201,Duplicate,-2,1
79650393,,,2,1
79650360,,,3,3
79650354,,,0,3
79650316,,,1,2
79650301,,,-3,1
79650291,,,1,0
79650281,,,1,1
79650165,,,1,1
79650102,,,1,1
79650791,,,2,0
79650396,,,2,1
79650971,,,0,1
79650046,,,-1,1
79650986,,,1,0
79651863,,,1,0
79651861,,,-1,1
79651859,,,0,1
79651690,,,1,1
79651688,,,1,0
79651651,1748971678,Duplicate,2,1
79651536,,,1,1
79651525,,,1,0
79651501,,,0,1
79651402,,,-2,3
79650982,,,1,0
79651358,,,4,1
79651262,,,-6,1
79651249,,,1,2
79651165,,,2,1
79651164,,,4,1
79651160,,,0,0
79651124,,,0,0
79651121,,,0,0
79651120,,,2,1
79651091,1749026973,Not suitable for this site,-3,1
79651081,,,0,1
79651328,,,2,2
79650039,,,-1,2
79650026,,,1,1
79650016,,,-1,1
79647877,,,-3,1
79647875,,,3,1
79647823,,,1,0
79647808,,,0,2
79647730,,,1,0
79647719,,,1,0
79647709,,,3,2
79647655,,,0,1
79647650,,,2,0
79647627,,,1,0
79647615,,,1,1
79647601,1749488516,Needs details or clarity,-1,1
79647350,,,1,1
79647470,,,6,1
79647209,,,1,4
79647185,,,2,1
79647158,,,0,2
79647152,1748807853,Not suitable for this site,2,1
79647131,,,3,2
79647107,1748853188,Not suitable for this site,0,1
79647093,1748746616,Duplicate,0,1
79647894,,,0,2
79647899,,,0,1
79647636,,,0,2
79648080,,,1,1
79647982,,,1,0
79649982,,,1,0
79649970,,,0,2
79649941,,,1,2
79649939,,,1,1
79648852,,,1,0
79648767,,,0,1
79648735,,,0,1
79648663,,,1,0
79648646,,,3,0
79648605,,,1,1
79650011,,,2,0
79648091,,,0,2
79648524,,,3,1
79648453,,,1,0
79648428,,,0,1
79648421,,,1,0
79648388,,,0,1
79648275,,,-5,2
79648240,1748857194,Not suitable for this site,0,2
79648218,,,3,0
79648121,,,1,0
79648539,,,2,1
79687678,,,1,1
79687705,,,0,0
79687721,,,2,1
79687735,,,0,1
79687995,,,1,1
79687815,,,3,2
79687851,,,,
79687897,1751703099,Not suitable for this site,1,3
79687632,,,0,0
79687761,1751476333,Duplicate,-1,1
79687615,,,1,1
79687525,,,0,1
79687609,,,0,0
79687592,1751467939,Duplicate,-1,1
79687578,,,-3,2
79687543,,,,
79687500,,,1,1
79687471,,,2,1
79687461,,,-1,1
79687355,,,1,2
79687351,,,2,1
79687251,1751493630,Needs more focus,0,1
79687611,,,-2,1
79688005,,,2,0
79689043,,,,
79688052,,,0,0
79687167,1751448064,Duplicate,-1,1
79688998,,,,
79688966,,,1,1
79688939,1751551292,Not suitable for this site,-2,1
79688933,,,3,2
79688908,1751839076,Needs details or clarity,1,1
79688808,,,0,0
79688778,,,,
79688733,,,,
79688723,,,,
79688026,,,0,1
79688697,1752665603,Needs details or clarity,-1,2
79688583,,,0,0
79688562,,,1,1
79688542,,,0,0
79688514,,,2,1
79688468,,,0,0
79688461,,,,
79688448,,,,
79688445,,,0,2
79688390,,,2,0
79688126,,,1,1
79688618,,,,
79687131,1751486200,Not suitable for this site,0,1
79687094,,,2,1
79687065,,,0,1
79686262,,,1,0
79686222,,,,
79686185,,,1,1
79686145,,,2,1
79686084,,,0,1
79685952,,,1,2
79685872,,,1,0
79685861,1751449574,Not suitable for this site,1,1
79685831,,,0,0
79685823,,,0,1
79685782,1751450263,Not suitable for this site,0,1
79685744,,,1,0
79685715,,,,
79685701,,,3,1
79685633,,,-1,1
79685618,1752943299,Needs details or clarity,0,1
79685558,,,2,1
79685528,,,2,1
79685480,,,0,1
79685448,,,,
79685420,,,-1,1
79686304,,,-3,2
79686326,,,0,0
79685396,,,3,8
79686337,,,0,1
79686332,1751439871,Not suitable for this site,2,1
79687032,,,0,1
79687024,,,3,1
79687800,1751474967,Duplicate,0,1
79686944,1751466314,Not suitable for this site,0,1
79686908,,,,
79686870,,,0,0
79686767,,,-1,2
79686733,,,1,0
79686671,,,0,1
79686669,,,,
79686864,,,0,1
79686564,,,3,1
79686537,,,1,1
79686497,,,2,0
79686359,,,1,1
79686447,,,0,1
79686433,,,17,2
79686423,,,1,2
79686410,,,1,1
79686388,,,-1,1
79686384,,,1,1
79686607,,,-2,1
79724845,,,7,2
79724874,,,2,2
79724877,,,3,1
79725054,,,0,1
79724922,,,0,1
79725017,,,1,1
79725035,1754362113,Needs details or clarity,0,1
79724820,,,2,1
79724899,,,2,1
79724774,,,1,2
79724307,,,1,1
79724694,1756365031,Needs details or clarity,-3,1
79724676,,,5,0
79724652,,,3,1
79724535,1754308100,Duplicate,1,1
79724473,,,5,1
79724468,,,3,2
79724451,,,1,1
79724387,1754471776,Not suitable for this site,1,1
79724319,,,1,1
79725066,,,1,1
79724772,,,-1,1
79725131,,,1,1
79725444,,,1,1
79725186,,,,
79724253,,,1,2
79725843,,,5,2
79725763,,,2,1
79725756,,,2,0
79725721,,,0,0
79725715,,,5,1
79725691,,,0,1
79725686,,,0,2
79725680,,,1,1
79725626,,,0,1
79725144,,,0,2
79725584,,,,
79725556,1754420158,Not suitable for this site,-6,3
79725442,,,1,1
79725440,,,9,5
79725439,,,0,0
79725340,,,3,3
79725338,,,0,2
79725307,,,0,1
79725298,,,1,0
79725287,,,3,1
79725199,,,2,2
79725576,,,1,1
79724193,,,,
79724176,,,0,2
79721938,,,3,1
79722764,,,0,0
79722758,,,0,2
79722748,,,0,1
79722736,,,2,1
79722654,,,0,0
79722645,,,3,1
79722617,,,1,0
79722606,,,2,1
79722555,,,4,2
79722528,,,0,1
79722771,,,4,1
79722449,,,0,0
79722422,,,2,1
79722386,,,4,2
79722358,,,2,1
79722289,,,2,1
79722280,,,3,1
79722131,,,0,1
79722099,,,1,2
79722098,,,3,1
79722075,,,4,2
79722074,1754118739,Not suitable for this site,1,2
79722429,,,2,1
79722798,,,-2,1
79724168,,,,
79722891,,,0,1
79724122,,,,
79724070,,,2,2
79724059,,,0,0
79723986,,,1,2
79723981,1754237616,Not suitable for this site,-5,1
79723930,,,3,1
79722812,,,2,1
79723815,,,-1,1
79723724,,,0,0
79723653,1754205219,Duplicate,-4,1
79723552,1754200102,Not suitable for this site,0,2
79723871,,,3,3
79723508,,,0,0
79723468,,,3,1
79723457,,,0,2
79723447,,,0,1
79723352,,,-2,2
79723313,,,2,1
79723215,,,1,1
79723058,,,0,1
79723041,,,5,1
79722918,,,-1,1
79723518,,,20,2
79755293,,,2,1
79755340,,,2,1
79755351,,,2,1
79755358,,,1,0
79755630,,,-2,2
79755527,,,-1,1
79755548,,,1,4
79755606,,,-1,1
79755416,,,1,0
79755216,,,2,1
79754732,,,,
79755156,,,4,5
79755132,,,0,0
79755107,,,1,1
79755062,,,0,1
79754943,,,,
79754938,,,3,1
79754896,,,1,4
79754864,,,,
79754860,1757077207,Needs details or clarity,0,1
79754854,,,0,0
79755653,,,0,1
79755165,,,-1,1
79755665,,,1,2
79756154,,,1,1
79755800,,,0,1
79754631,,,1,1
79756612,,,2,1
79756594,,,2,1
79756578,,,1,0
79756546,,,1,1
79756507,,,1,1
79756496,1757833095,Duplicate,0,1
79756468,,,0,0
79756455,,,3,0
79756402,,,1,2
79755748,,,3,2
79756369,,,1,2
79756233,,,2,1
79756149,,,6,2
79756115,,,0,1
79756105,,,-3,1
79756072,,,0,2
79756066,,,1,1
79756013,,,0,2
79755952,,,-3,1
79755894,,,1,1
79755885,,,1,1
79756235,,,0,0
79754606,,,3,1
79754148,,,1,0
79754605,1756913515,Not suitable for this site,0,1
79753309,,,0,0
79753276,,,2,1
79753263,,,1,1
79753253,,,3,4
79753173,,,2,1
79753068,1756839557,Opinion-based,-10,3
79753057,,,,
79753050,,,0,1
79753007,,,0,1
79754617,,,1,0
79753328,,,2,1
79752854,,,0,0
79752664,,,2,1
79752604,,,7,5
79752550,1756840080,Duplicate,0,2
79752526,,,1,1
79752359,1756726596,Not suitable for this site,2,1
79752353,,,0,0
79752301,,,0,0
79752222,,,2,2
79752205,,,0,1
79752184,,,1,2
79752709,,,2,1
79753356,1756834498,Needs details or clarity,4,3
79752914,,,2,2
79753458,,,2,1
79753424,,,,
79754563,,,2,2
79754535,,,-2,2
79754470,,,,
79754447,,,0,0
79754395,,,1,2
79754358,,,0,2
79754286,,,,
79754246,,,0,2
79754233,,,-1,1
79754208,,,1,1
79754304,,,,
79754004,,,-2,1
79753551,,,0,2
79753560,,,1,0
79753597,,,5,1
79753764,,,0,1
79753483,,,,
79753835,,,1,2
79753854,1756858427,Needs details or clarity,-5,2
79753957,,,3,2
79753801,,,1,0
79782321,,,0,1
79782632,,,2,3
79782616,,,0,0
79782555,,,0,0
79782535,,,2,1
79782403,,,1,1
79782389,,,0,1
79782339,,,0,0
79782333,,,0,1
79782328,,,0,1
79782313,,,3,0
79781756,,,0,0
79782279,,,0,1
79782221,,,-1,1
79782209,,,5,1
79782196,,,2,1
79782187,1759531475,Needs details or clarity,-6,1
79782149,,,0,1
79781979,,,-4,2
79781841,,,0,0
79781778,,,-2,1
79782638,,,0,1
79782307,,,1,1
79783635,1759779363,Needs details or clarity,-1,1
79781718,,,1,1
79782729,,,1,2
79783603,,,1,1
79783536,,,0,1
79783418,,,1,0
79783362,1759779070,Not suitable for this site,0,1
79783318,,,1,0
79783308,1759779459,Not suitable for this site,0,1
79783307,,,0,0
79783265,,,1,1
79783246,,,0,4
79783245,,,1,0
79782708,,,1,1
79783219,,,0,0
79783199,1759770466,Not suitable for this site,-2,1
79783126,,,1,2
79783011,,,0,0
79783003,,,0,0
79783001,1759935618,Not suitable for this site,2,1
79782867,,,-5,1
79782858,,,2,0
79782850,,,0,0
79782765,,,1,2
79782764,,,0,0
79783212,,,1,0
79781709,,,2,2
79780657,1759594460,Needs details or clarity,0,1
79781647,1759587403,Needs more focus,-1,2
79780338,,,2,1
79780334,,,1,2
79780301,,,-3,1
79780282,,,0,0
79780256,,,0,0
79780254,,,0,1
79780187,,,1,1
79780171,1760348326,Needs details or clarity,-1,1
79780104,,,0,1
79780080,,,0,0
79779991,,,1,1
79779946,,,0,1
79779933,,,0,0
79779898,1759318090,Not suitable for this site,-5,1
79779897,,,1,1
79779874,,,6,1
79779794,,,0,1
79779783,,,2,1
79779732,,,1,1
79779724,,,1,1
79781671,,,0,2
79780349,1759360238,Duplicate,1,1
79780371,,,2,2
79780088,,,0,0
79780701,,,0,0
79780565,,,3,1
79781489,1759567213,Not suitable for this site,0,1
79781395,,,-3,3
79781331,,,0,1
79781320,,,-1,1
79781281,,,1,0
79781245,,,3,3
79781244,,,1,0
79781221,,,1,2
79781203,,,2,1
79781113,,,1,1
79781493,,,0,0
79780750,,,0,1
79781057,,,0,1
79781054,,,3,2
79780994,,,1,1
79780944,,,0,2
79780905,,,-1,1
79780819,,,0,0
79780815,,,2,3
79780798,,,2,1
79780792,,,0,1
79781068,,,0,0
79809196,,,-1,1
79809226,,,0,9
79809239,,,-4,1
79809266,,,0,1
79809411,,,2,2
79809303,,,0,1
79809305,,,2,1
79809407,1762299070,Duplicate,-3,1
79809182,,,0,1
79809286,,,1,1
79809179,1762329250,Duplicate,2,1
79808954,,,2,0
79809124,,,0,1
79809086,,,0,0
79809062,,,1,3
79808955,,,0,4
79808944,,,6,1
79808907,,,0,1
79808804,,,0,3
79808776,,,-1,1
79808761,,,4,1
79808718,,,0,0
79809157,,,-4,1
79809415,,,-5,1
79810820,,,0,2
79809514,,,0,2
79808597,,,0,1
79810818,,,1,1
79810649,,,2,0
79810618,,,3,4
79810613,,,,
79810595,,,0,2
79810510,,,0,0
79810195,,,0,1
79810063,,,-1,1
79810057,,,0,1
79809432,,,1,1
79810049,,,2,1
79809939,,,0,1
79809924,,,0,0
79809789,,,1,1
79809781,,,0,1
79809778,,,0,5
79809773,,,2,1
79809768,,,-4,1
79809686,,,0,5
79809523,,,1,0
79809520,,,0,1
79809980,,,1,1
79808489,,,2,2
79808472,,,-4,1
79808417,,,-1,1
79807259,,,0,0
79807233,,,0,2
79807201,,,2,1
79806992,,,0,7
79806989,,,4,1
79806945,,,2,1
79806886,,,2,2
79806845,,,0,1
79806821,,,3,0
79806769,,,3,1
79806767,1762184016,Opinion-based,3,0
79806751,,,0,0
79806610,,,5,2
79806571,,,2,2
79806553,,,11,2
79806540,,,3,2
79806539,,,1,3
79806536,,,1,1
79806527,,,4,1
79806408,,,3,2
79806406,,,-3,1
79807277,,,2,1
79807312,,,2,1
79806333,1762078783,Needs more focus,0,1
79807389,,,5,1
79807372,,,2,0
79808393,,,0,1
79808362,,,2,1
79808354,,,2,1
79808283,,,1,1
79808277,,,0,2
79808233,,,5,3
79807856,,,0,0
79807844,,,1,1
79807825,,,0,0
79807775,1762182753,Not suitable for this site,3,1
79808094,1762196782,Duplicate,-3,1
79807764,,,2,0
79807739,,,0,3
79807713,,,3,2
79807418,,,3,0
79807712,1762164322,Duplicate,1,0
79807638,,,5,2
79807627,1762157382,Duplicate,0,1
79807616,,,0,0
79807535,,,0,1
79807460,,,7,1
79807773,,,7,3
79837467,1764823793,Not suitable for this site,-1,1
79837512,,,1,0
79837533,,,3,3
79837717,,,1,0
79837650,,,5,1
79837659,,,0,1
79837684,,,3,1
79837428,,,1,0
79837569,,,0,1
79837366,,,1,1
79837011,,,0,1
79837346,,,0,6
79837301,,,3,1
79837276,,,2,1
79837275,,,1,1
79837134,,,-3,1
79837092,,,0,0
79837076,,,0,0
79837071,,,1,1
79837059,,,-2,1
79837737,,,0,2
79837363,,,0,3
79837782,,,0,0
79838108,,,0,1
79837813,,,0,0
79837003,,,0,1
79838505,,,1,1
79838462,,,0,0
79838353,1764893406,Needs details or clarity,-2,2
79838348,,,0,0
79838308,,,0,1
79838297,,,0,1
79838295,,,-1,1
79838259,1765178060,Not suitable for this site,-4,1
79838243,,,-1,1
79837806,,,-1,1
79838136,,,0,1
79838117,,,1,1
79838103,,,0,3
79838096,,,1,3
79838094,,,3,1
79838089,1774785990,Duplicate,-1,1
79837984,,,0,12
79837960,,,0,1
79837925,,,1,0
79837855,,,0,0
79837831,,,0,1
79838126,,,0,1
79836939,,,1,1
79836922,,,0,2
79834259,,,1,0
79835734,,,0,0
79835714,,,0,0
79835504,,,1,0
79835498,,,0,1
79835431,,,2,1
79835404,,,0,1
79835365,,,2,1
79835345,,,3,2
79835314,,,-1,1
79835227,,,0,1
79835774,,,0,1
79835202,,,0,3
79835091,,,0,3
79835026,,,0,2
79834996,,,3,0
79834873,,,-1,7
79834695,,,0,1
79834656,,,0,1
79834523,,,2,1
79834382,,,2,1
79834334,,,0,1
79834278,,,0,1
79835136,,,3,4
79835808,,,-3,2
79836759,,,0,8
79835877,,,2,1
79836716,,,0,0
79836638,,,1,1
79836492,,,3,3
79836488,,,3,2
79836447,,,0,4
79836409,,,3,2
79835823,,,4,1
79836341,,,3,1
79836317,,,0,0
79836295,,,0,0
79836234,,,1,1
79836360,,,0,1
79836176,,,1,2
79836150,,,0,0
79836122,,,0,1
79836112,,,0,3
79836108,,,0,2
79836074,,,2,1
79836054,,,0,1
79836040,,,3,0
79836029,,,0,2
79836025,,,5,1
79836211,,,2,1
79861926,1767733229,Not suitable for this site,-2,1
79861996,,,1,1
79862013,,,5,1
79862127,,,0,1
79862248,,,0,1
79862199,,,3,0
79862217,,,2,1
79862232,,,0,1
79862160,,,0,1
79861916,,,0,1
79860774,,,1,0
79861598,,,,
79861471,,,0,2
79861393,,,0,0
79861318,,,0,0
79861270,,,5,1
79861196,,,1,1
79861070,,,1,3
79861016,,,0,1
79861004,,,0,0
79860982,1767717267,Needs details or clarity,-1,1
79862254,,,4,1
79861671,1772922495,Needs more focus,-1,1
79862281,,,0,2
79862693,,,2,1
79862285,,,6,1
79860752,,,0,1
79863316,,,3,1
79863288,,,3,1
79863218,,,0,2
79863193,,,0,1
79863122,,,0,2
79862964,,,0,1
79862878,,,8,5
79862867,,,0,0
79862860,,,2,3
79862282,,,3,0
79862797,,,0,2
79862696,,,2,1
79862631,,,3,1
79862629,1767890598,Duplicate,2,1
79862585,,,0,1
79862581,,,5,0
79862560,,,1,0
79862465,,,1,1
79862438,,,5,4
79862309,,,0,1
79862288,,,0,1
79862746,,,2,1
79860696,,,4,1
79860100,,,0,1
79860690,,,1,0
79859306,,,3,1
79859287,,,0,0
79859269,,,0,0
79859255,,,0,1
79859237,,,0,3
79859176,,,0,0
79859119,,,3,1
79859099,,,0,1
79859000,,,1,4
79860726,,,0,1
79859443,,,2,1
79858834,,,1,1
79858827,,,0,0
79858798,,,0,1
79858789,,,0,0
79858762,,,1,1
79858728,,,1,0
79858666,,,0,3
79858654,,,1,2
79858562,,,0,0
79858534,,,0,2
79858533,,,0,1
79858829,,,0,2
79859523,,,3,2
79858891,,,1,1
79859608,,,0,3
79859541,,,0,2
79860671,,,0,0
79860592,,,0,1
79860536,,,0,0
79860485,1767591125,Duplicate,-4,1
79860470,,,0,1
79860469,,,0,0
79860242,,,3,1
79860235,,,0,0
79860131,,,0,1
79860107,,,0,0
79860334,,,1,3
79860071,,,0,1
79859774,,,1,0
79859815,,,3,3
79859865,,,3,1
79859898,,,3,2
79859731,,,1,1
79859979,,,0,0
79859983,,,,
79860056,1768068775,Duplicate,-3,1
79859902,,,2,1
79883562,,,1,0
79883927,,,0,1
79883915,,,3,1
79883908,,,0,3
79883874,,,2,1
79883804,,,3,2
79883792,,,0,0
79883776,,,1,1
79883703,,,2,1
79883573,,,0,2
79883504,,,0,3
79882958,,,4,0
79883470,,,2,1
79883442,,,0,1
79883287,,,4,1
79883275,1770283948,Not suitable for this site,1,1
79883151,,,1,3
79883128,,,0,0
79883038,,,4,1
79883033,,,0,2
79882976,,,0,0
79885268,,,1,0
79883495,1770402715,Duplicate,0,0
79884041,,,0,1
79882944,,,3,0
79884126,,,0,0
79885139,,,0,1
79885116,,,0,1
79885104,,,4,2
79885063,,,1,1
79885047,,,2,2
79885044,,,0,1
79884940,,,0,0
79884930,,,3,1
79884849,,,0,0
79884813,,,3,4
79884111,,,4,1
79884665,,,0,1
79884645,,,3,1
79884588,,,1,1
79884564,,,5,2
79884485,,,3,1
79884426,,,4,2
79884369,,,0,0
79884362,,,1,5
79884360,,,0,1
79884292,,,0,2
79884198,,,3,0
79884657,,,0,4
79882907,,,-1,1
79881972,,,2,1
79882683,,,1,1
79881685,,,1,0
79881680,,,0,1
79881660,,,1,1
79881625,,,0,0
79881611,,,-1,2
79881411,,,2,1
79881410,,,0,1
79881313,,,0,1
79881256,,,2,1
79881189,1770050998,Not suitable for this site,-2,1
79881186,,,1,1
79881063,,,0,0
79880863,,,1,2
79880732,,,2,0
79880701,,,0,2
79880560,,,7,1
79880532,,,0,1
79880521,,,0,2
79880487,,,2,0
79880442,,,4,0
79880338,,,-2,1
79881766,,,-2,1
79881832,1770205231,Needs more focus,2,1
79882743,,,1,1
79881964,,,1,1
79881923,,,0,1
79882503,,,0,1
79882494,,,0,1
79882492,1770187482,Duplicate,-3,1
79882457,1770182902,Duplicate,-2,1
79882413,,,0,0
79882369,,,0,2
79882294,,,4,1
79882282,,,0,0
79882256,,,0,2
79882253,,,1,2
79882296,,,0,0
79882200,,,0,0
79882192,1770473379,Needs details or clarity,1,1
79882176,,,0,0
79882004,,,0,0
79882152,,,0,1
79882151,,,3,2
79882150,,,0,0
79882101,,,1,2
79882097,1770746446,Not suitable for this site,2,0
79882058,,,3,0
79882231,1772270447,Not suitable for this site,2,2
79901739,,,0,2
79901763,,,0,1
79901911,1773630719,Duplicate,-2,1
79902182,,,0,3
79901940,,,0,2
79902015,,,1,2
79902161,,,0,1
79901699,,,0,1
79901927,1772824265,Duplicate,0,1
79901639,,,1,1
79901060,,,0,1
79901558,1772808292,Needs details or clarity,-2,3
79901507,,,1,1
79901475,,,0,1
79901234,,,0,1
79901226,1772669301,Duplicate,-3,1
79901202,,,0,0
79901200,,,-4,4
79901198,1772688259,Duplicate,0,1
79901132,,,1,1
79902222,,,0,3
79901629,,,0,1
79902227,,,0,3
79902760,,,0,3
79902404,,,0,1
79900921,,,0,2
79903290,,,0,0
79903170,,,-4,1
79903103,,,1,1
79903031,,,2,2
79903012,,,2,1
79903003,,,3,1
79902880,1772952470,Duplicate,-8,1
79902878,,,0,3
79902845,,,0,8
79902274,,,0,2
79902827,,,0,2
79902793,,,0,4
79902744,,,0,1
79902736,,,0,1
79902571,,,0,4
79902556,1772879909,Duplicate,2,0
79902546,,,0,1
79902534,,,2,2
79902528,,,0,4
79902489,,,0,0
79902424,,,1,3
79902824,,,0,3
79900876,,,0,5
79900825,,,0,12
79898663,,,0,3
79899534,,,0,2
79899514,,,0,1
79899422,,,0,1
79899392,,,0,1
79899371,,,1,0
79899362,,,3,1
79899359,,,1,1
79899300,,,2,0
79899247,,,4,0
79899165,,,0,1
79899547,,,5,5
79899066,1772407578,Not suitable for this site,0,2
79898994,,,4,1
79898983,,,4,2
79898958,,,0,6
79898950,,,0,2
79898910,,,0,2
79898900,,,2,4
79898762,,,0,2
79898673,,,3,1
79898671,,,,
79900801,,,0,2
79899009,,,1,0
79899551,,,5,1
79899178,,,2,2
79899625,,,0,1
79899563,,,0,0
79900760,1772628304,Not suitable for this site,-4,1
79900718,1772698935,Duplicate,2,0
79900624,,,-5,1
79900588,,,0,4
79900580,,,0,2
79900562,,,1,1
79900558,,,1,1
79900523,,,0,1
79900482,,,0,0
79900473,,,0,4
79900764,,,3,1
79900405,,,0,0
79900434,,,0,2
79899804,,,3,1
79899823,,,0,0
79899979,,,0,1
79900053,,,-1,2
79899633,,,0,8
79900176,,,0,1
79900315,,,2,1
79900348,,,0,0
79900081,,,0,1
79921779,,,0,2
79922248,,,0,3
79922241,,,0,0
79922227,,,0,2
79922109,,,0,2
79922076,,,1,0
79921992,,,0,0
79922249,,,0,0
79921981,,,1,0
79921931,,,0,3
79921748,,,0,1
79921190,,,0,3
79921515,,,0,0
79921476,1775563155,Duplicate,2,1
79921445,,,-2,1
79920989,1775789671,Duplicate,1,1
79920823,,,3,1
79920736,,,0,1
79920733,,,2,1
79920702,,,3,1
79920675,,,0,2
79923862,,,0,4
79921609,,,0,6
79922267,1775832082,Not suitable for this site,1,2
79920650,,,-1,1
79922319,1775846839,Not suitable for this site,-3,2
79923826,,,3,1
79923665,,,0,2
79923659,,,0,2
79923606,,,0,10
79923563,,,1,2
79923258,,,0,0
79923241,,,3,2
79922985,,,-1,1
79922950,,,,
79922929,,,1,2
79922292,,,0,1
79922888,,,0,1
79922800,,,0,1
79922713,,,0,2
79922675,,,0,1
79922604,1775737083,Duplicate,2,1
79922555,,,-1,3
79922538,,,0,2
79922469,,,0,0
79922356,,,0,8
79922348,,,-2,2
79922326,,,0,1
79922871,,,4,3
79920642,1781246332,Not suitable for this site,2,1
79919655,,,0,4
79920454,,,3,1
79919401,,,-3,2
79919400,,,1,1
79919352,,,0,1
79919245,,,2,2
79919189,,,1,1
79919186,,,0,0
79919173,,,3,1
79918995,,,0,3
79918782,,,2,1
79918666,,,0,5
79918462,,,2,2
79918442,,,1,1
79918389,,,2,1
79918351,1775246511,Duplicate,2,2
79918340,,,0,0
79918326,,,1,1
79918324,,,0,1
79918294,,,0,1
79918291,,,0,1
79918243,,,1,1
79920617,,,0,4
79919502,,,1,1
79919524,,,1,1
79918923,,,3,3
79919651,,,0,1
79919603,,,7,2
79920405,,,0,1
79920382,,,0,1
79920353,1775644745,Needs more focus,3,0
79920334,1776114695,Opinion-based,0,3
79920283,,,0,3
79920255,1775504703,Not suitable for this site,1,1
79920153,,,0,0
79920136,,,1,0
79920096,,,0,1
79920013,,,2,1
79920233,,,3,0
79920409,,,0,2
79919975,1788071969,Duplicate,-1,3
79919706,,,2,1
79919712,,,4,3
79919746,,,2,1
79919789,,,,
79919695,,,0,3
79919837,,,0,2
79919883,,,1,1
79919891,1775572304,Duplicate,0,0
79919811,,,3,2
79937810,,,0,2
79937978,,,0,2
79937971,,,0,2
79937962,,,0,1
79937938,,,0,1
79937914,,,0,2
79937884,,,1,1
79937863,,,5,1
79937846,,,1,0
79937763,,,0,0
79937273,,,-1,1
79937573,,,0,1
79937550,,,1,1
79937545,,,0,0
79937514,,,2,1
79937471,1778188862,Needs more focus,0,1
79937386,,,0,1
79937362,,,0,3
79937333,1778149751,Needs details or clarity,-2,1
79937320,,,0,0
79938010,,,2,1
79937601,,,0,1
79938052,1778272592,Duplicate,-1,1
79939025,,,1,1
79938169,,,4,1
79937124,,,-1,2
79938961,,,0,2
79938907,,,0,3
79938879,,,-1,3
79938829,1778400757,Duplicate,-4,1
79938816,,,0,1
79938797,,,,
79938784,,,0,0
79938737,,,0,3
79938693,,,-1,2
79938130,,,0,0
79938669,,,2,2
79938463,,,0,0
79938439,,,0,0
79938428,,,2,2
79938420,,,3,2
79938405,,,2,0
79938386,,,-1,1
79938339,,,1,0
79938214,,,0,3
79938182,,,4,1
79938176,,,0,1
79938654,,,0,1
79937087,,,2,1
79935914,,,0,4
79937075,,,0,1
79935518,,,0,1
79935469,,,0,1
79935417,,,0,0
79935400,,,0,1
79935335,,,-6,2
79936872,,,0,0
79935230,,,0,4
79935096,,,0,11
79935088,,,0,4
79934947,,,0,3
79934876,,,4,1
79934842,,,2,2
79934840,,,1,0
79934819,,,0,0
79934792,,,0,2
79934736,,,0,1
79934606,,,,
79934592,,,0,1
79934545,,,0,2
79934522,,,1,2
79939072,,,0,0
79935672,,,2,0
79935775,,,0,0
79935804,,,-1,1
79935886,,,1,0
79937049,,,,
79936934,,,0,6
79936904,,,2,1
79936900,,,0,8
79936748,,,0,1
79936742,,,0,0
79936685,,,0,0
79936596,,,0,1
79936578,,,3,3
79936577,,,0,0
79937078,,,0,1
79936555,,,2,3
79936344,,,0,2
79936223,,,0,0
79936199,,,0,1
79936126,,,0,4
79936102,,,-1,1
79936100,1777961272,Duplicate,-3,1
79936041,,,0,4
79935974,,,0,2
79935956,,,0,0
79935906,,,0,1
79936481,,,0,0
79939094,1787996888,Not suitable for this site,-2,3
