question_id,last_edit_date,last_activity_date,view_count,is_answered
67781287,,1622632514,340,True
67783057,,1622524951,108,True
67783016,1622525337,1622525337,82,True
67782993,1622524141,1622524451,582,False
67782942,1622529728,1622529728,259,False
67782911,,1622523330,988,False
67782907,1622524780,1622610236,562,True
67782893,,1622524502,171,True
67782859,,1622524706,266,True
67782839,1622523957,1622524920,86,True
67782782,,1622523393,5564,False
67782735,1622556096,1706611383,567,False
67782727,1622521880,1622554424,3906,True
67782720,1622607446,1675845972,17025,True
67782714,,1622523175,402,True
67782700,1622525778,1622525778,3141,True
67782694,1622521788,1622521820,846,True
67782661,1622525092,1622526537,73,True
67782611,,1622602838,851,True
67782605,1622521448,1622561864,189,True
67782568,,1622521546,1107,True
67782521,,1622785116,500,True
67783065,,1622525182,100,True
67783218,1622526804,1622526981,214,True
67783254,1622580407,1622580407,2162,False
67783276,,1622529931,452,True
67783635,,1622531459,102,True
67783632,1622534880,1622534880,60,False
67783563,1622528458,1668359701,143,True
67783553,,1622528418,56,True
67783540,1622618860,1622618860,148,True
67783530,,1678811254,10697,True
67783529,1622730910,1622732163,595,True
67783527,1622571663,1622571663,247,False
67783512,1622619614,1622619614,302,False
67783494,1622528452,1622528452,267,True
67782470,,1643072668,2092,True
67783482,,1624462244,1147,True
67783452,,1622527546,21,False
67783439,,1622527674,392,True
67783431,,1622530298,123,True
67783406,,1622527635,102,True
67783398,1622527597,1622533023,1381,False
67783393,,1622740253,525,True
67783391,,1622527714,782,False
67783376,,1622532944,28,False
67783373,,1622530182,88,True
67783299,,1622526481,221,False
67783459,,1622528001,3554,True
67782431,1622572881,1622572881,561,True
67783217,1622565070,1622565599,97,True
67782307,,1622521595,1331,False
67781835,1622553794,1622553794,55,False
67781819,1622512644,1622513140,81,True
67781812,,1622512957,245,True
67781799,,1622517248,871,True
67781761,1622512818,1624411542,155,True
67781749,,1622511893,117,False
67781735,,1622513999,3048,False
67781710,,1622511267,77,True
67781614,1622510574,1622510574,465,False
67781605,,1622509428,33,False
67781863,,1622536051,1075,True
67781560,,1622520394,535,False
67781489,,1622508073,91,False
67781480,1622508486,1622509173,675,False
67781473,1622516105,1622516918,71,True
67781467,,1622513220,958,True
67781463,1622542471,1622542471,41,False
67781460,,1622508173,75,True
67781446,1622524902,1622524902,296,False
67781390,1622507235,1622507332,35,True
67781317,,1622506359,622,True
67782392,,1622523634,243,True
67781533,1624234648,1624234648,60,False
67781885,,1622513902,119,True
67781291,,1622507570,72,False
67782222,,1622516685,61,False
67782297,,1622519534,1890,False
67782266,1622593639,1622593639,764,False
67782251,,1622518137,440,True
67782240,,1622519553,42,False
67782229,,1622517165,71,False
67782228,,1622516732,347,False
67781920,1622523984,1622523984,63,True
67782215,,1622688549,431,False
67782206,,1622795374,451,True
67782158,1622521614,1622522749,2257,True
67782204,1622518070,1622626551,467,True
67782054,,1622515625,47,False
67782045,1622537636,1622555625,569,False
67782032,,1622533376,222,False
67782026,1622837882,1622838554,222,True
67781994,1622516527,1622524031,111,True
67781988,1622702226,1622702226,381,True
67781976,,1622515362,181,False
67781963,,1622516621,70,True
67781946,,1622521366,191,True
67781934,1622514181,1642422140,523,False
67782082,,1622515293,1531,False
68204056,,1625111375,1102,False
68204050,,1625112655,262,False
68204051,1625112472,1625112472,2121,True
68204075,1625112155,1625112155,320,False
68203754,,1625181921,199,False
68204103,,1642686108,83,False
68204109,1625138584,1625138584,501,True
68204128,,1625119126,1533,True
68204133,1625272982,1625272982,2732,False
68204097,,1625115252,1077,True
68204026,,1625112141,523,True
68203761,1625149623,1639495659,1278,True
68203996,1625158832,1625265335,126,True
68203974,1625122740,1625124251,205,True
68203955,1625144816,1625306820,1051,True
68203921,1625111547,1625111547,81,True
68203864,,1625110288,103,False
68203854,1625110035,1625130013,1847,False
68203849,,1635512861,307,False
68203846,1625150035,1625150035,63,False
68203840,1625472230,1625472230,71,True
68204153,,1625114896,226,True
68204001,1625111558,1625111558,69,False
68204161,,1625146506,14940,True
68204457,,1625119834,3058,True
68204204,,1625112861,60,False
68204651,1625178851,1625178851,211,False
68204635,,1625119553,110,True
68204624,1625116508,1625117108,8206,False
68204617,,1625116966,96,True
68204602,,1625222036,311,True
68204565,,1625120940,223,True
68204563,1625178528,1625178528,78,False
68204549,1625117694,1625118204,899,True
68204533,,1625124080,160,True
68204510,1625116727,1625120618,514,True
68204484,,1625115740,172,False
68204482,,1625123143,1037,True
68204455,1625383737,1625383737,123,False
68204411,1625120075,1714735932,1234,False
68204395,,1625189848,611,True
68204393,,1625115658,103,True
68204384,,1717290990,32,True
68204310,,1719788147,644,True
68204243,1625114108,1625264871,110,True
68204231,,1625113571,154,True
68204223,1625128296,1625174903,73,False
68204183,,1625116778,99,True
68203739,,1635310262,762,False
68204157,,1625113763,85,True
68203729,,1625117545,42,True
68203376,1625172858,1664452019,1489,True
68203363,1625119161,1727440690,4358,True
68203338,1625105628,1625122004,121,True
68203313,,1625104880,69,True
68203300,1653030861,1653030861,146,False
68203295,1625108419,1625108419,777,False
68203157,1625103954,1625103954,117,False
68203146,,1668586382,1693,False
68203142,1635120818,1635120818,243,False
68203137,1625105645,1625108392,611,True
68203377,,1625106154,140,True
68203111,1625135324,1625135324,438,False
68202989,,1625123323,84,True
68202978,,1625099926,701,True
68202976,,1649713694,400,False
68202975,1625106754,1625106754,203,False
68202971,,1625099535,18,False
68202945,1625106005,1625106005,3644,False
68202931,1625103131,1625103131,127,True
68202921,1625101439,1625113904,234,True
68202917,1625099917,1625113788,98,False
68202851,1625102598,1625103181,218,True
68203091,,1625109525,56,True
68203385,1625105123,1625106806,197,True
68202813,,1625111089,3074,True
68203428,1625127955,1625129270,91,False
68203693,1625156113,1625156113,110,True
68203688,1625108824,1625111799,446,True
68203684,1687939835,1688134168,1566,True
68203673,1625107960,1625108624,87,True
68203665,1625110470,1625111034,1445,True
68203648,1629135838,1629135838,410,False
68203626,,1625107236,19,False
68203625,,1691636944,2348,True
68203612,,1627595582,3691,True
68203611,1625622958,1625622958,968,True
68203588,,1625108091,82,True
68203736,1625145329,1625145329,162,True
68203577,,1625106714,74,False
68203537,1625131759,1625131759,106,True
68203530,1625262359,1625273938,57,True
68203510,,1625108302,397,True
68203485,1625154524,1625182595,1122,True
68203470,,1625110069,53,False
68203469,,1625107270,144,False
68203460,,1625105503,72,False
68203445,1625106213,1625106213,77,True
68203432,,1625106710,526,True
68203587,1625653727,1625653727,707,True
68607593,,1627794918,57,True
68607614,1627796075,1627796075,123,True
68607656,1627856301,1627957669,1268,True
68607667,1627795470,1627796143,1330,False
68607825,1627808674,1627808674,543,True
68607722,,1627810996,203,True
68607752,,1627795814,55,False
68607592,1627799060,1627799196,94,True
68607712,1627873175,1627873175,901,True
68607578,1627796240,1627797515,289,True
68607529,,1627794070,44,True
68607574,,1627800525,1362,True
68607565,1627829947,1627831268,528,True
68607545,1627827810,1628220099,160,False
68607866,1627840349,1627848185,648,False
68607517,1627793768,1627794002,145,True
68607496,1627794655,1627819388,232,True
68607481,1627946120,1627946120,327,True
68607475,1627794021,1627796363,3115,True
68607474,,1627792999,977,True
68607439,1627797617,1627797617,110,True
68607367,1627797642,1627797642,79,True
68607576,,1627795702,165,False
68607871,1627798261,1627798558,192,True
68608056,1627802011,1627810822,774,True
68607955,,1627799924,305,True
68607348,1627797937,1627797937,111,True
68608447,,1627804824,104,True
68608428,,1627805510,108,False
68608380,1628788198,1630745612,129,True
68608326,1627828717,1628297997,131,False
68608318,1630594758,1666137964,3363,True
68608273,,1627815846,686,False
68608271,1627812145,1627841641,592,True
68608259,,1627802865,198,True
68608220,1627801819,1627806465,227,True
68607936,1627803094,1627803094,124,True
68608216,,1627801779,150,False
68608161,,1627807865,117,True
68608448,,1627804493,413,True
68608105,,1627803182,1553,True
68608081,1628213787,1628213787,57,False
68608079,,1627802755,645,True
68608076,1627812865,1690543668,848,True
68608069,,1627964504,75,True
68608065,,1627827074,556,True
68608040,1627803731,1627803731,705,False
68608025,1627808627,1627808627,1471,False
68608200,1627980723,1627980723,98,False
68608159,1699888060,1699888060,2038,True
68607340,1627796719,1627796719,549,True
68607326,1627799396,1627832534,214,False
68606884,1627782236,1627782236,64,True
68606815,,1627911305,2681,True
68606814,1627781450,1627783285,70,True
68606809,1627832061,1627832061,301,False
68606779,1627781564,1627782010,72,True
68606744,1627779669,1627779669,232,False
68606739,1627884878,1628040470,1772,True
68606730,1627780523,1627781953,554,True
68606703,1627779399,1627801648,689,True
68606695,1627844287,1627844287,3715,True
68606688,1627929020,1627929020,50,True
68606672,1627778236,1627782861,472,True
68606663,,1627809965,169,True
68606661,1627903385,1707507502,43384,True
68606646,,1680100562,191,False
68606641,1627779011,1627779011,157,True
68606631,1627779784,1627783859,3041,True
68606625,,1627915019,672,True
68606608,,1627776262,239,False
68606598,1627778077,1627779329,455,True
68607328,1627819285,1639852498,961,False
68606901,1627958610,1627958610,1256,True
68606917,,1627786451,79,True
68606719,1627863714,1627863714,1700,True
68606952,1627871537,1627871537,80,True
68606920,,1627790481,99,True
68607301,,1627791358,1424,True
68607287,1627789888,1627791639,2016,True
68607277,,1627787873,770,False
68607258,,1627844207,666,True
68607226,,1627790173,174,True
68607222,1627897660,1627897660,6394,True
68607197,1627787026,1627791375,449,True
68607187,1627840176,1714116111,1094,True
68607162,1627798241,1627798241,73,False
68607160,1627786946,1627787674,1066,True
68607325,,1627819417,806,False
68607138,,1627785802,478,False
68607139,,1627785830,71,False
68606981,1642724951,1656597183,9242,True
68606986,,1627862404,281,True
68606999,1627890848,1627890848,85,False
68607027,1627788686,1627790094,431,True
68606971,,1627784461,42,True
68607067,1707209650,1707209918,4231,True
68607075,,1628121724,97,True
68607130,,1627788095,127,True
68607037,,1627953562,3010,True
69007628,,1636591367,1712,True
69007798,1630470724,1630471330,152,True
69007786,1630643815,1630729798,2029,True
69007748,1630810195,1673015789,23101,True
69007730,,1630472413,910,True
69007677,1630506676,1630506676,2132,True
69007865,,1630470968,55,False
69007672,,1630469215,384,False
69007639,1630483783,1630494419,63,False
69007603,,1630469826,4879,True
69007453,1630467886,1630468820,84,True
69007524,,1630471308,465,True
69007516,1630469477,1630473128,63,True
69007479,,1630482892,213,False
69007473,1630544608,1630544608,140,False
69007390,,1630519270,1196,True
69007381,,1630466267,1188,True
69007376,,1630468636,1076,False
69007370,,1630582684,522,True
69007362,,1630513628,58,False
69007870,,1630471875,42,True
69007530,,1630467845,737,False
69008004,,1630531612,130,False
69007361,1630517829,1630517829,128,True
69008035,1630902334,1630902334,247,True
69008518,,1630506037,3067,True
69008507,,1630476955,47,True
69008501,,1630477333,646,True
69008445,,1630476344,151,True
69008420,,1630475786,606,True
69008362,,1630481239,101,True
69008321,1630562938,1630562938,2081,True
69008305,1630831272,1630831272,446,True
69008290,1630475418,1707050207,3546,True
69008275,1630479558,1630480784,1430,True
69008015,1630499350,1630499350,64,False
69008262,1630495570,1630570522,366,True
69008156,,1630481241,63,True
69008155,,1634033100,10434,True
69008133,,1696915863,1725,True
69008131,1710345361,1710345361,448,True
69008130,,1630474344,302,True
69008121,,1630613498,240,True
69008105,1630475670,1701543973,2758,False
69008075,1630473532,1630473532,144,False
69008065,,1630474996,81,True
69008055,1630477723,1630477723,762,False
69008185,1630475507,1630475507,335,True
69007351,,1689820579,3392,True
69007922,,1630489596,1321,False
69007325,1630831581,1630831581,3327,False
69006853,1630507443,1630507443,35,False
69006819,1630730864,1630730864,760,False
69006814,1630463137,1630463137,134,False
69006804,,1630632772,293,True
69006749,1630458601,1630458601,35,False
69006674,1630460757,1630472885,1541,True
69006654,1630458254,1630459671,1018,True
69006615,,1630509936,592,True
69006595,1630457500,1630458461,139,True
69006584,,1630499680,481,True
69006886,,1671146063,1925,True
69006583,1673138473,1673138473,4600,True
69006564,,1630466845,120,False
69006562,1630464746,1630464746,2957,True
69006541,,1630455854,623,False
69006523,,1630455603,35,False
69006489,1630455574,1630459001,779,False
69006486,,1630456087,1006,True
69006479,1630459250,1630459250,226,False
69006473,1668463477,1668470309,2011,False
69006464,,1630455171,545,True
69006444,,1630492434,1859,True
69006579,1630456993,1630459052,365,False
69006887,1630463231,1630463231,4157,True
69007346,1630498055,1630498055,2552,True
69007296,,1663204636,64,True
69007257,1630466048,1630511137,3595,True
69007238,1630481749,1630481749,2369,True
69007185,1630465011,1630638416,603,True
69007184,,1630463686,715,False
69007162,1630468653,1630492051,251,False
69007149,,1630464641,37,True
69007130,1630469019,1630470658,126,True
69007122,1630463965,1630465561,59,False
69007119,,1630471602,265,False
69007080,1630465272,1630465725,271,True
69007158,1630505790,1630505790,82,True
69007064,,1630462945,220,True
69007068,1630505391,1630505391,113,False
69006918,1630461282,1630508721,131,True
69006931,1630461946,1630461946,2386,True
69006956,1630461297,1630465046,126,True
69006961,,1630472406,89,False
69006916,,1630462673,921,True
69007000,1630462920,1630463089,45,False
69007019,,1630463106,172,True
69007042,1630512548,1633689901,6648,True
69007044,1630663291,1630830738,776,False
69006972,1630467172,1630470401,1249,False
69401226,1633076647,1633076647,1471,True
69401434,1633070167,1633070550,585,True
69401431,,1633075040,2206,True
69401411,1633070046,1633070249,276,False
69401404,,1633069676,153,False
69401386,1633498872,1633509251,130,False
69401364,1633766085,1636649952,1825,True
69401341,,1633069190,31,False
69401248,,1633074607,659,False
69401227,,1633069398,1318,True
69401441,1721567303,1721567303,1662,True
69401210,,1633069041,557,True
69401192,1633070024,1633655427,89,True
69401183,1633071719,1633356112,426,True
69401159,1633300474,1633317369,404,False
69401157,1633084121,1633084121,1233,True
69401150,,1633068670,62,True
69401136,1633072246,1633074767,97,True
69401126,1633068195,1633068438,339,True
69401056,,1633067938,2668,True
69401055,1633224807,1633463352,969,False
69401453,,1633079297,91,True
69401196,,1633069504,328,False
69401454,1633588031,1652296072,821,True
69401718,,1633074770,108,True
69401488,1633071698,1633071854,1521,True
69402145,,1633074340,338,False
69402126,1633074851,1633103661,67,True
69402091,1633073853,1633105817,881,False
69402078,,1633073361,372,False
69402000,,1633073433,66,True
69401984,,1633082789,471,True
69401888,1633075980,1633075980,417,True
69401857,,1633073994,567,True
69401841,,1633072086,73,False
69401793,,1633175077,123,True
69401477,,1633070772,2623,True
69401786,1633072063,1633072672,54,True
69401038,,1633137333,1289,False
69401713,,1633073844,741,True
69401708,1635451551,1635451551,5759,True
69401661,,1633072437,2391,True
69401644,,1776347783,2676,False
69401643,1633073079,1633078167,109,True
69401611,1633073086,1633074431,959,True
69401600,,1633072256,400,True
69401599,,1633074031,66,True
69401490,1633872382,1633872382,41,True
69401752,1633123737,1633123737,1263,True
69400996,1633067718,1633072977,108,True
69400984,1633643995,1669288372,1932,True
69400936,1633070883,1640598322,492,True
69400397,,1633062645,1337,False
69400384,,1633064048,149,False
69400374,1633066628,1633066628,620,False
69400352,1633067780,1633067780,364,False
69400332,1633118608,1633118608,148,True
69400329,,1633065519,654,False
69400319,,1633062587,56,True
69400299,1633061848,1633137520,109,False
69400241,,1671635013,6401,False
69400165,,1633066225,521,True
69400163,1633698004,1634267026,1337,True
69400157,,1633078688,257,True
69400146,,1633073684,1403,False
69400106,1633049953,1633061534,36,False
69400088,,1675882793,1517,True
69400080,,1633048809,217,False
69400063,,1633050401,233,True
69400007,,1633246455,4059,True
69399990,,1633088677,834,True
69399970,,1641768173,4940,True
69399941,1633046818,1633047723,213,True
69400416,1633323420,1633673969,961,True
69400419,,1633063345,67,True
69400203,,1633050322,58,True
69400495,1633071393,1633177254,1103,True
69400456,,1633246725,763,False
69400899,,1633107165,207,True
69400897,1633071184,1633080027,973,True
69400871,,1633066745,2530,True
69400868,,1633067252,46,False
69400843,,1633110377,360,True
69400814,1633065851,1633151870,415,True
69400813,1633134700,1633134700,46,False
69400809,1633644068,1633644068,391,True
69400771,1633065879,1633065980,861,True
69400770,,1633065418,35,False
69400900,1633070496,1633070496,332,True
69400501,,1633063451,34,False
69400750,1633111291,1633111291,65,False
69400727,1633079886,1633081120,228,True
69400703,,1633065352,126,True
69400630,1633073462,1633073462,871,True
69400620,1633064995,1633065149,1089,True
69400607,1633064583,1633065719,1301,False
69400573,1633086488,1633087336,64,True
69400535,1633064713,1633065535,166,True
69400525,1633107075,1633107075,83,False
69400768,1633066272,1633066942,472,True
69792712,,1635745017,67,True
69792713,,1635745339,510,False
69792729,1635743896,1635745632,204,True
69792760,,1635742511,488,False
69792877,,1689609182,2457,True
69793663,1635780470,1635780470,604,False
69792798,,1635746888,119,True
69792801,1635821218,1635935990,131,False
69792703,,1635742826,54,True
69792774,1635743622,1635744279,11623,True
69792699,1635743809,1635743809,57,False
69792497,,1635776070,59,True
69792582,,1635741117,1734,True
69792575,1636595075,1636595075,49,True
69792564,1635748404,1635782560,883,True
69792515,,1638500928,952,True
69792478,1635739517,1635750851,189,True
69792464,1635746892,1635746892,290,True
69792429,1635761213,1636095434,2312,True
69792413,1635740779,1635746311,972,True
69792367,,1635737527,224,False
69792359,1635745611,1635745611,3017,True
69792696,,1635906655,332,True
69792879,1635745337,1678221740,119,True
69793545,1635756595,1635756595,417,False
69792894,1635778421,1635778421,952,False
69792350,,1635739822,988,False
69793525,1635763950,1635763950,84,True
69793514,1635767616,1635794278,507,True
69793494,,1714783317,112,False
69793465,,1635768995,112,True
69793437,1635855593,1635855593,55,False
69793376,,1636042700,1760,True
69793305,,1636192973,191,True
69793288,,1635748265,98,False
69793245,1635748320,1713056780,25453,True
69792881,,1635787464,712,False
69793202,1635753718,1635753718,139,False
69793151,1635747581,1635749849,56,True
69793144,,1635747004,254,False
69793091,1635749467,1635749467,716,True
69793089,1635746321,1635746321,480,True
69793016,1635750294,1635795373,327,False
69793013,,1635746173,37,True
69792966,1635750339,1637597947,581,True
69792957,1635750166,1635750166,198,True
69792938,1635744946,1635745879,745,True
69792900,,1635744119,160,False
69793181,,1635754698,79,False
69793559,1635821160,1635821160,428,False
69792337,1685693066,1685720233,2355,True
69792328,,1635741897,887,True
69791834,,1635730384,72,True
69791808,1635730193,1635731821,59,True
69791783,,1635735194,464,False
69791753,1635746556,1635746556,305,False
69791728,1635871819,1636073632,882,True
69791723,,1635732129,164,True
69791693,,1635727788,3536,False
69791690,1638386085,1643321491,5837,True
69791674,1635727707,1635731956,91,False
69791646,1635734197,1635734197,32,False
69791630,,1635817553,983,False
69791620,,1635772035,283,True
69791617,,1645267740,1584,True
69791612,,1635730905,3100,True
69791611,,1635728033,22,True
69791596,1635768143,1635787306,144,True
69791575,,1635726073,208,True
69791573,1635726441,1635726441,107,True
69791553,1635725816,1635728273,247,False
69791533,,1635940760,7830,True
69791524,,1635725237,372,False
69791848,1635731042,1635732250,3444,True
69791863,1635733445,1635733445,469,True
69792335,1635738519,1635744963,451,True
69791885,1635732100,1635747880,191,False
69791864,1635904569,1637020603,5672,True
69792320,1635756358,1635756358,343,True
69792317,,1635737673,201,True
69792296,1635737520,1635756338,66,False
69792261,1635738404,1635738404,282,True
69792258,,1635736183,1392,False
69792205,,1635736215,829,True
69792172,1635735504,1635735504,218,False
69792130,1635757070,1635757070,40,False
69792108,,1666493020,7441,True
69792103,1635735845,1635803787,77,False
69792199,1635735444,1635736444,57,True
69792099,1635749372,1635869497,148,True
69792094,1635734454,1635734454,813,True
69792060,,1675427938,127,True
69791899,1635754238,1635755456,310,False
69792025,1708001964,1708001964,4050,True
69792016,,1658207740,1093,True
69792006,1635758240,1635758240,3553,True
69791941,1635732736,1675335812,15650,True
69791920,1635732701,1635732701,468,False
69791917,1635732256,1635774181,7419,True
69792100,1635736065,1635736065,67,False
70178619,1638327671,1638329268,302,True
70178620,1638333427,1674989812,6074,True
70178637,1643772395,1643772395,875,True
70178788,1638331516,1640864177,1293,True
70178648,,1638328350,398,True
70178686,,1638330840,56,False
70178705,1638328692,1638329830,137,True
70178582,1638328048,1638420609,2666,True
70178644,1638328519,1638330280,505,True
70178553,,1638326950,305,False
70178340,,1638324555,215,False
70178534,1683592052,1683592052,127,True
70178486,1639333223,1639333223,53,False
70178475,1638331336,1638344820,144,True
70178452,,1638326778,965,True
70178444,,1724679053,15469,True
70178438,1665800425,1665800425,328,False
70178416,1638325618,1638326615,890,True
70178415,1638329848,1639402864,339,True
70178355,1638326676,1638342433,454,True
70178819,,1638330014,463,True
70178536,1638912600,1638912600,1202,False
70178831,,1638330741,856,True
70179127,1638343802,1638343802,254,False
70178910,,1638332758,523,False
70178335,,1638324501,61,False
70179298,1699822543,1699822543,104,False
70179296,,1638852983,1417,False
70179295,,1638337673,140,True
70179282,1638344474,1638344474,37,False
70179247,,1638340099,94,True
70179237,1638343379,1638370118,126,True
70179230,,1638347415,116,True
70179196,,1638341436,100,True
70179159,1638333335,1638343425,246,False
70178840,,1638345222,203,True
70179158,,1638333249,803,False
70179142,1638333151,1638413612,88,False
70179124,,1638333798,285,False
70179109,1638364986,1638364986,680,False
70179076,1638617276,1638617276,217,True
70179051,1638332223,1638332453,117,True
70178999,,1638374311,604,True
70178995,1681830457,1681830457,996,True
70178943,1638334931,1638334931,1125,False
70178936,,1638332380,89,True
70178922,1638330926,1638333730,67,True
70179151,1638819257,1638819257,34,False
70179307,1660311640,1660311640,2624,True
70178274,,1638324081,110,True
70178230,1638323660,1638327579,104,True
70177871,1641096351,1641096351,1306,True
70177841,,1638352459,341,False
70177811,,1638324168,332,False
70177806,1638320882,1638343732,1767,True
70177804,1638702074,1638702074,79,False
70177797,1638416416,1638416416,582,True
70177790,,1638322348,281,True
70177770,,1638320324,144,False
70177765,,1638318748,182,False
70177759,1638361522,1638366342,197,False
70177873,,1638388603,52,True
70177724,,1638318617,87,True
70177709,,1694425208,817,True
70177685,1638335725,1638335725,618,False
70177674,1713321766,1737659174,352,True
70177661,,1638326367,244,True
70177638,1638347250,1638347250,1504,True
70177629,,1641682326,460,False
70177623,,1638320165,1493,True
70177598,,1643808497,5333,True
70177591,,1638359395,980,True
70178247,,1655363796,2322,True
70177716,,1638344003,129,False
70177878,,1638325117,290,False
70177760,1638363146,1638363146,2427,True
70177898,1638322220,1638323024,62,False
70177888,1638320271,1638375720,477,False
70178216,,1638357796,510,True
70178212,,1638343367,582,True
70178206,1638369676,1638369676,196,True
70178205,,1638323098,50,False
70178163,,1638327164,1227,True
70178162,1638359256,1638359256,136,False
70178145,,1638324723,141,True
70178142,,1638324136,921,True
70178129,1638367832,1638367832,339,False
70178125,1638332067,1638333540,1199,True
70178229,,1651761042,1121,False
70178064,1638322728,1638331122,380,True
70178114,,1638323819,1301,True
70177916,,1638380313,124,False
70177935,1638377869,1638377869,708,True
70177940,1638822968,1638874928,2458,True
70177945,,1638345126,95,False
70177902,1638320597,1638321542,346,False
70177979,,1638320973,35,False
70178001,,1638324280,137,True
70178016,1638332447,1638477974,963,True
70177967,,1638321787,136,True
70547425,,1654728028,710,False
70547669,1641026442,1641130452,1659,True
70547624,1641043732,1641050434,1559,True
70547552,1641034619,1641034619,153,False
70547527,1641722824,1674916924,814,False
70547515,1641022866,1641090221,71,True
70547460,,1641037996,829,False
70547678,1641030230,1641030230,902,True
70547441,1641021974,1641023084,121,True
70547426,,1641024663,815,True
70547416,,1641025688,203,False
70547309,,1641153006,54,False
70547395,1641083440,1641083440,160,True
70547384,,1641022793,107,True
70547324,1641025821,1641026303,94,True
70547300,1641028559,1641093980,665,True
70547296,1641019079,1641019125,78,True
70547290,,1641018885,667,False
70547281,1641021303,1641037329,164,True
70547251,,1641021675,1974,False
70547199,1641194221,1641227135,125,True
70547711,1641025817,1641137180,1003,False
70547404,1671391695,1671393926,506,False
70547721,,1641028309,52,True
70547186,,1641021487,65,False
70547735,1641026711,1641026963,39,True
70548240,,1642748699,5617,True
70548233,,1641032374,938,False
70548206,1641035685,1641052530,5138,True
70548188,1696004096,1696004096,1017,True
70548161,1641031922,1641032370,64,True
70548129,1641031170,1641033045,957,True
70548095,,1641127669,1021,True
70548094,,1641031840,670,True
70548075,,1641044872,228,False
70548070,1641031532,1641031532,220,False
70547728,,1641026876,206,True
70548057,1641030298,1641033446,1383,False
70547994,,1641029339,1217,False
70547939,,1641028533,209,False
70547910,1641028789,1662344580,12235,True
70547901,1641028805,1641028805,131,True
70547865,1641079169,1641079169,908,True
70547850,1641027920,1641027920,774,False
70547813,1641028267,1641028267,765,True
70547808,1641178599,1641178599,335,False
70547798,1641028829,1693409925,10417,True
70547742,1641027223,1641027237,332,True
70548041,,1641031100,49,True
70547176,,1676624145,3285,True
70546671,1641323790,1641323790,355,False
70547077,1641016758,1641016758,625,True
70546655,1641008383,1641008383,157,False
70546604,1641058962,1641058962,395,True
70546579,,1641000759,104,False
70546565,1644638302,1644638302,220,True
70546553,1641000035,1641000035,90,False
70546551,1641003659,1641004288,673,True
70546522,,1640999809,956,True
70546468,1641006710,1653009492,519,True
70546467,,1641359905,3524,True
70546448,1641053484,1641053484,110,True
70546410,1640999939,1640999939,1787,True
70546406,1640997354,1641000794,273,False
70546392,1641007809,1641035424,6879,True
70546376,1640996692,1640996692,116,False
70546369,1641220645,1641220645,2695,True
70546364,1640996713,1641006561,342,False
70546362,,1641492902,968,True
70546351,1656368314,1656368314,387,True
70546349,1641004847,1641004847,81,True
70546341,1641034147,1641034147,209,False
70546325,1641004863,1641004863,91,True
70546666,1641077667,1641188260,651,True
70546667,1641008218,1641008218,129,True
70546324,1640995440,1640996756,1261,True
70546689,1641008111,1641008111,1799,True
70547100,1641015114,1641015199,71,False
70547027,1641018617,1641535928,387,True
70547008,,,,
70547000,,1641015142,96,True
70546926,,1641030484,2919,True
70546913,1641010570,1641011988,351,True
70546893,,1641010873,123,True
70546855,,1641010524,184,False
70546850,1641009102,1641013854,1531,False
70546846,1641009092,1641023480,198,True
70546838,1641035202,1641143818,77,True
70546870,1641010566,1641010599,106,True
70546824,1641055987,1641055987,293,True
70546823,,1641056666,5855,True
70546822,1641024252,1641024252,1645,True
70546709,,1641004763,3025,True
70546788,,1641018257,1205,True
70546765,1641294937,1641296022,275,False
70546744,,1641005154,875,False
70546742,,1711786589,6919,True
70546725,1641009749,1641016557,39,True
70546720,,1647872470,187,False
70546828,,1641024024,153,True
70935636,1643745764,1643745764,2075,False
70935641,,1643690344,279,False
70935648,,1643691631,75,True
70935761,,1643692649,172,True
70935718,,1643734486,224,True
70935727,,1643791760,88,False
70935739,1643694441,1643694441,262,False
70935570,,1643692791,98,False
70935680,1643691624,1643701752,456,True
70935535,1643690935,1643752657,2402,False
70935265,1643687498,1643687498,529,True
70935501,,1643691994,1045,True
70935481,1643697632,1643700076,379,False
70935457,1643688596,1643728518,245,False
70935425,,1643689080,66,False
70935419,,1643693483,125,False
70935394,1694444456,1694444456,29,False
70935367,,1643712862,185,True
70935365,,1643689988,75,True
70935309,,1643686602,857,False
70935766,1643692785,1646221550,245,False
70935519,1643703403,1643703403,317,False
70935795,,1643696053,173,True
70936091,,1667919730,1066,False
70935825,1643701502,1643769106,884,True
70935262,,1661263823,1356,False
70936462,1643731142,1643731142,120,True
70936451,,1643697520,69,False
70936408,,1643697883,808,True
70936382,,1644387047,211,True
70936340,,1643696756,150,False
70936307,1643696985,1643697179,50,False
70936254,,1643696082,312,False
70936246,1643696391,1643696391,25,False
70936198,,1643698107,111,True
70935815,,1643692470,70,False
70936145,1643695304,1743089766,3883,True
70936118,,1643696887,155,True
70936073,,1670247867,2179,False
70936033,1644145544,1644145544,459,True
70936023,,1643694128,379,False
70935983,1643694077,1643694786,582,False
70935905,,1643693258,44,True
70935903,1643756782,1643794280,758,False
70935898,,1643702145,810,False
70935872,1643718029,1643718029,153,False
70935868,,1643790022,70,False
70936144,1643695662,1643696430,1430,True
70935209,,1643686486,299,True
70936466,1648370987,1648370987,421,False
70935197,1643686762,1643689416,1488,True
70934673,1643681086,1643681535,527,True
70934656,1643755320,1643755320,1223,True
70934653,,1643816947,2944,True
70934631,,1643678542,39,True
70934622,,1645962612,1307,True
70934600,1643684221,1643684221,710,True
70934586,1643736632,1643736632,160,True
70934574,1643677428,1643677428,180,True
70934572,1643677850,1643861881,143,True
70934563,,1698825291,13552,True
70934699,1643921239,1644246843,527,True
70934553,,1643714685,767,True
70934506,,1685381706,2012,True
70934492,,1643677030,355,True
70934480,1643729617,1643729617,49,False
70934392,1643712262,1643719868,812,True
70934384,1643677341,1643901357,900,True
70934367,,1643713400,2690,True
70934362,1643675526,1643676368,79,True
70934334,1686482598,1686482598,325,True
70934315,,1643676104,1209,True
70934247,,1643676036,110,False
70934517,,1643810373,558,False
70934735,,1643681377,46,False
70935202,1643771228,1643771228,121,False
70934789,1761682450,1761682450,8279,True
70935182,,1643685982,321,False
70935179,1643712856,1662635678,229,False
70935173,1643685117,1664426843,329,True
70935155,1643684760,1643686359,208,True
70935154,1645745712,1645745712,137,False
70935153,1643693518,1643699454,1053,True
70934781,,1643679979,101,False
70935112,,1661790008,257,True
70935039,,1643683736,56,True
70934989,1643684109,1643684109,388,True
70934970,1643693264,1643696929,87,True
70935118,,1643696061,440,True
70934962,,1643722536,594,False
70934954,1643685136,1643685136,585,True
70934949,,1643889697,2983,True
70934947,,1643690106,600,True
70934912,,1643683154,1301,True
70934895,,1643681303,35,False
70934889,,1643686402,1600,False
70934878,1643681531,1643682070,513,False
70934844,1647999227,1647999227,580,True
70934808,1643795605,1643820653,286,True
70934967,,1643686883,330,True
71303708,1646126781,1646126781,139,False
71303716,1646175964,1646175964,439,True
71303719,1646117118,1646117118,98,True
71303734,1646117145,1646117145,64,True
71303810,1646110165,1646151075,190,True
71303748,1646155796,1646155796,445,False
71303788,1646115200,1646115200,320,False
71303795,1654166336,1654166336,1862,True
71303740,1646109581,1646109831,3640,True
71303700,1646109443,1646109443,165,True
71303520,,1646107375,1053,True
71303659,,1646116074,437,True
71303643,1662638138,1662638138,30831,True
71303630,,1656265887,777,False
71303585,,1646368350,709,True
71303583,1646207168,1646244529,257,False
71303574,,1646107775,325,False
71303567,,1646106950,1546,False
71303564,1646172964,1652658034,1660,True
71303551,1646108995,1646112435,417,True
71303550,1646108029,1672691695,3660,True
71303817,,1650951101,2366,True
71303690,,1646108442,990,False
71303878,1646111590,1772463158,5718,True
71304165,,1646168690,306,True
71303921,,1646112531,73,True
71303489,1646106422,1646106422,30,False
71304422,,1646118015,641,True
71304415,,1646116824,91,True
71304410,,1656583592,1109,False
71304381,1646130718,1684923886,1218,False
71304356,1646118366,1648353617,889,True
71304329,,1646120079,323,True
71304293,,1678997017,426,True
71304288,,1646116700,227,True
71304202,,1646113880,82,True
71303881,,1646110375,64,False
71304199,1646114399,1646114399,9,False
71304181,,1646123054,1498,True
71304164,,1646113873,28,True
71304113,1646204341,1646204341,264,True
71304045,,1646111987,52,False
71304022,,1646112134,74,True
71304002,1646113576,1646113576,96,True
71303990,1646118334,1646118334,1659,False
71303964,1646111794,1646111794,429,False
71303956,1646111714,1646122791,207,True
71303929,,1646114105,1005,True
71304186,1646122937,1646122937,58,False
71304476,,1646116116,28,True
71303481,1646107163,1646107163,506,True
71303453,1646106388,1646117464,61,True
71302801,,1646099047,1108,True
71302771,,1646107419,2573,True
71302758,1646253267,1646253267,344,True
71302734,1646098560,1646100675,720,True
71302725,1646098340,1646098811,234,False
71302679,1646102215,1646102215,48,False
71302671,1646097019,1646097711,251,True
71302660,1646098510,1646169529,878,True
71302626,,1647971435,379,True
71302583,1646095607,1646275387,935,True
71302569,,1646163963,519,False
71302557,,1646096396,467,True
71302527,,1646094697,1062,False
71302471,1646094391,1646101581,1181,True
71302464,1646094224,1646146761,116,True
71302423,1646095867,1646131555,580,False
71302413,,1646096481,640,False
71302401,1646093963,1665652818,307,False
71302387,1646096701,1646096701,200,True
71302366,1659717125,1659717125,6517,True
71303456,1646111247,1646111247,92,True
71302811,1646104923,1646104923,85,False
71302832,1646099200,1646101638,117,True
71302650,1646203769,1646203769,177,False
71302840,1646390977,1646390977,285,False
71302839,,1646098565,571,False
71303438,1646107431,1646107431,1031,True
71303417,1646411768,1646457310,3024,True
71303408,,1646127444,1590,False
71303293,1646109063,1646111523,681,False
71303258,1646150163,1646150163,1391,True
71303247,,1667560742,2135,False
71303220,1646109001,1646109001,248,False
71303194,,1646102933,166,False
71303173,,1646105272,3079,True
71303084,1646261189,1646313436,332,True
71303439,,1646105694,285,False
71303064,,1646102831,102,True
71303074,,1646101569,780,False
71302850,,1646102303,29,False
71302867,,1646351339,67,False
71302892,,1646151440,169,True
71302925,1646279980,1646279980,342,False
71302841,,1646098585,232,False
71302943,,1646359866,1244,False
71302991,1646102606,1646102606,822,False
71303032,,1646120896,375,True
71302932,,1646100982,234,False
71701592,,1648823983,146,True
71701690,,1648786822,250,True
71701680,1648786261,1648786261,63,False
71701641,,1648786262,137,True
71701634,,1648785828,64,True
71701629,1648815776,1657220102,7711,True
71701697,,1648797991,1460,True
71701625,1648785743,1648785743,338,False
71701622,,1648785642,115,True
71701586,,1648786865,482,True
71701506,1648790400,1663212665,1663,True
71701567,1648785303,1648786034,157,False
71701565,1648788183,1677786821,1768,True
71701543,,1648785774,74,True
71701523,1648794889,1648807381,1224,True
71701504,,1648797555,1847,True
71701491,1648790740,1652823632,220,True
71701469,,1648784723,94,False
71701458,,1648785643,138,True
71701448,1648794378,1648796523,106,False
71701739,,1648788310,410,True
71701574,1709919090,1709919090,486,False
71701806,,1648809181,3356,True
71701421,1648783715,1648784007,139,True
71701844,,1648790819,97,False
71702483,1648793728,1648793949,68,True
71702459,1648794272,1648809519,2250,True
71702453,1648794817,1648795128,68,True
71702434,1648855084,1648855084,71,False
71702376,,1648792689,837,True
71702374,,1648792526,185,False
71702238,1648797214,1648802309,124,False
71702183,,1648790815,447,False
71702179,1648799678,1648811197,344,False
71702170,,1648790724,67,False
71701814,1648808740,1648808740,2720,True
71702167,1648792772,1648792959,76,True
71702153,,1648810943,269,False
71702147,,1648978079,319,True
71702121,1648793314,1669870634,796,False
71702099,,1648790238,48,True
71701981,1648801345,1648801345,3868,True
71701966,1648832633,1648832633,104,True
71701959,1648793824,1648793824,307,False
71701940,,1648788438,195,False
71701899,1648788550,1676811090,776,False
71701855,,1649231348,326,False
71702156,,1648790555,62,False
71701415,1648786711,1648786711,293,True
71702526,1648806566,1648806566,620,False
71701364,1648807190,1652344424,1003,True
71700815,,1648784065,311,False
71700767,,1648780275,101,True
71700757,1648778149,1681912923,1960,True
71700716,1648777408,1648778783,293,False
71700691,,1657317743,776,False
71700679,,1648774752,287,False
71700673,1648777193,1648846318,1573,False
71700634,,1648774767,692,False
71700591,1648803433,1648803433,253,False
71700580,,1648774568,620,True
71700830,1670592335,1670592335,405,False
71700577,1648815170,1648837446,1179,True
71700550,,1648776770,52,False
71700531,1648847361,1661464158,1169,True
71700514,1648823118,1649130436,4473,True
71700505,1648772986,1648811238,132,True
71700501,1648862733,1648912779,2372,True
71700475,,1648824162,255,True
71700439,1648771961,1648775620,74,True
71700434,1648771866,1735489207,368,True
71700425,1648781133,1648781133,449,True
71700418,,1648771293,313,False
71700563,1648960047,1648960047,1695,True
71700852,1648787832,1648787832,113,False
71701389,1648832657,1648832657,860,False
71700881,,1648777794,601,True
71701338,,1648782598,42,False
71701327,1648782892,1648788464,462,False
71701326,1648782692,1648785385,2369,True
71701313,1648789758,1648789758,72,False
71701302,1648783172,1648785603,67,True
71701296,,1648796806,157,True
71701279,,1648783823,74,False
71701239,,1648781593,196,False
71701200,1648782639,1648799745,1991,False
71701199,,1648791122,2902,True
71701288,,1648782079,887,False
71701126,,1648780858,1753,True
71701187,1648782908,1648782908,76,True
71700949,,1648782473,196,True
71700993,,1648779178,566,False
71701011,,1648780114,1333,True
71701013,1648785414,1675342225,1090,True
71700902,1648803255,1648825435,1049,False
71701045,,1660678164,1970,True
71701113,,1648782677,120,True
71701125,1648783687,1648783687,1551,True
71701041,1649026903,1649026903,11519,True
71700862,1648777428,1648777517,52,True
72074137,1651385987,1651385987,94,False
72074415,1651415665,1651431394,552,True
72074406,1651390462,1651390462,139,False
72074375,1651420872,1651590804,2904,True
72074345,,1651410238,56,False
72074327,,1651384374,321,False
72074319,,1651384277,1477,False
72074213,,1651384105,48,False
72074195,,1653991494,84,True
72074186,,1651382226,302,False
72073941,1651402157,1651402157,66,True
72074092,,1651386487,447,True
72074079,,1651380555,56,False
72074060,1651423269,1651423269,502,True
72074050,,1651385571,34,False
72074031,1651424892,1651559908,456,False
72074018,,1651381023,71,False
72073990,,1651425136,167,True
72073949,,1651378479,994,False
72073943,1651404503,1651514816,387,True
72074429,1651547603,1653997010,963,True
72074133,,1651381492,664,False
72074474,1651399455,1651400533,1008,False
72074635,,1651449024,108,False
72074495,1651389948,1651389948,85,True
72074882,,1652591143,3011,True
72074870,1692131445,1692131445,64,True
72074846,1651391289,1651391699,382,False
72074819,,1651390472,1399,False
72074801,1651390531,1651390531,195,True
72074778,1651390668,1651391003,97,True
72074762,,1676492833,442,False
72074751,,1651389550,29,False
72074669,,1651390467,61,False
72074662,1651390053,1651390053,45,False
72074477,1651395339,1651395339,1824,False
72074658,1651404552,1651404552,321,True
72074636,,1651388906,78,True
72073931,,1651771300,525,False
72074605,1651403938,1651403938,856,True
72074598,,1651509784,1678,True
72074586,,1651388277,60,True
72074580,1651466414,1651466414,154,False
72074547,,1651387221,57,False
72074524,1652078069,1652784470,926,True
72074512,1651422658,1651422658,87,False
72074496,1651541768,1651541768,4222,False
72074655,,1651388643,155,False
72073922,,1651404990,309,False
72074121,1651392648,1651398160,443,False
72073918,1728846682,1728846682,2159,True
72073427,,1651373003,185,True
72073419,1651371056,1651377942,944,True
72073417,1651376691,1651768580,15552,True
72073413,1651420855,1651420855,524,True
72073393,,1651382578,1054,False
72073388,,1651409748,143,True
72073381,1651376082,1651376082,272,True
72073373,1651538219,1651538219,166,True
72073362,,1651368617,72,True
72073350,1651368319,1691156188,2575,False
72073484,,1651370348,101,False
72073302,,1651441404,853,True
72073198,,1651366671,474,True
72073168,,1651379546,2531,True
72073157,1651758658,1651760730,87,True
72073153,,1651369236,154,True
72073134,1678133825,1678133825,99,True
72073130,,1651367755,83,True
72073104,,1699320220,297,True
72073078,,1651387302,739,True
72073068,,1651363296,202,False
72073065,,1651402921,652,False
72073242,1651376003,1651376003,1100,True
72073488,1651669796,1651669796,86,False
72073919,1651771392,1654358200,931,True
72073495,,1651376277,76,True
72073886,1690835138,1690835138,1148,True
72073875,1651377453,1651379488,84,True
72073871,,1651377231,2914,False
72073846,,1652960319,230,False
72073836,,1651377055,138,False
72073803,1651390468,1651390468,173,True
72073489,,1667410069,853,False
72073755,,1651375286,114,True
72073739,1651376192,1651376192,62,True
72073728,,1651376181,931,True
72073699,1651401901,1651401901,154,False
72073765,,1651376634,349,False
72073668,1651416812,1651416812,768,False
72073664,1651374026,1651374026,145,False
72073663,,1651373907,109,True
72073646,,1655754765,3023,False
72073643,1722991369,1722991369,63,False
72073636,1651395658,1651395658,520,True
72073630,,1651392804,584,False
72073596,1651373673,1651373673,222,False
72073523,1651371118,1651415266,649,True
72073505,1651459008,1657119759,384,False
72073686,1651376341,1651377402,66,False
72456456,1654057875,1654057875,104,False
72456479,1665933325,1665933325,237,True
72456480,1654107759,1654107759,402,False
72456481,1654162001,1654165072,155,True
72456593,1680091521,1680093692,686,False
72456555,1654111638,1654111638,177,False
72456557,1654060639,1654060639,314,True
72456589,1746311119,1746311119,72,True
72456554,1746310842,1746310842,267,True
72456447,1654260122,1654260122,1438,True
72456234,1654143878,1722429021,6479,True
72456404,1654071731,1654071731,46,False
72456399,,1654057071,211,False
72456392,1654057842,1654057842,85,True
72456345,1654057061,1654062177,152,True
72456342,1654060328,1654060328,1841,False
72456328,1654058455,1732309602,2781,True
72456290,,1654055625,123,False
72456253,1654057268,1654057268,1010,False
72456250,,1654055279,44,False
72456246,1654061433,1654061433,71,False
72456623,1654062491,1654063195,81,True
72456416,,1654071429,336,True
72456644,1655318539,1655437904,7987,True
72456849,,1654061670,37,False
72456679,1654060892,1654061688,38,False
72456212,,1654055040,396,True
72457216,1654723492,1655085267,1387,True
72457194,,1654066717,318,True
72457169,,1654064123,53,True
72457168,1654067529,1654105619,73,False
72457129,,1654065373,72,False
72457090,,1654063749,295,True
72457084,1654067391,1654067391,688,False
72457031,1654064088,1654064088,74,False
72457021,,1654064110,40,True
72456647,1655312638,1695501143,9795,True
72457019,,1654150925,262,False
72456914,,1654674223,1262,True
72456847,,1654105705,1015,True
72456845,,1654755221,84,False
72456831,,1654064881,2653,True
72456810,1654062198,1654062487,632,True
72456780,,1654061716,57,True
72456725,1654082992,1701684363,10291,True
72456723,,1654094961,210,True
72456705,1654063708,1654069969,522,True
72456687,,1654061470,1100,False
72456934,1654077512,1654077512,118,False
72457221,,1658082619,3509,False
72456146,,1654297650,1380,True
72456084,1654053164,1654060562,1244,True
72455495,1654051528,1654051899,1221,False
72455487,,1668014644,5765,True
72455444,,1654095253,715,False
72455427,,1654044848,4108,False
72455420,1654046594,1654046594,227,False
72455398,,1654045931,116,True
72455394,,1654048030,64,True
72455381,1654044753,1654044753,720,False
72455370,,1654056513,130,True
72455369,1654044004,1654066487,638,False
72455307,,1654059854,1766,True
72455305,,1654047226,614,False
72455288,1654042898,1654085511,104,True
72455278,1654042646,1654042646,70,False
72455274,1654824593,1661470011,843,True
72455252,,1654049499,475,False
72455246,,1654042447,45,False
72455240,1654526654,1654526654,98,True
72455215,,1654064457,115,True
72455208,,1654042163,67,True
72455196,1654044404,1654071858,4855,False
72455507,,1654084667,450,False
72455526,1654047611,1654049356,1403,True
72456086,,1654055355,90,True
72455547,1654047045,1656001515,217,False
72456010,1654060948,1654062683,286,True
72456001,,1654637263,438,False
72455983,,1654051970,110,False
72455962,,1654093286,889,True
72455936,1654053232,1654104327,190,False
72455925,,1654052324,48,True
72455541,,1654114043,214,False
72455896,,1654057001,88,True
72455866,1654050885,1671805974,1007,True
72455852,1654056691,1654056691,2440,True
72455847,1654080464,1654129347,740,True
72455916,1654052963,1654053070,28588,True
72455760,,1654049251,186,False
72455730,,1654122258,965,True
72455709,,1656678008,898,False
72455673,,1738244439,27406,True
72455639,,1654077073,593,True
72455601,1654060999,1654060999,288,False
72455600,1654047579,1654070532,300,True
72455584,,1662383560,2220,True
72455582,,1658537765,130,True
72455558,,1654047435,81,True
72455810,,1674058952,1512,True
72824468,,1702483025,39265,True
72824482,,1656651683,49,True
72824484,1656653309,1656782553,73,False
72824498,1656659157,1656668050,557,True
72824608,,1656657623,1788,True
72824561,,1656653347,144,True
72824584,,1656656867,338,True
72824590,1656671235,1656671235,39,False
72824532,,1656651405,314,False
72824467,1656666055,1656666055,920,False
72824084,1656650945,1656657436,134,True
72824419,,1656650886,157,True
72824417,,1664100687,2802,True
72824327,,1739513477,924,False
72824292,,1656786755,244,False
72824262,1656722417,1656722417,144,False
72824244,,1656663005,1154,True
72824236,1656648440,1656651880,1081,True
72824231,1656652562,1664212654,2262,False
72824213,1656705762,1656705762,107,False
72824114,1656709303,1656710190,1166,False
72824617,1656652276,1656652852,87,True
72824420,,1714402601,8359,True
72824636,1656718269,1656718269,1503,False
72825021,,1657351736,744,True
72824733,,1697189934,108,False
72825203,,1656952503,10857,True
72824080,1656652395,1656652395,140,False
72825192,1656688920,1787386185,17446,False
72825182,,1656659280,890,False
72825151,1656656856,1656761126,54,True
72825139,,1656658808,1353,True
72825137,,1659083772,1924,True
72825127,1656656635,1656659084,145,False
72825123,,1656663993,320,False
72825117,,1738839308,1039,False
72824646,1656670809,1656670809,49,True
72825113,,1656656796,49,True
72825065,,1656656751,121,True
72824918,1663474040,1663474040,137,True
72824876,,1656685231,591,False
72824866,,1656654262,417,False
72824855,1656654710,1656657838,43,True
72824797,1656656160,1656656160,53,False
72824787,1656664317,1657033265,1330,True
72824784,,1656654697,1227,True
72824773,1656654120,1656654163,1604,True
72824754,,1656655152,597,False
72825111,,1656666457,64,False
72825193,,1656656993,104,False
72824067,1656646226,1656648283,43,False
72824048,1656763090,1656763090,187,False
72823610,1656678362,1656678362,343,True
72823607,,1657489167,705,True
72823544,,1656642460,103,False
72823450,,1656639482,188,True
72823443,1742984499,1742984499,149,False
72823416,,1656659972,115,True
72823407,1656644848,1656662349,1241,True
72823377,1656637899,1656652219,725,True
72823341,1656637635,1656639541,391,False
72823321,1656680271,1656680271,1622,True
72823313,,1656635755,29,False
72823311,,1656784055,69,False
72823304,1656663412,1656663412,705,False
72823302,,1656699493,1393,True
72823290,1656647236,1656647487,38,True
72823277,,1656635401,98,False
72823273,,1686815117,1709,False
72823253,1657717642,1658356164,233,True
72823219,1656829734,1656829734,85,False
72823176,1656634114,1656634114,35,False
72824054,1656646317,1656648316,116,True
72823648,,1657302034,482,False
72823655,1656641272,1656642328,104,False
72823376,,1656637875,39,False
72823664,1695250018,1695250018,1001,False
72823662,1656644659,1703069148,1062,False
72823970,1656648169,1656648169,80,False
72823934,1656693926,1656693926,312,True
72823920,,1656646363,61,False
72823916,,1658137986,744,True
72823906,1656666931,1657289160,4513,True
72823902,1656643942,1656644192,124,True
72823893,1656660860,1656660860,82,False
72823876,1656643748,1656643748,157,False
72823871,1662196694,1662196694,67,True
72823843,1656642821,1656643381,23,False
72824019,,1656655882,2424,True
72823803,1660422472,1660422472,1021,True
72823816,,1656665356,68,True
72823690,1656641267,1659122643,774,True
72823703,,1656641133,99,False
72823741,,1656641918,39,True
72823744,1656702632,1656702632,74,False
72823675,,1663336750,1214,False
72823770,,1656642681,68,True
72823786,1656642093,1656779204,92,True
72823793,1656654424,1656657734,172,True
72823768,1656652968,1704998085,11046,True
73188906,1659356446,1761990846,8944,True
73189054,,1659457769,1556,True
73188996,1659331272,1659331272,160,False
73188992,,1659330150,135,True
73188984,,1659359263,129,True
73188983,,1659334648,953,True
73189080,,1659331117,376,False
73188919,1659574253,1659574253,79,False
73188917,,1659372678,113,False
73188887,,1659347444,230,False
73188808,1659328888,1659328888,44,True
73188881,1659328551,1659329765,58,False
73188838,1659334575,1659336470,269,True
73188814,1659329049,1659352875,68,False
73188811,,1659331613,62,True
73188805,1659328697,1660067073,1017,True
73188799,1659363282,1659363282,552,True
73188712,1659350244,1659977822,217,False
73188705,1659342100,1659342100,65,False
73188697,,1659326633,194,True
73189094,,1659332280,309,False
73188883,1659334666,1659344217,90,True
73189147,,1659332041,36,False
73188690,1659326553,1659328010,73,True
73189190,1659332524,1659332524,1228,False
73189867,1659343091,1659343091,346,False
73189755,,1659341888,111,True
73189719,1659361361,1659361361,74,True
73189717,1659337318,1659340883,254,True
73189686,,1659375474,460,True
73189663,,1659337674,74,False
73189636,,1659351139,803,True
73189635,,1659349868,1260,True
73189631,,1659336783,71,True
73189616,,1659335556,171,False
73189161,,1660044287,262,True
73189602,1659335563,1659335978,58,True
73189531,1659383393,1659383393,514,True
73189476,,1679677450,1357,True
73189456,1659345491,1659345491,1356,True
73189429,1659357141,1659357141,67,True
73189409,1659335715,1662244902,67,True
73189405,1729541631,1729541631,104,True
73189403,1659344114,1702446963,922,False
73189285,,1659336328,401,False
73189225,1659333745,1659811091,908,True
73189191,,1659342073,123,False
73189588,,1659337957,71,True
73188664,1680471562,1680471562,794,True
73189135,1659332540,1659332540,73,True
73188635,1659325749,1659325749,58,True
73188205,1659328534,1659331575,1677,True
73188137,,1659318689,203,False
73188124,1659338559,1659655447,77,True
73188122,,1659366095,106,False
73188111,,1659435733,322,False
73188102,1659323175,1659330135,167,False
73188094,,1659317431,56,False
73188063,,1659333468,532,True
73188054,1659318234,1659318234,48,False
73188050,,1659372628,1421,True
73188208,,1659319496,55,True
73188010,1659350527,1659350527,299,False
73187971,,1659315027,253,False
73187965,,1659314934,785,False
73187931,1659315811,1659316199,49,True
73187923,1659335970,1659335970,2024,True
73187918,1659318184,1659343241,241,False
73187914,1659314438,1659316357,62,True
73187905,1659315249,1710997659,2284,True
73187868,1659347216,1659350608,734,False
73187837,1659386015,1659419629,285,True
73187799,1659327867,1705938941,1476,True
73187982,1659399578,1659399578,356,False
73188210,,1659353192,1272,True
73187792,1661574043,1661574043,66,False
73188243,,1659323444,71,True
73188648,1659326390,1659342003,124,True
73188595,1659325269,1659650408,324,True
73188586,,1659395870,2227,True
73188582,1659325002,1659325111,57,True
73188551,,1659327296,498,True
73188528,1660106726,1660106726,197,False
73188523,,1659372420,715,True
73188494,,1683032602,161,False
73188486,,1659436032,1460,False
73188479,1659359901,1659359901,253,True
73188476,1659329656,1659329656,142,False
73188517,1668425960,1668425960,733,True
73188454,,1727440730,784,False
73188434,,1750956306,1083,True
73188433,,1659349948,515,False
73188263,1659355707,1659357485,118,False
73188411,,1659322999,151,True
73188399,1659423627,1659423627,115,False
73188383,1659341225,1659341225,294,True
73188352,1659321398,1659392389,456,True
73188325,1661433092,1661433092,78,False
73188299,,1680790316,976,False
73188468,1659338115,1659339757,98,True
73564132,1662004520,1662020648,317,False
73564183,1662344399,1662604617,308,True
73564219,,1662005471,8,False
73564275,1662024987,1662024987,110,True
73564238,1662082013,1662082013,714,True
73564255,,1662006196,59,True
73564271,1662009874,1662009874,490,False
73564123,1662004656,1662006215,81,False
73564223,1662063770,1662063770,165,True
73564117,1662039944,1734898185,521,True
73563992,,1679687949,1114,False
73564093,,1662003952,101,False
73564087,1662003957,1662004243,54,False
73564070,,1662003651,76,False
73564057,,1662004969,95,True
73564054,,1662003470,81,False
73564053,1662003819,1662003971,107,True
73564052,1662010001,1662010001,153,False
73564027,1662004137,1662005386,136,True
73564018,,1662003839,122,False
73564285,,1662006510,749,True
73564116,,1662044311,125,False
73564291,,1662006786,296,True
73564707,,1662098077,1482,False
73564340,,1662013090,1574,True
73563970,,1662008210,325,False
73564957,1666693246,1666693246,1441,True
73564936,,1662018533,632,True
73564843,,1662013349,101,True
73564829,1662012721,1662012721,135,True
73564826,,1662034470,783,True
73564800,1662012178,1662027239,4117,True
73564784,1662013842,1662040162,238,True
73564774,1662013122,1662041840,103,False
73564771,1663612236,1733419334,22837,True
73564314,1662051205,1662424666,1548,True
73564751,,1662022472,76,True
73564732,1662046548,1662046548,3341,True
73564704,,1662012035,78,False
73564659,1662023405,1662023405,166,False
73564576,,1663489363,8288,True
73564558,1727470442,1727470442,4164,True
73564550,1662009604,1662010142,56,False
73564547,1662371115,1662371115,89,False
73564465,,1662011797,94,True
73564451,,1662011406,781,True
73564348,1662007040,1662319685,116,False
73564748,,1662305632,581,True
73563965,1662004545,1662005616,579,True
73564980,,1662016524,95,True
73563867,1662001300,1662002199,48,False
73563367,1662019548,1662019548,322,True
73563343,,1661996634,860,True
73563332,1661994829,1662336600,257,True
73563328,1662029225,1662029225,1461,True
73563323,1662000143,1662057029,234,True
73563318,,1662007179,91,True
73563305,1661994588,1662002069,40,True
73563304,,1662023801,91,True
73563299,1661994281,1661994281,733,False
73563274,,1692391225,265,False
73563384,,1661995798,224,False
73563253,,1661993518,221,False
73563204,1692781696,1692781696,13693,True
73563186,1662080598,1662117909,273,True
73563158,,1661993676,48,True
73563154,,1661992523,585,True
73563131,,1661991835,20,False
73563105,,1661991332,46,False
73563089,,1662657239,187,False
73563077,,1661990785,356,False
73563061,,1662417503,1492,True
73563053,,1661992106,63,True
73563239,,1661993056,260,False
73563409,1662035739,1662035739,94,True
73563885,1662001634,1662001634,111,False
73563485,,1661996685,253,True
73563804,,1662149629,12515,True
73563789,1662003365,1662003365,4264,True
73563761,1662037020,1662037020,64,True
73563754,1662310393,1662310393,139,True
73563689,1661999368,1661999368,1039,False
73563684,1662006639,1662007906,729,True
73563440,1663569776,1663569776,226,True
73563678,1668564504,1668564504,764,True
73563677,,1662272622,719,True
73563665,,1662708127,1047,True
73563651,1662835037,1662835037,122,True
73563683,1662014162,1662014162,1466,False
73563592,1662225651,1662399232,564,False
73563591,,1662020515,38,False
73563578,,1662008370,865,True
73563559,1662050959,1662316994,163,True
73563528,1662123981,1662123981,441,True
73563524,1661997499,1661998150,72,True
73563518,1662020129,1662075968,275,True
73563506,,1661999638,2245,True
73563505,1661999931,1662007307,69,True
73563496,,1662002721,334,False
73563648,1662000366,1662511278,72,False
73916103,,1664656429,187,False
73916163,1664605780,1664609353,741,True
73916178,1664614065,1664614065,72,False
73916183,,1664620813,186,True
73916257,1664622108,1664622108,63,False
73916223,,1664606102,72,True
73916248,1664819751,1664819751,268,True
73916254,1721833832,1721833832,1073,False
73916206,1664605187,1664605542,79,True
73916100,1664603369,1664604037,60,False
73915848,1664819184,1664819184,444,False
73916068,1664603089,1664603518,908,True
73916030,,1664603642,79,False
73916010,,1664601725,84,False
73915997,,1664601822,672,False
73915951,1664604383,1664690000,226,False
73915928,1664600998,1664601904,46,True
73915925,1664601248,1664896896,101,False
73915919,,1664601909,100,False
73915881,1664629578,1664629578,78,True
73915852,,1664599113,40,False
73916269,1664621946,1664932478,220,True
73916072,,1664603147,56,True
73916301,,1664628169,1041,True
73916434,,1666059674,101,False
73916352,,1664608733,122,True
73915844,1664643439,1664643439,1550,True
73916666,,1664657217,335,False
73916648,,1714273557,457,False
73916629,1665133366,1665133366,801,False
73916611,1664611027,1664613277,88,True
73916570,,1664609582,625,False
73916554,1664610752,1664617796,649,True
73916547,,1664610907,453,True
73916546,,1664609270,44,False
73916544,,1664610042,93,True
73916343,,1664607673,146,True
73916516,,1664609101,80,False
73916442,,1670804187,1214,True
73916424,,1664612957,1972,True
73916417,,1672684950,88,False
73916399,1664608322,1664638592,124,True
73916387,1664610047,1664610047,886,False
73916385,,1664609609,100,True
73916383,1697616502,1697616502,1121,False
73916378,,1664608055,354,False
73916372,1664607439,1667306103,132,True
73916367,1664612588,1664612588,188,False
73916510,,1664609829,575,False
73916700,1664626799,1664626799,83,False
73915833,1664599945,1664601017,1180,True
73915796,,1664598194,69,False
73915337,,1664592037,61,True
73915267,1664593647,1664597139,82,True
73915251,1664728531,1664728531,1553,False
73915245,,1664588122,96,False
73915243,1664588412,1664596165,497,True
73915233,,1664625780,329,True
73915223,,1664587649,1538,False
73915198,1664594063,1664769570,170,True
73915176,1664587659,1664587659,208,False
73915163,,1664586298,51,False
73915158,1664627439,1664627439,162,False
73915131,,1664606471,115,False
73915085,1664918808,1667210962,2474,True
73915067,,1664633550,791,False
73915065,,1724083277,176,False
73915058,,1664584620,127,True
73915052,1664584383,1664590563,69,True
73914994,,1664594792,753,True
73914970,1664615010,1665465516,408,True
73914963,,1664586414,151,True
73915831,1664598895,1664598998,162,False
73915365,1664648299,1664648360,117,True
73915380,,1664876204,3225,True
73915191,,1665294955,165,True
73915435,,1664894243,527,True
73915392,1664645733,1664645733,1113,True
73915741,,1664608914,168,False
73915705,1664601769,1664782596,176,False
73915703,1664596733,1664598432,542,True
73915680,,1664596916,57,False
73915662,1669027887,1669027887,19155,True
73915658,1664597849,1664769732,119,True
73915647,1664621916,1664621916,90,True
73915637,1664596017,1664598481,712,True
73915636,1664596664,1664617858,719,True
73915613,1664595188,1664595321,81,True
73915775,,1664601363,311,True
73915563,,1664594478,48,False
73915569,1664608823,1664608823,694,False
73915455,,1664612993,347,False
73915456,1664638528,1664806892,1658,True
73915499,1664601976,1664675686,108,False
73915532,1664600755,1664633541,661,True
73915441,,1664595238,1444,False
73915541,,1664766072,1270,False
73915547,,1664789113,1200,False
73915562,,1675423361,53,False
73915535,,1664593478,92,False
74271198,,1667275767,620,False
74271364,1667326002,1667326002,142,True
74271360,,1667277630,40,True
74271346,,1667295570,590,False
74271324,1667281525,1668336830,1736,True
74271300,1667296212,1667561220,427,True
74271398,,1667277306,247,True
74271221,1667316180,1667316180,53,True
74271205,,1667410551,576,True
74271193,1667362775,1667362775,576,True
74271117,1667274205,1667313334,66,False
74271162,,1667278746,35,True
74271155,1667272910,1667277334,116,True
74271140,1667275302,1667286059,104,True
74271139,,1667272900,7023,True
74271109,,1667273919,155,True
74271091,1667296442,1667296442,596,True
74271089,1667272964,1667273660,236,True
74271056,1667272111,1667272111,317,False
74271011,1667271589,1667297629,40,False
74271413,1667279308,1690208478,1232,True
74271184,1667276591,1726836714,792,False
74271425,1667284299,1675410399,505,True
74271005,1667271096,1667272487,109,False
74271556,1667277449,1667280444,44,False
74272097,,1667283571,68,False
74272051,1667284207,1667287767,625,True
74272036,1667292491,1667292602,45,True
74272010,1667282277,1667283114,196,True
74271960,1667294217,1667333720,1577,True
74271918,,1667280955,45,False
74271865,,1667283495,345,False
74271854,1667280692,1667284182,2481,True
74271821,,1667283322,196,True
74271781,1667283894,1667283894,218,False
74271533,1667287676,1667365889,528,True
74271775,1667317298,1667318049,193,True
74271728,,1667288570,73,True
74271690,,1667280731,69,True
74271681,1667278456,1667280827,1042,True
74271669,,1668476630,84,True
74271648,,1667284511,30,False
74271642,,1667286851,39,False
74271640,1667278867,1667294293,93,True
74271596,,1701967805,668,False
74271582,,1667277860,78,False
74271565,1667277791,1667278736,182,True
74271738,1667305991,1667328111,1710,True
74270987,,1667282697,1694,True
74272143,,1667520181,156,False
74270977,,1667286969,45,True
74270556,,1667267414,33,True
74270537,1667265294,1667265926,47,True
74270504,,1667279752,391,False
74270503,1667279503,1667341199,347,False
74270482,1667330616,1667422478,876,True
74270451,,1667273375,74,False
74270443,1667323062,1667908557,131,True
74270428,1667288708,1667290156,856,True
74270414,1677176698,1677176698,33,False
74270405,,1667264512,49,True
74270581,1675203036,1675203036,43,False
74270404,,1667317737,313,False
74270364,,1667269834,49,True
74270345,,1667380380,1020,True
74270323,,1667979391,73,True
74270302,1667262590,1667601210,462,True
74270287,1667318658,1667318658,66,True
74270286,,1667261863,521,False
74270271,1667291721,1667291721,62,True
74270265,1667262781,1667284980,53,True
74270252,1667262361,1667262361,547,False
74270221,1667265265,1667331740,413,True
74270368,1667508034,1667508034,47,False
74270599,1667289688,1667289688,1435,True
74270985,,1667270528,298,False
74270611,1667282590,1667282590,43,True
74270960,1667312128,1667312128,68,False
74270945,1667313606,1667313606,593,False
74270904,1667269687,1667274878,1305,False
74270903,,1667274529,210,True
74270901,,1667341398,96,True
74270892,,1667271491,76,True
74270886,1739918704,1739926441,1888,True
74270778,,1667280832,2959,True
74270774,,1667269253,213,True
74270758,,1667671219,187,False
74270887,,1667283182,83,True
74270730,,1667268808,48,True
74270749,1667659452,1667659452,73,True
74270630,,1667266638,225,False
74270653,1667291963,1667304536,153,True
74270657,,1667266888,18,False
74270674,,1677323842,101,True
74270621,1667309899,1667310895,6305,True
74270696,1667269617,1667269617,184,False
74270708,,1667267382,348,False
74270717,,1667274674,30,False
74270683,,1667268097,181,True
74270609,1667266522,1667268715,598,True
74636711,,1669866690,630,False
74636865,1669915634,1669917408,851,True
74636834,,1669867636,54,False
74636807,1670303916,1670303916,274,False
74636794,,1669868268,4476,True
74636784,1669914530,1669914530,127,True
74636777,1669904635,1669904635,355,False
74636772,,1669867962,472,True
74636752,,1692832425,487,True
74636740,,1669995464,340,False
74636478,,1669863980,221,True
74636650,1669929869,1669985777,1195,True
74636649,,1740914648,355,False
74636627,1669889695,1669889695,87,False
74636622,,1669864977,72,False
74636613,,1669865976,318,False
74636609,,1669869204,57,True
74636600,1669864800,1669864800,75,False
74636590,,1743446347,360,True
74636533,1669864157,1669889993,72,True
74636867,,1669896169,149,False
74636710,1669904146,1669971513,97,False
74636883,,1669868240,35,False
74637025,1669872400,1669875995,140,True
74636896,1669873393,1669873393,248,True
74637458,1669900648,1722428356,8389,True
74637387,1669891480,1704354097,1619,True
74637350,,1669873184,42,False
74637271,,1669872458,208,False
74637234,1669901444,1669902901,2333,True
74637231,,1669884901,255,True
74637221,,1669874484,206,False
74637167,,1669871411,95,False
74637156,,1669894364,801,True
74637137,,1669893998,495,False
74636885,,1669874325,31,True
74637107,1669873434,1669896335,1828,True
74637028,1669890959,1669892031,384,True
74636441,1672510917,1673196408,1165,True
74637000,,1669870185,97,True
74636986,1669869586,1669875182,410,True
74636955,,1669945421,117,False
74636944,1738927250,1738927250,63,False
74636925,1669869227,1670091695,1054,True
74636921,1669910029,1669910029,84,False
74636918,,1669868651,316,False
74636905,,1671188373,57,False
74637083,,1670010461,133,False
74636427,,1669862740,518,False
74636683,1670295271,1670295271,258,False
74636410,1669862891,1670144392,443,True
74635937,1669950984,1669950984,102,False
74635932,,1670449718,1065,False
74635930,,1669859098,72,True
74635885,,1787185680,2992,True
74635839,,1669857487,43,True
74635832,,1669858136,346,False
74635830,1670039310,1670044227,791,True
74635825,,1669881863,123,True
74635810,,1669857290,295,True
74635764,,1669857237,829,True
74635970,,1669924856,523,True
74635760,,1669855852,195,False
74635723,1669857682,1669858235,64,True
74635696,1669895563,1669895563,79,False
74635652,1670442011,1670598071,2057,True
74635614,,1669888626,347,True
74635612,1669915325,1735992852,1149,True
74635590,1669853873,1669859821,129,True
74635544,,1669859026,82,True
74635534,,1669906661,214,True
74635519,1669908683,1669908683,658,False
74635498,1669853350,1669858053,1291,True
74635724,1669855742,1669855785,126,False
74635994,,1669888431,6771,True
74636423,1669867085,1669867085,75,True
74636010,,1669887964,559,True
74636397,,1669914274,216,False
74636393,,1669865582,73,True
74636391,1669877206,1669877206,620,True
74636387,1669945689,1669945689,69,False
74636322,,1669861974,192,True
74636276,1669891773,1669893943,647,False
74636003,1669883618,1670016853,3056,True
74636250,,1669871389,65,False
74636236,1669878546,1669878546,140,True
74636222,1669860918,1669861871,104,True
74636215,,1669861452,76,True
74636264,1669862273,1669862273,65,False
74636197,1669861509,1669876455,56,False
74636192,1669860236,1669860447,95,False
74636162,,1774616949,2103,True
74636125,1669922110,1670446840,723,False
74636120,,1732695249,250,True
74636105,,1669934134,67,True
74636064,1669869529,1669906898,259,True
74636052,,1669859242,183,True
74636048,,1669863019,1244,True
74636015,,1694434677,1087,True
74636203,,1776537126,122,True
74973803,,1672564752,60,True
74973823,,1672570127,98,True
74973844,1672566725,1672567081,244,True
74973851,1672580642,1672580642,350,True
74973915,1672590022,1672659580,134,True
74973872,1672565256,1672569034,176,True
74973880,,1672568015,91,True
74973911,1672565873,1672572420,459,True
74973855,,1672566165,50,False
74973793,1672581749,1672581749,162,False
74973505,1672576333,1672579150,1819,False
74973771,1674129942,1674129942,5270,False
74973678,,1672563411,52,True
74973663,,1672563471,89,True
74973659,,1672563493,168,False
74973657,1672567689,1672653640,109,True
74973651,,1674244234,3200,True
74973624,1672565347,1672572853,185,True
74973577,,1672674812,204,True
74973549,1672561042,1672561042,74,False
74973537,,1672561129,84,True
74973928,1672566325,1672590606,446,True
74973786,1672564785,1672567844,68,True
74973935,1705679948,1772400565,51285,True
74974132,,1672575810,76,True
74973982,1672567192,1672680324,6085,True
74973497,1672588121,1672588121,94,True
74974498,,1672575689,91,True
74974495,1672575734,1672576072,66,False
74974429,,1673104207,481,False
74974409,1672573863,1672590956,71,True
74974398,,1672577441,171,True
74974260,1672579319,1672583290,1399,True
74974252,1673921047,1674046773,310,False
74974247,1672590098,1672590098,123,True
74974242,1672652306,1672652306,299,False
74973975,1672567011,1672567011,26,False
74974239,1672578060,1672578184,575,True
74974204,1672579829,1672579884,114,False
74974120,1672578756,1672937554,1897,True
74974103,1672577699,1672588106,186,True
74974064,1672572628,1672576033,1257,True
74974056,1672576628,1672576628,3448,True
74974046,1672604333,1672623099,118,True
74974026,,1672568974,103,False
74974024,,1672586662,228,True
74973996,,1672568995,81,True
74973993,,1672568766,678,True
74974207,,1672570396,747,False
74974516,1672578590,1672578590,1248,True
74973485,1672589888,1672767935,733,False
74973455,1672557684,1672571834,1736,True
74972898,1673192215,1673192215,207,True
74972891,1672589754,1672589754,78,True
74972881,1672546612,1672551421,319,False
74972873,1672540008,1672540754,1098,True
74972866,1673474286,1673474286,1698,True
74972850,1672541297,1672579198,2470,True
74972826,,1769170566,3054,True
74972823,,1672538935,82,True
74972819,,1672538226,704,False
74972809,1672538955,1672541246,53,False
74972792,1672579602,1672579618,73,True
74972782,1672554413,1707623344,555,True
74972770,1711997433,1711997433,48,True
74972742,1672549714,1672549714,311,False
74972734,1672535185,1672537978,50,True
74972685,1672538478,1672538478,321,True
74972666,1672664045,1743272888,119,True
74972656,,1672534270,60,True
74972655,,1672545995,91,False
74972651,,1672533013,431,False
74972602,,1672537626,353,True
74972912,1672549822,1672549822,66,True
74972953,1672603477,1672612792,125,True
74973481,1672566724,1672668438,126,True
74973032,1672547457,1672815429,4011,False
74973452,1672574510,1672574786,313,False
74973450,,1746814637,5049,True
74973437,,1672556159,51,False
74973427,1672556357,1672560876,98,True
74973381,,1672554923,127,True
74973357,1672555757,1672555757,255,True
74972995,,1725599454,4270,True
74973347,1672612679,1672612679,116,True
74973298,,1672553572,105,True
74973259,,1672558276,79,True
74973249,,1672553913,198,True
74973348,,1701250213,188,False
74973214,1672576516,1672616922,120,True
74973200,1672553257,1672553257,39,False
74973190,,1672772290,340,True
74973187,1672605171,1672616120,258,True
74973173,1672554434,1672554434,114,False
74973155,1672557160,1672628555,881,True
74973151,1672657980,1672657980,249,True
74973115,,1672548084,92,True
74973096,,1672559289,606,False
74973070,1672556988,1672556988,64,False
74973219,,1672553387,71,True
75305341,,1675326664,6576,True
75305355,1675265132,1675300101,603,False
75305358,,1749122251,2803,False
75305419,1675223834,1675223834,57,False
75305542,,1675225874,62,False
75305527,,1675258112,79,True
75305531,,1675240002,223,False
75305535,,1675226259,290,True
75305478,1675224295,1675227190,92,True
75305306,,1675225144,73,True
75305090,1675219740,1675250493,215,True
75305283,,1675221108,236,False
75305242,1675221307,1675221307,60,True
75305208,,1675223865,84,False
75305204,,1678201437,766,False
75305201,,1675220834,50,True
75305176,1675219884,1675274597,102,True
75305169,1675220119,1693772614,2331,True
75305138,1675219591,1675221870,50,True
75305132,1675220631,1675220631,92,True
75305126,,1675263777,64,True
75305544,,1675225743,97,True
75305304,1675239202,1675239202,84,False
75305553,1675228949,1675229515,695,True
75305825,,1675858839,346,True
75305574,1675227723,1675230739,55,True
75306186,1675231407,1675231723,367,False
75305082,1755417290,1755417290,330,False
75306132,1675267899,1675267899,279,False
75306101,1675230862,1675230862,141,False
75306090,,1675250148,85,True
75306070,1675234297,1675234297,63,True
75305999,1675229347,1675232488,66,False
75305953,1675254783,1675254783,100,False
75305933,1675229291,1675231339,138,False
75305917,1675228334,1675228334,75,False
75305569,1675305038,1675305100,421,False
75305908,1690028855,1690028855,89,False
75305853,1675227966,1675228508,560,True
75305824,,1675227301,72,False
75305818,,1675239624,66,False
75305784,,1675232280,101,True
75305774,1675229662,1675230344,401,True
75305753,1675227717,1675229218,59,False
75305752,,1675227071,136,True
75305672,1675225910,1675226269,52,True
75305671,,1675234535,89,True
75305603,1675236198,1675236198,219,False
75305890,1675231936,1699200474,61,False
75306149,,1675243763,43,False
75305073,1675218569,1675302205,655,False
75305069,,1705546498,670,True
75304693,,1675213675,228,False
75304678,,1675215719,86,True
75304664,,1675258325,81,True
75304649,1675213276,1675214924,59,True
75304624,,1675305292,88,False
75304615,,1675213552,134,True
75304598,,1675424316,98,True
75304580,1675213275,1675214495,45,True
75304566,1675215678,1675243896,1098,True
75304550,,1675212450,306,False
75304530,,1675273041,1408,False
75304507,,1675211301,53,False
75304491,1692706183,1692706183,780,True
75304446,1675447913,1675447913,194,True
75304442,,1675356260,69,False
75304433,1675218718,1675221666,78,True
75304410,,1675259953,2486,True
75304404,,1675211496,165,True
75304397,1675479399,1675479399,449,False
75304393,,1675216023,236,False
75305071,1675219614,1676162112,514,False
75304697,,1675213712,49,False
75304698,,1675215275,3268,True
75304567,,1711226691,1298,True
75304740,1675214874,1675214874,438,False
75304713,1675214042,1675380329,250,True
75305001,1675251787,1675868479,1116,True
75304991,,1682677328,901,False
75304987,1675217689,1675218936,68,True
75304979,,1675480412,199,True
75304963,1675217000,1675251731,134,True
75304961,1675239397,1675239397,246,False
75304942,,1739307838,885,False
75304931,1675217351,1675217590,57,False
75304908,1675216563,1675218607,944,True
75304899,1675243603,1675243603,41,True
75305029,1675217955,1675219902,192,True
75304885,1675250220,1675268628,1072,True
75304897,1675265964,1675265964,1579,True
75304770,,1675355901,103,True
75304797,,1675215228,47,False
75304801,1675258505,1675258505,154,False
75304825,1675215451,1675217066,122,True
75304754,,1675258389,1241,True
75304839,,1675278492,92,False
75304873,1675216630,1675222788,351,True
75304882,,1675215981,484,False
75304836,,1675215363,329,False
75600140,,1677825709,346,False
75600258,,1677660460,97,True
75600244,,1692433217,2155,False
75600237,1677652291,1677652291,368,False
75600223,,1677690561,1405,True
75600219,,1677683176,680,True
75600322,1677678981,1677678981,137,False
75600189,,1678004278,723,True
75600156,,1677667554,3010,True
75600130,1677698225,1677698225,129,True
75599874,1677663760,1677663760,1113,True
75600055,1677651767,1677652067,928,True
75600032,,1677650849,35,True
75599969,,1677650215,35,False
75599898,,1677854024,231,False
75599864,,1677649938,2058,True
75599861,1677656701,1677656701,238,True
75599831,1697009845,1697205352,953,True
75599827,1677661409,1678915841,84,False
75599811,1677704047,1677704047,58,False
75600328,,1677653586,183,True
75600056,1677651113,1677651113,61,True
75600347,,1677687143,94,False
75599785,,1677648090,90,True
75600462,,1677726256,802,True
75601169,,1677851896,550,True
75601134,1677662013,1677662013,689,False
75601083,1677664146,1677664146,422,False
75600997,1677660704,1677660704,346,False
75600994,1678186037,1678558818,587,True
75600968,,1677660800,160,True
75600954,1677740381,1715317506,1792,False
75600944,1677659207,1677662220,292,False
75600818,,1677656830,27,False
75600814,,1677656819,374,False
75600460,1677671604,1677678717,299,True
75600803,,1677656760,1009,False
75600751,,1677661746,31,False
75600734,1677656877,1677658732,1738,True
75600691,,1677665309,74,True
75600684,,1714985042,4176,True
75600682,1677656232,1677658896,52,True
75600606,1677661493,1677970843,114,False
75600594,1677656709,1677658511,67,True
75600555,1677655173,1677675084,964,True
75600538,,1699116543,238,False
75600517,,1677656396,75,True
75600771,1677656700,1677658755,42,True
75599734,,1677648942,43,True
75601207,1678107663,1703075286,236,False
75599667,1677649611,1677737708,103,True
75598879,1677636381,1677636381,178,True
75598798,1677649969,1678050870,389,True
75598789,,1678089421,363,False
75598774,,1677634152,51,True
75598769,1677638009,1677638009,1068,False
75598678,1728742425,1728742698,1592,True
75598670,1701111818,1701111818,871,True
75598655,,1736533339,59,False
75598637,,1677632040,72,True
75598632,1677632358,1677633862,67,True
75598953,1677763085,1677763085,140,True
75598600,1677656482,1677656482,233,True
75598578,1677708530,1678639238,221,False
75598557,1677630447,1677630577,514,True
75598513,1677631780,1677632178,2966,True
75598512,,1677664603,1357,False
75598498,1677631077,1677631077,75,True
75598493,1677759427,1677759427,1018,True
75598481,1677629418,1677629418,36,False
75598478,1683224302,1683224302,2971,True
75598463,1760608533,1760608533,5209,True
75598427,,1677834183,57,False
75598589,1677636079,1677675915,210,False
75598980,1677638062,1677653725,961,True
75599689,1677647429,1705309445,80,True
75599050,1677639820,1677640674,60,True
75599648,,1695411933,1379,True
75599626,,1677797680,52,True
75599615,1677653654,1677663878,327,False
75599584,,1677667783,459,False
75599546,,1677694947,58,True
75599543,,1677653397,75,True
75599532,,1677652823,71,True
75599502,1677689000,1677689000,39,True
75599488,1677646712,1677646712,396,True
75599483,1677645929,1677645929,30,False
75599415,,1677647219,541,True
75599010,,1677637742,1009,False
75599357,1677646030,1677648272,245,False
75599257,1678224924,1678224924,700,True
75599247,,1677914899,1824,True
75599222,,1677717118,43,False
75599218,1677642860,1677642860,56,True
75599188,1677639821,1677644674,974,True
75599179,,1677661691,605,True
75599137,1677642846,1677642846,417,False
75599094,1677638305,1677640607,661,False
75599057,,1677638230,71,True
75599358,,1678423760,915,False
75904960,,1680336715,97,False
75904981,,1680339326,63,False
75905017,,1680341096,172,True
75905088,,1680338968,215,True
75905030,,1680340346,35,False
75905034,,,,
75905078,,1680338358,66,False
75904931,1680336384,1680354663,55,True
75905029,1733228487,1733228487,97,True
75904923,,1680336603,1083,True
75904812,1747313055,1747313055,559,True
75904870,1690224305,1690224305,2078,True
75904853,1772818009,1772818009,46,False
75904837,,1680334833,221,False
75904821,1680587773,1681373289,1545,True
75904795,1680335062,1680336941,110,True
75904780,1680337106,1680339692,6823,True
75904757,,1680334533,123,False
75904709,1680332966,1680363652,110,False
75904708,1680440868,1680440868,533,False
75905091,,1680340123,75,False
75904905,,1680338773,40,True
75905136,,1681403513,892,True
75905386,1680343163,1680503977,442,False
75905146,1680339556,1680339556,39,False
75905592,,1680393574,301,False
75905574,1729405521,1744795415,9439,True
75905562,,1680344269,30,False
75905554,1680349801,1680349801,157,True
75905530,,1680347328,236,True
75905491,,1680351298,45,True
75905443,1680345337,1680376046,62,False
75905439,,1680342881,99,False
75905432,,1722242068,3324,True
75905429,1680344602,1680363757,408,True
75905137,,1680339141,181,False
75905416,,1681156658,129,False
75904704,1680336542,1680336542,40,False
75905332,1680770989,1680770989,678,False
75905258,,1680787349,398,True
75905243,,1680633986,1532,True
75905219,,1680834285,4193,False
75905208,1680347215,1680347215,799,True
75905202,,1680341783,64,True
75905201,,1680463381,539,False
75905175,1680368373,1680438366,97,False
75905165,1681639083,1681639083,840,False
75905391,,1680342232,192,False
75904692,,1764983001,274,True
75904876,,1684710249,2653,True
75904686,,1680333304,70,False
75904116,,1680405743,87,True
75904104,,1680365170,95,False
75904077,,1680325676,104,True
75904063,,1680324741,498,True
75904025,,1680317099,45,False
75904016,,1680683509,618,True
75903982,1680657082,1680684748,91,True
75903962,1680377612,1680814512,172,False
75903895,,1680336154,462,True
75903887,,1680330213,1200,True
75904121,1680356478,1680356478,159,False
75903878,,1680357545,1554,True
75903823,1680365071,1705826031,399,True
75903822,1680314287,1680332370,112,True
75903821,,1680313460,75,True
75903818,,,,
75903689,1680309692,1680309692,317,False
75903678,1680313497,1680314173,389,True
75903640,1680503771,1680503771,494,False
75903592,,1680310078,100,True
75903584,,1681075509,1602,False
75904688,1680498368,1680498368,258,False
75903837,1680316686,1680319488,79,True
75904146,1680342252,1680375382,1817,False
75903571,,1680308035,253,True
75904201,1727559266,1727559266,1648,True
75904175,1680356249,1680366613,263,True
75904671,1680333847,1724953361,506,False
75904669,,1680331738,79,False
75904667,1680335115,1723315267,29483,True
75904625,,1680330810,44,False
75904622,1680337116,1680374220,754,False
75904605,1681024420,1681024420,1330,True
75904576,1680330204,1680378269,144,True
75904569,1680333685,1680333685,85,False
75904558,1680332675,1680333919,824,True
75904509,,1680732064,134,False
75904683,,1680361460,368,True
75904500,1680332339,1680332339,749,False
75904487,,1680332409,186,False
75904423,1680539059,1680539059,112,False
75904370,1680345826,1680345826,287,False
75904348,,1680693112,433,False
75904337,1680325244,1680326361,1117,False
75904325,1681719148,1681719153,2791,True
75904265,,1680323789,43,True
75904243,,1680686322,407,True
75904241,,1680360162,636,False
75904222,,1680373150,365,False
76145419,1682927388,1682943051,385,True
76145421,,1682927729,306,False
76145455,,1683063215,777,False
76145540,1682945063,1682945063,87,False
76145527,1682957278,1689635388,501,False
76145538,,1682930890,199,True
76145539,1693672684,1693672684,1511,False
76145408,1682927094,1682931420,166,True
76145466,,1682927661,273,False
76145406,1764193700,1764193700,673,False
76145177,,1682925316,116,True
76145334,1682928768,1682933084,430,True
76145292,1683071491,1683071491,781,False
76145251,1683014984,1683017211,87,False
76145101,1682933515,1682933515,110,True
76145158,,1682941081,618,False
76145126,,1682922896,208,False
76145123,1682955552,1682955552,246,True
76145113,1682995429,1683115408,129,False
76145112,1712873106,1712873106,9711,False
76145554,1682931023,1708055579,1594,False
76146298,1682940036,1682957387,75,False
76145626,1683062512,1706620849,5613,True
76145980,1682936452,1682965835,558,False
76145674,1682931297,1682931297,973,False
76145091,1682937904,1682937904,310,True
76146288,,1682979211,1191,False
76146250,1682939020,1683099497,197,True
76146232,1682947324,1682959335,1827,False
76146218,1682940150,1682940150,311,False
76146206,,1682936578,73,False
76146187,,1682941764,605,True
76146181,1683010834,1683010834,67,True
76146177,1743061014,1743061014,401,True
76146164,1682943910,1683032446,337,True
76145647,,1682930043,184,False
76146137,,1699407776,186,True
76146041,,1682934999,198,False
76145911,,1683050444,214,True
76145889,,1682945252,71,False
76145878,1682935615,1682935615,67,False
76145866,1682991236,1685876048,332,True
76145777,,1682951017,629,True
76145761,1704699365,1763815446,16537,True
76145756,,1682934549,66,True
76145750,1682931767,1682939506,42,True
76145736,1682931743,1682933623,144,False
76146072,1682935576,1715406270,3137,True
76145056,1682941321,1682941321,567,False
76145394,,1683004760,178,False
76145035,1682928409,1682928409,58,False
76144586,1682912131,1682912131,493,False
76144581,1682912177,1710403293,419,False
76144532,1682910584,1683028797,1092,True
76144505,1682920353,1682920353,606,True
76144488,1682910097,1682919421,179,False
76144445,1683046285,1683046285,65,False
76144420,1682912754,1694197710,1807,True
76144405,1682935943,1682935943,73,True
76144393,1682907223,1682910095,155,True
76144383,1682931934,1682931934,305,False
76144622,1682912926,1682912926,558,False
76144372,,1689821637,307,True
76144299,,1682903987,62,False
76144290,1682907056,1682965424,227,False
76144265,,1682908758,44,False
76144256,,1682905153,696,True
76144252,,1682904838,1255,False
76144224,1682902089,1682952571,34,False
76144183,1685652250,1769898930,1184,True
76144167,1682928957,1682928957,77,False
76144163,1682940609,1682940609,16,False
76144138,1701435586,1741769151,3512,False
76144370,1682908947,1684093983,1681,False
76144651,1682913850,1682913850,43,False
76145052,,1713168374,192,True
76144683,,1682932342,557,True
76145014,1682925526,1724350799,7639,True
76144977,1682921050,1682921378,77,True
76144916,1682931296,1682931296,98,True
76144883,1683000671,1683000671,115,False
76144853,,1682970816,194,False
76144840,1682957691,1682957691,71,True
76144796,,1682918246,192,True
76144792,1682917571,1682918111,149,True
76144789,1682918385,1682918385,26,False
76144788,,1682925013,123,True
76144837,1683001018,1683136719,134,True
76144769,,1682917625,52,True
76144784,1682917889,1682920053,63,True
76144694,1740065832,1740065832,136,True
76144698,,1682953349,2482,True
76144699,1682915665,1684357801,88,False
76144700,,1682916640,95,True
76144690,,1683000597,239,True
76144724,1682917440,1682917440,212,False
76144753,,1682931295,52,True
76144756,1682917978,1682917978,334,False
76144722,,1682957214,93,False
76144678,,1682925846,503,False
76379758,1685629708,1685629708,465,True
76380018,1685697093,1685815074,539,True
76380001,,1778529276,2081,False
76379924,1685623273,1691604595,3085,True
76379882,1685614450,1685614450,609,True
76379867,,1685632760,131,True
76379852,1685608100,1685680685,86,False
76379807,1685619648,1685619648,196,False
76379762,,1685606564,123,True
76379760,,1685693478,133,True
76379525,,1685603954,79,False
76379738,,1707965901,131,False
76379737,,1685637878,914,False
76379704,1685617428,1685618095,109,False
76379674,1727477950,1727477950,2481,True
76379667,,1685693406,197,False
76379662,,1685606725,74,True
76379641,,1685604955,278,False
76379616,1685609325,1685609325,137,True
76379570,1685616807,1685616807,910,True
76380023,1685611459,1685611459,862,False
76379743,,1689337130,120,False
76380078,,1685612695,117,False
76380381,,1700056338,8069,True
76380153,,1685674141,740,False
76380708,1685614860,1685614860,704,True
76380677,1685629552,1686327499,1243,False
76380671,1685625825,1685625825,45,True
76380576,1685618549,1685625485,310,True
76380556,1685638240,1685638240,193,False
76380548,,1685616928,339,False
76380541,1685659866,1685659866,447,True
76380520,,1685691690,136,True
76380508,,1685612020,461,False
76380495,,1685612281,84,True
76380131,1685710087,1685710087,2338,True
76380443,,1700665395,496,True
76380434,1685612298,1685614277,121,True
76379499,,1685606728,145,True
76380377,1685771081,1685771081,181,False
76380353,,1685615817,146,True
76380306,,1685667663,61,False
76380291,,1685760431,252,False
76380275,1685612671,1685639070,763,False
76380185,1685612613,1685612613,74,False
76380177,1685855508,1685855508,57,False
76380172,1761690738,1761690738,3044,True
76380435,,1685934381,344,True
76379440,1685604342,1699999331,27431,True
76379740,1685613355,1701897522,2793,True
76379321,,1685604998,198,True
76378535,1685590659,1685613248,126,False
76378524,1685655805,1685655805,263,True
76378461,1685606634,1685606634,62,False
76378441,1685591473,1685906833,296,True
76378414,,1685633826,838,True
76378401,1685588347,1685588347,34,False
76378374,,1685590963,437,False
76378373,1722975990,1722976070,1409,True
76378323,1685633257,1685655167,59,True
76378321,1685593050,1685593050,149,False
76378543,1685590891,1719323749,638,False
76378252,1693160149,1693160149,371,False
76378181,1685804694,1685804694,115,True
76378174,,1685583494,714,False
76378138,1685699559,1685699559,308,False
76378108,1685582844,1685601267,109,True
76378061,,1685582883,53,False
76378059,,1686687507,242,True
76378030,1685580216,1685769267,62,False
76378000,,1685579165,39,False
76377964,1685584271,1688619396,101,True
76377950,,1685585645,151,True
76378248,,1685585037,33,False
76378578,,1685591979,61,False
76379366,1685603351,1685605331,3065,False
76378628,1685594022,1685595404,4845,True
76379197,1685659429,1685659429,59,True
76379182,1685619460,1685619460,120,True
76379142,,1685619842,1777,True
76379139,,1685615671,2315,True
76379117,,1685604625,72,False
76379113,,1685599855,774,True
76378592,1685846093,1686290250,107,True
76379050,,1685599166,171,False
76379034,1685607294,1685611303,229,True
76378973,,1685649966,1152,True
76378948,1685598561,1685598763,486,True
76379108,1685601016,1685616011,67,False
76378919,,1685665516,70,True
76378873,1685632721,1685632721,229,True
76378844,,1688397500,2385,True
76378818,,1685599367,77,True
76378796,,1685595803,2291,False
76378780,,1738924316,2073,True
76378770,,1685681017,346,True
76378761,,1685595245,113,False
76378700,1685607797,1685682249,427,False
76378670,,1685594458,61,True
76378946,1685608163,1686621797,84,False
76594306,,1688208133,91,True
76594336,,1688217657,83,True
76594344,1688386338,1688386422,137,True
76594373,1688209175,1688221098,1134,True
76594471,,1688210553,2712,False
76594409,,1688239583,962,True
76594423,,1688638960,2262,True
76594454,1688289988,1688342769,1694,False
76594405,,1688595716,688,False
76594243,,1688207921,67,True
76594025,,1688205782,408,True
76594173,1688209198,1688277898,345,False
76594133,,1688220535,107,True
76594132,1688205794,1743683828,1341,True
76594121,1688207515,1688207935,265,True
76594119,1688207860,1688207860,133,True
76594116,1688277963,1688278939,36,False
76594115,,1688205350,2287,True
76594086,1688206776,1688224147,91,False
76594057,1688325742,1688325742,56,False
76594031,,1688203683,817,True
76594535,,1688478045,1207,True
76594177,,1688206348,28,True
76594555,,1688211972,86,False
76594831,,1688219124,244,False
76594567,,1688395035,153,False
76594013,1688216515,1688216515,149,False
76595188,1688253235,1688253235,36,False
76595131,,1688227932,2483,True
76595086,1688334234,1688334234,377,True
76595077,,1688470463,819,True
76595025,,1688228725,53,False
76595019,,1688220142,50,False
76595013,1688222215,1688800400,1744,True
76594968,,1688219350,394,False
76594950,,1688231601,256,True
76594563,,1688217283,496,False
76594886,1688218351,1699024964,288,False
76594841,,1688289462,62,True
76594818,1688227489,1688513899,1710,True
76594777,1688227783,1688227783,88,False
76594738,,1688215512,53,True
76594723,,1688220816,936,False
76594721,,1688214737,666,False
76594701,1688475080,1688475080,401,True
76594689,,1688214885,48,True
76594654,1688227651,1688227651,116,True
76594594,,1688280373,316,False
76594871,1688217995,1688218530,42,True
76595197,1688225238,1688243052,328,True
76593959,,1688234409,169,True
76593906,1688237856,1726690865,50819,True
76593239,1688185717,1688193330,52,True
76593203,,1688206831,77,True
76593169,,1718820231,40268,True
76593152,,1688181931,732,False
76593096,1688180010,1688267048,703,False
76593095,1688206672,1688206672,211,False
76593091,1688180107,1688180365,1646,True
76593080,1688308861,1688308861,121,False
76593077,1688246514,1688246514,546,True
76593068,,1693836343,734,True
76593064,1688194486,1688194486,79,True
76593041,1688190019,1688190019,109,False
76592974,1688621358,1688621358,1229,False
76592972,1688393043,1688393043,231,False
76592936,1688211363,1688211363,92,False
76592933,1688174214,1688370258,343,False
76592932,1688305984,1688305984,343,True
76592910,1688621374,1688621374,577,True
76592906,,1688173462,73,False
76592858,1688171880,1688172903,41,True
76592844,1688580024,1688635870,96,False
76593245,,1688193366,399,True
76593250,1688284545,1688284545,203,True
76593946,,1688237366,65,False
76593300,1688187874,1688235865,99,True
76593885,,1688215968,254,True
76593884,1689960072,1689960072,120,False
76593863,1688215654,1688223297,50,True
76593834,,1688203512,60,True
76593825,,1688201381,48,True
76593816,1688210496,1689120532,1757,True
76593783,1688200364,1688216398,71,True
76593751,1688200490,1697756146,1966,True
76593629,,1688212732,166,False
76593621,,1779968679,669,False
76593811,,1688199609,50,False
76593542,1688193390,1688195418,629,False
76593563,1689845232,1689845232,1592,True
76593312,1688198198,1688198198,1133,True
76593317,,1688190596,923,False
76593328,1736749286,1736749286,212,False
76593346,,1688188062,100,False
76593309,,1688192441,31,True
76593390,1688201447,1688201447,329,False
76593413,1688192317,1688193546,6695,True
76593524,,1688216353,45,True
76593377,1688189774,1688557074,1235,True
76593284,1688187343,1689128367,618,True
76809660,1690885738,1690970738,980,True
76809890,,1690880446,68,True
76809889,1690884475,1690884475,120,False
76809852,1690879074,1690880796,92,True
76809816,1702583215,1702583215,693,False
76809804,,1690881283,128,False
76809763,,1690878496,55,True
76809761,1704254471,1704254471,3385,False
76809760,1690878505,1690878505,21,False
76809683,1690879791,1690882274,499,True
76809227,,1690882863,51,True
76809631,1691380408,1692149061,1954,True
76809593,1690891024,1690891024,81,False
76809520,1690891579,1690891579,81,True
76809516,1690893317,1691580365,251,False
76809432,1690891202,1690891202,20,False
76809426,1690876402,1690876402,153,False
76809394,1690877785,1690877785,638,True
76809324,1690880870,1690880870,291,True
76809257,,1690873924,593,False
76809999,,1690880744,5087,True
76809656,,1690877897,138,True
76810019,,1690880129,63,False
76810276,1690882444,1690890738,92,True
76810034,,1690880197,145,False
76810725,1690885849,1691003665,785,True
76810701,1701223106,1701223106,509,False
76810696,1690906746,1690925565,218,True
76810604,1690885137,1690885137,22,False
76810581,,1690888229,83,True
76810565,1690891330,1691739354,3971,False
76810522,1690887533,1690887533,32,True
76810507,,1717840253,705,True
76810495,1690884490,1690885182,1767,True
76810488,,1690885406,78,True
76810023,,1690880151,31,False
76810468,1690885693,1690885693,684,False
76810335,1690882695,1690891837,59,False
76809221,,1690875442,1367,False
76810268,,1691055615,81,False
76810215,,1690906715,691,True
76810199,1690883059,1752609581,547,True
76810191,1690882403,1690992107,44,False
76810168,,1690881516,625,True
76810109,,1690882071,148,False
76810100,1690944299,1713984915,3943,True
76810069,,1690897115,884,False
76810452,1690891550,1691410763,1143,False
76809145,1690876386,1750072625,239,True
76809633,1691240433,1691240433,177,False
76809165,,1690879018,1476,True
76808166,1690858600,1690858600,145,False
76808165,1690872043,1690872043,133,True
76808151,1704793621,1704793621,131,False
76808125,1690857957,1691056850,369,True
76808119,1690856228,1690856228,436,False
76808074,1690984871,1690984871,64,False
76808065,1701307746,1701307746,185,True
76808000,1690864513,1690864513,52,True
76807981,,1690967521,71,True
76807932,1690852153,1690852153,63,False
76808176,,1690857258,145,False
76807910,1690888825,1690888825,77,True
76807875,,1690856588,56,True
76807840,,1691013649,260,True
76807835,,1690853784,409,True
76807829,1691000370,1691019559,124,False
76807810,1690851152,1690851152,292,False
76807795,,1690853150,61,True
76807787,1720528573,1720530807,105,True
76807756,,1691154772,3807,True
76807753,,1690848041,143,False
76809119,,1690878900,131,True
76807884,1691141560,1691166775,279,True
76808182,1690950368,1692108527,235,False
76807945,,1690864803,186,False
76808290,1690906910,1690944245,74,True
76808187,,1690857763,39,True
76809071,1690941646,1690941646,63,True
76808985,,1711770030,1093,True
76808979,1690876131,1690876178,47,False
76808943,,1690870621,195,False
76808907,1690922611,1690922611,99,False
76808832,1690869407,1690869747,59,True
76808786,,1690868295,195,False
76808763,1690879750,1690879750,58,False
76808711,1690867565,1691143864,48,False
76808700,,1691002824,354,False
76809118,1690872569,1690872569,73,False
76808579,1690865356,1690868045,96,False
76808672,1690867943,1690867943,59,True
76808353,1690878243,1690878243,55,False
76808355,,1690866358,219,True
76808399,1690862307,1690866100,140,True
76808413,1690862514,1690864229,55,True
76808328,1690940593,1691090413,236,True
76808517,1690865315,1690881653,1041,True
76808522,,1690865075,604,True
76808552,,1690920620,114,True
76808441,,1690862862,612,False
77021789,1693902418,1693902418,266,False
77021923,,1693568993,117,True
77021901,1693595830,1693595830,88,False
77021891,,1693864600,298,True
77021885,1693606461,1693606461,313,True
77021872,,1693560710,65,True
77021853,,1693574251,761,False
77022025,,1730122076,259,False
77021824,,1693568096,133,True
77021797,1693559823,1694363228,212,True
77021769,1693595426,1693609275,49,True
77021670,,1693809892,244,False
77021739,,1693567617,2504,True
77021698,,1693558134,282,True
77021676,1693557856,1693557856,78,False
77021631,1693609538,1693609538,68,False
77021604,1693560249,1693562103,128,False
77021587,1693556993,1693560084,397,False
77021583,1693557486,1693557486,117,False
77021550,1693817351,1693824056,144,True
77021545,1693570009,1693570009,143,True
77022075,1693578931,1693578931,221,True
77021764,,1693558375,65,False
77022111,1693564540,1693564540,60,True
77021505,1693575736,1693575736,98,False
77022170,,1693639280,236,False
77022698,1693569332,1693578857,126,True
77022657,,1693567067,225,False
77022613,,1693571450,222,True
77022606,1693566549,1693567647,44,True
77022582,1722084595,1722084595,46,True
77022574,,1693596806,778,True
77022538,,1693744785,1419,True
77022494,1693566490,1709519222,251,False
77022479,1693574047,1693576702,65,True
77022472,1693595194,1693674207,163,True
77022149,,1693577505,106,False
77022402,,1693565578,121,False
77022317,1693586581,1693754424,132,True
77022302,1693565090,1693567190,108,True
77022254,1693563402,1693564798,72,False
77022238,1693563939,1693575484,82,True
77022231,1693563320,1693563812,92,True
77022216,1693569516,1693577511,1346,True
77022214,1693563007,1693567690,932,True
77022212,1693590283,1693590283,45,False
77022209,,1693566413,64,True
77022194,,1693691969,214,False
77022338,1693566527,1693567418,51,True
77022705,,1693568933,84,True
77021415,1693559156,1693559248,2546,False
77021296,1693555329,1693555329,61,False
77020548,,1722033058,177,False
77020545,,1714658478,4294,False
77020489,1693547296,1693598144,125,True
77020475,,1693552029,6440,True
77020474,,1693541811,99,False
77020444,1717141257,1717141257,390,False
77020430,,1693658258,386,True
77020360,1693576452,1693581729,697,False
77020339,,1693999343,858,False
77020338,1693557726,1693557726,129,False
77020319,,1693548499,342,True
77020313,,1693570464,1711,True
77020282,1693547953,1693675493,2311,False
77020278,1759777477,1759831073,36339,True
77020275,1693537354,1693537354,178,False
77020181,1693543510,1693543510,63,False
77020135,,1694841816,1082,True
77020108,,1693540003,82,True
77020014,1693585317,1693585317,65,True
77019941,1693594294,1693642129,202,False
77019925,,1693529231,46,True
77020549,1693620330,1694337349,1428,True
77020555,,1693543337,85,False
77021379,,1693575442,1972,True
77020636,1693546361,1693546753,80,True
77021289,1693595290,1693595290,459,True
77021272,,1693554468,452,True
77021209,,1694022904,693,False
77021203,1693553086,1693554555,92,True
77021145,,1694108046,390,True
77021140,1693552347,1700327101,1369,True
77020618,,1693545448,60,False
77021026,1693561105,1693561105,2271,True
77020991,,1693554286,51,False
77020988,1693550355,1693550503,75,True
77020971,,1693550066,317,False
77021106,1693555570,1694952857,12497,True
77020925,1693550580,1693550580,83,True
77020917,1698630569,1698630569,598,True
77020912,1693609353,1693609353,108,False
77020839,,1693558141,42,False
77020829,,1693548349,606,False
77020794,1693549021,1693549929,118,True
77020722,1693553848,1693565180,104,True
77020720,,1693557054,216,False
77020703,1693550946,1693550946,64,False
77020689,1693552605,1693552605,458,False
77020961,1693551785,1693551785,47,False
77210749,,1696326939,792,True
77210750,1696177117,1696177117,62,False
77210766,1696255718,1696255718,137,True
77210776,,1696173510,74,True
77210887,,1696170196,128,False
77210823,1696169667,1696204511,131,True
77210829,1696349043,1696349043,86,False
77210880,1696936544,1696936544,408,False
77210814,1696209611,1696209671,106,True
77210723,,,,
77210348,1696255577,1696255577,194,False
77210663,1696256748,1696256748,88,True
77210616,1696169062,1696182176,254,True
77210615,,1696166163,51,False
77210550,,1705813610,155,False
77210527,1696169814,1698832689,3203,True
77210441,1702677375,1729244726,8033,True
77210440,,1696162718,345,False
77210426,,1696162515,74,False
77210413,1696312796,1717623361,163,False
77210363,1696165510,1696165510,36,False
77210932,1713032908,1713032908,161,False
77210676,1696254856,1696254856,7692,False
77210935,1696251831,1696251831,63,False
77211167,1696313070,1696313070,54,False
77210972,1696181843,1696694627,286,True
77211413,,1696186078,105,True
77210346,1696233561,1696233561,168,False
77211410,,1696178877,34,False
77211375,1697658041,1697658041,208,True
77211360,1728033960,1728047577,124,False
77211348,1719920510,1719920510,311,True
77211326,1696179173,1696185521,92,False
77211283,1696178774,1696178774,141,True
77211236,,1698970180,753,False
77211228,,1696385002,259,True
77210960,1696173406,1696174430,1442,True
77211210,1696217763,1696217763,179,True
77211199,1703264837,1703264837,258,True
77211166,,1696175985,169,False
77211155,1696175753,1696175998,125,True
77211149,1696177271,1696344807,58,True
77211147,,1696174775,28,False
77211141,,1696402610,500,False
77211100,1698521630,1698521630,528,False
77211096,1696256741,1696256741,45,False
77211082,1697388707,1697388707,165,True
77211058,1696733967,1696733967,347,True
77211206,1696254809,1696254809,645,True
77211411,,1711144615,250,False
77210337,1696164976,1696164976,463,False
77210245,1696160180,1696160180,79,True
77209201,1696147963,1696147963,96,True
77209153,1696145609,1696145609,93,True
77209135,1696194753,1696194753,465,False
77209111,1696167271,1713097736,245,True
77209093,1696343058,1696376543,103,True
77209084,,1696131858,320,True
77209024,1696233890,1696442590,2107,True
77209020,1715893876,1715893876,310,True
77208996,,1709639516,250,False
77208988,,1696162142,328,True
77208975,1696145782,1696145782,86,True
77208951,,1696168980,643,True
77208922,1696152928,1696152928,70,False
77208907,1696123686,1696124664,81,True
77208905,,1696123975,657,True
77208902,1696351597,1697121740,979,True
77208893,1696187740,1696271357,223,True
77208860,1696123626,1696123626,243,True
77208847,1696120205,1698796861,1641,True
77208822,1696797630,1696797630,111,False
77210312,,1696172544,304,True
77209292,,1696147315,241,False
77209319,1696308798,1696308798,210,False
77209004,,1696126065,204,False
77209413,1696324983,1696325077,423,True
77209395,,1696143023,1058,True
77210197,1696382595,1696382595,76,False
77210153,,1696158080,83,True
77210131,,1696157363,5989,True
77210091,1696276039,1696361059,162,True
77210038,1696155673,1696160035,165,False
77209952,,1696153443,76,False
77209921,1696254795,1696254795,190,False
77209909,1696351851,1696351851,864,True
77209906,1696152962,1696153303,77,True
77209901,1696152740,1724983971,593,False
77210230,1696256979,1716882569,172,True
77209783,1696265959,1696950854,145,True
77209796,1696164569,1696179492,102,True
77209452,1696151872,1696151872,1163,True
77209457,,1696235510,134,False
77209513,,1698884230,212,True
77209520,1742236413,1742236413,2361,True
77209416,,1696152074,128,True
77209550,1696145561,1696145901,57,True
77209564,1727673162,1727673162,880,True
77209768,1696191827,1696191827,109,True
77209527,1696167708,1696168000,461,True
77401402,1699087848,1699097703,480,True
77401727,1698858016,1698858016,107,False
77401719,1698832561,1698832561,64,False
77401664,1698999599,1698999599,161,True
77401642,1698843252,1698843701,205,False
77401626,,1771680866,383,True
77401730,,1778667633,106988,True
77401594,,1698833523,125,True
77401497,1698842513,1698858960,474,False
77401390,1698836951,1698836951,177,False
77401255,1698828458,1698830867,108,True
77401350,1698828722,1698830278,1429,False
77401319,,1698833352,159,True
77401316,,1698846142,63,True
77401278,,1698827507,36,False
77401247,1699197100,1699197100,393,True
77401243,1699260227,1699260227,33,False
77401182,1698827517,1698827517,88,True
77401175,,1698836778,3658,True
77401164,1699010336,1699011429,113,True
77401775,,1698833224,121,False
77401357,,1723204870,13151,True
77401863,1698835258,1698835258,50,True
77401162,,1698826184,79,False
77401910,1698857997,1698857997,79,True
77402704,1698851324,1698851324,73,True
77402675,,1698842211,186,False
77402636,1698917917,1698917917,201,False
77402633,,1698841842,324,False
77402612,,1698843792,82,False
77402608,,1698848294,271,True
77402540,,1698840901,83,False
77402460,,1698845277,160,True
77402426,,1698839883,139,False
77402411,,1699112237,75,False
77401881,,1720894736,11312,True
77402394,1698840518,1698859500,201,True
77402235,1699268134,1708077093,1595,False
77402221,,1698985303,1036,True
77402209,,1698966803,1410,False
77402165,,1698843526,148,True
77402092,,1703182200,427,True
77402021,1698837662,1698839049,113,True
77402006,,1698866717,458,True
77401990,,1698847862,123,True
77401977,1699192589,1699192589,132,False
77401947,1769851761,1769851761,196,True
77402348,1698845050,1698847568,202,False
77401153,1698826515,1698827483,92,True
77402707,,1725773913,1439,False
77400962,,1698823570,506,False
77400100,1698817701,1698817701,234,True
77400079,1698807395,1698815099,1188,True
77400073,,1698806795,451,False
77400070,1698808070,1717326520,105,True
77400051,1698806889,1698807006,96,True
77399997,,1698810679,90,False
77399990,1698805384,1700985937,70,False
77399936,1698805065,1698805065,58,False
77399922,1698806820,1698806820,319,False
77399910,1698803680,1698803962,87,True
77400104,1699829497,1699918637,1706,True
77399900,,1698804173,192,True
77399845,,1698890258,159,True
77399834,,1698803886,115,True
77399830,,1698803931,163,True
77399828,1698835969,1699691117,68,True
77399751,1698800887,1698801813,95,True
77399743,1698800721,1698837441,361,True
77399713,1698851841,1698851841,500,False
77399698,,1698797716,205,False
77399685,1698875542,1698875542,136,False
77399677,,1698797910,566,True
77399890,1698838819,1698838819,1890,False
77400110,,1698853175,219,True
77401110,1698926844,1698926844,56,True
77400193,1698830813,1698830813,908,False
77400181,1698838750,1698868148,1356,True
77400929,1698931186,1698932524,257,False
77400918,,1698824943,75,True
77400895,,1698853942,166,True
77400886,1699064514,1708930291,1143,False
77400828,,1698823767,86,False
77400737,,1698820096,59,False
77400697,,1699021066,735,True
77400639,1698824017,1698824017,34,False
77400589,1698908140,1699029004,206,False
77400576,1698838650,1698838650,97,False
77400724,1698828788,1698828788,66,True
77400516,1698817509,1698897773,73,False
77400502,,1698918646,692,True
77400488,1698815784,1698836129,517,True
77400211,1698810168,1698810916,1048,True
77400426,1698835575,1698835575,89,True
77400420,1698815710,1698815710,181,False
77400393,,1698892836,111,True
77400294,1712065713,1712065738,138,True
77400236,1698851349,1698851349,233,True
77400214,1698810468,1728440167,408,True
77400539,1698845053,1698845053,100,False
77584782,1701429934,1701429934,55,False
77584799,1701428752,1701437608,109,True
77584834,,1701428899,2422,False
77584949,1701496839,1701496839,73,False
77584854,1701430685,1701430685,104,False
77584908,,1701430670,58,True
77584918,,1701650097,81,True
77584759,1701428981,1701430636,52,True
77584837,,1701447410,110,True
77584747,,1701430560,517,False
77584384,,1702153460,316,True
77584671,1701427438,1701448294,87,False
77584648,,1701612898,914,True
77584629,,1701435088,59,True
77584591,,1701464643,48,False
77584588,1701426590,1701427722,1528,False
77584556,1701471766,1701574501,141,True
77584481,1701675899,1701692760,343,False
77584444,,1701426678,96,True
77584424,,1701425044,130,False
77585069,1701436192,1701436232,177,False
77584718,1701428073,1701428073,58,False
77585112,1701447084,1701447084,175,False
77585519,,1701436503,54,False
77585240,1701435406,1701435406,65,True
77584351,1702251132,1702251132,57,False
77585820,1701439591,1701972479,335,True
77585792,,1701439183,111,False
77585752,,1701441198,578,False
77585720,1701453428,1701468411,129,True
77585703,,1701438320,54,False
77585659,,1701441938,165,True
77585655,1701440869,1701441650,89,True
77585645,,1701437776,195,False
77585613,1701437920,1701439286,318,True
77585138,,1702143214,123,True
77585608,,1707211599,695,True
77585597,1721890826,1721890826,1956,True
77585477,1701437675,1701444073,62,True
77585434,1701673232,1701689591,1833,True
77585373,,1701435034,266,True
77585364,,1701448672,90,True
77585352,,1701455338,1146,True
77585320,1701435397,1702469065,216,True
77585292,,1701458185,973,False
77585278,,1701433740,457,False
77585253,,1701771949,243,True
77585606,,1703580063,143,True
77584308,1701658487,1701658487,292,False
77585832,,1701439603,530,False
77584201,1701425039,1701426116,90,True
77582815,,1701468801,72,True
77582809,1701424371,1701424371,44,False
77582801,1701414002,1702324765,218,False
77582784,,1701408578,439,True
77582760,1701554953,1701556176,74,False
77582747,1701398965,1702347640,208,True
77582739,1710190673,1710190673,690,False
77582651,,1711390335,12911,True
77582649,1701492318,1701492318,232,False
77582620,1701396401,1718300796,12510,True
77582955,1701432405,1701496032,775,True
77582592,1701442248,1701442248,129,False
77582507,,1701392993,16,False
77582486,1701397302,1701397302,54,True
77582477,1709252186,1709252186,600,False
77582468,1701393828,1701401593,1602,False
77582460,1701397781,1740446341,426,False
77582449,1701423513,1701423513,101,False
77582446,,1704952765,195,True
77582439,1701391502,1701427521,145,True
77582391,1701391836,1701391836,395,False
77582351,1701389694,1715432938,478,True
77582522,1701397119,1701397119,131,False
77582993,,1701404447,310,False
77584244,,1701465235,713,False
77583140,1701409918,1702711104,281,False
77584165,,1701425754,540,False
77584118,1714844122,1733423788,7614,True
77584055,1701503256,1701503256,270,False
77584036,1704861481,1704861481,468,True
77583949,,1701543802,4063,False
77583913,1701428093,1701428093,689,True
77583096,,1701406678,300,False
77583878,1714820305,1714820305,89,True
77583736,1701418128,1701498995,3422,True
77583719,1701417180,1701719510,589,True
77583716,1701417007,1704204886,2130,False
77583899,1701657972,1701657972,130,False
77583685,1701440689,1701440754,98,True
77583617,,1701417762,262,True
77583549,,1701414830,1284,False
77583545,,1701415001,226,True
77583506,,1701414207,18,False
77583456,1701420740,1701438827,229,True
77583454,,1701413761,777,True
77583298,1701411581,1701465492,179,True
77583227,1701410334,1701410334,130,False
77583167,1701530717,1744486615,2841,True
77583699,,1701416697,50,False
77742393,1704133919,1704133919,402,False
77742406,,1704124142,362,True
77742419,1704140168,1704205296,97,True
77742431,1704136953,1704155133,328,True
77742521,,1704424503,429,True
77742475,1704125008,1704125075,492,True
77742479,1704216695,1704216695,302,False
77742505,,1704332690,183,True
77742445,,1704124406,21,False
77742344,1704122957,1704173496,110,True
77742164,,1704118761,101,False
77742335,1709719142,1719206840,604,True
77742314,,1727322081,2501,False
77742313,1704621147,1706708469,133,True
77742298,1704121866,1704132856,55,True
77742292,1704126663,1704139078,61,True
77742285,1704122224,1704123075,125,True
77742274,1704121614,1704121614,147,False
77742185,1704120111,1704120638,48,True
77742175,1704241189,1704284489,288,True
77742165,1704124828,1704217286,133,True
77742544,,1704132398,128,True
77742336,1704136261,1704157036,149,False
77742568,,1704304838,95,True
77742692,1704153916,1704153916,72,False
77742572,1704135071,1704135071,210,True
77742157,,1707188575,211,False
77743028,1704142823,1704142823,110,True
77742999,1724321979,1724321979,571,True
77742996,1704151730,1704153333,155,True
77742952,1704204567,1704204567,163,False
77742927,,1704269086,852,True
77742867,,1704135436,195,True
77742827,1704147819,1704213430,109,True
77742824,,1704131637,360,False
77742763,,1704140165,126,True
77742571,,1704202689,275,True
77742745,1719653122,1720230001,751,False
77742718,1704132072,1704140647,616,True
77742657,,1704278837,342,True
77742640,1704367691,1745342932,671,True
77742635,1704128474,1704129351,495,True
77742634,1704135596,1704135596,80,True
77742624,1704128708,1704213896,170,True
77742619,1704130228,1704130228,72,True
77742615,1704244917,1704244917,89,True
77742587,1704159820,1704159915,129,True
77742586,,1704136839,66,True
77742733,1704131439,1704131439,237,False
77743056,,1704136324,226,True
77742140,1704122174,1704125150,124,True
77742122,1704119534,1704131842,210,True
77741227,,1704093847,54,False
77741201,,1704106408,567,True
77741143,1704091606,1704109617,173,True
77741075,1704089135,1704089943,175,True
77741069,1704092523,1704092523,479,False
77741036,,1704088834,413,True
77740923,1704082686,1704138443,174,True
77740909,,1704096476,109,True
77740864,,1704100869,136,True
77740852,1704246390,1704246390,784,True
77740851,,1704081009,55,True
77740831,1704408995,1704408995,102,False
77740806,1704148071,1704185646,510,False
77740795,1704075022,1704570969,78,True
77740785,1704078366,1704095977,118,True
77740738,1704210866,1704210866,332,True
77740729,,1704073973,95,True
77740727,1704072113,1704072113,90,False
77740695,1704070032,1704093280,89,True
77740674,,1704091897,100,True
77742134,1704481544,1704679156,144,False
77741314,1704102412,1704103211,67,False
77741382,1704138812,1704138812,1030,True
77740893,,1704082879,379,False
77741434,1704103222,1704105540,77,False
77741417,1704101101,1759224212,16080,True
77742064,,1704298073,174,False
77742058,1704122844,1704143433,81,True
77742055,1704116279,1705550414,79,False
77742043,,1704115873,40,False
77742010,,1704115403,45,True
77741969,,1704114883,321,True
77741925,,1704174473,287,True
77741921,1704114287,1704114287,328,True
77741916,1704124264,1704140892,54,True
77741913,,1704127232,52,True
77742085,1704117295,1704122833,128,True
77741714,1704115674,1704270616,155,True
77741749,1704108649,1704108649,31,False
77741470,,1704110365,183,True
77741487,1704102442,1704103531,173,True
77741503,1704150296,1706476270,236,False
77741590,,1704129972,179,False
77741457,1704110997,1704110997,62,False
77741608,,1707394172,67,False
77741625,1704362150,1705086470,534,True
77741639,1762162476,1762162476,186,True
77741601,1704107303,1706972541,444,False
77918877,,1706794265,632,False
77919126,,1706781040,53,False
77919089,,1706780759,109,False
77919054,1706780954,1706788709,1388,False
77919015,1706780323,1706782989,86,True
77918933,,1706779342,79,False
77919134,1706781656,1706781656,112,False
77918920,1706779971,1706784574,1055,True
77918908,1706781398,1707291164,158,False
77918871,,1706779019,66,True
77918656,1728582817,1728582817,351,False
77918809,,1706777923,52,False
77918804,,1706778515,225,True
77918750,1706779105,1706786565,107,True
77918729,1706790804,1706790804,238,False
77918648,,1706776035,53,False
77918644,1706794352,1706794352,164,False
77918623,1706778405,1706786906,76,True
77918600,,1706775568,77,False
77918540,1706775064,1706775337,58,True
77919305,1706782628,1706786077,83,False
77918815,1706845548,1706845548,898,True
77919317,,1707370024,83,False
77918537,1706775241,1706775741,275,True
77919370,,1706783033,43,False
77920150,,1707451901,73,False
77920123,1706882442,1706893790,1853,True
77920104,1706805053,1706875718,211,False
77920093,1706791520,1706884786,2188,True
77920089,1706790798,1706791211,72,True
77919979,1706789302,1706789302,84,False
77919954,,1706788221,243,False
77919947,1706790485,1706797636,247,False
77919936,,1706788070,112,False
77919918,1706804069,1706804069,65,True
77919364,,1706783020,47,False
77919909,1706788337,1706788337,141,False
77919836,,1706787191,281,False
77919739,1706789409,1706789409,51,False
77919730,,1706787828,65,True
77919633,1706785970,1706786729,88,False
77919632,1730394982,1733510011,1243,True
77919560,,1707286765,520,False
77919480,,1706784035,239,False
77919456,,1707793752,198,False
77919397,1706784560,1706785458,133,True
77919392,,1706783232,114,False
77919908,,1706869723,83,False
77918532,1718528943,1723062661,1186,True
77920171,1706874947,1706890922,136,True
77918487,,1706775118,126,True
77917588,1706763637,1706791825,206,True
77917586,,1706758604,73,False
77917582,1706836878,1707745522,152,True
77917567,,1707293852,143,True
77917508,1706840241,1706840241,132,False
77917446,,1706755121,339,False
77917438,,1706757793,63,True
77917429,,1706755631,47,True
77917402,,1706754781,84,False
77917342,,1706779336,1600,False
77917599,1706819052,1706819052,108,False
77917339,1709935486,1709935486,211,False
77917321,,1707237273,600,False
77917313,,1707055397,66,True
77917297,1716743541,1716811621,582,False
77917266,1706752188,1706752188,54,False
77917257,1707563096,1707563096,155,False
77917251,1706753317,1706753317,81,False
77917202,,1706751034,76,True
77917146,,1706847023,1478,True
77917101,1706747486,1706747486,79,True
77917091,1706752783,1706752783,82,True
77917330,,1706785117,73,False
77917623,1706769058,1706769058,92,False
77918504,,1706805042,381,False
77917692,1706856504,1706856504,1048,False
77918360,1706837606,1706837606,224,False
77918290,1706772331,1706779948,172,True
77918221,1706824496,1750361731,242,False
77918172,1706770796,1706770885,219,True
77918159,1706785202,1706785202,55,False
77918150,,1707478491,122,False
77918063,1706777866,1706777866,84,True
77918029,,1706861552,108,True
77918027,1706768779,1707994588,301,False
77918018,1714111205,1738842262,164,False
77918080,1706832893,1707116682,106,True
77917971,,1740695282,1982,False
77917982,1706772249,1730708421,978,False
77917717,1707165762,1708611304,418,True
77917734,1706761974,1706765805,106,False
77917778,1706800574,1706800574,75,True
77917829,,1706765749,91,False
77917705,1706794979,1706794979,73,False
77917904,1706960802,1706960802,856,True
77917935,,1706769366,93,False
77917969,,1706778851,1412,True
77917840,1706853839,1706857796,92,False
77917641,,1706759868,173,False
78087152,,1709289576,51,True
78087355,1709642448,1710521400,60,True
78087339,,1709306000,162,True
78087247,1711099945,1711099945,90,False
78087243,,1709302741,54,True
78087232,1709290535,1709298930,42,False
78087223,,1709318433,1084,True
78087188,,1709293108,172,True
78087177,,1709722032,351,False
78087166,1709289639,1709289804,46,False
78086687,1709285415,1709285415,113,False
78086989,1709291935,1709294773,782,True
78086982,1709420281,1709420281,841,False
78086980,,1709287623,25,False
78086953,1709297010,1709297010,330,False
78086896,1709293582,1709299102,112,False
78086853,,1711897216,256,False
78086836,1709294618,1709294618,414,True
78086745,1709390637,1709518013,494,True
78086715,1709310226,1709310226,90,False
78087364,1709293928,1709293928,164,False
78087131,1709298643,1709300758,427,False
78087381,1709617322,1709617322,802,True
78087811,1709553825,1709553825,763,False
78087400,,1709858043,227,False
78088169,,1709301066,47,False
78088133,,1709300588,701,True
78088123,,1709300216,89,False
78088072,,1709309291,95,False
78088064,,1710530926,142,False
78088040,1709318475,1709332642,1228,True
78088036,1709303137,1709303137,171,False
78088032,,1709299529,48,True
78088011,1709299208,1709299249,223,False
78088003,,1755092183,2562,True
78087383,1709301172,1709302654,89,True
78087961,1709472426,1709472426,93,False
78087857,,1716139991,58,False
78086632,1709285326,1709286750,134,True
78087806,,1709297756,51,True
78087641,1709295411,1709295590,329,True
78087630,,1709294816,263,False
78087614,1709337958,1709341976,245,False
78087560,,1709295113,70,True
78087546,1709294300,1709300387,221,True
78087517,1760900771,1760900771,5035,True
78087513,1709293652,1709298112,196,True
78087955,1709299892,1709302185,134,True
78086596,,1709289009,281,True
78087040,1709290925,1709311285,178,True
78086542,,1709294090,770,False
78085526,1709268878,1709273930,122,True
78085478,1709268259,1709268259,58,False
78085464,,1709289555,167,True
78085448,1709268790,1709268790,107,False
78085442,1709266568,1709271183,39,True
78085365,,1709281533,76,False
78085363,1709263461,1709264868,82,False
78085355,1709263249,1709263249,86,False
78085327,1709422765,1709422765,112,False
78085281,1709260857,1709273466,57,False
78085543,,1709273207,121,True
78085183,1709283041,1709316911,109,False
78085129,1709257981,1722318889,8983,True
78085119,1709324266,1709352789,337,True
78085089,,1709276010,94,True
78085079,,1709547580,85,False
78085054,,1709256761,83,False
78085020,1709371787,1709644376,22930,True
78085015,1709253418,1709253418,66,False
78084971,1709258087,1709260511,331,False
78084959,1709258527,1709329997,167,True
78084945,1709857194,1709857194,1155,True
78085138,1709286880,1709286880,47,False
78085586,,1709276598,83,True
78086553,1709639507,1709639507,434,False
78085642,,1709273705,90,True
78086541,,1709286573,635,True
78086517,1709282990,1709283008,52,True
78086474,1709296787,1709341723,90,True
78086386,1709422090,1709422090,84,True
78086357,,1709283135,94,True
78086289,1709284791,1709284791,1866,False
78085597,1709303084,1709303084,293,False
78086241,1709400563,1711552561,67,False
78086235,1709281757,1709281757,109,False
78086220,,1709279435,58,True
78086191,1709819316,1709819316,35,False
78086248,1725208835,1725208835,189,True
78086056,,1709277183,150,False
78085996,1710109984,1710109984,1154,False
78085989,,1709275921,2002,False
78085938,1763544454,1763544454,349,True
78085909,1709545673,1709545673,59,False
78085881,1709309146,1709309146,250,False
78085849,1709274617,1709274617,102,False
78085841,1709372054,1709477880,183,True
78085766,1709320216,1727097547,243,False
78085652,1709280793,1709285270,37,True
78086132,,1722962905,1041,True
78255586,1711976062,1711976062,304,False
78255628,,1711989855,136,True
78255709,,1711980553,230,False
78255788,1712001847,1712003965,168,True
78256116,1711987678,1712012733,850,False
78255915,1711980956,1711982791,147,False
78255992,1711985214,1712241387,168,True
78256090,,1711982584,79,False
78255846,,1711986761,296,False
78255527,,1711975234,615,False
78254889,1711977721,1711984380,690,True
78255426,1711987577,1711987577,147,False
78255340,,1711973680,338,True
78255277,1711974391,1711975469,213,True
78255236,1711972800,1712569361,354,False
78255143,,1711971088,61,True
78255117,,1711969864,124,False
78255078,,1712027773,135,True
78255053,1711982796,1711982796,163,False
78254993,1724441396,1724441396,149,True
78254902,,1712365912,274,True
78256137,1712009138,1712009138,71,False
78255509,1711987853,1711987853,107,False
78256155,1712060156,1712067160,77,True
78256333,1711985959,1711985959,149,False
78256167,1711983435,1711996550,110,True
78254766,1712155289,1712155289,229,False
78256688,,1711990613,37,False
78256679,,1712001173,74,True
78256632,1712074145,1712074145,139,False
78256629,,1711998389,103,True
78256627,1711990416,1711990416,69,False
78256623,,1711989209,595,False
78256559,1712007587,1722120133,571,True
78256542,1712146695,1712149181,586,False
78256497,,1713551778,1038,True
78256159,1717964077,1738642516,297,True
78256468,1711999956,1711999956,357,False
78256362,1711986731,1711987322,2143,False
78256329,1719593178,1719593178,105,True
78256304,1711985678,1711985678,1276,True
78256263,,1711988961,559,False
78256241,1711987610,1711987916,929,False
78256240,,1711984230,57,False
78256229,,1711992830,347,True
78256223,1711990353,1711991343,125,True
78256202,1712007180,1755789902,101,False
78256183,1711988055,1711988055,27,False
78256389,,1711989696,924,True
78256773,1717133569,1717133569,548,True
78254765,,1711972417,84,False
78254737,,1711964970,115,False
78253818,,1713886238,311,True
78253797,1711949277,1711979867,180,False
78253728,,1712017254,214,True
78253711,1711947935,1711953560,52,False
78253702,,1712310673,63,False
78253701,1712126339,1712126339,9017,True
78253579,1711988385,1713634459,449,False
78253564,,1711969121,1060,False
78253553,,1711944326,60,True
78253534,,1711944535,179,True
78253503,,1711981900,964,True
78253459,1711943608,1711945407,96,True
78253456,1712414541,1712414541,348,False
78253436,1711941314,1711942272,111,True
78253290,,1711934212,48,False
78253278,,1711945579,72,True
78253266,1712174625,1712174625,115,False
78253263,,1712008473,99,True
78253231,1711972642,1783351411,2040,False
78253210,1711936738,1711936738,101,True
78253200,,1711930570,141,False
78253842,1711959103,1711959103,142,False
78253860,,1713502425,47,True
78254757,,1712658561,3430,True
78253997,1712075694,1712075694,118,True
78254706,,1711964551,498,False
78254631,1712069737,1712069737,128,False
78254582,1712003608,1712003608,66,False
78254579,,1712027420,227,True
78254555,1711964080,1711964080,502,False
78254529,,1712054868,276,True
78253976,,1711952828,31,False
78254501,1722670707,1727176022,361,True
78254492,1711962175,1711964767,3166,True
78254479,1711972321,1712022876,105,True
78254422,,1711961971,240,True
78254516,1711974759,1712169363,58,False
78254412,1711993818,1711993818,400,True
78254396,1711960558,1711961924,75,True
78254374,1712067375,1712067375,166,False
78254372,,1731686298,218,False
78254332,,1711969185,115,False
78254310,1711961716,1711961716,51,False
78254250,1711960996,1711960996,45,False
78254249,1711987188,1712026128,227,True
78254057,,1711956049,38,True
78254013,,1711996406,276,False
78254414,1712087487,1712087487,60,True
78413244,1714560908,1714565180,552,True
78413255,1714571931,1714571931,194,False
78413287,1714563101,1714563101,161,True
78413299,1714640329,1714668429,52,False
78413409,1714668843,1714668843,205,False
78413313,1714578111,1714639893,76,True
78413392,1714589079,1714589079,96,False
78413403,1714680209,1714680209,518,True
78413301,1716874494,1716874494,537,True
78413233,,1714559385,165,False
78412846,1714565860,1714565860,294,True
78413126,1714583009,1714586229,189,True
78413120,1714558844,1714646750,58,False
78413084,1715599834,1715599834,20,False
78413065,1714557615,1714564256,65,True
78413057,1714558754,1714559435,411,False
78413025,1714581324,1720603396,6821,False
78412990,1714557486,1714580927,371,True
78412978,,1714558858,97,True
78412917,,1714554498,167,False
78412912,1714673219,1714673219,121,False
78413431,1714595960,1714595960,73,True
78413131,1714567662,1714567662,44,False
78413504,,1714734952,750,False
78413917,1714630011,1714630011,34,False
78413592,1714565424,1714565424,693,False
78414268,1717378799,1717378799,197,True
78412812,,1719226895,341,False
78414227,,1714574921,49,True
78414216,1714577199,1717137635,960,False
78414211,1716151067,1716151067,67,True
78414193,1714578691,1750340449,497,False
78414110,1714572525,1714572845,46,False
78414094,1714646747,1714767362,368,True
78414084,1714571903,1714571903,78,False
78414044,,1714571064,111,False
78413575,1715328516,1715328516,278,False
78413936,,1714569564,82,False
78413927,,1714569466,284,False
78413915,1714570818,1714570818,41,False
78413885,1714589554,1714589554,581,False
78413842,,1715011856,112,True
78413787,1727454468,1727454468,429,False
78413784,,1717445670,268,True
78413739,1714577312,1714580530,58,True
78413728,1714632229,1714639803,85,True
78413671,1723126126,1723126126,1197,True
78413655,1714568912,1714577287,1815,True
78413931,1714723641,1714723641,132,False
78414237,1723406512,1723406512,493,True
78412774,1714555584,1714555584,138,False
78412744,1714705706,1736897052,6269,True
78411945,1714535898,1714539594,63,True
78411884,,1714533869,33,False
78411879,1714534277,1714595310,39,True
78411878,1714585380,1714585380,22,False
78411867,1714560070,1714560070,116,True
78411847,,1714532622,32,False
78411784,,1714579074,56,True
78411768,1714544875,1714594153,42,True
78411725,1720307991,1720307991,74,True
78411723,1714537341,1714652506,134,True
78411721,,1714532743,108,True
78411719,,1714531503,277,False
78411698,,1737532951,1371,True
78411683,,1714529967,660,False
78411675,1714528257,1714627976,72,True
78411570,1714641067,1714647161,201,False
78411556,1714547219,1714547219,220,True
78411542,1714612857,1714612857,55,False
78411534,,1714522875,32,False
78411502,1714525890,1714525890,95,False
78412765,1714552834,1715510921,52,False
78411983,1714538497,1714538497,1251,True
78412008,,1714553117,40,True
78411726,1714533469,1714533469,85,False
78412032,1714552284,1714635272,615,False
78412019,1726945035,1726945035,289,True
78412680,,1714572862,253,False
78412664,,1714550474,142,False
78412623,,1714629394,45,False
78412608,,1714559067,47,True
78412601,1714568059,1714568059,342,True
78412576,1714555778,1714555778,80,True
78412549,1714553978,1714565984,494,True
78412491,1714548558,1715058915,388,False
78412463,1714547391,1714547391,137,False
78412450,1714547442,1714988403,1637,False
78412742,1714567392,1714954716,624,True
78412402,,1714548303,2020,False
78412441,1714710703,1714993462,500,True
78412108,1714743718,1714743718,1057,False
78412160,1770410155,1770410155,88,True
78412195,,1714686378,108,True
78412205,,1714549027,119,True
78412053,,1714538781,45,False
78412286,,1715317235,196,True
78412316,1714636462,1714636462,45,True
78412322,1714585166,1714585166,197,False
78412276,,1714622239,153,False
78564460,,1717575253,81,True
78564605,1717269314,1717269314,59,False
78564587,,1717323904,330,True
78564581,1717470345,1717470345,49,False
78564550,1717390063,1717390063,53,False
78564523,,1717264096,149,False
78564655,1717355222,1717430146,854,True
78564505,,1717265320,32,False
78564461,,1717287378,66,True
78564459,,1717273073,59,False
78564261,1734762704,1734762704,6261,False
78564399,,1717260595,35,False
78564333,1717436881,1717442637,101,True
78564293,1717261592,1717261592,704,False
78564282,1717259161,1717272814,71,False
78564241,,1717280251,821,False
78564238,,1717256890,150,False
78564233,,1717258812,45,False
78564217,,1734446542,2712,True
78564196,,1717257549,44,True
78564669,,1717272844,56,True
78564413,1717260976,1717914398,299,True
78564699,,1717271428,923,True
78564184,,1717255179,232,False
78564771,,1717276597,489,True
78565260,,1717305495,81,False
78565243,,1717298733,70,True
78565234,,1717290707,647,True
78565231,,1717414333,271,True
78565203,1747820457,1747820457,99,True
78565192,1717288653,1717301525,82,True
78565191,1717326361,1733617925,56,False
78565188,1717331426,1717368662,67,True
78565180,1717995670,1717995670,345,True
78565137,1717286469,1717318932,34,False
78564718,1718605041,1718605041,2769,False
78565132,,1717287044,63,True
78565064,1717281925,1717281925,43,False
78565013,,1717279921,820,False
78564999,1717280754,1717280754,255,False
78564958,1717280585,1717286899,172,True
78564945,1717278753,1717298407,81,True
78564920,,1717352834,75,True
78564877,,1717287460,86,False
78564789,1717272461,1717392679,360,False
78564783,1717275173,1717275173,560,False
78564778,1717310325,1717310325,58,False
78565125,,1717323084,95,False
78564068,,1717275238,137,True
78565377,,1717304632,82,True
78563997,1717253483,1717253801,64,False
78562976,1717223023,1717223023,91,False
78562951,1718283724,1718283724,54,True
78562910,,1717231084,80,False
78562866,1717225242,1717235532,164,True
78562854,1717219684,1722499361,235,False
78562724,,1717214207,56,False
78562717,1717262493,1717262493,1352,False
78562705,1717232464,1717232464,67,True
78562673,1717324568,1717331854,112,True
78562666,1717908238,1730708977,79,False
78562982,,1717223145,28,False
78562653,,1717267011,73,True
78562632,1717232530,1717232530,70,True
78562611,1717234778,1717234778,193,False
78562591,,1717205829,117,False
78562590,1717623298,1717623298,72,True
78562545,1719694731,1737305703,175,False
78562542,1717291805,1746950380,142,True
78562537,,1717261218,72,True
78562519,,1717202888,71,True
78562518,,1717203040,52,True
78562481,1717201138,1717244013,77,False
78562640,1762090611,1762090611,2600,True
78563021,1717253648,1717254195,161,False
78564000,1717255017,1717255017,99,False
78563126,1717231113,1717231113,96,False
78563984,,1717253667,249,False
78563975,1717250321,1717250321,2726,False
78563971,1741967810,1741967810,135,True
78563960,,1717250363,35,True
78563894,1717249392,1717250287,77,True
78563873,,1717247135,122,False
78563834,1717246852,1717246852,70,False
78563796,1717270686,1717270686,86,False
78563786,1717247766,1717251744,94,True
78563675,1717270828,1717270828,206,True
78563585,,1717427192,279,True
78563023,1717231074,1717231074,95,False
78563535,1717246339,1717710973,362,True
78563532,1740623963,1741143406,289,False
78563412,1717248424,1717249935,545,False
78563396,,1717240866,711,True
78563354,1717254134,1717254134,249,False
78563348,1717242914,1717242914,73,False
78563286,,1717244395,66,False
78563282,1717234383,1717234383,68,False
78563210,,1717324160,61,False
78563199,,1717231298,519,True
78563561,1717242763,1717242763,1805,False
78692193,,1719836477,241,False
78692212,1719836757,1719836757,63,False
78692222,1720087251,1720420053,539,True
78692380,,1719838653,89,False
78692260,1719837876,1719837876,141,False
78692274,1719838793,1719838793,202,False
78692333,1719899842,1719899842,690,False
78692165,1719836408,1719837683,579,False
78692255,1719843948,1719858656,50,True
78692139,1719837643,1719837643,131,True
78691822,,1720003817,82,True
78691957,,1719842026,128,True
78691919,1719832939,1719834064,65,True
78691873,,1719874592,184,False
78691826,1719925903,1719925903,144,True
78691658,1719829792,1719831089,119,False
78691652,1724237830,1724237830,394,False
78691628,1721679938,1721679938,186,False
78691625,1719831806,1719832826,129,True
78691616,1719882711,1719891469,192,True
78692403,,1720689726,72,True
78692134,,1719837511,145,True
78692438,1719955281,1719955281,68,False
78692811,,1719844478,75,False
78692537,,1732458356,49,False
78693056,1719848160,1719849194,94,True
78693052,,1720005396,183,True
78693033,1719848532,1719990279,98,False
78693027,1719882286,1719882286,86,True
78693026,,1719847569,51,True
78693024,1719847701,1719872297,175,False
78693015,1719862122,1719879575,66,False
78692959,1719916947,1721976477,1384,True
78692950,,1719849138,116,True
78692910,,1719866698,81,True
78692458,1719842373,1719936761,212,True
78692863,,1720217036,66,True
78691597,1719909883,1719909883,37,False
78692798,1719863606,1787762944,526,True
78692744,,1720524359,78,True
78692726,,1720000141,71,True
78692719,,1719843320,55,False
78692707,1719843301,1720419040,6762,False
78692641,,1719845215,93,True
78692640,1719843463,1719851402,534,True
78692559,,1719841214,93,False
78692552,1720556927,1720556927,76,False
78692844,1719925259,1719988137,69,False
78691574,1719883003,1719883003,247,True
78692083,,1719834953,332,False
78691539,,1719851884,297,False
78690669,1719823942,1719826140,63,False
78690602,1719812216,1719905935,802,True
78690589,1719812997,1719814336,285,True
78690568,,1719918964,281,True
78690529,1719810396,1719810806,499,True
78690407,1719847994,1721035359,573,True
78690406,1719885435,1719885435,234,False
78690388,1719836501,1719844531,144,True
78690334,,1719804831,76,False
78690291,1719806214,1719806214,119,False
78690671,1730039180,1730039180,97,False
78690284,1719962061,1719962324,1748,True
78690267,,1719813549,1060,True
78690264,,1719821628,417,False
78690234,1719802520,1719807204,84,True
78690229,,1721502119,1634,False
78690213,,1719993603,357,True
78690210,1719798669,1719798669,144,False
78690204,1719815337,1720154667,103,False
78690154,1719795698,1740565591,238,False
78690101,,1719820440,81,True
78691556,1719835133,1719835133,60,False
78690274,,1719821808,840,False
78690700,1719827716,1719827716,1635,True
78690099,1719795631,1719795631,139,False
78690772,1719834063,1719834063,73,True
78690704,1762207909,1762207909,257,False
78691459,,1756365234,995,False
78691438,,1719833230,94,True
78691402,1719836878,1719842553,155,True
78691340,1719828404,1719828404,23,False
78691335,1719845527,1728926441,701,True
78691288,,1719830431,377,True
78691274,1719827992,1719827992,74,False
78691202,1719829462,1721943803,283,False
78691141,1719845968,1721058822,420,True
78691120,1719841387,1729390776,1756,False
78691479,,1720088117,87,True
78691107,1719822416,1719840150,96,True
78691081,,1719821441,66,False
78691077,1719822253,1719824865,102,True
78691053,1720424423,1720424423,655,False
78691039,1719820839,1719829724,125,True
78691036,1719851885,1719852812,94,True
78691025,,1719853000,63,True
78691009,,1719842097,917,False
78690926,1719841267,1719841267,70,False
78690847,1719817932,1719952362,112,False
78690837,1719834254,1719834254,57,False
78821083,,1723365905,193,True
78821089,1722517104,1722949827,110,True
78821121,1724288987,1735277252,701,True
78821187,,1722518353,52,False
78821132,,1722517558,335,False
78821149,,1722526154,1165,True
78821184,1722635274,1722635274,57,False
78821056,1722526634,1723048527,244,True
78821122,1722517932,1722526155,67,False
78821050,1722594788,1722594788,418,False
78820861,1761389820,1761389820,131,True
78820996,1764000119,1764000119,601,True
78820957,1722847436,1722847436,256,False
78820951,1722523238,1722523238,167,True
78820748,1724702887,1724702887,1340,True
78820860,,1722587930,99,True
78820798,,1722935596,60,False
78820768,,1722512314,54,False
78820763,1722515591,1722515591,59,True
78820758,1722512333,1722512504,80,True
78821190,1722846928,1723448341,164,True
78821982,1722537210,1722729543,239,True
78821193,,1722518413,116,False
78821675,,1722525218,121,True
78821355,,1722598948,122,True
78820700,1722875345,1722875345,250,True
78821975,1722529397,1727153831,82,True
78821963,1722677046,1722677046,34,False
78821942,,1722528359,636,True
78821850,1722529842,1722529842,41,False
78821837,,1723456823,292,False
78821828,1722600578,1722600578,84,False
78821823,1722656159,1770324073,304,False
78821753,,1722525701,224,False
78821744,,1722973612,298,True
78821292,,1722522602,64,True
78821738,1722538291,1722538291,68,False
78821677,,1722543848,52,False
78821660,,1722539982,1416,False
78821557,1722523736,1722525516,100,True
78821544,1722523376,1722523376,2276,False
78821465,,1722989466,233,True
78821461,1722522051,1722527705,135,True
78821429,,1722522091,59,True
78821424,,1722581770,85,True
78821389,1722521145,1723416633,30,False
78821371,,1722581810,54,False
78821687,,1722531424,257,False
78820601,1722516603,1722516603,115,False
78821038,1722548158,1722548211,371,True
78820362,,1722762965,557,False
78819636,1722497919,1722502282,49,False
78819559,1722505980,1724681660,559,False
78819386,1722517839,1722517839,634,True
78819380,,1722493048,131,False
78819376,1722502746,1722690552,605,True
78819334,1722493550,1722493550,70,False
78819173,,1723019746,235,False
78819169,1723444154,1723444154,377,True
78819158,,1722500330,63,True
78819087,1722491752,1722495784,191,True
78819645,1722503415,1722503415,582,True
78819066,,1722949288,116,True
78819007,,1722482493,32,False
78818979,1722483352,1722483352,59,False
78818920,1761144177,1761144177,1115,True
78818919,,1722479756,44,False
78818917,1722827495,1722828859,96,False
78818794,1722498020,1723130355,141,False
78818782,1722475735,1722476866,45,True
78818773,1722475753,1723587400,2932,True
78818769,1722504614,1722504614,259,False
78818768,1722520345,1722520528,92,True
78819017,1722561658,1722866775,324,True
78819711,1722500368,1722500368,78,True
78820475,1722516414,1723595802,2000,True
78819757,1722499492,1722499753,306,True
78820328,,1724774447,89,False
78820308,1737233813,1737233813,177,True
78820267,1722507969,1722507969,57,False
78820258,1722522293,1722789842,820,False
78820256,1722509672,1723976128,155,True
78820222,1722505326,1722524373,37,True
78820110,1722530519,1722596750,275,True
78820102,,1722505505,55,True
78820096,1722957377,1722962449,137,True
78820057,,1722505483,89,True
78820126,1722509617,1722512033,62,False
78820017,,1722528850,61,False
78820055,,1723056386,298,False
78819839,1722505978,1722505978,240,False
78819843,,1722500457,980,False
78819883,1722503438,1722504870,95,True
78819922,1722517808,1722517808,86,True
78819832,,1722581859,95,True
78819939,,1722518133,96,True
78819975,,1722504994,370,False
78820013,1722503943,1722523136,48,False
78819924,1722515154,1722516347,484,True
78819716,1722499464,1722513396,122,True
78938539,,1725232935,58,False
78938754,,1725306227,367,True
78938725,1725243875,1725383800,533,True
78938723,1725308941,1726134142,170,True
78938722,,1725289347,105,False
78938692,1725308473,1725308473,68,False
78938691,,1727955044,137,False
78938653,,1725240620,76,True
78938611,1725238128,1725268256,166,False
78938589,,1725307485,161,True
78938302,1725222308,1725222308,413,False
78938507,,1743044415,227,True
78938487,1725561545,1725664569,85,True
78938440,1725271087,1725271087,96,True
78938424,1725229081,1726226783,120,False
78938398,1726122769,1726122769,255,True
78938395,1725240166,1725240166,634,False
78938390,1725286211,1725286211,69,False
78938324,1725292926,1725292926,98,False
78938312,,1725223070,54,False
78938772,1725381371,1725381371,145,False
78938529,,1726063355,432,True
78938784,1725290759,1725392024,247,True
78939368,1725273564,1725276411,66,False
78938799,1749857387,1749857387,710,True
78939773,,1725295242,78,False
78939768,1725281444,1725281444,47,False
78939731,,1725336645,84,True
78939671,1725297386,1725297386,96,False
78939633,,1725267584,65,True
78939613,1725267065,1725267065,39,False
78939607,1725269610,1725292483,252,True
78939606,1725349993,1725783423,225,True
78939597,1725275382,1725517620,345,True
78939571,,1731931942,121,False
78938798,,1725252494,134,True
78939534,,1725265456,185,False
78939475,1725351135,1725351135,385,True
78938295,1725224794,1725224794,21,False
78939286,1725269752,1725274326,56,False
78939233,,1725260714,64,True
78939142,1725261982,1756005150,576,False
78939116,1725257550,1725257550,59,False
78939020,,1725267692,80,False
78938955,1725272450,1740678476,198,False
78938890,1725303300,1760673085,10845,True
78938875,1753481759,1753482516,213,True
78939502,,1725280559,188,True
78938285,1725221987,1725258032,639,True
78938508,1725235330,1726528056,108,True
78938211,1761563675,1761563675,140,True
78937094,,1725198663,152,True
78937042,1725217829,1725217829,131,True
78936933,1725682711,1725775394,169,True
78936892,1725218109,1725218109,413,False
78936857,,1725180680,56,True
78936830,1725184812,1725184812,364,False
78936816,,1725176646,44,False
78936755,1725255502,1725262807,1611,False
78936643,1725225104,1725225104,100,True
78936607,1725173724,1725177063,83,True
78937119,1725291186,1725291186,69,False
78936557,1725179130,1725209716,121,False
78936535,,1725166777,281,True
78936530,,1725170690,57,True
78936509,,1749212179,757,False
78936484,,1725162206,62,True
78936478,,1725185921,61,True
78936473,1725530660,1725603737,197,True
78936446,1725279158,1725279158,61,False
78936422,,1725166878,67,True
78936404,1725256900,1725256900,149,False
78936335,1725163773,1725189791,88,False
78936548,1725167395,1725891989,124,True
78937146,1725188006,1725188006,56,False
78938260,1725324799,1725324799,229,True
78937182,1725218008,1725528977,227,False
78938209,1725218963,1725218963,89,False
78938115,1725222191,1725222191,170,True
78938085,,1725376192,131,True
78938073,1725256840,1725262115,214,True
78937986,,1725218543,58,True
78937962,,1725213219,111,True
78937157,,1725190721,280,False
78937912,,1725212502,91,True
78937907,1725216084,1725259807,483,True
78937897,1725212429,1725311644,99,True
78937823,1725226742,1725231018,127,True
78937921,,1725211051,488,True
78937753,,1725215363,42,False
78937726,1725205103,1727876051,199,False
78937724,,1725207799,100,True
78937663,1725206032,1725437009,2209,True
78937655,,1725203461,58,True
78937533,1725223868,1725225866,215,False
78937395,,1725200811,75,True
78937366,,1725196465,183,True
78937235,,1725198170,137,True
78937209,1725191286,1725193311,60,False
78937759,1725214022,1725243603,226,False
79043871,1727810501,1727810501,92,False
79043944,1727800693,1727867707,199,False
79043973,1727801085,1727801653,276,True
79043974,1728043688,1728045274,112,True
79044230,,1727884933,123,True
79044131,1727804180,1727805682,216,True
79044145,1738609314,1738609314,374,True
79044153,1741649033,1741649033,121,True
79044058,1727803167,1727803167,80,False
79043862,1727800020,1727800020,54,False
79043468,,1727790954,429,False
79043806,,1727858741,47,False
79043777,1727801571,1727801571,94,False
79043775,,1727796062,56,False
79043708,1727847244,1727847244,131,False
79043704,1727950750,1728056293,210,True
79043698,,1727794554,49,False
79043689,1727794694,1727796275,58,True
79043611,1727955662,1728089084,195,False
79043588,1727796930,1727796930,852,True
79043541,1727792645,1728048680,577,True
79044256,1727806690,1727806690,262,False
79043808,1727797341,1727797341,98,False
79044306,,1728048846,56,False
79044503,1727811486,1727812837,106,True
79044320,1738516059,1738516059,182,True
79043331,1727789007,1727789007,59,False
79044714,,1728929722,106,False
79044711,1727885221,1727910080,116,True
79044704,1727816738,1727818039,75,True
79044695,1727817968,1750090379,128,False
79044650,1727968823,1728594926,147,True
79044648,1727862157,1727862157,395,False
79044611,,1727889185,619,True
79044593,1727898697,1727972326,122,False
79044584,1727955325,1758643313,335,False
79044310,1727842051,1727895632,75,True
79044553,,1727812137,211,False
79044512,1727812136,1727960653,1697,True
79044501,,1727811490,88,True
79044500,1727888083,1738098376,71,True
79044482,1728243474,1728316262,1005,False
79044434,,1728287514,325,True
79044369,,1727808757,52,True
79044359,1727856863,1727856863,304,True
79044352,1727895328,1727895328,132,False
79044350,1728579796,1728579796,109,False
79044322,,1750071049,155,True
79044519,1727811647,1728301404,38,False
79044764,1727822152,1727823192,220,True
79043241,,1727796780,121,False
79043118,1727790920,1727790920,86,False
79042289,,1727774480,118,True
79042253,1727851850,1727851850,189,True
79042252,1727772853,1727775507,598,False
79042248,1727770739,1727770983,277,False
79042204,,1727769783,217,False
79042189,,1727769530,282,False
79042155,1727774517,1727800323,136,True
79042147,1731979372,1731980289,64,True
79042135,1727775615,1727775615,440,True
79041942,1729936472,1729945284,438,False
79041699,1727782886,1733665075,800,False
79041684,,1727758284,174,False
79041647,,1727781774,89,True
79041633,,1727845254,171,False
79041578,1727754398,1727870488,126,True
79041573,1748701192,1748726266,194,True
79041540,1727777140,1729808767,232,True
79041490,1727750892,1727753322,99,False
79041361,1748700624,1748726317,130,True
79041358,,1727744127,44,False
79041308,,1744794256,1408,True
79042321,,1727794344,861,True
79042347,1727773878,1727773878,104,False
79043163,,1727811658,141,False
79042421,1727807151,1727956481,609,False
79043042,1727785248,1727785333,87,True
79043026,,1727855091,132,False
79043011,,1727783710,124,False
79043009,1727783711,1727785263,472,True
79042968,,1727796595,999,True
79042960,1727788454,1727789974,127,True
79042915,1771068213,1771068213,261,True
79042908,1727781707,1744774171,198,False
79042837,,1727781513,61,True
79042822,1727787917,1727788509,85,False
79042937,,1727806337,83,True
79042708,1727787142,1727944025,1648,True
79042776,1742686952,1742686952,108,False
79042426,1727781293,1728005158,460,True
79042456,,1727781309,263,False
79042519,,1727828369,71,True
79042560,,1727775738,90,False
79042424,,1727796901,127,True
79042588,1727776272,1727776272,249,False
79042646,1727787158,1727787158,119,False
79042666,1727777978,1727777978,98,True
79042577,1740914223,1740914223,154,True
79042388,1727794719,1727794719,71,False
79149222,1730490358,1730490358,26,False
79149427,1730534200,1730534668,179,True
79149425,,1730733100,82,True
79149378,,1730497731,1626,False
79149341,,1731064541,423,True
79149294,1730501093,1730501093,1825,False
79149293,1730496985,1730496985,105,True
79149274,1730494709,1730746018,359,True
79149262,,1743425684,1276,True
79149260,1730511168,1730511168,67,False
79148747,,1730478138,144,False
79149164,1730827929,1730831913,230,True
79149147,1766828096,1766828096,1879,True
79149108,,1730884378,1815,True
79149103,1733537728,1733537728,120,False
79149035,1732800049,1732800049,108,False
79148948,,1736231334,115,False
79148924,,1730530830,80,True
79148802,1730479325,1730479325,71,False
79148781,1730486389,1730492533,76,True
79149431,,1730495285,57,False
79149175,1731289695,1731289695,57,False
79149448,,1730507230,42,False
79149716,,1730562857,67,True
79149485,,1730519880,78,False
79150176,1730534129,1730534129,821,False
79150136,,1730534915,69,True
79150108,,1759682116,51,False
79149972,,1730662040,93,True
79149930,1731884183,1731884183,81,False
79149913,1730564181,1730564181,4464,True
79149846,1730515296,1730516557,79,False
79149829,1730514616,1730725561,292,False
79149825,,1730515013,40,False
79149821,,1730662320,147,False
79149449,1730547426,1730547426,106,False
79149811,,1730720907,693,True
79149745,1731266332,1731266332,273,True
79148736,1730492395,1730492395,163,False
79149709,1730511517,1730511517,147,True
79149707,1730512763,1730541847,118,True
79149657,1730503757,1730555534,127,False
79149627,,1730512189,102,False
79149626,1730502228,1730627667,94,True
79149558,,1730536109,46,False
79149547,1730499874,1730499874,48,False
79149521,1736112767,1736112767,43,False
79149763,1730737683,1750435674,470,True
79148625,1730476616,1730479821,79,True
79149172,1730489187,1730489279,70,True
79148697,1730566569,1730566569,105,False
79147500,1730454005,1751635610,942,True
79147445,1730575776,1730575776,86,True
79147443,,1730603760,131,True
79147385,1730454028,1730454028,222,False
79147359,1730454203,1730454203,43,False
79147288,1730620626,1730620626,85,True
79147234,1730483332,1730483332,128,False
79147084,1730441551,1730478135,98,False
79147042,1730653739,1730653739,126,False
79147019,1730579070,1730911219,93,True
79147597,1730471243,1730476823,137,False
79146976,1730502237,1730502237,110,False
79146953,,1730816996,39,False
79146896,,1730653235,57,False
79146880,,1730467421,64,True
79146851,1730431945,1730441833,157,False
79146802,,1730432421,75,True
79146794,1733642409,1733642409,187,False
79146738,1730429437,1730430091,99,True
79146729,,1730456190,1383,True
79146647,1730508401,1733876572,146,False
79148566,1730633171,1732547145,176,True
79146969,1730438130,1730439605,69,True
79147643,,1730463616,65,True
79147028,1730483368,1743664817,1133,True
79147681,1730970381,1730970381,135,True
79147645,,1730458459,66,True
79148525,,1730885235,728,True
79148483,1731087741,1731087741,320,True
79148385,1730471797,1730471797,121,False
79148366,1761855800,1761855800,190,False
79148347,1730473642,1730475090,70,False
79148292,1730472382,1730472866,144,True
79148243,1761467651,1761467651,1015,True
79148210,,1730726767,191,True
79148178,1730501787,1730501787,87,True
79148175,1730555312,1730555312,1522,True
79148560,1730475031,1730631594,141,True
79148054,1730653186,1730653632,782,False
79148114,1730469534,1730471577,83,True
79147700,,1732323284,128,True
79147705,,1730457759,325,True
79147836,1730463638,1730463638,3700,True
79147837,1730463554,1730463554,86,False
79147692,1730463532,1730463532,94,False
79147876,,1730461883,31,True
79147896,1730474306,1730474306,83,False
79148025,1730494847,1730494847,112,True
79147875,,1730779715,67,False
79242930,1733119609,1733119609,27,False
79243133,1733128189,1733128189,87,False
79243117,1733139558,1745484787,2136,True
79243106,1733144581,1740488857,96,True
79243094,1734077974,1734077974,116,True
79243015,,1733116922,146,False
79243003,1733172738,1733172738,121,False
79243206,1733125166,1733125166,223,False
79242984,1733216557,1733216557,97,False
79242938,1733138698,1733138698,85,False
79242887,,1733504780,82,False
79242639,1737391775,1737456850,228,False
79242788,1733103622,1733110645,96,True
79242702,1733151094,1733151094,274,False
79242651,1738951737,1738951737,59,False
79242610,,1733529068,70,False
79242582,1738951695,1738951695,676,False
79242541,1759492263,1759492263,420,True
79242476,1733087860,1733087860,58,False
79242472,,1733086834,162,False
79242440,,1733163887,98,True
79243222,1733188787,1733203340,299,False
79242841,1733224244,1733238813,314,True
79243311,1733138499,1733149269,103,False
79242432,,1733085620,712,False
79243345,,1733135929,133,True
79244250,1733148696,1733169722,357,True
79244221,,1733235781,71,False
79244168,,1733182715,143,True
79244162,,1733143977,138,False
79244132,,1733148372,129,True
79244131,,1733143264,50,False
79244109,,1733145807,139,True
79244106,1733145528,1733145528,516,False
79244095,1735061259,1735061259,119,True
79244083,,1733152386,152,True
79243340,1733185321,1733185321,102,False
79244000,,1733140806,46,False
79243860,,1733139955,52,True
79243808,,1733156041,89,True
79243713,1733325842,1733325842,134,True
79243681,,1733140356,104,True
79243594,1733140129,1733152394,71,True
79243483,1733131667,1733131667,54,False
79243452,1733138509,1733138509,668,False
79243356,,1733151509,120,True
79243355,,1734342090,78,False
79243348,1733127698,1733352601,112,True
79243949,,1733248159,85,True
79244267,1733152239,1733152239,57,False
79242374,,1733084149,363,False
79242279,1733146025,1733176109,72,False
79241455,,1733052629,62,True
79241406,,1736678224,51,False
79241329,,1733128336,96,True
79241319,1733063228,1733160967,227,True
79241313,1733047084,1733047084,67,False
79241291,1733144451,1733144451,111,True
79241278,1733086963,1733086963,100,True
79241244,,1733223379,39,True
79241191,,1733148212,506,False
79241135,1733314926,1733314926,1585,True
79241088,1733115989,1733119886,264,True
79241077,,1733122879,45,False
79241075,1733038578,1733078513,187,False
79241070,1733072715,1733072715,93,True
79241034,,1733040371,51,False
79240944,1733029820,1733038759,99,True
79240885,,1733071809,117,False
79240870,,1733097760,336,True
79240851,,1733033418,258,False
79240830,,1733116057,115,True
79240720,1733149229,1733149229,264,True
79241472,1733055912,1733055912,69,False
79241502,1733085918,1733173092,3188,True
79242289,1733085584,1733309811,160,False
79241543,,1735556936,2679,True
79242239,1733078916,1733081245,129,True
79242220,,1733154896,84,True
79242209,1733081998,1733085400,194,True
79242191,1736906940,1736906940,1212,True
79242142,,1738085878,159,True
79242121,1733215380,1733215380,143,False
79241507,,1733112901,87,True
79242048,1733233672,1733233672,87,False
79242041,,1733321045,366,False
79241977,1733161456,1733161456,1504,False
79241969,1748552918,1748552918,131,True
79242086,1733222776,1733222776,46,False
79241910,1743013195,1743013195,750,True
79241909,,1733339963,1697,False
79241894,1733096730,1733096730,263,False
79241871,,1733409999,77,True
79241786,,1733063587,58,False
79241768,1766062809,1766062809,74,False
79241735,1733182735,1733233618,171,True
79241645,,1733065193,59,False
79241634,1733096639,1733174676,180,True
79241613,,1733061243,74,False
79241946,,1733068177,72,False
79323215,1761726899,1761726899,103,True
79323230,1736151047,1736188968,104,True
79323267,1735889009,1735901417,104,True
79323285,,1742079879,277,False
79323660,1735852690,1735903830,150,False
79323468,,1735814680,69,False
79323513,1735924604,1735924604,72,False
79323626,,1735905475,874,False
79323434,1735814044,1735814044,50,False
79323172,1735807196,1735810818,76,True
79322620,,1754638290,572,True
79323140,,1735840296,42,False
79322918,1735953456,1735953456,183,False
79322900,,1735799420,61,True
79322812,1735809769,1736265582,651,False
79322796,,1735800170,44,True
79322685,,1735793041,78,True
79322651,1735789774,1735928166,235,True
79322646,,1735933096,259,True
79322639,1735788944,1735788944,56,False
79322625,1735809529,1736172912,120,True
79323666,1735820254,1735824607,198,True
79323147,1735893631,1736207962,167,True
79323742,1735836877,1735854650,290,True
79324114,,1736071607,46,False
79323752,1735822021,1735822021,62,False
79324831,,1740731389,103,False
79322608,1735782794,1735782794,175,False
79324706,1735844469,1735925774,296,True
79324668,1735845341,1735847057,134,True
79324635,1735899565,1735899565,58,False
79324608,,1735842889,154,True
79324524,1735854057,1735854057,44,True
79324481,1735838310,1736331397,2462,False
79324475,1735839836,1768575898,164,True
79324436,1735892156,1735892156,223,False
79323746,1735834080,1735836247,116,True
79324398,1736190653,1736190653,194,False
79324137,1735830315,1735831909,255,True
79324075,1736157525,1736163815,566,False
79324073,,1735829099,81,False
79324053,,1740632984,67,False
79324043,1736080835,1736080835,107,False
79323979,1735832926,1749289860,166,True
79323814,1735833550,1735833550,327,False
79323808,1735894226,1735894226,150,False
79323799,,1739288447,266,True
79323765,,1735889517,243,True
79324334,1735902988,1735902988,48,False
79324718,1735846192,1736032631,137,True
79322606,,1735782368,49,True
79322598,,1737035566,1476,True
79321937,1735817240,1735817240,200,False
79321826,,1737016446,1047,True
79321760,,1739288457,104,False
79321755,1735742065,1735753306,76,True
79321741,,1735741037,308,False
79321647,1735739578,1735747559,514,True
79321570,,1735733802,267,False
79321551,,1735735456,76,True
79321347,1735741267,1735741267,118,False
79321289,1735797513,1736510618,638,True
79321224,,1735712245,194,True
79321189,,1735711027,104,True
79321112,,1736020465,74,False
79321029,1735756858,1735756858,159,True
79321028,,1735694652,125,False
79321016,,1735738986,162,True
79321012,1735724503,1735724503,58,False
79321001,,1735944886,85,True
79320984,1735762395,1735832719,293,False
79320980,,1735691831,62,False
79322605,1735782055,1735782055,305,False
79321947,1735809889,1735809889,99,False
79322010,1735756337,1735995328,877,True
79321489,1735730911,1737395398,991,True
79322044,,1735756000,60,False
79322039,1735816258,1735816258,313,False
79322580,1735810704,1735845208,162,False
79322565,1735779539,1735881831,73,True
79322543,1735777226,1735783072,86,True
79322531,1735777803,1735792738,103,True
79322530,1735776940,1736005552,663,True
79322529,,1735776018,50,False
79322486,1747988406,1747988406,127,False
79322421,1735771988,1735772786,74,True
79322394,1735849736,1735871854,104,False
79322300,1735829982,1741196740,44,False
79322581,1735794793,1735838641,298,True
79322284,1735777927,1735777927,71,False
79322295,1735850425,1735850425,205,True
79322098,1735762522,1736716069,107,False
79322117,,1736974485,63,False
79322130,1735846156,1735908440,369,True
79322153,,1735764551,98,True
79322091,1735755982,1735766305,821,True
79322235,1735768111,1735768111,120,True
79322243,,1739306564,107,False
79322253,,1736011556,165,True
79322184,1735860399,1735860399,97,False
79406441,1738512001,1738714966,270,True
79406524,1738578932,1738578932,134,False
79406522,,1738600142,108,True
79406511,1761601214,1761601214,89,True
79406498,1738748829,1738748829,157,False
79406476,1738587839,1738589499,134,True
79406551,,1738509431,84,True
79406471,,1738494497,38,False
79406461,1738592007,1738592007,104,True
79406428,1740234967,1740263375,171,True
79406167,1738479122,1738513982,68,True
79406394,,1738493425,155,False
79406346,1743175605,1743175605,228,False
79406233,1738484555,1738484555,73,False
79406202,1738600398,1738600398,181,False
79406154,1738616489,1738616489,149,True
79406133,,1738499514,156,True
79406056,,1738533123,81,True
79406013,1738709308,1738756767,63,True
79406005,,1738491107,119,False
79406608,1738501920,1738602141,195,True
79406419,,1738502933,182,True
79407330,,,,
79405991,,1738491588,152,True
79406779,,1738589828,271,True
79407324,1738686588,1738686588,123,True
79407317,1738589242,1738598626,197,True
79407284,,1738595031,293,True
79407250,1738613071,1738613071,49,True
79407242,1738612317,1739964247,561,False
79407233,1738615556,1738633684,113,True
79407219,1738625555,1738625555,123,False
79407210,,1738527758,136,False
79407189,1739051223,1739059232,2624,False
79407184,,1738827356,110,False
79406743,1738578848,1738578848,57,True
79407173,1738529574,1738843599,202,False
79407097,,1738575915,335,False
79407087,1738520900,1744852675,72,True
79407071,,1738523608,80,True
79407057,1738520235,1739138606,75,False
79406955,1738613727,1738613727,102,False
79406917,1742067990,1742067990,3060,False
79406912,1739018980,1739018980,68,False
79406869,1738691453,1738691453,56,False
79406858,1738513895,1738522929,131,True
79406782,1738515421,1738635306,492,True
79407124,,1738523640,841,True
79405989,,1738470108,114,True
79406663,1761301814,1761301814,256,True
79405965,,1738461124,60,False
79405014,1738429539,1738568887,232,True
79404982,1738492365,1738492365,75,True
79404973,,1747025841,1514,True
79404925,,1738413974,87,True
79404917,1745659454,1745687733,312,True
79404824,1738408417,1738410712,66,False
79404786,,,,
79404607,1738413440,1738413440,89,False
79404581,1738434778,1738440826,106,False
79404539,1738393169,1738401797,45,True
79405028,1738476167,1739013491,111,False
79404534,,1738391538,1098,False
79404509,1738527431,1738527431,71,True
79404494,1738392103,1738465126,103,False
79404481,,1738388587,376,False
79404453,1738454695,1738454695,59,False
79404450,1738528101,1738528101,99,False
79404435,1738398643,1738571897,76,True
79404376,,1738382491,358,True
79404365,1738514998,1738514998,128,False
79404340,1738377666,1738538438,62,False
79404210,1738609500,1738622661,131,True
79404513,1738405620,1738756471,127,False
79405056,,1739288396,119,True
79405988,,1738468210,100,True
79405200,1738426119,1738426253,98,True
79405943,1738675273,1738675273,109,True
79405928,1738490325,1740492847,614,False
79405879,,1738454549,60,False
79405875,,1738507359,127,False
79405874,,1738454241,36,False
79405867,1738534593,1738534593,59,True
79405079,1738425233,1738441616,249,True
79405792,1738665584,1738665584,301,False
79405770,,,,
79405672,,1738447017,44,True
79405614,,1738501990,94,True
79405832,,1738493153,128,False
79405520,,1738441769,102,True
79405506,,1738435682,1808,False
79405487,,1738435039,128,False
79405483,,1738513200,103,True
79405481,,1738437065,53,True
79405471,,1738434594,41,False
79405385,1738433413,1738444256,104,True
79405384,1738433621,1738442758,131,True
79405304,1738441041,1738441041,139,True
79405222,,1738424195,76,False
79405537,1738492000,1738637484,71,False
79479227,,1740948261,115,True
79479289,,1743498177,51,False
79479347,,1740981860,96,True
79479368,,1769660802,112,True
79479491,1754556853,1754556853,380,True
79479376,1741101254,1741101254,75,True
79479405,1740936574,1740959491,1902,True
79479426,1741021412,1741021412,132,False
79479370,,1743670578,109,False
79479213,1742797376,1742797376,160,True
79478793,,1740909247,161,True
79479096,1740929096,1740929096,78,True
79479038,,1740945735,156,True
79479015,,1740915460,90,False
79478980,1741279856,1741609626,228,True
79478924,,1740936066,105,True
79478900,1741011662,1741013654,70,True
79478895,1740920604,1740920604,112,False
79478857,,1740907843,208,False
79478834,,1740914096,133,True
79478810,1740935587,1740935587,89,False
79479529,1741029395,1741029395,57,False
79479136,,1740922221,81,False
79479543,,1740942118,143,True
79480013,1740972648,1741944195,98,False
79479618,,1740995521,72,True
79478781,,1740944068,239,True
79480437,1740993848,1740993848,98,True
79480411,1740989162,1740989162,67,False
79480319,,1741045852,115,True
79480260,,1744231889,208,True
79480218,1787440447,1787495843,46874,True
79480205,,1741057686,77,True
79480151,1741008770,1741008770,146,True
79480121,1741029287,1747569669,832,False
79480120,,1741035578,73,True
79479599,1740943170,1740949811,147,True
79480096,,1740971746,120,False
79480032,,1741148379,108,True
79479998,1741299727,1741299727,158,False
79479963,1740988432,1748432618,215,True
79479946,1740998395,1740998395,71,False
79479888,1740964593,1740964593,76,True
79479870,1740977076,1740977076,42,False
79479781,,1740951461,50,False
79479725,,1740958593,76,True
79479705,1740948054,1743076361,163,True
79479653,,1742944586,72,True
79480081,1741015328,1741049043,109,False
79478757,1741019038,1741019038,122,True
79478750,,1741713936,73,True
79478724,,1740898749,214,False
79477786,,1740856241,88,True
79477752,,1740841624,78,True
79477745,,1753281475,2830,False
79477700,1740837986,1740839093,140,True
79477693,1741109612,1741109612,113,False
79477634,,1740841464,296,True
79477616,1740843785,1740849738,93,True
79477586,1740935766,1742550544,144,False
79477559,,1740837242,62,True
79477398,,1740844682,115,False
79477395,1740838020,1740840185,76,True
79477348,1740830410,1757811076,343,False
79477310,,1740819037,66,False
79477304,1740821325,1740821325,82,True
79477286,1740817633,1740821677,59,False
79477253,,1740818033,195,True
79477248,1740979235,1740979235,122,True
79477078,1740818917,1741047965,217,True
79477070,,1740985843,2626,True
79477010,,1741210464,133,True
79476989,,1747438099,403,False
79477824,1740843576,1740844283,105,False
79477889,,1740845486,188,False
79477454,,1740830242,61,True
79477980,1740885175,1740921299,479,True
79477947,,1740862900,59,True
79478703,1740898503,1740898712,121,True
79478682,,1743048117,332,False
79478658,1741054299,1741054299,46,False
79478562,1761593236,1761593236,104,True
79478558,1740912896,1740948473,127,True
79478541,,1740921000,162,True
79478526,,1740968035,44,True
79478514,1740927430,1744844794,133,False
79478383,1740908523,1740908523,123,True
79478360,1744397991,1744397991,143,False
79478715,,1740996512,101,False
79477988,1740855335,1740855335,236,False
79478323,1740924136,1740924136,100,True
79478318,,1740867398,61,False
79478307,1740868850,1740943112,65,True
79478223,,1740870434,66,False
79478111,1740857981,1740857981,69,False
79478068,1740857160,1762781079,184,False
79478051,,1740888086,102,True
79478025,1741023126,1741717616,129,True
79478019,1740870950,1742223205,151,True
79478331,,1740875812,137,True
79549767,,1743601026,167,True
79549771,1744170700,1744170700,153,True
79549787,,1744003586,731,True
79549802,,1743575075,50,True
79549986,1743597901,1743604882,75,False
79549881,1761949468,1761949468,154,True
79549907,1743577543,1743701154,92,True
79549916,1743577868,1743749416,135,False
79549763,,1743572316,76,False
79549847,,1743575509,123,False
79549759,,1743571979,101,False
79549541,,1744030919,121,True
79549737,,1743595007,445,False
79549687,1743624139,1743624139,245,True
79549626,1743578629,1743578629,130,True
79549595,1743590712,1743770424,22136,False
79549461,,1743557748,74,True
79549451,,1743555839,78,False
79549407,,1743552400,114,False
79549268,1743545489,1743547160,287,True
79549259,,1743552562,64,True
79549249,,1743631480,61,False
79549742,,1743623465,77,True
79550040,,1743621027,409,True
79550798,,1743697758,193,True
79550116,,1743583084,61,False
79549235,,1743544916,71,True
79550795,,1743605840,77,True
79550761,,1745216895,87,True
79550730,1744462323,1744462832,664,False
79550724,,1743599453,30,False
79550674,,1743598235,96,False
79550639,,1743604267,76,True
79550627,1743667037,1743667037,211,False
79550546,1750346070,1750346133,611,True
79550486,,1743593209,199,False
79550092,1743586748,1744149110,598,True
79550452,,1743678540,156,True
79550367,,1743775198,170,True
79550361,,1743588875,104,False
79550320,1743588135,1743588591,74,True
79550295,1761949409,1761949409,264,False
79550287,1743624320,1743624320,115,True
79550279,1743639513,1747041086,3427,True
79550276,,1743598352,318,True
79550273,,1743588258,103,False
79550272,,1743605160,75,True
79550255,1743599534,1743693904,103,False
79550403,1743595257,1743595257,91,True
79549219,1743689183,1743689183,97,True
79549124,1743547618,1743547618,81,False
79549115,,1743541472,449,True
79548159,,1743498185,190,False
79548120,1769002857,1769002857,243,False
79548083,1743497441,1743582030,66,False
79548081,1743661201,1743664622,263,True
79548070,1743506618,1743602008,115,True
79547994,1743536146,1743536146,137,False
79547856,1743490264,1743933168,99,False
79547850,1743496713,1743558178,119,True
79547849,,1743488314,35,False
79547780,1743495486,1743497194,230,True
79547762,,1743486183,60,True
79547736,1743490436,1747198581,103,True
79547724,1743487180,1743499966,92,False
79547703,,1744108147,333,True
79547639,1761949652,1761949652,277,True
79547588,,1743630988,4137,True
79547571,,1743471758,42,False
79547567,1743478738,1743479127,53,True
79547515,1743598836,1743599107,221,True
79547496,1743501466,1743501466,108,True
79547495,1762237225,1762237225,59,True
79548185,1743498920,1743498920,76,False
79548219,1743508555,1743511081,65,True
79547465,,1743503635,89,True
79548304,,1743507248,57,False
79548243,1743500922,1743537192,114,True
79549110,1743611741,1743611741,103,True
79549057,1743541383,1743541383,101,False
79549008,1743538075,1753300629,114,False
79549000,,1743538761,259,True
79548968,1744103963,1747187196,402,True
79548908,,1745336198,155,True
79548793,1743948639,1743948639,108,False
79548754,1744353445,1744353445,115,True
79548741,1743514262,1743656737,129,False
79548638,1744838126,1744838126,74,False
79548889,,1743535811,54,True
79548554,1743548511,1743548511,181,True
79548523,,1743507599,93,False
79548517,1743634010,1743634010,280,True
79548332,1743709414,1743760613,87,True
79548494,,1743509534,101,True
79548492,1743507794,1743513200,252,True
79548423,,1750191689,164,False
79548408,1743507029,1747676144,1055,True
79548391,1751899032,1751899032,91,False
79548363,,1743512235,110,True
79548581,1743564211,1743596552,267,True
79604001,1746220015,1746220015,121,True
79604038,1746225347,1746267343,145,True
79604094,1746268311,1746268311,104,False
79604226,1746295341,1746308485,215,True
79604132,,1746233636,242,True
79604183,,1746227037,77,True
79604220,1746235996,1746235996,360,True
79603977,1746211880,1746211880,48,False
79604129,1746220890,1746222914,140,True
79603806,1746317938,1746317938,156,True
79603555,,1746198657,69,True
79603748,1746213551,1746213551,85,False
79603745,,1746211406,142,True
79603739,,1746202280,55,False
79603730,1746219314,1746219314,170,False
79603725,1746253663,1746253663,73,True
79603715,,1746208083,181,True
79603699,1749571004,1749571004,88,True
79603624,,1746198401,96,False
79603558,1762553602,1763015241,16165,True
79604283,1746236002,1746285274,230,True
79603754,1746203026,1746212178,83,False
79604302,1746468467,1746507355,307,False
79604815,1746284343,1746306499,153,True
79604400,1747321982,1747321982,93,True
79603504,1746194300,1746476911,152,False
79605299,,1746334624,179,False
79605214,1746339823,1746429613,427,True
79605208,1746376874,1746378127,72,False
79605191,,1764122866,1197,False
79605163,1746317390,1752126467,101,True
79605098,1751388009,1751388009,420,True
79605058,1746435950,1746435950,121,False
79604986,1746305088,1746305088,161,False
79604966,1746337046,1746337046,146,True
79604384,,1759901826,130,False
79604901,1746294680,1751121511,162,True
79604826,1746288859,1746288895,102,True
79604798,1746374201,1746374201,107,False
79604797,1746299523,1746299523,117,False
79604777,1746282425,1746282425,112,False
79604732,,1746332996,92,True
79604724,,1746280162,99,True
79604608,1746269490,1746280866,173,True
79604500,,1746278944,108,False
79604458,1746257884,1746274669,93,True
79604417,,1746297999,213,True
79604883,,1746357676,132,True
79603499,,1746195598,110,True
79603438,1746198931,1746198931,74,False
79601257,,1757159263,108,False
79602106,1746126315,1746281711,387,True
79602076,1746133701,1747161676,84,False
79602026,,1746460425,125,True
79602019,,1748896993,154,True
79602017,1746153708,1746190929,466,True
79601938,,1746123977,332,True
79601928,1746230692,1746230692,143,True
79601906,,1746104978,178,False
79601886,1746106007,1746107469,184,True
79601835,1746117745,1746117745,917,True
79602162,1746129556,1746147858,230,True
79601812,1746101055,1746174496,242,True
79601755,1746112047,1746512758,193,True
79601719,1746355812,1746716524,102,True
79601644,,1746096205,98,True
79601530,,1746084421,125,False
79601521,,1748414584,1165,True
79601482,1746177853,1746190281,230,True
79601344,1746070351,1746099181,179,True
79601335,1746069853,1746337386,99,False
79601293,,1746468185,228,True
79603426,1755005729,1755005729,111,True
79601766,1746214896,1746214896,552,True
79602177,1746116625,1746632354,126,True
79601846,,1746155858,149,False
79602244,1746119214,1746198824,66,True
79602223,1746209349,1746209349,69,True
79603404,1763247595,1763247595,184,True
79603298,1746195590,1746201631,153,True
79603293,,1746186920,71,True
79603275,,1746185203,194,False
79603221,1746186075,1746186075,69,False
79603209,,1746182859,87,True
79603177,,1746199764,122,False
79603047,1746182752,1746182752,164,False
79602850,1746339048,1746339048,460,True
79602820,1746191660,1746191660,133,True
79603414,,1746265249,88,True
79602705,1746163955,1746163955,103,False
79602749,1746402443,1746402443,116,True
79602285,,1746120848,88,False
79602340,1746126629,1746188771,130,True
79602397,,1746125540,179,False
79602421,,1746127293,42,False
79602247,,1746175959,119,True
79602482,,1749424488,304,False
79602585,1746216402,1746493985,313,True
79602606,1746172012,1746172012,228,False
79602424,,1746221406,124,True
79650461,1748910873,1748911165,81,False
79650769,1748940359,1748949072,441,True
79650697,,1748931801,63,True
79650652,,1749472653,189,False
79650615,1748931870,1748979390,170,True
79650567,,1748921432,98,False
79650535,1749086915,1750953546,106,False
79650773,1748935263,1748935263,205,False
79650499,1748912137,1748912137,147,False
79650470,1748980583,1748980583,61,False
79650402,,1748902684,325,False
79650348,1748903261,1748908375,119,True
79650393,1748911019,1748997191,62,True
79650360,1755439105,1755439105,544,True
79650354,1748900235,1748982139,82,True
79650316,1748966582,1748966582,138,False
79650301,1748980756,1749036894,201,True
79650291,1748909678,1748909678,71,False
79650281,1748909934,1748966836,115,False
79650165,1748891892,1749195987,330,True
79650102,1748891636,1748962694,384,True
79650791,1748946556,1748946556,336,False
79650396,1748912277,1748948436,72,True
79650971,,1748942607,36,False
79650046,1748890867,1748890867,318,True
79650986,,1748943283,40,False
79651863,,1748982827,166,False
79651861,1749050401,1749094734,211,True
79651859,1749055083,1749055083,99,True
79651690,1748978095,1748978095,109,True
79651688,1748974491,1748974491,84,False
79651651,1748971645,1748971645,81,True
79651536,,1749581691,55,True
79651525,1748987131,1748987131,47,False
79651501,1749033141,1749048938,79,True
79651402,1748971037,1749315616,287,True
79650982,,1748943163,88,False
79651358,1748978166,1749111674,278,True
79651262,,1749232322,213,False
79651249,1749227478,1749227478,195,True
79651165,1748954698,1751275123,60,True
79651164,,1757628388,78,True
79651160,,1748950652,67,False
79651124,1748950149,1748950149,155,False
79651121,,1748949142,225,False
79651120,,1748949966,128,True
79651091,1748957961,1748960937,82,True
79651081,,1748962809,61,True
79651328,1749231438,1750061919,381,True
79650039,1748885981,1748933178,292,True
79650026,,1748956519,121,True
79650016,1748947293,1748950324,116,False
79647877,1748808683,1748823810,58,False
79647875,1748943417,1749065186,166,True
79647823,,1748802742,107,False
79647808,,1750825328,1774,True
79647730,,1748795624,399,False
79647719,1748797345,1748797345,71,False
79647709,1748903839,1749941454,160,True
79647655,,1748844459,375,False
79647650,1748793841,1748793841,97,False
79647627,1748808644,1748808644,24,False
79647615,,1752179629,109,False
79647601,1748795247,1749090715,144,True
79647350,1748793274,1748793274,269,True
79647470,1748823241,1748849536,315,True
79647209,1748794362,1748797338,132,True
79647185,,1749107788,262,True
79647158,,1748785247,84,True
79647152,1749105139,1749105139,723,True
79647131,1748900571,1749179273,123,True
79647107,1748754548,1748773844,105,True
79647093,1748759309,1748759309,79,False
79647894,1748808898,1748822930,86,True
79647899,1748809279,1748811682,104,True
79647636,1748807056,1748811465,107,True
79648080,1748843788,1751144321,1249,True
79647982,,1748816000,55,False
79649982,,1748880585,55,False
79649970,,1748882695,123,True
79649941,,1748885761,124,True
79649939,,1748878612,1893,True
79648852,1749020810,1749020810,70,False
79648767,1748893055,1748893489,225,False
79648735,1748868271,1748869233,120,True
79648663,,1748864989,130,False
79648646,1748868086,1748868086,119,False
79648605,1748863155,1748864052,68,True
79650011,,1748881837,104,False
79648091,,1749669061,175,True
79648524,,1748877340,68,True
79648453,1751734975,1751734975,267,False
79648428,,1756991038,250,False
79648421,,1748853583,370,False
79648388,1748853154,1748868203,112,False
79648275,1748954392,1750099206,461,True
79648240,,1748860508,73,True
79648218,1748844484,1748844484,262,False
79648121,1748833025,1748833025,38,False
79648539,,1748885387,63,True
79687678,1751942112,1751963622,72,False
79687705,1751472007,1751472007,65,False
79687721,1764260964,1764260964,1149,True
79687735,,1751531334,185,True
79687995,1751485720,1751487546,50,False
79687815,1751524979,1751524979,158,True
79687851,,,,
79687897,,1751570310,406,True
79687632,,1751468055,66,False
79687761,1751475469,1751477627,119,True
79687615,,1761837775,57,False
79687525,1751467564,1751480171,51,True
79687609,1751467193,1751467193,109,False
79687592,,1751467950,72,True
79687578,1751472989,1751477951,94,True
79687543,,,,
79687500,,1751549377,85,True
79687471,,1751467487,58,True
79687461,1751461438,1751476159,150,True
79687355,1751524760,1751958239,1225,True
79687351,,1751457205,393,True
79687251,,1751452682,541,True
79687611,1751473880,1751473880,65,True
79688005,1752091458,1752501544,124,False
79689043,,,,
79688052,1751496198,1751496198,149,False
79687167,1751447858,1751448077,81,False
79688998,,,,
79688966,1751561504,1751561504,188,True
79688939,1751550568,1751551847,105,True
79688933,1768932367,1768932367,98,True
79688908,,1751622474,101,True
79688808,,1751544108,46,False
79688778,,,,
79688733,,,,
79688723,,,,
79688026,1751558693,1751590615,114,False
79688697,1752664715,1752860603,481,True
79688583,,1751533806,103,False
79688562,1751664720,1751664720,182,True
79688542,,1751531920,45,False
79688514,1751538435,1751554540,88,True
79688468,1751534587,1751534587,140,False
79688461,,,,
79688448,,,,
79688445,1751530236,1768913002,97,True
79688390,1751588846,1751588846,208,False
79688126,1751494360,1751498709,399,True
79688618,,,,
79687131,,1751454207,57,True
79687094,1751569084,1752301331,145,True
79687065,,1751483961,54,False
79686262,1751536813,1751635944,157,False
79686222,,,,
79686185,,1751379728,60,True
79686145,,1751385437,157,True
79686084,,1753174135,373,False
79685952,,1751374718,106,True
79685872,,1751363834,105,False
79685861,,1751380783,107,True
79685831,1751363007,1751363007,77,False
79685823,1751362146,1751491900,124,True
79685782,1751360884,1751362473,79,True
79685744,1751383061,1751383061,368,False
79685715,,,,
79685701,,1751419683,449,True
79685633,1752042236,1759541205,199,False
79685618,,1751354772,75,True
79685558,,1751352503,81,True
79685528,1751381018,1751381018,228,True
79685480,1751819416,1751819488,151,False
79685448,,,,
79685420,1751585036,1751585036,141,True
79686304,1751387926,1751401187,105,True
79686326,,1751385827,79,False
79685396,,1752750431,258,True
79686337,,1751462466,100,True
79686332,,1751387050,105,True
79687032,1751470020,1751470170,73,True
79687024,1751457962,1751457962,165,True
79687800,,1751543734,82,True
79686944,,1751440521,48,True
79686908,,,,
79686870,1751462407,1751462407,103,False
79686767,1751428084,1751668477,272,False
79686733,,1751420480,107,False
79686671,1751439489,1751439489,208,True
79686669,,,,
79686864,,1751667860,73,True
79686564,1751569107,1751569107,195,True
79686537,1751402668,1751404886,75,True
79686497,,1751395638,59,False
79686359,,1751406493,127,True
79686447,,1751415998,101,True
79686433,1751400404,1761569668,5328,True
79686423,1751390975,1751404312,117,True
79686410,1751392261,1751487880,138,True
79686388,,1751392255,109,True
79686384,1751394726,1751395100,368,True
79686607,1751412170,1751447720,138,False
79724845,,1754307784,305,True
79724874,1754310712,1754318581,171,True
79724877,1759253705,1759253705,242,True
79725054,1754383647,1754793312,206,False
79724922,1761565141,1761565141,549,True
79725017,1754316678,1754320547,207,True
79725035,,1754326205,107,True
79724820,,1754385359,225,True
79724899,,1768498589,780,False
79724774,1754308510,1754348554,398,True
79724307,,1754254535,129,True
79724694,1754305388,1754352508,243,True
79724676,1754987877,1755756777,427,False
79724652,1754297254,1754393585,132,True
79724535,1754295055,1754295055,204,True
79724473,,1757705260,192,True
79724468,,1754313554,72,True
79724451,,1754380519,243,True
79724387,1754321634,1754321634,129,True
79724319,1754599671,1754599671,206,True
79725066,1754324336,1754378973,66,True
79724772,,1754488532,157,False
79725131,,1754325200,175,True
79725444,,1754428264,190,True
79725186,,,,
79724253,1754256332,1754321635,117,True
79725843,1754388319,1754527736,351,True
79725763,1754380117,1754380136,175,True
79725756,,1754390639,135,False
79725721,,1754377674,145,False
79725715,,1754378095,133,True
79725691,1754388199,1754395930,86,True
79725686,1754488989,1754589394,197,True
79725680,1754475135,1754942647,176,False
79725626,1754454396,1754472905,90,True
79725144,,1754469143,255,False
79725584,,,,
79725556,1755436152,1755436152,188,True
79725442,,1754402334,111,True
79725440,1757446366,1757446366,433,True
79725439,1754359154,1754359154,158,False
79725340,1754338979,1754399458,177,True
79725338,,1754340018,102,True
79725307,1755037645,1755037645,262,False
79725298,,1754334280,53,False
79725287,1760902486,1760902486,137,True
79725199,,1754328495,158,True
79725576,,1754368580,175,True
79724193,,,,
79724176,,1754251081,190,True
79721938,1754030686,1754082484,249,True
79722764,1761924111,1761924111,94,False
79722758,,1754245913,85,True
79722748,,1754570929,366,True
79722736,1754063952,1754065758,126,True
79722654,,1754059422,190,False
79722645,1754059833,1754291220,83,True
79722617,1754058619,1754062320,261,False
79722606,1754080280,1754080280,301,True
79722555,,1754144989,307,True
79722528,1754057353,1754058782,66,True
79722771,,1754127490,77,True
79722449,1754285698,1754285698,234,False
79722422,1754047026,1754049856,343,True
79722386,,1754089510,1056,True
79722358,1754317965,1754317965,96,True
79722289,,1754315269,129,True
79722280,1754122319,1754122319,186,True
79722131,1754029668,1754030045,89,True
79722099,1754044851,1754590293,110,False
79722098,,1754082170,160,True
79722075,1754155403,1757979485,336,True
79722074,,1754338149,101,True
79722429,1754047373,1754060598,134,True
79722798,,1754085586,102,False
79724168,,,,
79722891,1754914004,1754914004,101,False
79724122,,,,
79724070,,1754237302,233,True
79724059,1754237240,1754237240,269,False
79723986,1754277483,1754378884,192,True
79723981,1754219387,1754231271,94,True
79723930,1754216766,1754282248,183,True
79722812,,1754072699,86,True
79723815,,1754211254,161,False
79723724,,1754182805,100,False
79723653,,1754168974,152,True
79723552,1754157728,1754172622,126,True
79723871,1754220169,1754582245,358,True
79723508,,1754159299,84,False
79723468,,1754315148,238,True
79723457,1754148971,1763464983,143,False
79723447,1754152406,1754152406,91,True
79723352,1754140958,1754150269,176,True
79723313,,1754132864,106,True
79723215,1754127935,1754129274,323,True
79723058,1754106635,1754109266,701,True
79723041,1754295658,1754295658,226,True
79722918,,1754234736,97,True
79723518,1754301026,1754301026,1596,True
79755293,1757376261,1759921924,309,False
79755340,1757010598,1757010598,391,True
79755351,1757258928,1757258928,175,True
79755358,1756992304,1756992304,203,False
79755630,1757767067,1758379961,170,True
79755527,,1757923945,323,False
79755548,,1756988382,136,True
79755606,1756982363,1756983339,72,False
79755416,1756984598,1756984598,226,False
79755216,1758170863,1758170863,303,True
79754732,,,,
79755156,1756941616,1768383265,238,True
79755132,1757001401,1758536671,306,False
79755107,1756947623,1756948672,135,False
79755062,,1756941055,180,True
79754943,,,,
79754938,1759000572,1759224694,260,True
79754896,1757153463,1761050537,119,False
79754864,,,,
79754860,1756916664,1756918194,239,True
79754854,1756932239,1756932239,68,False
79755653,,1756985335,348,True
79755165,1756943623,1756948082,428,True
79755665,1760786731,1760786731,136,True
79756154,,1757032012,356,True
79755800,1757240291,1757240291,221,True
79754631,,1756911103,114,True
79756612,1757073766,1757073766,323,True
79756594,1757102441,1757102441,290,True
79756578,,1757062471,909,False
79756546,,1757060978,81,True
79756507,,1757485283,313,True
79756496,,1757060988,141,False
79756468,1757114619,1757114619,133,False
79756455,1757052567,1757118153,188,False
79756402,1757196946,1757196946,97,True
79755748,1756993834,1756999193,331,True
79756369,,1757085604,127,True
79756233,1757066423,1757173761,450,True
79756149,1757604394,1773855868,475,True
79756115,,1757031812,262,True
79756105,1757011769,1757012588,92,True
79756072,1757037728,1764522347,799,False
79756066,,1757010967,166,True
79756013,1757010821,1757024055,306,False
79755952,1757007637,1757007637,84,True
79755894,,1757007634,84,False
79755885,1757000320,1757018349,162,True
79756235,,1757021265,1539,False
79754606,1756924400,1756924400,228,True
79754148,1756965229,1756965229,77,False
79754605,1756903626,1756904862,64,True
79753309,,1756805709,105,False
79753276,,1756831462,191,True
79753263,,1756824381,155,True
79753253,1769926337,1769928614,189,True
79753173,1756815575,1756815575,78,False
79753068,,1756896433,182,True
79753057,,,,
79753050,1756794774,1756794812,98,False
79753007,,1757013450,91,True
79754617,1756971373,1756971373,91,False
79753328,,1772916957,203,False
79752854,1756805500,1756805500,274,False
79752664,1756800109,1756800109,357,True
79752604,1760230672,1766686010,286,True
79752550,1760466022,1760466241,209,True
79752526,,1756735178,92,True
79752359,,1756719812,89,True
79752353,1756792503,1756792503,170,False
79752301,1756724497,1758055179,86,False
79752222,1756711472,1756844415,189,True
79752205,1756807983,1757231687,284,True
79752184,1756706051,1756710237,476,True
79752709,1756771604,1756771604,199,True
79753356,1756808411,1756813742,204,True
79752914,1756763701,1756800081,322,True
79753458,1756833888,1756833982,411,True
79753424,,,,
79754563,,1758111713,136,True
79754535,1756978033,1757342598,253,True
79754470,,,,
79754447,,1756894642,674,False
79754395,,1756970192,305,True
79754358,1756890146,1757429205,668,True
79754286,,,,
79754246,1756884576,1756905475,290,True
79754233,1756885695,1758095966,100,True
79754208,1756881453,1756952811,145,False
79754304,,,,
79754004,,1756878996,501,False
79753551,1756914693,1756992730,121,True
79753560,1756824856,1756824856,220,False
79753597,1756841756,1756841756,1528,True
79753764,1756834837,1756869683,102,True
79753483,,,,
79753835,1756838539,1757106649,769,True
79753854,1756877033,1756877033,99,True
79753957,,1756849133,82,True
79753801,1756837030,1756837030,88,False
79782321,1759595762,1759595762,86,True
79782632,,1759678093,176,True
79782616,1759606849,1759991649,66,False
79782555,1759636278,1759636278,223,False
79782535,1759591746,1759598080,126,True
79782403,1759840580,1760107813,146,True
79782389,1759570783,1759571250,117,False
79782339,1759562002,1759562002,66,False
79782333,,1759560637,116,False
79782328,1759586986,1759631939,315,True
79782313,1760053579,1760053579,635,False
79781756,,1759493563,90,False
79782279,1759574539,1759718863,402,True
79782221,1759685491,1759685883,223,True
79782209,1759539152,1760089449,140,True
79782196,1759531505,1759532462,78,True
79782187,1759875386,1759875386,89,True
79782149,,1759532838,112,True
79781979,1759521350,1759655968,128,True
79781841,,1759499809,75,False
79781778,1759495589,1759585754,149,True
79782638,,1760943304,61,False
79782307,1759553622,1759554227,753,True
79783635,1759758926,1759758926,90,True
79781718,1759991256,1759991483,106,True
79782729,1759683013,1759893457,149,True
79783603,1759751460,1759820341,185,True
79783536,1760043708,1760043708,103,True
79783418,,1759733865,37,False
79783362,1769294134,1769294134,289,True
79783318,,1759716961,141,False
79783308,,1759722210,104,True
79783307,,1759713568,217,False
79783265,1759785868,1764794771,157,False
79783246,1759723716,1778254085,189,True
79783245,1765335358,1765335358,318,False
79782708,,1759703211,2356,False
79783219,1759785917,1759785917,69,False
79783199,1759768708,1759768708,123,True
79783126,1759688557,1786525933,116,True
79783011,1764693895,1764693895,458,False
79783003,1760008859,1760008859,131,False
79783001,1759785971,1759785971,151,True
79782867,,1759755063,121,True
79782858,1759787124,1759919086,132,False
79782850,1759683966,1759683966,554,False
79782765,1759652045,1759690376,4126,True
79782764,1759788802,1759788802,115,False
79783212,1759869053,1759869053,120,False
79781709,,1759737948,309,True
79780657,,1759399753,117,True
79781647,1759499220,1759554635,116,True
79780338,1759342279,1759371932,108,True
79780334,1759379391,1759577449,275,True
79780301,1759339144,1759340481,137,True
79780282,1759347630,1759347630,222,False
79780256,1759334798,1759334798,108,False
79780254,,1759754726,180,True
79780187,,1759410731,133,True
79780171,1759424661,1759866816,201,True
79780104,1764060387,1764566149,193,False
79780080,1759334156,1759334156,139,False
79779991,1759394686,1759394686,125,True
79779946,1759322647,1759328396,151,True
79779933,1759315630,1759315630,77,False
79779898,1759314042,1759314523,162,True
79779897,,1759318655,119,True
79779874,1759311676,1766390813,649,True
79779794,1759395460,1759395460,165,True
79779783,1759312760,1759924253,171,True
79779732,1759312274,1759312274,163,True
79779724,1759309861,1759315989,127,True
79781671,1760154802,1760154802,211,True
79780349,1759346831,1759346831,158,True
79780371,1759352323,1759359306,109,True
79780088,1759325018,1759325018,119,False
79780701,1759458890,1759458890,121,False
79780565,,1759370366,538,True
79781489,1759473098,1759491428,196,True
79781395,1759505383,1759505383,165,True
79781331,1759722923,1759722923,129,True
79781320,,1759502357,134,True
79781281,1759878511,1759878511,154,False
79781245,1759437005,1760220381,1396,True
79781244,1759484203,1759501110,311,False
79781221,,1762407316,153,True
79781203,1759434432,1759435201,142,True
79781113,,1759421556,98,True
79781493,,1759475947,66,False
79780750,1759404820,1759412217,305,True
79781057,,1759929317,93,True
79781054,1760243607,1760244081,225,True
79780994,1759414410,1759513509,152,True
79780944,1759682678,1759684648,141,True
79780905,1759411979,1760220755,102,False
79780819,1759413810,1759413810,119,False
79780815,1761924467,1761924467,290,True
79780798,1759563181,1759563181,77,True
79780792,1759399812,1760389245,96,True
79781068,1759454272,1766931857,390,False
79809196,1762277002,1762562536,199,True
79809226,1762279963,1762366494,158,False
79809239,1762295019,1762296181,110,True
79809266,1762289591,1762289856,225,True
79809411,1762291968,1762367572,194,True
79809303,1762287158,1762353215,183,False
79809305,1762355074,1762355074,236,True
79809407,1762297054,1762297054,147,True
79809182,,1762397568,142,True
79809286,1762281989,1762283829,150,True
79809179,1762275045,1762329393,185,True
79808954,1762264791,1762268447,153,False
79809124,1762365252,1762405681,142,True
79809086,1762352563,1762673795,187,False
79809062,1762275652,1762338010,158,True
79808955,,1762623751,173,False
79808944,1762262787,1768346230,4078,True
79808907,1762262676,1762262676,365,True
79808804,1762259987,1762345669,156,False
79808776,1762272387,1762272387,165,True
79808761,1764190187,1764190187,1543,True
79808718,,1762248332,388,False
79809157,1762277088,1762336097,165,True
79809415,1762299808,1762299808,215,True
79810820,1762889424,1762889424,153,False
79809514,1762328229,1762418711,326,True
79808597,,1762243402,181,True
79810818,,1762474456,82,True
79810649,1762486865,1762486865,157,False
79810618,,1764703686,288,True
79810613,,,,
79810595,1764726955,1764726955,148,False
79810510,1762393679,1762393679,747,False
79810195,1762360120,1762368185,120,False
79810063,,1762360017,149,False
79810057,1763459396,1763459396,365,True
79809432,1762295349,1762296458,148,True
79810049,1762408175,1762461770,204,True
79809939,1762340316,1762355673,197,False
79809924,1762341102,1762341102,164,False
79809789,,1766919580,88,False
79809781,1762378717,1762378717,102,False
79809778,1762330665,1762759919,325,False
79809773,1762336649,1762336649,186,True
79809768,1762330433,1762382819,312,True
79809686,,1762448076,175,False
79809523,1762320541,1762325786,136,False
79809520,1762350387,1762350387,61,True
79809980,1762344375,1762344845,301,True
79808489,1762246612,1762246612,182,True
79808472,1762239274,1762247946,152,False
79808417,1762243267,1762280737,914,True
79807259,,1762102423,147,False
79807233,1762116022,1762334871,190,False
79807201,,1762119977,254,True
79806992,,1762183040,425,False
79806989,1762516101,1762516101,281,True
79806945,1771764429,1781592061,290,False
79806886,1762070533,1762093259,245,True
79806845,1762038707,1762045225,164,False
79806821,1762048151,1762048151,166,False
79806769,1762181433,1762181433,260,True
79806767,1762070505,1762070505,212,False
79806751,,1762022297,111,False
79806610,1762073973,1762170218,186,True
79806571,,1762158591,240,True
79806553,1762004321,1765318912,2625,True
79806540,1762003882,1762079150,1363,True
79806539,1762017684,1787233100,6025,False
79806536,1762002542,1762022969,167,True
79806527,1762013134,1762017501,174,True
79806408,1762197539,1762197539,257,True
79806406,,1762004405,146,True
79807277,,1762144623,162,False
79807312,,1762124009,120,False
79806333,1761984151,1761986558,190,True
79807389,1762118747,1762129555,194,True
79807372,1762243689,1762243689,224,False
79808393,1762216149,1762262013,125,True
79808362,1762238819,1762238819,154,True
79808354,1762428050,1782749843,252,True
79808283,,1762284680,184,True
79808277,1762853531,1762853531,83,True
79808233,1762218246,1763212218,210,True
79807856,1763546744,1763546744,89,False
79807844,1762393307,1762519258,134,True
79807825,,1762170093,102,False
79807775,1762181189,1762181189,177,True
79808094,1762278883,1762278883,118,True
79807764,1762213272,1762213272,165,False
79807739,1762186388,1762770425,114,False
79807713,1762164175,1784633043,965,True
79807418,1762196796,1762196796,156,False
79807712,1762175407,1762175407,87,False
79807638,1778358645,1778358645,232,True
79807627,1762157062,1762157062,86,True
79807616,1762156285,1762156285,70,False
79807535,,1762302646,123,True
79807460,1762215900,1762215900,193,True
79807773,1762168174,1766848092,5096,True
79837467,1764815077,1764815408,235,True
79837512,,1764823521,62,False
79837533,1764867977,1765891519,465,True
79837717,1764838643,1764838643,99,False
79837650,,1764844709,3524,True
79837659,,1765127462,74,False
79837684,1764860288,1764978379,117,True
79837428,,1764807974,55,False
79837569,1764835803,1765198388,250,True
79837366,1765349327,1766238285,187,False
79837011,1764776092,1764776092,62,False
79837346,1764939520,1764944037,170,False
79837301,1764797870,1764845143,130,True
79837276,,1764826409,102,False
79837275,,1764936281,297,True
79837134,,1764879876,58,True
79837092,1764778527,1764778527,225,False
79837076,,1764777509,46,False
79837071,1764844941,1765543000,250,False
79837059,,1764776196,98,False
79837737,,1764844138,82,False
79837363,,1770062357,168,False
79837782,1764843689,1764843689,122,False
79838108,,1766623645,306,False
79837813,1764845800,1764845800,79,False
79837003,,1781269462,76,False
79838505,1773201200,1773201200,915,True
79838462,1764900344,1764900344,103,False
79838353,,1764960701,133,True
79838348,1765041953,1765041953,45,False
79838308,,1764880407,129,True
79838297,1764877786,1764878228,113,True
79838295,1764885352,1765368549,69,False
79838259,1765118338,1765118338,127,True
79838243,1764875677,1764875677,93,False
79837806,,1764927340,164,True
79838136,1764870022,1764876931,150,True
79838117,,1764868912,235,True
79838103,,1764885220,432,False
79838096,1764937966,1765402290,236,False
79838094,,1764921045,51,True
79838089,1777775221,1777775814,150,True
79837984,,1765127058,5854,False
79837960,1765164714,1765164714,88,True
79837925,1764936193,1764936193,146,False
79837855,,1764847261,61,False
79837831,1764936472,1764936472,99,False
79838126,1764864899,1769343365,48,False
79836939,1764770836,1764773702,136,True
79836922,1764782364,1764783666,154,True
79834259,1764568868,1764568868,240,False
79835734,,1764671089,76,False
79835714,,1764669533,160,False
79835504,,1764652872,67,False
79835498,,1764658344,96,True
79835431,,1764680525,107,True
79835404,,1764648145,60,False
79835365,,1764674841,111,True
79835345,1764699611,1764711191,116,True
79835314,1764775342,1766536875,206,False
79835227,,1764642396,92,False
79835774,,1764675092,73,False
79835202,1764640483,1764666868,142,False
79835091,,1764652992,140,False
79835026,,1773554860,541,False
79834996,1764680000,1764680000,146,False
79834873,1764597234,1764612794,228,False
79834695,1764591990,1764929606,267,False
79834656,1764609962,1764685008,112,False
79834523,1764579658,1764579770,491,True
79834382,,1764762665,223,False
79834334,1773574782,1773574782,126,False
79834278,1764561721,1764561744,125,False
79835136,,1764633468,175,True
79835808,,1764795061,95,True
79836759,1764763209,1765779627,199,False
79835877,1764679394,1764679880,67,True
79836716,1764827247,1764827247,248,False
79836638,,1769790592,232,True
79836492,,1764734418,177,True
79836488,1764735481,1778386410,185,True
79836447,,1765150226,101,False
79836409,1764718946,1764720793,127,True
79835823,1764687153,1764687153,100,True
79836341,1764712794,1764720089,67,True
79836317,,1764709258,76,False
79836295,,1764706708,95,False
79836234,1764711855,1764712138,374,True
79836360,1764713970,1764764438,132,False
79836176,,1764756608,378,False
79836150,,1764697266,54,False
79836122,1764863099,1764863099,81,False
79836112,1764767333,1769185937,134,False
79836108,1764703794,1765010076,74,False
79836074,1764691735,1765300139,144,True
79836054,1765174097,1765174097,162,True
79836040,1764695311,1764695311,150,False
79836029,,1764851225,93,False
79836025,1764688584,1764689646,97,True
79836211,1764801231,1765406816,117,False
79861926,1767730888,1767759737,144,True
79861996,1767744266,1769980439,103,True
79862013,1770356106,1770356106,196,True
79862127,,1767793872,41,False
79862248,,1767778134,75,True
79862199,1767785110,1767800052,119,False
79862217,1767945556,1767949814,326,True
79862232,,1768321712,173,True
79862160,1767875677,1767875677,115,False
79861916,,1767730625,206,True
79860774,,1767616866,113,False
79861598,,,,
79861471,1767692945,1767858743,102,True
79861393,,1767683894,370,False
79861318,,1767677544,50,False
79861270,1770355777,1770355777,439,True
79861196,1767660247,1767862022,120,True
79861070,1767641237,1767658380,250,True
79861016,,1767695825,111,False
79861004,,1767632806,89,False
79860982,1767693249,1767693249,688,True
79862254,1767783810,1767783810,131,True
79861671,1768331716,1772703130,156,True
79862281,,1767827132,91,False
79862693,1767811551,1767880409,76,True
79862285,1767783841,1767788501,205,True
79860752,1773566746,1773566746,170,False
79863316,1768378684,1768840589,149,True
79863288,,1767946946,186,True
79863218,1768299300,1768422161,100,False
79863193,1768507102,1768507102,76,False
79863122,1767865223,1767892224,238,True
79862964,1770049568,1770049568,97,True
79862878,1768554296,1768582328,558,True
79862867,,1767833538,89,False
79862860,1768151291,1769207813,276,True
79862282,1767780002,1767780002,150,False
79862797,1767825255,1767885888,126,False
79862696,1767878950,1767881465,113,True
79862631,1767829698,1767829698,111,True
79862629,1767890621,1767890621,115,True
79862585,1772089349,1772089349,152,False
79862581,1767818186,1767818186,149,False
79862560,,1767800303,55,False
79862465,,1767889655,211,True
79862438,1767818006,1768174990,248,True
79862309,1767851903,1767871704,177,True
79862288,1767786998,1768308235,129,True
79862746,1767826239,1767826239,267,False
79860696,,1768036523,265,True
79860100,,1767603486,91,True
79860690,1767614228,1767619260,78,False
79859306,,1767381893,82,True
79859287,1767678509,1767678509,249,False
79859269,,1767369878,127,False
79859255,,1767770490,91,False
79859237,1767367847,1767495483,160,False
79859176,1767372580,1767539011,106,False
79859119,1767355424,1767425087,127,True
79859099,1767370331,1767370331,100,False
79859000,1767341830,1767494670,121,True
79860726,1767614685,1767614685,169,True
79859443,1767390835,1767393651,80,True
79858834,1767318434,1767386157,153,False
79858827,,1767308697,63,False
79858798,,1774586594,65,True
79858789,1767354605,1767368190,119,False
79858762,1768066128,1770541298,91,False
79858728,,1767296960,214,False
79858666,1767299956,1767625261,171,False
79858654,,1767356331,98,True
79858562,1767332365,1767332365,251,False
79858534,,1767279938,102,False
79858533,1767262064,1767275266,266,True
79858829,,1767366969,105,False
79859523,1767414479,1767424509,73,True
79858891,,1767373035,112,True
79859608,1767455538,1767462131,126,False
79859541,1767635240,1767656385,190,False
79860671,1767608827,1767608827,53,False
79860592,1767712744,1767712744,482,True
79860536,1767595840,1767595840,65,False
79860485,1767610320,1767610320,113,False
79860470,1767591580,1767646645,93,False
79860469,,1767584740,62,False
79860242,1767550511,1767551210,191,True
79860235,1767548960,1767548960,70,False
79860131,,1767528797,165,True
79860107,1767525303,1767525303,494,False
79860334,1767554722,1771729283,281,True
79860071,1767533080,1767620796,255,True
79859774,,1767456185,157,False
79859815,1767465116,1767511655,187,True
79859865,,1767607558,206,True
79859898,1767482762,1767599324,276,True
79859731,1767454600,1767653884,140,True
79859979,,1767495610,83,False
79859983,,,,
79860056,1767517946,1767982005,605,True
79859902,1767641545,1767720080,143,False
79883562,,1770298002,64,False
79883927,1770662757,1770922101,345,True
79883915,1770352068,1770454922,147,True
79883908,1777058765,1786995678,373,False
79883874,1770331668,1770331720,115,True
79883804,1770319247,1772080085,170,True
79883792,1770319492,1770319492,54,False
79883776,1770324962,1770324962,108,True
79883703,,1770314802,120,True
79883573,,1770319804,149,False
79883504,,1770307098,129,False
79882958,1770234087,1770234087,97,False
79883470,,1770291898,80,True
79883442,,1770292231,38,False
79883287,1770282664,1770282664,118,True
79883275,,1770281612,66,True
79883151,1770341601,1770360698,160,True
79883128,1770281244,1770281244,101,False
79883038,1770584369,1770584369,133,True
79883033,,1774673295,137,False
79882976,,1770228160,41,False
79885268,,1770549452,59,False
79883495,1770300300,1770300300,183,False
79884041,,1770367767,79,False
79882944,,1770224309,45,False
79884126,,1770367027,59,False
79885139,,1770693172,116,False
79885116,1770509959,1770714829,107,True
79885104,,1770631538,156,True
79885063,1770639147,1772100490,102,True
79885047,,1770833247,81,True
79885044,,1770910439,187,True
79884940,,1770483182,107,False
79884930,,1770486232,78,True
79884849,,1770560903,86,False
79884813,1770575050,1775035650,343,True
79884111,1770366624,1770377325,101,True
79884665,1770465358,1770465358,67,False
79884645,,1787444521,76,True
79884588,,1770448941,60,True
79884564,1770408134,1777542566,2506,True
79884485,1776790231,1786469885,446,False
79884426,1770798088,1788444522,255,True
79884369,1770387004,1770387004,41,False
79884362,,1788091436,179,True
79884360,1775474387,1775474387,46,True
79884292,1770382094,1770396403,86,False
79884198,1770713840,1770713840,174,False
79884657,1770454113,1786628460,292,False
79882907,,1770400020,126,False
79881972,1770371868,1770664497,355,False
79882683,,1770279675,176,False
79881685,,1770126125,83,False
79881680,1770100437,1770105542,167,True
79881660,,1771207094,84,True
79881625,1770096422,1770380858,81,False
79881611,1770093510,1770113875,99,True
79881411,1770063686,1770066833,200,True
79881410,,1770130452,72,False
79881313,1770054368,1770364435,98,False
79881256,,1770051021,89,True
79881189,1770111046,1770111046,90,True
79881186,1770091614,1770091614,84,False
79881063,,1770033926,59,False
79880863,1770114890,1770114890,164,True
79880732,1770131190,1770131190,218,False
79880701,,1770050798,139,False
79880560,1770519308,1770519308,151,True
79880532,,1770023216,110,False
79880521,,1770292340,63,False
79880487,,1770049691,96,False
79880442,1770218077,1770218077,178,False
79880338,1769937576,1769968278,63,True
79881766,1771300835,1771312178,62,False
79881832,,1770289389,224,True
79882743,,1770218260,177,True
79881964,,1770129053,84,True
79881923,,1770913482,71,False
79882503,1770189804,1770194397,36,False
79882494,1770199038,1770201108,273,True
79882492,,1770186922,83,False
79882457,,1770182858,64,True
79882413,,1770193813,72,False
79882369,1770167724,1770209126,72,False
79882294,1770194724,1770194724,125,True
79882282,1770153704,1770153704,47,False
79882256,,1770198149,59,False
79882253,,1770298359,152,True
79882296,1770160005,1770160005,100,False
79882200,1770147431,1770147431,79,False
79882192,1770206988,1770206988,70,True
79882176,,1770142214,139,False
79882004,1770128594,1770128594,68,False
79882152,,1771831901,63,False
79882151,1770164904,1770164904,140,True
79882150,1770140951,1770140951,45,False
79882101,,1770137487,91,True
79882097,1770195155,1770730573,190,False
79882058,,1770131980,74,False
79882231,1770910988,1770910988,132,False
79901739,,1772784971,145,False
79901763,1772733498,1772742978,117,True
79901911,1772754235,1772780006,182,True
79902182,1772797419,1772808727,114,False
79901940,1772782303,1772805258,179,True
79902015,,1772785473,49,False
79902161,,1782986322,150,False
79901699,1772790957,1772790957,101,False
79901927,,1772757689,148,True
79901639,,1772722128,63,True
79901060,,1772741179,110,True
79901558,1772715553,1772734647,130,True
79901507,1772709874,1772720629,126,True
79901475,,1772710486,151,True
79901234,1772675492,1774980568,94,False
79901226,1772669459,1772669459,124,False
79901202,,1772662982,57,False
79901200,,1772691529,154,True
79901198,1772666070,1772668230,83,True
79901132,,1772657904,110,True
79902222,,1775076733,109,False
79901629,1772725318,1772819972,88,False
79902227,,1772808073,229,False
79902760,,1787776557,139,False
79902404,1772815481,1772903985,85,False
79900921,1772635481,1772786669,169,False
79903290,1772979982,1772979982,104,False
79903170,1772987303,1772993225,151,True
79903103,1773113534,1773350946,87,False
79903031,1773042011,1773042011,158,True
79903012,,1772922940,66,True
79903003,1772918988,1772924986,232,True
79902880,,1772902537,131,True
79902878,,1772958621,125,False
79902845,,1783006188,264,False
79902274,1772804140,1772905106,127,False
79902827,1772917555,1772917555,127,False
79902793,,1772904448,81,False
79902744,1773060228,1773063952,124,True
79902736,,1772893069,61,False
79902571,,1772862033,125,False
79902556,1772837955,1772837955,54,False
79902546,1772835213,1776382286,119,False
79902534,,1778697455,136,True
79902528,1772941845,1772941845,83,False
79902489,,1772826741,91,False
79902424,1772963075,1773154347,275,True
79902824,1772894672,1772897292,98,False
79900876,1772631084,1772815586,159,False
79900825,1772766873,1776862084,3110,True
79898663,,1772326855,100,False
79899534,1772467712,1772469697,118,False
79899514,,1772488944,118,False
79899422,1772464712,1772464865,129,True
79899392,,1772454074,134,True
79899371,,1772449463,79,False
79899362,1772448656,1772461765,101,True
79899359,1772448685,1772483304,89,True
79899300,1772444876,1772444876,153,False
79899247,1772445737,1772445737,76,False
79899165,1772422209,1772472383,149,False
79899547,1772470471,1778782789,290,True
79899066,1772419582,1772419582,140,True
79898994,1772474304,1772474304,202,True
79898983,1772390848,1773459548,170,True
79898958,1772386560,1773324600,211,False
79898950,,1772732815,153,False
79898910,1772393474,1772443153,183,True
79898900,1772441732,1773360869,191,True
79898762,,1772380665,128,False
79898673,,1772326555,106,True
79898671,,,,
79900801,,1773871226,132,False
79899009,,1772395541,109,False
79899551,1772526285,1772526505,239,True
79899178,,1772444764,95,True
79899625,1772476552,1772560573,102,False
79899563,1772470350,1773841422,98,False
79900760,1772628282,1772628282,173,True
79900718,,1772616535,133,False
79900624,1772623207,1772623207,174,True
79900588,1772597382,1777730259,203,False
79900580,1772604416,1772612299,216,False
79900562,1773168691,1777073815,75,True
79900558,1772589952,1772591046,92,True
79900523,1772636796,1773608852,125,False
79900482,,1772577907,41,False
79900473,1772598973,1776043123,212,False
79900764,,1772694603,130,False
79900405,1772578225,1772578225,93,False
79900434,1772576396,1772591418,88,False
79899804,1772901025,1772904112,205,False
79899823,1772504509,1772504509,129,False
79899979,,1774623499,131,False
79900053,1772544428,1772557315,68,True
79899633,,1777415407,2270,False
79900176,,1772655245,95,False
79900315,,1772647054,580,True
79900348,,1772560680,43,False
79900081,,1772784724,106,True
79921779,,1775593504,113,False
79922248,,1775738019,203,False
79922241,1775666977,1775717166,104,False
79922227,1775654208,1775655743,62,False
79922109,1775834823,1775834823,101,False
79922076,,1775636658,90,False
79921992,1775632395,1776160803,92,False
79922249,1775742815,1775742815,104,False
79921981,1775631803,1775631803,97,False
79921931,1775626652,1775645757,64,False
79921748,,1775586053,122,False
79921190,1775519759,1776205095,162,True
79921515,1775563778,1775586446,162,False
79921476,1775561424,1775563563,121,True
79921445,1775569516,1776707389,534,True
79920989,1775488456,1775491786,163,True
79920823,1775466762,1775522384,142,True
79920736,,1775806236,106,False
79920733,1775463996,1775496919,88,True
79920702,1783863919,1783863919,229,True
79920675,1775663773,1775663773,82,False
79923862,1775963773,1775997183,281,False
79921609,,1775666113,169,False
79922267,1775818349,1775818640,190,True
79920650,1775424883,1776419934,142,False
79922319,1775845877,1775845877,110,True
79923826,1775877223,1776826886,186,True
79923665,1775841382,1775962630,138,True
79923659,,1775843069,135,False
79923606,,1779841148,356,False
79923563,1775834714,1775843794,103,True
79923258,1775790757,1777963109,120,False
79923241,1775787632,1775822387,139,True
79922985,,1775753060,103,True
79922950,,,,
79922929,,1775805855,95,True
79922292,1776782645,1776782645,98,False
79922888,,1776140175,79,False
79922800,,1776140257,105,False
79922713,,1776140334,130,False
79922675,,1776316603,243,False
79922604,1775737791,1775737791,135,True
79922555,1775733748,1775733748,136,False
79922538,1775737982,1775843636,102,False
79922469,,1775683222,72,False
79922356,1775729166,1781298363,410,False
79922348,1775666692,1775666692,197,True
79922326,1775664688,1775664721,72,True
79922871,1775814179,1776005629,190,True
79920642,,1775475477,224,True
79919655,1775228898,1775338038,124,False
79920454,,1775390010,139,True
79919401,1776156132,1778168120,229,True
79919400,,1775548642,85,True
79919352,1775182798,1775182798,103,True
79919245,1775161896,1775192441,76,True
79919189,,1775265844,64,True
79919186,1776338275,1776338275,83,False
79919173,1775153572,1775164540,141,True
79918995,,1775145235,232,False
79918782,1775103161,1775249186,248,True
79918666,1775077447,1779151112,148,False
79918462,1775056170,1775132195,165,True
79918442,1775055402,1775055402,101,True
79918389,1775071486,1775184980,106,True
79918351,,1775048368,170,True
79918340,,1775043305,110,False
79918326,,1775065845,128,True
79918324,,1775055449,93,False
79918294,1775041555,1775085576,121,False
79918291,1775661490,1775661578,113,False
79918243,1775636303,1775636303,110,True
79920617,,1776767694,187,False
79919502,1775222478,1775222478,120,True
79919524,1775212301,1775213208,77,True
79918923,1775195302,1775230459,306,True
79919651,1775225375,1775553223,103,True
79919603,,1775225194,449,True
79920405,,1775380235,94,False
79920382,,1775386670,122,True
79920353,1776604182,1776604182,152,False
79920334,,1775481031,230,True
79920283,,1786107384,174,False
79920255,1775338099,1775343033,181,True
79920153,,1775315980,106,False
79920136,,1775312714,147,False
79920096,1775303984,1775304453,161,True
79920013,1777623402,1777623402,163,True
79920233,,1775331909,161,False
79920409,,1775384835,248,False
79919975,,1782865064,228,False
79919706,1775232445,1775232445,60,True
79919712,1775231051,1786057189,117,True
79919746,,1775247752,129,True
79919789,,,,
79919695,,1777984010,163,False
79919837,,1775297854,128,False
79919883,1775382834,1775520738,81,True
79919891,,1775250507,101,False
79919811,1775248350,1775487840,206,True
79937810,,1778540359,129,False
79937978,1778239448,1779096604,149,False
79937971,,1780495092,110,False
79937962,,1779973150,111,False
79937938,,1782020974,188,False
79937914,,1778272486,232,False
79937884,1778254640,1778254640,112,True
79937863,1778638665,1779236483,171,True
79937846,1778220048,1788203425,235,False
79937763,1778259889,1778264289,102,False
79937273,,1778536998,389,True
79937573,,1778158346,185,False
79937550,1778164984,1778164984,171,True
79937545,,1778154555,74,False
79937514,1778179044,1778213306,123,True
79937471,,1778166076,1001,True
79937386,1778143358,1778143358,97,True
79937362,,1778139307,121,False
79937333,,1778136194,120,True
79937320,,1778121928,55,False
79938010,1778231523,1778234275,112,True
79937601,1778235299,1779178829,160,True
79938052,,1778272678,153,False
79939025,1778638391,1779254684,192,True
79938169,1778278113,1778278113,111,True
79937124,1778086912,1778546398,136,False
79938961,,1778426406,145,False
79938907,1778679213,1778679213,259,False
79938879,,1778512839,147,False
79938829,1778422124,1778422124,162,True
79938816,,1778506408,99,False
79938797,,,,
79938784,,1778384930,61,False
79938737,,1778608180,168,False
79938693,,1778416631,121,True
79938130,,1778244500,94,False
79938669,1778362222,1778364171,108,True
79938463,1778333255,1778333255,125,False
79938439,,1778292937,132,False
79938428,1778340844,1778340844,197,True
79938420,1778295407,1778638953,171,True
79938405,,1778279119,124,False
79938386,1778306001,1778336518,139,True
79938339,1779656700,1779656700,80,False
79938214,,1779447433,238,False
79938182,1778263366,1778263366,129,True
79938176,,1778585728,85,False
79938654,,1778363817,76,False
79937087,1778104415,1778108481,194,True
79935914,1777915508,1777999063,175,True
79937075,1778160926,1778266926,192,False
79935518,1777837550,1777837550,151,True
79935469,1777821107,1777826272,103,True
79935417,,1777824067,215,False
79935400,1779491792,1779491792,112,True
79935335,,1777887128,274,True
79936872,,1778057930,66,False
79935230,1778155604,1778155604,164,False
79935096,1777735359,1779284268,407,False
79935088,1777829399,1777837951,137,False
79934947,1777854218,1777918081,183,False
79934876,1777858172,1778617754,1082,True
79934842,1777688417,1777688417,119,True
79934840,1777933370,1777933370,165,False
79934819,,1777663881,89,False
79934792,,1777729918,81,False
79934736,,1777711064,119,False
79934606,,,,
79934592,1777628934,1777671005,76,True
79934545,,1777770416,68,False
79934522,,1777831135,130,True
79939072,1778479588,1778479588,90,False
79935672,1779492143,1780211416,141,False
79935775,,1777890664,93,False
79935804,,1777895873,149,True
79935886,,1777904223,136,False
79937049,,,,
79936934,,1778156867,102,False
79936904,1778063083,1778064027,217,True
79936900,1778070820,1779989206,278,False
79936748,1778154818,1778154818,57,False
79936742,,1778050132,117,False
79936685,1780114904,1780114904,172,False
79936596,1778010520,1778010520,109,False
79936578,1778005093,1778012702,168,True
79936577,1778003564,1778003564,68,False
79937078,1778145139,1778145139,147,True
79936555,,1778103527,819,True
79936344,1777981078,1777989954,108,False
79936223,1777962828,1777962828,92,False
79936199,,1777981805,125,False
79936126,,1777987055,100,False
79936102,1778758338,1778758338,122,False
79936100,,1777940425,128,False
79936041,1777937344,1778118915,185,False
79935974,,1777925580,113,True
79935956,1777981069,1777981069,96,False
79935906,,1777926407,118,False
79936481,1777997233,1777997233,76,False
79939094,,1783073827,264,False
