question_id,creation_date,first_answer_date,n_answers
67781287,1622505659,1622575892,2
67781291,1622505708,,0
67781317,1622505961,1622506359,1
67781390,1622506846,1622507332,1
67781446,1622507397,,0
67781460,1622507678,1622508095,2
67781463,1622507783,1622510738,1
67781467,1622507814,1622513220,1
67781473,1622507893,1622516663,2
67781480,1622507994,1622509173,1
67781489,1622508073,,0
67781533,1622508530,,0
67781560,1622508830,1622510431,1
67781605,1622509428,,0
67781614,1622509532,,0
67781710,1622510674,1622511267,1
67781735,1622511009,1622511578,2
67781749,1622511136,1622511893,1
67781761,1622511408,1622573207,2
67781799,1622511847,1622517248,1
67781812,1622512009,1622512957,1
67781819,1622512081,1622512729,2
67781835,1622512289,,0
67781863,1622512626,1622533775,1
67781885,1622512857,1622513902,1
67781920,1622513326,1622517056,2
67781934,1622513572,1642422140,1
67781946,1622513745,1622514242,2
67781963,1622513943,1622514412,2
67781976,1622514053,1622515362,1
67781988,1622514148,1622702158,1
67781994,1622514199,1622516631,2
67782026,1622514581,1622838554,1
67782032,1622514686,1622516669,2
67782045,1622514841,1622555625,1
67782054,1622514922,1622515443,2
67782082,1622515293,,0
67782158,1622516051,1622522749,1
67782204,1622516393,1622626551,1
67782206,1622516417,1622516751,3
67782215,1622516595,1622520248,1
67782222,1622516685,,0
67782228,1622516732,,0
67782229,1622516740,1622517165,1
67782240,1622516877,1622519553,1
67782251,1622516980,1622518137,1
67782266,1622517148,,0
67782297,1622517434,1622519534,1
67782307,1622517539,1622518148,2
67782392,1622518412,1622519840,2
67782431,1622518817,1622520482,2
67782470,1622519283,1643072668,1
67782521,1622519741,1622519914,3
67782568,1622520222,1622521546,1
67782605,1622520597,1622544711,1
67782611,1622520639,1622602838,1
67782661,1622521142,1622521759,3
67782694,1622521367,1622521820,1
67782700,1622521428,1622522033,1
67782714,1622521537,1622523175,1
67782720,1622521583,1622853999,5
67782727,1622521690,1622522095,3
67782735,1622521721,1622595154,2
67782782,1622522118,1622523393,1
67782839,1622522743,1622524920,1
67782859,1622522922,1622524706,1
67782893,1622523200,1622524003,2
67782907,1622523297,1622523623,4
67782911,1622523330,,0
67782942,1622523569,1622529483,1
67782993,1622523952,1622524451,1
67783016,1622524133,1622524705,1
67783057,1622524516,1622524951,1
67783065,1622524592,1622525009,2
67783217,1622525911,1622565599,1
67783218,1622525917,1622526617,1
67783254,1622526145,1622526475,3
67783276,1622526305,1622527787,2
67783299,1622526481,,0
67783373,1622526960,1622527468,2
67783376,1622526968,,0
67783391,1622527031,1622527714,1
67783393,1622527037,1622740253,1
67783398,1622527058,1622533023,1
67783406,1622527110,1622527635,1
67783431,1622527357,1622530298,1
67783439,1622527427,1622527674,1
67783452,1622527546,,0
67783459,1622527595,1622528001,1
67783482,1622527735,1624462244,1
67783494,1622527778,1622528148,1
67783512,1622527868,1622545712,1
67783527,1622527968,1622531500,1
67783529,1622527989,1622571709,1
67783530,1622527992,1622529875,3
67783540,1622528050,1622560000,1
67783553,1622528122,1622528418,1
67783563,1622528223,1622528452,3
67783632,1622528639,,0
67783635,1622528651,1622529106,1
68202813,1625097678,1625111089,1
68202851,1625098088,1625099405,1
68202917,1625098909,1625100095,2
68202921,1625098945,1625113904,1
68202931,1625099021,1625099806,2
68202945,1625099216,1625099772,4
68202971,1625099535,,0
68202975,1625099600,,0
68202976,1625099601,1649713694,1
68202978,1625099680,1625099926,1
68202989,1625099788,1625123323,1
68203091,1625100917,1625109525,1
68203111,1625101233,1625110041,1
68203137,1625101586,1625102549,3
68203142,1625101651,,0
68203146,1625101693,1659517600,2
68203157,1625101869,,0
68203295,1625103681,,0
68203300,1625103725,,0
68203313,1625103935,1625104442,4
68203338,1625104286,1625122004,1
68203363,1625104631,1625111202,2
68203376,1625104785,1625172849,2
68203377,1625104787,1625105038,2
68203385,1625104852,1625106100,1
68203428,1625105244,1625129270,1
68203432,1625105289,1625106129,1
68203445,1625105425,1625105986,1
68203460,1625105503,,0
68203469,1625105583,1625106680,2
68203470,1625105587,1625105911,2
68203485,1625105818,1625182595,1
68203510,1625106067,1625106484,2
68203530,1625106238,1625262268,1
68203537,1625106307,1625117472,1
68203577,1625106714,,0
68203587,1625106848,1625110951,2
68203588,1625106848,1625107398,4
68203611,1625107044,1625107962,3
68203612,1625107065,1625223859,1
68203625,1625107235,1643262820,2
68203626,1625107236,,0
68203648,1625107523,1625108329,1
68203665,1625107706,1625111034,1
68203673,1625107755,1625108120,4
68203684,1625107938,1625119343,3
68203688,1625107952,1625111483,1
68203693,1625107984,1625108794,1
68203729,1625108333,1625117545,1
68203736,1625108403,1625109639,1
68203739,1625108441,1625110379,2
68203754,1625108617,1625110041,2
68203761,1625108673,1625120525,5
68203840,1625109355,1625110583,1
68203846,1625109392,1625120463,1
68203849,1625109399,1635512530,1
68203854,1625109507,1625130013,1
68203864,1625109618,1625110288,1
68203921,1625110138,1625110311,2
68203955,1625110316,1625306820,1
68203974,1625110468,1625110937,3
68203996,1625110706,1625160043,1
68204001,1625110751,,0
68204026,1625111015,1625111015,1
68204050,1625111269,1625112655,1
68204051,1625111273,1625112136,1
68204056,1625111375,,0
68204075,1625111607,,0
68204097,1625111763,1625112941,2
68204103,1625111812,1625112881,1
68204109,1625111907,1625114529,1
68204128,1625112032,1625119126,1
68204133,1625112080,,0
68204153,1625112282,1625114896,1
68204157,1625112328,1625112535,3
68204161,1625112368,1625144624,1
68204183,1625112681,1625116778,1
68204204,1625112861,,0
68204223,1625112996,1625174903,1
68204231,1625113086,1625113472,2
68204243,1625113178,1625114279,3
68204310,1625113729,1625114620,2
68204384,1625114321,1717290990,1
68204393,1625114407,1625114929,1
68204395,1625114445,1625189848,1
68204411,1625114575,,0
68204455,1625114882,1625119775,1
68204457,1625114894,1625119834,1
68204482,1625115050,1625123143,1
68204484,1625115063,,0
68204510,1625115238,1625115916,2
68204533,1625115461,1625124080,1
68204549,1625115680,1625116412,1
68204563,1625115767,1625116276,1
68204565,1625115784,1625116645,2
68204602,1625116037,1625145189,1
68204617,1625116161,1625116966,1
68204624,1625116205,1625117108,1
68204635,1625116323,1625119553,1
68204651,1625116447,1625121798,1
68606598,1627776103,1627776825,2
68606608,1627776262,,0
68606625,1627776714,1627782077,2
68606631,1627776822,1627783859,1
68606641,1627777020,1627777281,1
68606646,1627777128,,0
68606661,1627777548,1627812252,1
68606663,1627777655,1627809965,1
68606672,1627777882,1627778818,2
68606688,1627778148,1627779364,1
68606695,1627778281,1627826885,2
68606703,1627778505,1627801648,1
68606719,1627778835,1627781408,1
68606730,1627778988,1627780387,2
68606739,1627779103,1628040470,1
68606744,1627779220,,0
68606779,1627779978,1627782010,1
68606809,1627780532,,0
68606814,1627780571,1627781925,2
68606815,1627780599,1627908168,2
68606884,1627781714,1627782119,1
68606901,1627782017,1627958334,1
68606917,1627782212,1627782409,2
68606920,1627782298,1627788523,2
68606952,1627782715,1627796798,1
68606971,1627783063,1627783549,2
68606981,1627783210,1627784043,2
68606986,1627783263,1627862404,1
68606999,1627783467,,0
68607027,1627783877,1627789696,1
68607037,1627784067,1627785894,4
68607067,1627784514,1627785158,3
68607075,1627784666,1628121724,1
68607130,1627785711,1627786753,1
68607138,1627785802,,0
68607139,1627785830,,0
68607160,1627786134,1627787016,1
68607162,1627786155,,0
68607187,1627786548,1627798055,1
68607197,1627786659,1627791044,1
68607222,1627786995,1627795708,2
68607226,1627787049,1627790173,1
68607258,1627787604,1627844207,1
68607277,1627787873,,0
68607287,1627788080,1627791286,1
68607301,1627788270,1627791240,1
68607325,1627788725,1627797666,1
68607326,1627788738,1627831426,1
68607328,1627788772,1639852498,1
68607340,1627789023,1627795264,1
68607348,1627789147,1627791481,1
68607367,1627789416,1627790509,1
68607439,1627790662,1627790897,2
68607474,1627791384,1627792999,1
68607475,1627791396,1627792705,2
68607481,1627791557,1627944791,1
68607496,1627791912,1627818998,1
68607517,1627792446,1627793681,2
68607529,1627792607,1627794070,1
68607545,1627792835,1628220099,1
68607565,1627793202,1627831268,1
68607574,1627793344,1627796046,2
68607576,1627793380,1627793510,1
68607578,1627793398,1627797515,1
68607592,1627793597,1627794895,1
68607593,1627793601,1627794104,1
68607614,1627793856,1627794128,1
68607656,1627794466,1627957669,1
68607667,1627794574,1627795713,2
68607712,1627795207,1627795387,1
68607722,1627795338,1627810996,1
68607752,1627795814,,0
68607825,1627796793,1627797068,1
68607866,1627797648,1627848185,1
68607871,1627797689,1627797864,2
68607936,1627798670,1627800194,1
68607955,1627798946,1627799924,1
68608025,1627799791,1627800291,3
68608040,1627799959,1627802625,1
68608056,1627800149,1627810822,1
68608065,1627800241,1627827074,1
68608069,1627800284,1627801100,2
68608076,1627800356,1627801391,3
68608079,1627800379,1627801602,2
68608081,1627800420,,0
68608105,1627800652,1627803182,1
68608159,1627801216,1627801855,2
68608161,1627801241,1627801799,3
68608200,1627801621,,0
68608216,1627801779,,0
68608220,1627801792,1627803578,2
68608259,1627802206,1627802411,2
68608271,1627802375,1627840830,1
68608273,1627802384,1627815846,1
68608318,1627802860,1633974490,2
68608326,1627802961,1628297997,1
68608380,1627803534,1627803985,5
68608428,1627803981,1627804688,1
68608447,1627804097,1627804824,1
68608448,1627804106,1627804493,1
69006444,1630454648,1630492434,1
69006464,1630454832,1630455171,1
69006473,1630454969,1668462870,1
69006479,1630455056,,0
69006486,1630455126,1630456087,1
69006489,1630455139,1630459001,1
69006523,1630455603,,0
69006541,1630455854,,0
69006562,1630456131,1630459650,2
69006564,1630456148,1630463625,2
69006579,1630456326,1630459052,1
69006583,1630456364,1630553185,2
69006584,1630456427,1630499680,1
69006595,1630456558,1630457888,2
69006615,1630456851,1630458561,2
69006654,1630457326,1630458180,2
69006674,1630457630,1630458764,3
69006749,1630458530,,0
69006804,1630459232,1630632772,1
69006814,1630459347,1630460415,1
69006819,1630459476,,0
69006853,1630459921,,0
69006886,1630460384,1630504266,2
69006887,1630460385,1630461298,1
69006916,1630460642,1630460925,1
69006918,1630460667,1630461541,3
69006931,1630460827,1630461596,1
69006956,1630461059,1630462306,2
69006961,1630461078,1630472406,1
69006972,1630461152,,0
69007000,1630461516,1630463089,1
69007019,1630461768,1630463106,1
69007042,1630462013,1630515088,3
69007044,1630462065,1630463160,1
69007064,1630462248,1630462636,2
69007068,1630462277,1630475863,1
69007080,1630462420,1630465725,1
69007119,1630462833,1630471602,1
69007122,1630462878,1630464301,2
69007130,1630463011,1630470658,1
69007149,1630463232,1630464052,2
69007158,1630463346,1630463769,4
69007162,1630463387,1630492051,1
69007184,1630463686,,0
69007185,1630463703,1630463886,4
69007238,1630464307,1630468240,1
69007257,1630464452,1630511137,1
69007296,1630465015,1630465174,2
69007325,1630465389,1630481269,1
69007346,1630465594,1630466857,1
69007351,1630465675,1658233276,3
69007361,1630465763,1630490181,2
69007362,1630465820,1630513628,1
69007370,1630465911,1630582684,1
69007376,1630465965,1630468636,1
69007381,1630466006,1630466267,1
69007390,1630466082,1630466921,3
69007453,1630466873,1630468348,2
69007473,1630467183,,0
69007479,1630467251,1630467803,1
69007516,1630467767,1630473128,1
69007524,1630467811,1630468685,5
69007530,1630467845,,0
69007603,1630468576,1630469012,2
69007628,1630468837,1636583979,1
69007639,1630468953,,0
69007672,1630469215,,0
69007677,1630469248,1630472474,2
69007730,1630469643,1630471419,1
69007748,1630469820,1630470891,3
69007786,1630470163,1630471784,2
69007798,1630470277,1630470624,1
69007865,1630470968,,0
69007870,1630470998,1630471875,1
69007922,1630471642,1630488620,1
69008004,1630472309,1630519050,1
69008015,1630472433,1630485105,1
69008035,1630472611,1630473912,1
69008055,1630472752,,0
69008065,1630472877,1630473134,1
69008075,1630472966,,0
69008105,1630473206,1630512437,7
69008121,1630473314,1630613498,1
69008130,1630473377,1630473813,3
69008131,1630473383,1630526154,1
69008133,1630473410,1630476591,1
69008155,1630473621,1634031466,1
69008156,1630473621,1630481241,1
69008185,1630473837,1630475159,1
69008262,1630474434,1630570522,1
69008275,1630474586,1630475003,1
69008290,1630474725,1630475704,4
69008305,1630474838,1630479851,1
69008321,1630474943,1630519908,1
69008362,1630475189,1630475357,3
69008420,1630475545,1630475786,1
69008445,1630475688,1630476002,1
69008501,1630476036,1630476163,4
69008507,1630476078,1630476955,1
69008518,1630476126,1630491453,1
69399941,1633046650,1633046898,2
69399970,1633046973,1633081643,2
69399990,1633047242,1633049302,2
69400007,1633047390,1633068835,2
69400063,1633048093,1633050401,1
69400080,1633048356,,0
69400088,1633048447,1633107368,2
69400106,1633048606,1633061534,1
69400146,1633049124,1633073684,1
69400157,1633049275,1633078688,1
69400163,1633049312,1634267026,1
69400165,1633049345,1633066225,1
69400203,1633049826,1633050322,1
69400241,1633050349,1671632260,1
69400299,1633061652,1633068284,1
69400319,1633061940,1633062587,1
69400329,1633062002,1633065519,1
69400332,1633062066,1633062135,2
69400352,1633062256,,0
69400374,1633062446,,0
69400384,1633062583,1633064048,1
69400397,1633062645,,0
69400416,1633062838,1633586391,3
69400419,1633062850,1633063132,2
69400456,1633063109,1633081703,1
69400495,1633063405,1633177254,1
69400501,1633063451,,0
69400525,1633063587,1633104989,1
69400535,1633063657,1633064140,1
69400573,1633063951,1633067333,1
69400607,1633064199,1633065719,1
69400620,1633064330,1633065149,1
69400630,1633064366,1633064788,1
69400703,1633064914,1633065035,2
69400727,1633065087,1633081120,1
69400750,1633065281,,0
69400768,1633065416,1633066335,1
69400770,1633065418,,0
69400771,1633065461,1633065581,3
69400809,1633065745,1633069507,1
69400813,1633065771,,0
69400814,1633065774,1633072054,1
69400843,1633065918,1633110377,1
69400868,1633066076,,0
69400871,1633066095,1633066374,2
69400897,1633066254,1633080027,1
69400899,1633066265,1633068392,2
69400900,1633066294,1633066511,4
69400936,1633066564,1633067156,2
69400984,1633066871,1633685936,2
69400996,1633066943,1633072977,1
69401038,1633067159,1633137333,1
69401055,1633067283,1633083553,1
69401056,1633067285,1633067735,2
69401126,1633067751,1633068438,1
69401136,1633067818,1633068463,2
69401150,1633067902,1633068017,1
69401157,1633067929,1633074640,2
69401159,1633067938,1633317369,1
69401183,1633068138,1633356112,1
69401192,1633068187,1633068739,1
69401196,1633068208,1633069504,1
69401210,1633068322,1633069041,1
69401226,1633068410,1633069876,1
69401227,1633068413,1633069352,2
69401248,1633068621,1633074607,1
69401341,1633069190,,0
69401364,1633069348,1633244209,2
69401386,1633069510,1633178687,1
69401404,1633069676,,0
69401411,1633069703,1633070249,1
69401431,1633069809,1633072884,1
69401434,1633069829,1633070550,1
69401441,1633069863,1633069863,1
69401453,1633069917,1633076300,2
69401454,1633069918,1633073322,3
69401477,1633070036,1633070654,2
69401488,1633070083,1633071164,2
69401490,1633070100,1633070452,2
69401599,1633070729,1633071058,2
69401600,1633070730,1633072256,1
69401611,1633070791,1633071341,2
69401643,1633070993,1633074572,3
69401644,1633070997,1776347783,1
69401661,1633071072,1633072036,3
69401708,1633071373,1633072389,1
69401713,1633071434,1633072576,2
69401718,1633071483,1633071692,2
69401752,1633071677,1633071868,3
69401786,1633071843,1633072273,2
69401793,1633071880,1633072522,1
69401841,1633072086,,0
69401857,1633072160,1633073353,2
69401888,1633072308,1633072857,3
69401984,1633072839,1633073192,3
69402000,1633072927,1633073433,1
69402078,1633073361,,0
69402091,1633073399,1633076928,2
69402126,1633073593,1633102609,2
69402145,1633073721,1633073863,3
69791524,1635725237,,0
69791533,1635725328,1635940202,1
69791553,1635725649,1635725967,3
69791573,1635726070,1635726308,1
69791575,1635726073,1635726073,1
69791596,1635726331,1635727255,3
69791611,1635726535,1635728033,1
69791612,1635726536,1635730905,1
69791617,1635726624,1635727081,3
69791620,1635726659,1635772035,1
69791630,1635726761,1635817553,1
69791646,1635726965,,0
69791674,1635727438,1635728419,2
69791690,1635727759,1643268986,1
69791693,1635727788,,0
69791723,1635728291,1635732129,1
69791728,1635728413,1636073632,1
69791753,1635728803,,0
69791783,1635729153,1635729750,1
69791808,1635729535,1635731821,1
69791834,1635729870,1635730234,1
69791848,1635730089,1635732250,1
69791863,1635730286,1635730641,1
69791864,1635730287,1635730796,2
69791885,1635730500,1635747880,1
69791899,1635730695,1635730695,2
69791917,1635730900,1635732204,3
69791920,1635730924,,0
69791941,1635731256,1637140642,5
69792006,1635732450,1635732711,3
69792016,1635732530,1658207740,1
69792025,1635732641,1635791157,2
69792060,1635733203,1635733640,2
69792094,1635733734,1635734108,1
69792099,1635733902,1635750558,1
69792100,1635733916,,0
69792103,1635733930,1635803787,1
69792108,1635733983,1635739352,3
69792130,1635734361,,0
69792172,1635734959,,0
69792199,1635735409,1635735720,2
69792205,1635735479,1635736215,1
69792258,1635736183,,0
69792261,1635736286,1635736582,1
69792296,1635736677,1635756338,1
69792317,1635736943,1635737673,1
69792320,1635736975,1635737685,1
69792328,1635737065,1635737404,2
69792335,1635737150,1635738094,2
69792337,1635737176,1635737538,3
69792350,1635737364,1635739822,1
69792359,1635737482,1635739177,1
69792367,1635737527,,0
69792413,1635738149,1635738886,1
69792429,1635738348,1636095434,1
69792464,1635738770,1635741193,2
69792478,1635738950,1635739610,6
69792497,1635739138,1635776070,1
69792515,1635739434,1635834344,1
69792564,1635740279,1635760244,2
69792575,1635740362,1635742821,1
69792582,1635740435,1635740631,2
69792696,1635741918,1635906655,1
69792699,1635741947,1635742549,2
69792703,1635741963,1635742826,1
69792712,1635742017,1635742334,2
69792713,1635742025,1635744226,2
69792729,1635742188,1635744612,1
69792760,1635742511,,0
69792774,1635742616,1635743303,1
69793663,1635742679,,0
69792798,1635742831,1635745490,2
69792801,1635742849,1635935990,1
69792877,1635743827,1689608279,1
69792879,1635743832,1635744259,2
69792881,1635743856,1635787464,1
69792894,1635744051,,0
69792900,1635744119,,0
69792938,1635744489,1635744824,2
69792957,1635744656,1635745113,2
69792966,1635744775,1636415107,1
69793013,1635745211,1635746173,1
69793016,1635745230,1635795373,1
69793089,1635745966,1635746166,1
69793091,1635745991,1635748042,1
69793144,1635746645,1635746751,2
69793151,1635746689,1635747018,2
69793181,1635747009,1635747466,1
69793202,1635747248,,0
69793245,1635747632,1635749243,6
69793288,1635748078,1635748265,1
69793305,1635748179,1635764598,1
69793376,1635748799,1636035804,1
69793437,1635749281,,0
69793465,1635749453,1635768995,1
69793494,1635749692,1635755722,1
69793514,1635749847,1635794278,1
69793525,1635749912,1635750304,2
69793545,1635750073,,0
69793559,1635750161,1635750555,2
70177591,1638316936,1638358209,1
70177598,1638316996,1638322588,2
70177623,1638317176,1638320165,1
70177629,1638317282,1638649430,1
70177638,1638317406,1638347233,1
70177661,1638317644,1638326367,1
70177674,1638317791,1737659174,1
70177685,1638317917,,0
70177709,1638318166,1694425208,1
70177716,1638318248,1638344003,1
70177724,1638318322,1638318617,1
70177759,1638318664,1638366342,1
70177760,1638318672,1638335838,1
70177765,1638318748,,0
70177770,1638318786,1638320324,1
70177790,1638318938,1638320897,1
70177797,1638318970,1638369274,1
70177804,1638319030,1638320326,1
70177806,1638319035,1638343732,1
70177811,1638319083,1638324168,1
70177841,1638319408,1638344778,2
70177871,1638319728,1638320074,1
70177873,1638319750,1638388603,1
70177878,1638319784,1638325117,1
70177888,1638319892,1638375720,1
70177898,1638320034,1638320380,2
70177902,1638320065,1638321542,1
70177916,1638320233,1638323956,2
70177935,1638320482,1638324302,2
70177940,1638320520,1638702258,2
70177945,1638320553,1638345126,1
70177967,1638320838,1638321787,1
70177979,1638320973,,0
70178001,1638321172,1638322999,2
70178016,1638321364,1638323588,2
70178064,1638321824,1638329354,1
70178114,1638322280,1638322884,2
70178125,1638322441,1638322797,3
70178129,1638322476,,0
70178142,1638322603,1638324136,1
70178145,1638322618,1638323875,1
70178162,1638322727,,0
70178163,1638322734,1638326191,1
70178205,1638323098,,0
70178206,1638323133,1638339739,2
70178212,1638323168,1638343367,1
70178216,1638323182,1638323286,4
70178229,1638323304,1651761042,1
70178230,1638323342,1638327579,1
70178247,1638323551,1638324714,2
70178274,1638323810,1638324081,1
70178335,1638324501,,0
70178340,1638324555,,0
70178355,1638324670,1638328024,2
70178415,1638325350,1638325807,1
70178416,1638325362,1638325740,4
70178438,1638325631,1638326442,1
70178444,1638325656,1638327020,3
70178452,1638325719,1638326778,1
70178475,1638325972,1638330229,2
70178486,1638326114,1638326443,1
70178534,1638326712,1638327149,2
70178536,1638326736,1638328808,1
70178553,1638326950,,0
70178582,1638327177,1638333616,1
70178619,1638327593,1638327874,4
70178620,1638327594,1638329386,3
70178637,1638327766,1638903378,1
70178644,1638327827,1638328762,2
70178648,1638327850,1638328350,1
70178686,1638328206,1638330840,1
70178705,1638328409,1638329830,1
70178788,1638329227,1638331558,1
70178819,1638329552,1638330014,1
70178831,1638329683,1638330741,1
70178840,1638329760,1638330650,2
70178910,1638330530,1638332758,1
70178922,1638330713,1638333416,1
70178936,1638330880,1638331333,1
70178943,1638330962,1638333424,2
70178995,1638331443,1638332251,1
70178999,1638331464,1638336317,2
70179051,1638331974,1638332209,2
70179076,1638332273,1638339734,1
70179109,1638332680,,0
70179124,1638332839,1638333798,1
70179127,1638332894,,0
70179142,1638333045,1638333286,2
70179151,1638333162,,0
70179158,1638333249,,0
70179159,1638333254,1638342057,1
70179196,1638333614,1638334389,2
70179230,1638333933,1638334484,3
70179237,1638334038,1638338654,1
70179247,1638334153,1638335077,1
70179282,1638334420,,0
70179295,1638334548,1638337673,1
70179296,1638334564,1638852983,1
70179298,1638334566,1638346288,1
70179307,1638334654,1638342239,1
70546324,1640995299,1640995626,1
70546325,1640995317,1640997751,1
70546341,1640995621,,0
70546349,1640995799,1640995976,1
70546351,1640995849,1640996774,1
70546362,1640996015,1641492902,1
70546364,1640996058,1641006561,1
70546369,1640996173,1641005601,1
70546376,1640996406,,0
70546392,1640996721,1641035424,1
70546406,1640996980,1641000794,1
70546410,1640997092,1640997863,2
70546448,1640997743,1640997854,3
70546467,1640998104,1641359905,1
70546468,1640998164,1641151392,2
70546522,1640999522,1640999809,1
70546551,1640999965,1641004288,1
70546553,1640999979,,0
70546565,1641000450,1641204117,1
70546579,1641000759,,0
70546604,1641001358,1641001580,3
70546655,1641002929,,0
70546666,1641003457,1641141972,2
70546667,1641003503,1641004488,2
70546671,1641003566,1641038277,1
70546689,1641004119,1641004445,1
70546709,1641004430,1641004763,1
70546720,1641004724,,0
70546725,1641004791,1641016557,1
70546742,1641005106,1641007619,1
70546744,1641005154,,0
70546765,1641006087,1641296022,1
70546788,1641006904,1641018257,1
70546822,1641007745,1641008555,2
70546823,1641007820,1641056666,1
70546824,1641007876,1641025048,1
70546828,1641008068,1641023912,2
70546838,1641008258,1641037446,1
70546846,1641008433,1641023480,1
70546850,1641008567,1641013854,1
70546855,1641008735,1641010524,1
70546870,1641009003,1641009253,1
70546893,1641009623,1641010024,2
70546913,1641010143,1641011062,2
70546926,1641010420,1641030484,1
70547000,1641012157,1641015142,1
70547008,1641012366,1641128795,1
70547027,1641012884,1641015722,5
70547077,1641014228,1641015912,1
70547100,1641014881,,0
70547176,1641016391,1641095626,2
70547186,1641016655,1641021487,1
70547199,1641016955,1641227135,1
70547251,1641018123,1641021675,1
70547281,1641018697,1641019059,4
70547290,1641018885,,0
70547296,1641018976,1641019125,1
70547300,1641019046,1641093980,1
70547309,1641019231,1641153006,1
70547324,1641019488,1641026303,1
70547384,1641020576,1641022164,1
70547395,1641020710,1641049140,1
70547404,1641020850,1660354611,2
70547416,1641021034,1641025688,1
70547425,1641021194,1654699956,1
70547426,1641021241,1641021402,5
70547441,1641021493,1641023084,1
70547460,1641021699,1641037996,1
70547515,1641022781,1641090221,1
70547527,1641023068,1641127418,2
70547552,1641023424,,0
70547624,1641024534,1641033731,1
70547669,1641025051,1641128834,1
70547678,1641025240,1641025928,2
70547711,1641025651,1641137180,1
70547721,1641025772,1641027690,2
70547728,1641025883,1641026193,3
70547735,1641025991,1641026352,2
70547742,1641026115,1641027237,1
70547798,1641026870,1641033634,2
70547808,1641026985,,0
70547813,1641027035,1641027383,2
70547850,1641027422,,0
70547865,1641027627,1641028082,1
70547901,1641028133,1641028654,1
70547910,1641028261,1655819006,1
70547939,1641028533,,0
70547994,1641029339,,0
70548041,1641030047,1641030356,3
70548057,1641030229,1641033446,1
70548070,1641030331,,0
70548075,1641030410,1641044872,1
70548094,1641030671,1641031840,1
70548095,1641030679,1641031072,1
70548129,1641031052,1641031636,1
70548161,1641031452,1641031710,1
70548188,1641031761,1641032686,1
70548206,1641032028,1641034945,3
70548233,1641032374,,0
70548240,1641032519,1642653138,2
70934247,1643673639,1643674779,2
70934315,1643674470,1643675076,3
70934334,1643674667,1643694521,1
70934362,1643674935,1643675259,3
70934367,1643674986,1643713400,1
70934384,1643675133,1643898599,1
70934392,1643675193,1643678699,3
70934480,1643676019,1643676308,1
70934492,1643676162,1643676433,2
70934506,1643676317,1685381706,1
70934517,1643676412,1643679110,2
70934553,1643676766,1643714685,1
70934563,1643676939,1643741615,3
70934572,1643677052,1643680140,2
70934574,1643677110,1643677346,1
70934586,1643677261,1643699807,1
70934600,1643677445,1643678070,2
70934622,1643677757,1645962612,1
70934631,1643677820,1643678542,1
70934653,1643678140,1643702938,1
70934656,1643678157,1643678430,1
70934673,1643678442,1643679140,2
70934699,1643678746,1644246843,1
70934735,1643679168,1643681377,1
70934781,1643679691,1643679979,1
70934789,1643679834,1643811511,2
70934808,1643680121,1643820653,1
70934844,1643680597,1643682269,1
70934878,1643681058,1643681286,1
70934889,1643681231,1643686402,1
70934895,1643681303,,0
70934912,1643681442,1643681737,1
70934947,1643681850,1643690106,1
70934949,1643681889,1643889697,1
70934954,1643681918,1643682300,1
70934962,1643682057,1643719532,1
70934967,1643682156,1643684392,2
70934970,1643682175,1643696929,1
70934989,1643682428,1643682573,1
70935039,1643683141,1643683736,1
70935112,1643684058,1661416185,1
70935118,1643684114,1643696061,1
70935153,1643684509,1643699454,1
70935154,1643684511,1643718341,1
70935155,1643684512,1643684762,1
70935173,1643684765,1664426843,1
70935179,1643684844,1662635678,1
70935182,1643684869,1643685982,1
70935197,1643685084,1643689416,1
70935202,1643685137,,0
70935209,1643685254,1643685623,4
70935262,1643686038,1661263823,1
70935265,1643686116,1643687459,1
70935309,1643686602,,0
70935365,1643687242,1643687664,2
70935367,1643687288,1643710766,1
70935394,1643687588,,0
70935419,1643687877,1643689122,2
70935425,1643687960,1643688353,1
70935457,1643688389,1643689870,3
70935481,1643688708,1643700076,1
70935501,1643688920,1643690728,1
70935519,1643689138,1643691442,3
70935535,1643689348,1643690222,3
70935570,1643689723,1643690150,2
70935636,1643690327,,0
70935641,1643690344,,0
70935648,1643690403,1643691631,1
70935680,1643690697,1643701444,1
70935718,1643691126,1643691734,4
70935727,1643691210,1643741396,1
70935739,1643691345,1643693878,1
70935761,1643691586,1643691723,3
70935766,1643691630,1646221550,1
70935795,1643691991,1643696053,1
70935815,1643692157,,0
70935825,1643692253,1643693490,2
70935868,1643692731,1643790022,1
70935872,1643692784,,0
70935898,1643692976,1643699280,1
70935903,1643693013,1643756764,1
70935905,1643693042,1643693258,1
70935983,1643693784,1643694786,1
70936023,1643694128,,0
70936033,1643694190,1643695561,1
70936073,1643694563,1643697512,2
70936091,1643694711,1643694842,3
70936118,1643694880,1643696018,4
70936144,1643695156,1643695654,2
70936145,1643695162,1643695814,4
70936198,1643695656,1643695911,3
70936246,1643696041,,0
70936254,1643696082,,0
70936307,1643696537,1643696817,1
70936340,1643696756,,0
70936382,1643697058,1643701787,2
70936408,1643697278,1643697465,1
70936451,1643697520,,0
70936462,1643697572,1643698665,1
70936466,1643697622,1643700280,1
71302366,1646092873,1652471375,1
71302387,1646093104,1646095730,2
71302401,1646093248,1646094578,1
71302413,1646093371,1646096481,1
71302423,1646093437,1646131555,1
71302464,1646093972,1646094072,3
71302471,1646094045,1646101113,2
71302527,1646094697,,0
71302557,1646095037,1646096396,1
71302569,1646095218,1646163963,1
71302583,1646095346,1646275387,1
71302626,1646095908,1647971435,1
71302650,1646096323,,0
71302660,1646096436,1646169529,1
71302671,1646096542,1646097711,1
71302679,1646096622,,0
71302725,1646097145,1646098811,1
71302734,1646097237,1646100206,1
71302758,1646097629,1646098159,1
71302771,1646097783,1646106165,1
71302801,1646098128,1646098712,2
71302811,1646098248,,0
71302832,1646098504,1646099128,1
71302839,1646098565,,0
71302840,1646098571,1646123638,1
71302841,1646098585,,0
71302850,1646098704,1646102303,1
71302867,1646098935,1646152446,2
71302892,1646099267,1646151440,1
71302925,1646099653,,0
71302932,1646099741,1646100982,1
71302943,1646099883,1646359508,2
71302991,1646100464,,0
71303032,1646101103,1646101952,1
71303064,1646101407,1646102795,2
71303074,1646101569,,0
71303084,1646101722,1646157759,1
71303173,1646102707,1646104379,2
71303194,1646102933,,0
71303220,1646103208,,0
71303247,1646103508,1646187063,2
71303258,1646103649,1646105198,1
71303293,1646104084,,0
71303408,1646105234,1646127444,1
71303417,1646105365,1646332947,2
71303438,1646105656,1646106550,1
71303439,1646105694,,0
71303453,1646105838,1646106942,3
71303456,1646105864,1646110932,1
71303481,1646106120,1646106222,2
71303489,1646106221,,0
71303520,1646106513,1646107375,1
71303550,1646106806,1672691695,1
71303551,1646106823,1646109057,1
71303564,1646106922,1652658034,1
71303567,1646106950,,0
71303574,1646107008,1646107775,1
71303583,1646107122,1646244529,1
71303585,1646107133,1646109578,2
71303630,1646107559,1655826150,1
71303643,1646107816,1662623978,1
71303659,1646108024,1646116074,1
71303690,1646108442,,0
71303700,1646108601,1646109227,1
71303708,1646108672,,0
71303716,1646108732,1646114464,1
71303719,1646108748,1646109012,3
71303734,1646108960,1646109250,3
71303740,1646108996,1646109831,1
71303748,1646109059,1646118709,1
71303788,1646109436,,0
71303795,1646109491,1646110274,1
71303810,1646109656,1646151075,1
71303817,1646109721,1646178779,2
71303878,1646110355,1646163964,2
71303881,1646110375,,0
71303921,1646110752,1646112531,1
71303929,1646110833,1646111258,1
71303956,1646111123,1646112430,3
71303964,1646111164,,0
71303990,1646111435,,0
71304002,1646111504,1646112457,1
71304022,1646111745,1646112134,1
71304045,1646111987,,0
71304113,1646112618,1646118340,2
71304164,1646113117,1646113873,1
71304165,1646113156,1646115850,2
71304181,1646113311,1646113311,3
71304186,1646113347,1646114473,1
71304199,1646113456,,0
71304202,1646113518,1646113880,1
71304288,1646114179,1646116700,1
71304293,1646114207,1646115296,2
71304329,1646114533,1646120079,1
71304356,1646114763,1648353261,1
71304381,1646114965,1646149802,2
71304410,1646115211,1656583592,1
71304415,1646115264,1646115849,1
71304422,1646115317,1646115458,1
71304476,1646115717,1646115813,1
71700418,1648771293,,0
71700425,1648771363,1648772040,3
71700434,1648771564,1648775389,2
71700439,1648771659,1648772407,3
71700475,1648772093,1648774197,3
71700501,1648772339,1648912779,1
71700505,1648772404,1648773392,4
71700514,1648772542,1648792097,2
71700531,1648772823,1648996953,2
71700550,1648773111,1648776770,1
71700563,1648773303,1648959932,1
71700577,1648773482,1648835470,1
71700580,1648773494,1648774568,1
71700591,1648773640,,0
71700634,1648774307,1648774767,1
71700673,1648774693,1648846318,1
71700679,1648774752,,0
71700691,1648774947,1657217915,1
71700716,1648775322,1648778252,1
71700757,1648775954,1648777354,3
71700767,1648776028,1648777192,1
71700815,1648776827,1648784065,1
71700830,1648776972,,0
71700852,1648777180,1648783511,1
71700862,1648777319,1648777517,1
71700881,1648777478,1648777715,2
71700902,1648777666,1648825435,1
71700949,1648778242,1648782090,1
71700993,1648778859,1648779178,1
71701011,1648779040,1648779777,1
71701013,1648779058,1648783594,3
71701041,1648779355,1648828792,1
71701045,1648779372,1648786420,2
71701113,1648780209,1648780505,2
71701125,1648780300,1648781569,1
71701126,1648780328,1648780858,1
71701187,1648781018,1648781265,2
71701199,1648781139,1648782918,2
71701200,1648781161,1648799745,1
71701239,1648781593,,0
71701279,1648781995,1648782434,5
71701288,1648782079,,0
71701296,1648782169,1648795618,2
71701302,1648782224,1648782801,2
71701313,1648782366,,0
71701326,1648782448,1648782663,3
71701327,1648782484,1648783243,1
71701338,1648782598,,0
71701364,1648782831,1648783982,3
71701389,1648783058,1648784089,1
71701415,1648783354,1648786519,1
71701421,1648783387,1648784007,1
71701448,1648783636,1648796523,1
71701458,1648783754,1648785096,1
71701469,1648783836,1648784329,4
71701491,1648784098,1648791372,1
71701504,1648784245,1648785746,2
71701506,1648784261,1648786791,2
71701523,1648784399,1648807381,1
71701543,1648784561,1648785774,1
71701565,1648784786,1648808386,2
71701567,1648784796,1648786034,1
71701574,1648784857,1648788325,2
71701586,1648784968,1648786290,2
71701592,1648784990,1648789550,2
71701622,1648785372,1648785642,1
71701625,1648785412,,0
71701629,1648785510,1648803197,3
71701634,1648785562,1648785828,1
71701641,1648785612,1648786262,1
71701680,1648785980,,0
71701690,1648786049,1648786822,1
71701697,1648786130,1648788013,2
71701739,1648786486,1648787190,3
71701806,1648787188,1648789595,3
71701814,1648787306,1648787471,4
71701844,1648787564,1648788396,2
71701855,1648787629,1649231348,1
71701899,1648788002,1648817025,1
71701940,1648788438,,0
71701959,1648788625,1648793519,1
71701966,1648788717,1648789472,1
71701981,1648788892,1648789253,5
71702099,1648790024,1648790196,1
71702121,1648790178,,0
71702147,1648790483,1648978079,1
71702153,1648790521,1648810943,1
71702156,1648790555,,0
71702167,1648790659,1648790919,1
71702170,1648790724,,0
71702179,1648790779,1648791364,2
71702183,1648790815,,0
71702238,1648791273,1648792597,3
71702374,1648792526,,0
71702376,1648792542,1648792689,1
71702434,1648793016,,0
71702453,1648793232,1648794529,2
71702459,1648793269,1648794139,2
71702483,1648793474,1648793949,1
71702526,1648793745,,0
72073065,1651363247,,0
72073068,1651363296,,0
72073078,1651363519,1651369639,1
72073104,1651363933,1651378242,2
72073130,1651364338,1651367755,1
72073134,1651364371,1651364713,1
72073153,1651364724,1651368174,1
72073157,1651364793,1651366074,1
72073168,1651365061,1651379546,1
72073198,1651365552,1651365935,4
72073242,1651366272,1651366521,4
72073302,1651367176,1651441404,1
72073350,1651367922,1651525413,1
72073362,1651368091,1651368617,1
72073373,1651368221,1651394732,2
72073381,1651368360,1651368899,3
72073388,1651368451,1651369988,2
72073393,1651368584,1651381957,1
72073413,1651368955,1651370350,1
72073417,1651368992,1651768580,1
72073419,1651369012,1651377942,1
72073427,1651369148,1651371691,1
72073484,1651370348,,0
72073488,1651370427,,0
72073489,1651370452,1667409874,1
72073495,1651370572,1651376277,1
72073505,1651370688,,0
72073523,1651370926,1651371321,2
72073596,1651372054,,0
72073630,1651372539,1651372744,3
72073636,1651372596,1651373945,1
72073643,1651372780,1651443478,1
72073646,1651372929,,0
72073663,1651373342,1651373907,1
72073664,1651373360,,0
72073668,1651373475,,0
72073686,1651373910,1651374133,2
72073699,1651374200,,0
72073728,1651374581,1651376181,1
72073739,1651374762,1651375099,2
72073755,1651375151,1651375286,1
72073765,1651375360,1651376634,1
72073803,1651376224,1651387886,1
72073836,1651376736,,0
72073846,1651376942,1652960319,1
72073871,1651377231,,0
72073875,1651377293,1651378237,1
72073886,1651377442,1651378843,2
72073918,1651378038,1651382289,1
72073919,1651378087,1654357783,1
72073922,1651378148,1651404990,1
72073931,1651378239,1651771300,1
72073941,1651378379,1651384539,1
72073943,1651378393,1651393725,1
72073949,1651378479,,0
72073990,1651379234,1651425136,1
72074018,1651379630,1651381023,1
72074031,1651379851,1651556554,1
72074050,1651380197,1651385571,1
72074060,1651380345,1651385593,1
72074079,1651380555,,0
72074092,1651380830,1651381633,2
72074121,1651381331,1651398160,1
72074133,1651381492,,0
72074137,1651381568,,0
72074186,1651382226,,0
72074195,1651382346,1653991494,1
72074213,1651382687,1651382820,2
72074319,1651384277,,0
72074327,1651384374,,0
72074345,1651384549,1651410238,1
72074375,1651384959,1651590804,1
72074406,1651385458,,0
72074415,1651385611,1651415990,1
72074429,1651385769,1651386025,2
72074474,1651386297,1651386469,2
72074477,1651386346,,0
72074495,1651386602,1651387260,2
72074496,1651386612,1651443869,1
72074512,1651386789,1651388112,3
72074524,1651386965,1652783121,1
72074547,1651387221,,0
72074580,1651387698,,0
72074586,1651387773,1651388013,2
72074598,1651387957,1651390721,2
72074605,1651388014,1651388508,1
72074635,1651388368,1651449024,1
72074636,1651388374,1651388906,1
72074655,1651388643,,0
72074658,1651388656,1651404509,1
72074662,1651388690,1651389101,2
72074669,1651388747,1651389048,2
72074751,1651389550,,0
72074762,1651389671,1676492788,1
72074778,1651389851,1651390040,2
72074801,1651390135,1651390389,1
72074819,1651390295,1651390472,1
72074846,1651390653,1651391699,1
72074870,1651390905,1651397476,1
72074882,1651390967,1651669017,2
72455196,1654041624,1654071858,1
72455208,1654041791,1654042163,1
72455215,1654041924,1654064457,1
72455240,1654042205,1654523552,1
72455246,1654042252,,0
72455252,1654042319,1654049499,1
72455274,1654042591,1654677663,2
72455278,1654042618,,0
72455288,1654042748,1654047152,1
72455305,1654042936,1654043477,2
72455307,1654042962,1654043684,2
72455369,1654043984,1654066487,1
72455370,1654043986,1654044749,4
72455381,1654044143,,0
72455394,1654044317,1654044540,2
72455398,1654044469,1654045931,1
72455420,1654044729,,0
72455427,1654044848,,0
72455444,1654045147,1654095253,1
72455487,1654045751,1654114950,2
72455495,1654045882,1654051899,1
72455507,1654046039,1654084667,1
72455526,1654046384,1654047583,2
72455541,1654046540,1654067559,2
72455547,1654046621,,0
72455558,1654046784,1654047435,1
72455582,1654047181,1654047959,1
72455584,1654047204,1654052583,1
72455600,1654047364,1654070532,1
72455601,1654047378,,0
72455639,1654047838,1654049405,2
72455673,1654048164,1654048548,4
72455709,1654048476,1656678008,1
72455730,1654048861,1654122258,1
72455760,1654049251,,0
72455810,1654049804,1654050160,4
72455847,1654050241,1654079950,2
72455852,1654050306,1654056359,1
72455866,1654050460,1654053050,2
72455896,1654050872,1654057001,1
72455916,1654051090,1654053070,1
72455925,1654051201,1654052324,1
72455936,1654051320,1654104327,1
72455962,1654051729,1654052077,2
72455983,1654051970,,0
72456001,1654052122,1654637263,1
72456010,1654052290,1654062683,1
72456084,1654053143,1654060562,1
72456086,1654053151,1654054928,1
72456146,1654054061,1654054515,2
72456212,1654054814,1654055040,1
72456234,1654055104,1654057750,1
72456246,1654055194,,0
72456250,1654055279,,0
72456253,1654055303,1654056557,2
72456290,1654055625,,0
72456328,1654056036,1654058094,1
72456342,1654056275,,0
72456345,1654056335,1654062177,1
72456392,1654056966,1654057416,1
72456399,1654057071,,0
72456404,1654057137,,0
72456416,1654057309,1654071429,1
72456447,1654057650,1654260013,1
72456456,1654057729,,0
72456479,1654057927,1654058115,1
72456480,1654057935,,0
72456481,1654057937,1654165072,1
72456554,1654058881,1654059174,3
72456555,1654058926,1654061250,1
72456557,1654058937,1654059536,2
72456589,1654059300,1654059639,2
72456593,1654059357,1680093692,1
72456623,1654059608,1654060776,2
72456644,1654059772,1655314108,2
72456647,1654059790,1654073980,2
72456679,1654060222,1654061688,1
72456687,1654060277,1654061470,1
72456705,1654060440,1654069969,1
72456723,1654060638,1654094961,1
72456725,1654060662,1654112836,2
72456780,1654061119,1654061716,1
72456810,1654061356,1654061555,2
72456831,1654061547,1654061801,2
72456845,1654061623,1654755221,1
72456847,1654061643,1654063794,1
72456849,1654061670,,0
72456914,1654062145,1654062948,2
72456934,1654062294,1654062422,2
72457019,1654062931,1654063200,1
72457021,1654062954,1654064110,1
72457031,1654063004,,0
72457084,1654063320,,0
72457090,1654063367,1654063418,1
72457129,1654063560,1654064055,1
72457168,1654063903,1654105619,1
72457169,1654063911,1654064123,1
72457194,1654064041,1654064454,3
72457216,1654064136,1655085267,1
72457221,1654064194,,0
72823176,1656633918,,0
72823219,1656634550,,0
72823253,1656634982,1658356164,1
72823273,1656635296,1686815117,1
72823277,1656635401,,0
72823290,1656635498,1656647487,1
72823302,1656635664,1656635874,5
72823304,1656635675,,0
72823311,1656635733,1656636085,1
72823313,1656635755,,0
72823321,1656635822,1656637366,3
72823341,1656636077,1656639541,1
72823376,1656636674,1656637875,1
72823377,1656636679,1656638452,2
72823407,1656637136,1656644590,2
72823416,1656637230,1656659972,1
72823443,1656637531,1656645315,1
72823450,1656637557,1656638512,1
72823544,1656638779,1656642460,1
72823607,1656639843,1657489167,1
72823610,1656639879,1656640213,1
72823648,1656640303,1657302034,1
72823655,1656640392,1656642328,1
72823662,1656640447,1656644799,1
72823664,1656640494,,0
72823675,1656640647,1663336750,1
72823690,1656640938,1658864123,2
72823703,1656641133,,0
72823741,1656641667,1656641918,1
72823744,1656641681,,0
72823768,1656641848,1667263011,2
72823770,1656641873,1656642681,1
72823786,1656642051,1656644027,2
72823793,1656642102,1656657734,1
72823803,1656642255,1656648013,2
72823816,1656642377,1656665338,1
72823843,1656642750,1656643381,1
72823871,1656643196,1656644264,2
72823876,1656643286,,0
72823893,1656643543,,0
72823902,1656643677,1656644192,1
72823906,1656643751,1656663267,1
72823916,1656643943,1658137678,1
72823920,1656643986,1656646363,1
72823934,1656644132,1656693891,1
72823970,1656644620,,0
72824019,1656645173,1656655882,1
72824048,1656645539,,0
72824054,1656645625,1656646062,1
72824067,1656645785,1656646103,1
72824080,1656645930,,0
72824084,1656645972,1656657436,1
72824114,1656646394,1656710190,1
72824213,1656647646,1656657537,1
72824231,1656647922,1664212654,1
72824236,1656647996,1656649077,4
72824244,1656648071,1656660288,1
72824262,1656648305,1656649478,1
72824292,1656648780,1656786755,1
72824327,1656649100,1656656041,2
72824417,1656650088,1656890615,2
72824419,1656650115,1656650886,1
72824420,1656650130,1656707182,2
72824467,1656650757,,0
72824468,1656650766,1656651085,5
72824482,1656650922,1656651264,1
72824484,1656650926,1656782553,1
72824498,1656651103,1656668050,1
72824532,1656651405,,0
72824561,1656651739,1656652989,1
72824584,1656651975,1656654681,2
72824590,1656652008,1656653602,2
72824608,1656652108,1656652626,3
72824617,1656652194,1656652619,1
72824636,1656652343,1656666883,1
72824646,1656652393,1656652999,1
72824733,1656653227,1697189934,1
72824754,1656653390,1656655152,1
72824773,1656653572,1656654099,1
72824784,1656653681,1656653936,4
72824787,1656653712,1656664155,2
72824797,1656653770,,0
72824855,1656654191,1656654929,2
72824866,1656654262,,0
72824876,1656654313,1656681635,1
72824918,1656654710,1656655065,5
72825021,1656655503,1657351736,1
72825065,1656655880,1656656751,1
72825111,1656656308,1656666457,1
72825113,1656656330,1656656796,1
72825117,1656656348,1675978252,2
72825123,1656656433,1656661498,2
72825127,1656656489,,0
72825137,1656656607,1659083772,1
72825139,1656656616,1656657151,3
72825151,1656656720,1656761126,1
72825182,1656656911,1656659280,1
72825192,1656656986,1656676598,1
72825193,1656656993,,0
72825203,1656657084,1656952503,1
73187792,1659312304,1659335006,1
73187799,1659312381,1659336040,2
73187837,1659312931,1659416984,1
73187868,1659313536,1659350509,1
73187905,1659314236,1659314860,1
73187914,1659314325,1659314673,4
73187918,1659314368,1659343241,1
73187923,1659314448,1659335863,1
73187931,1659314556,1659316199,1
73187965,1659314934,,0
73187971,1659315027,,0
73187982,1659315163,,0
73188010,1659315726,,0
73188050,1659316733,1659359802,1
73188054,1659316815,,0
73188063,1659316924,1659333468,1
73188094,1659317431,,0
73188102,1659317693,1659329402,1
73188111,1659317927,1659435733,1
73188122,1659318075,1659326965,1
73188124,1659318125,1659655447,1
73188137,1659318293,1659318689,1
73188205,1659319190,1659319804,1
73188208,1659319229,1659319496,1
73188210,1659319251,1659319915,2
73188243,1659319706,1659320133,1
73188263,1659319921,1659352202,1
73188299,1659320387,1680361348,1
73188325,1659320762,1659322722,2
73188352,1659321324,1659322237,1
73188383,1659321844,1659331013,1
73188399,1659322051,,0
73188411,1659322240,1659322999,1
73188433,1659322520,1659349948,1
73188434,1659322556,1659323483,3
73188454,1659322817,1659323669,1
73188468,1659323063,1659326766,2
73188476,1659323212,,0
73188479,1659323316,1659324782,1
73188486,1659323414,1659329296,2
73188494,1659323516,1683032602,1
73188517,1659323746,1659324020,2
73188523,1659323829,1659372420,1
73188528,1659323935,,0
73188551,1659324227,1659327296,1
73188582,1659324635,1659324975,2
73188586,1659324696,1659390269,2
73188595,1659324784,1659535073,1
73188635,1659325294,1659325567,2
73188648,1659325452,1659332780,1
73188664,1659325705,1659713940,1
73188690,1659326218,1659328010,1
73188697,1659326307,1659326633,1
73188705,1659326399,,0
73188712,1659326480,1659338174,2
73188799,1659327576,1659329014,1
73188805,1659327653,1660066729,1
73188808,1659327674,1659328215,1
73188811,1659327713,1659327998,2
73188814,1659327741,1659352875,1
73188838,1659328051,1659330927,1
73188881,1659328516,1659329765,1
73188883,1659328529,1659343496,1
73188887,1659328610,1659347444,1
73188906,1659328845,1659361543,5
73188917,1659328928,1659372678,1
73188919,1659328974,,0
73188983,1659329739,1659332935,2
73188984,1659329744,1659330087,1
73188992,1659329819,1659329961,2
73188996,1659329906,,0
73189054,1659330797,1659331036,3
73189080,1659331117,,0
73189094,1659331272,1659332280,1
73189135,1659331638,1659332119,1
73189147,1659331818,1659331993,1
73189161,1659331923,1660044287,1
73189190,1659332236,,0
73189191,1659332245,1659342073,1
73189225,1659332543,1659811091,1
73189285,1659333025,1659334986,1
73189403,1659334010,1659338508,2
73189405,1659334025,1659335127,2
73189409,1659334062,1659339126,2
73189429,1659334195,1659335126,1
73189456,1659334372,1659334590,1
73189476,1659334522,1679677450,1
73189531,1659334883,1659342836,1
73189588,1659335351,1659336538,1
73189602,1659335421,1659335978,1
73189616,1659335556,,0
73189631,1659335628,1659336783,1
73189635,1659335638,1659349868,1
73189636,1659335657,1659351139,1
73189663,1659335902,,0
73189686,1659336045,1659336268,3
73189717,1659336229,1659339228,3
73189719,1659336243,1659337840,2
73189755,1659336467,1659341888,1
73189867,1659337195,,0
73563053,1661990573,1661991852,1
73563061,1661990666,1662417503,1
73563077,1661990785,,0
73563089,1661991010,1661994065,2
73563105,1661991332,,0
73563131,1661991682,1661991835,1
73563154,1661991929,1661992523,1
73563158,1661991973,1661992828,2
73563186,1661992353,1662019108,1
73563204,1661992629,1661993593,2
73563239,1661993056,,0
73563253,1661993267,1661993518,1
73563274,1661993623,1692391225,1
73563299,1661993893,,0
73563304,1661993926,1661994715,3
73563305,1661993929,1661996355,1
73563318,1661994167,1661996033,3
73563323,1661994202,1661995754,3
73563328,1661994310,1662014992,1
73563332,1661994420,1662336600,1
73563343,1661994559,1661996287,1
73563367,1661994810,1661995266,1
73563384,1661995117,1661995798,1
73563409,1661995420,1662005715,1
73563440,1661995759,1661998312,1
73563485,1661996261,1661996558,1
73563496,1661996383,1661997976,1
73563505,1661996531,1661997416,2
73563506,1661996544,1661996765,4
73563518,1661996730,1662011148,2
73563524,1661996783,1661998150,1
73563528,1661996821,1662055604,1
73563559,1661997277,1662000167,1
73563578,1661997489,1662008370,1
73563591,1661997614,1662004910,2
73563592,1661997638,1662399232,1
73563648,1661998417,1662006401,2
73563651,1661998479,1662000907,1
73563665,1661998645,1662708127,1
73563677,1661998752,1662010628,1
73563678,1661998753,1662003442,1
73563683,1661998805,1661999936,4
73563684,1661998818,1662001660,1
73563689,1661998849,1661999307,1
73563754,1661999871,1662007919,1
73563761,1661999931,1662000927,2
73563789,1662000187,1662000319,3
73563804,1662000356,1662094934,3
73563867,1662001048,1662001802,2
73563885,1662001332,,0
73563965,1662002284,1662005176,1
73563970,1662002358,1662003306,1
73563992,1662002592,,0
73564018,1662003053,1662003839,1
73564027,1662003178,1662003574,3
73564052,1662003460,,0
73564053,1662003464,1662003971,1
73564054,1662003470,,0
73564057,1662003528,1662003972,1
73564070,1662003651,,0
73564087,1662003873,1662004243,1
73564093,1662003952,,0
73564116,1662004086,1662042420,1
73564117,1662004090,1662008047,2
73564123,1662004159,1662005850,2
73564132,1662004225,1662020648,1
73564183,1662004797,1662346142,2
73564219,1662005471,,0
73564223,1662005519,1662006123,1
73564238,1662005642,1662018688,1
73564255,1662005828,1662006196,1
73564271,1662006002,,0
73564275,1662006051,1662020678,1
73564285,1662006170,1662006510,1
73564291,1662006220,1662006586,1
73564314,1662006489,1662401304,2
73564340,1662006881,1662013090,1
73564348,1662006959,1662315003,1
73564451,1662008336,1662011406,1
73564465,1662008559,1662010012,1
73564547,1662009473,1662128456,1
73564550,1662009503,1662009800,4
73564558,1662009570,1662010246,3
73564576,1662009725,1662205056,1
73564659,1662010472,,0
73564704,1662010992,1662011179,1
73564707,1662011025,1662012038,1
73564732,1662011234,1662024189,1
73564748,1662011325,1662013361,1
73564751,1662011361,1662011491,2
73564771,1662011519,1662015185,2
73564774,1662011563,1662012775,2
73564784,1662011618,1662013926,2
73564800,1662011714,1662014988,3
73564826,1662012035,1662012035,2
73564829,1662012043,1662012255,2
73564843,1662012118,1662012259,2
73564936,1662012830,1662013329,3
73564957,1662012993,1662016547,3
73564980,1662013093,1662016201,1
73914963,1664582827,1664583319,2
73914970,1664582960,1665465516,1
73914994,1664583260,1664583793,4
73915052,1664584097,1664590563,1
73915058,1664584197,1664584620,1
73915065,1664584332,1724083277,1
73915067,1664584349,1664587919,2
73915085,1664584753,1664586963,2
73915131,1664585705,1664606471,1
73915158,1664586216,,0
73915163,1664586298,,0
73915176,1664586638,,0
73915191,1664587025,1665294955,1
73915198,1664587143,1664769570,1
73915223,1664587649,,0
73915233,1664587890,1664625780,1
73915243,1664588092,1664588633,3
73915245,1664588122,,0
73915251,1664588271,,0
73915267,1664588506,1664597116,1
73915337,1664589696,1664592037,1
73915365,1664590184,1664591489,2
73915380,1664590454,1664876204,1
73915392,1664590685,1664591859,2
73915435,1664591503,1664894243,1
73915441,1664591611,1664592535,2
73915455,1664591873,1664612993,1
73915456,1664591878,1664806892,1
73915499,1664592810,1664603062,1
73915532,1664593433,1664633541,1
73915535,1664593478,,0
73915541,1664593532,1664766072,1
73915547,1664593718,1664789113,1
73915562,1664593923,1664594137,1
73915563,1664593931,1664594478,1
73915569,1664594006,1664594455,2
73915613,1664594904,1664595321,1
73915636,1664595449,1664597093,2
73915637,1664595456,1664595827,2
73915647,1664595615,1664596235,2
73915658,1664595775,1664597543,3
73915662,1664595788,1664824288,3
73915680,1664596054,1664596442,1
73915703,1664596630,1664597018,1
73915705,1664596668,1664782596,1
73915741,1664597245,1664597461,2
73915775,1664597999,1664599002,1
73915796,1664598194,,0
73915831,1664598829,1664598998,1
73915833,1664598853,1664600423,3
73915844,1664599008,1664608769,1
73915848,1664599062,,0
73915852,1664599113,,0
73915881,1664599820,1664600214,1
73915919,1664600468,1664601909,1
73915925,1664600583,1664601245,1
73915928,1664600596,1664601143,1
73915951,1664600916,1664690000,1
73915997,1664601495,1664601822,1
73916010,1664601725,,0
73916030,1664602022,,0
73916068,1664602781,1664603518,1
73916072,1664602856,1664603147,1
73916100,1664603268,1664603865,2
73916103,1664603322,1664656429,1
73916163,1664604199,1664606278,3
73916178,1664604412,1664610226,1
73916183,1664604502,1664608516,1
73916206,1664604761,1664605542,1
73916223,1664605030,1664606102,1
73916248,1664605459,1664611830,1
73916254,1664605570,1721829941,1
73916257,1664605580,,0
73916269,1664605660,1664932478,1
73916301,1664606052,1664609058,2
73916343,1664606615,1664607132,2
73916352,1664606731,1664608529,2
73916367,1664607074,,0
73916372,1664607134,1664607297,5
73916378,1664607292,1664608055,1
73916383,1664607346,,0
73916385,1664607375,1664607455,2
73916387,1664607437,,0
73916399,1664607536,1664609506,2
73916417,1664607798,1664608472,3
73916424,1664607936,1664612257,1
73916434,1664608007,1664616579,2
73916442,1664608092,1666737613,2
73916510,1664608859,1664609829,1
73916516,1664608912,1664609101,1
73916544,1664609226,1664609482,1
73916546,1664609270,,0
73916547,1664609278,1664610524,1
73916554,1664609406,1664612448,1
73916570,1664609582,,0
73916611,1664610060,1664613277,1
73916629,1664610233,,0
73916648,1664610475,1714273557,1
73916666,1664610698,1664611088,3
73916700,1664611102,1664620730,1
74270221,1667260959,1667263428,2
74270252,1667261312,,0
74270265,1667261510,1667284980,1
74270271,1667261616,1667291679,1
74270286,1667261863,,0
74270287,1667261905,1667262107,1
74270302,1667262228,1667601210,1
74270323,1667262522,1667263222,1
74270345,1667262798,1667296755,2
74270364,1667263092,1667269834,1
74270368,1667263154,1667264616,1
74270404,1667263524,1667317737,1
74270405,1667263530,1667264512,1
74270414,1667263632,,0
74270428,1667263804,1667288361,1
74270443,1667264022,1667303508,1
74270451,1667264091,1667273375,1
74270482,1667264475,1667351696,1
74270503,1667264642,1667265143,1
74270504,1667264674,1667279752,1
74270537,1667265183,1667265889,2
74270556,1667265394,1667267414,1
74270581,1667265790,1667272232,1
74270599,1667266048,1667289657,1
74270609,1667266202,1667267386,3
74270611,1667266209,1667267155,1
74270621,1667266384,1667310895,1
74270630,1667266521,,0
74270653,1667266855,1667294815,1
74270657,1667266888,,0
74270674,1667267041,1667684860,1
74270683,1667267100,1667268097,1
74270696,1667267263,1667268875,1
74270708,1667267382,,0
74270717,1667267478,1667274674,1
74270730,1667267596,1667267825,1
74270749,1667267812,1667293855,1
74270758,1667267885,1667671219,1
74270774,1667268070,1667268793,1
74270778,1667268165,1667280832,1
74270886,1667269404,1667269800,1
74270887,1667269441,1667278580,2
74270892,1667269505,1667270702,2
74270901,1667269645,1667270517,2
74270903,1667269658,1667271329,2
74270904,1667269664,1667271452,2
74270945,1667270158,,0
74270960,1667270339,1667272164,1
74270977,1667270479,1667272440,2
74270985,1667270528,,0
74270987,1667270541,1667271259,3
74271005,1667270816,1667271668,1
74271011,1667270922,1667295312,1
74271056,1667271403,,0
74271089,1667271774,1667272003,1
74271091,1667271796,1667272353,1
74271109,1667271977,1667273396,1
74271117,1667272045,1667313334,1
74271139,1667272246,1667272900,1
74271140,1667272248,1667280255,2
74271155,1667272411,1667274504,2
74271162,1667272506,1667278746,1
74271184,1667272707,1667276333,1
74271193,1667272787,1667274073,3
74271198,1667272814,1667275767,1
74271205,1667272927,1667389177,1
74271221,1667273109,1667273264,1
74271300,1667274096,1667274637,3
74271324,1667274328,1667281474,2
74271346,1667274633,1667295570,1
74271360,1667274793,1667277630,1
74271364,1667274834,1667316420,1
74271398,1667275206,1667276442,1
74271413,1667275351,1667279749,2
74271425,1667275452,1675410399,1
74271533,1667276759,1667306640,1
74271556,1667277040,1667280444,1
74271565,1667277135,1667278736,1
74271582,1667277322,1667277860,1
74271596,1667277521,1701945441,1
74271640,1667277926,1667294293,1
74271642,1667277962,1667286851,1
74271648,1667278016,1667279743,2
74271669,1667278291,1668476630,1
74271681,1667278389,1667279141,4
74271690,1667278546,1667280731,1
74271728,1667278949,1667281614,3
74271738,1667279037,1667328111,1
74271775,1667279420,1667318049,1
74271781,1667279548,,0
74271821,1667280016,1667282929,1
74271854,1667280361,1667280891,2
74271865,1667280444,1667281339,2
74271918,1667280955,,0
74271960,1667281364,1667293972,1
74272010,1667281876,1667282491,2
74272036,1667282185,1667290435,1
74272051,1667282300,1667283964,1
74272097,1667282672,1667283571,1
74272143,1667283168,1667520181,1
74635498,1669852908,1669853238,1
74635519,1669853143,,0
74635534,1669853298,1669890070,1
74635544,1669853443,1669857667,1
74635590,1669853817,1669854750,2
74635612,1669854120,1671445472,2
74635614,1669854135,1669854457,2
74635652,1669854571,1670441898,2
74635696,1669855068,,0
74635723,1669855473,1669858235,1
74635724,1669855478,1669855785,1
74635760,1669855852,,0
74635764,1669855908,1669857185,1
74635810,1669856490,1669856652,2
74635825,1669856660,1669881863,1
74635830,1669856699,1669938069,1
74635832,1669856712,1669858136,1
74635839,1669856805,1669857230,3
74635885,1669857303,1669857816,1
74635930,1669857710,1669858280,4
74635932,1669857717,1670449718,1
74635937,1669857761,,0
74635970,1669858064,1669859464,4
74635994,1669858343,1669859765,2
74636003,1669858472,1669876600,2
74636010,1669858521,1669887964,1
74636015,1669858579,1672072385,2
74636048,1669858904,1669863019,1
74636052,1669858936,1669859242,1
74636064,1669859038,1669870549,2
74636105,1669859458,1669869683,1
74636120,1669859543,1669860296,3
74636125,1669859595,1669925225,1
74636162,1669859921,1669862472,2
74636192,1669860195,1669860447,1
74636197,1669860209,1669876455,1
74636203,1669860322,1669861310,2
74636215,1669860502,1669860857,1
74636222,1669860615,1669861203,3
74636236,1669860756,1669878480,1
74636250,1669860908,1669871389,1
74636264,1669861010,1669861388,1
74636276,1669861161,1669861676,2
74636322,1669861571,1669861971,2
74636387,1669862292,,0
74636391,1669862346,1669868633,1
74636393,1669862376,1669863067,2
74636397,1669862429,1669914274,1
74636410,1669862557,1669907518,3
74636423,1669862668,1669866996,1
74636427,1669862740,,0
74636441,1669862903,1669875236,2
74636478,1669863316,1669863980,1
74636533,1669863955,1669889993,1
74636590,1669864605,1669875694,2
74636600,1669864704,,0
74636609,1669864764,1669869204,1
74636613,1669864829,1669865976,1
74636622,1669864977,,0
74636627,1669865056,1669874679,1
74636649,1669865367,1669865996,3
74636650,1669865369,1669985777,1
74636683,1669865812,,0
74636710,1669866085,1669971513,1
74636711,1669866091,1669866374,4
74636740,1669866380,1669995464,1
74636752,1669866494,1692832425,1
74636772,1669866741,1669867962,1
74636777,1669866825,,0
74636784,1669866940,1669886172,1
74636794,1669867032,1669868268,1
74636807,1669867170,,0
74636834,1669867636,,0
74636865,1669868044,1669871196,2
74636867,1669868067,1669887755,1
74636883,1669868240,,0
74636885,1669868267,1669874325,1
74636896,1669868375,1669872203,1
74636905,1669868519,1671188373,1
74636918,1669868651,,0
74636921,1669868689,,0
74636925,1669868736,1670087907,1
74636944,1669868988,1669928684,1
74636955,1669869121,1669869514,3
74636986,1669869495,1669874693,1
74637000,1669869614,1669870185,1
74637025,1669869985,1669872702,3
74637028,1669869996,1669892031,1
74637083,1669870626,1670010461,1
74637107,1669870882,1669896335,1
74637137,1669871182,1669893998,1
74637156,1669871357,1669893831,1
74637167,1669871411,,0
74637221,1669871991,1669874484,1
74637231,1669872092,1669872692,2
74637234,1669872104,1669902901,1
74637271,1669872458,,0
74637350,1669873184,,0
74637387,1669873527,1704354097,1
74637458,1669874084,1669893831,3
74972602,1672531666,1672537626,1
74972651,1672533013,,0
74972655,1672533073,1672545995,1
74972656,1672533127,1672534270,1
74972666,1672533374,1672665983,1
74972685,1672534099,1672538240,1
74972734,1672535127,1672536561,1
74972742,1672535421,1672539894,1
74972770,1672536402,1672536669,1
74972782,1672536871,1672556790,2
74972792,1672537421,1672550810,2
74972809,1672538010,1672539764,2
74972819,1672538226,,0
74972823,1672538269,1672538554,1
74972826,1672538360,1672543927,2
74972850,1672539105,1672579198,1
74972866,1672539613,1672608708,2
74972873,1672539906,1672540754,1
74972881,1672540161,1672541496,2
74972891,1672540419,1672540872,1
74972898,1672540756,1672553274,1
74972912,1672541188,1672541585,1
74972953,1672542562,1672560387,1
74972995,1672543874,1672567853,4
74973032,1672544964,1672610567,2
74973070,1672546197,1672546507,1
74973096,1672547112,1672558932,1
74973115,1672547602,1672547956,3
74973151,1672548386,1672563067,2
74973155,1672548479,1672628555,1
74973173,1672549020,,0
74973187,1672549418,1672550134,2
74973190,1672549632,1672772290,1
74973200,1672549933,1672550634,1
74973214,1672550412,1672579034,2
74973219,1672550552,1672550890,2
74973249,1672551287,1672553528,1
74973259,1672551628,1672552734,3
74973298,1672552709,1672553564,1
74973347,1672553981,1672556251,2
74973348,1672554030,1678360082,2
74973357,1672554266,1672555223,1
74973381,1672554700,1672554923,1
74973427,1672555923,1672556815,2
74973437,1672556159,,0
74973450,1672556446,1672559973,4
74973452,1672556515,1672574385,1
74973455,1672556659,1672571834,1
74973481,1672557298,1672566594,1
74973485,1672557371,1672767935,1
74973497,1672557604,1672558407,2
74973505,1672557826,1672559455,1
74973537,1672558513,1672559587,2
74973549,1672558777,,0
74973577,1672559278,1672674812,1
74973624,1672560141,1672561277,2
74973651,1672560670,1674244234,1
74973657,1672560776,1672653640,1
74973659,1672560861,1672563493,1
74973663,1672560915,1672562437,2
74973678,1672561252,1672561726,1
74973771,1672563402,1672582709,1
74973786,1672563724,1672567844,1
74973793,1672563839,,0
74973803,1672563979,1672564297,2
74973823,1672564302,1672570127,1
74973844,1672564552,1672567081,1
74973851,1672564697,1672565947,2
74973855,1672564767,,0
74973872,1672565107,1672565436,1
74973880,1672565348,1672568015,1
74973911,1672565821,1672572420,1
74973915,1672565877,1672566237,1
74973928,1672566071,1672590606,1
74973935,1672566217,1672575824,6
74973975,1672566668,,0
74973982,1672566850,1672567171,2
74973993,1672567003,1672568050,2
74973996,1672567096,1672568547,1
74974024,1672567487,1672586662,1
74974026,1672567501,1672568118,1
74974046,1672567849,1672623099,1
74974056,1672567981,1672572842,1
74974064,1672568102,1672572614,2
74974103,1672568695,1672573064,1
74974120,1672568995,1672937554,1
74974132,1672569195,1672575810,1
74974204,1672570350,1672572980,2
74974207,1672570396,,0
74974239,1672570890,1672577846,1
74974242,1672570940,,0
74974247,1672571074,1672571074,5
74974252,1672571093,1674046428,1
74974260,1672571246,1672583290,1
74974398,1672573231,1672577085,2
74974409,1672573512,1672590956,1
74974429,1672573715,1673104207,1
74974495,1672574698,1672575453,2
74974498,1672574740,1672575333,3
74974516,1672575034,1672577020,1
75304393,1675210023,1675216023,1
75304397,1675210061,,0
75304404,1675210147,1675210769,1
75304410,1675210224,1675259953,1
75304433,1675210491,1675221666,1
75304442,1675210575,1675349946,1
75304446,1675210635,1675210898,1
75304491,1675211139,1675211713,5
75304507,1675211301,,0
75304530,1675211579,1675261564,2
75304550,1675211951,,0
75304566,1675212158,1675243896,1
75304567,1675212168,1675213231,2
75304580,1675212293,1675214495,1
75304598,1675212526,1675213080,3
75304615,1675212677,1675213552,1
75304624,1675212788,1675305292,1
75304649,1675213101,1675214924,1
75304664,1675213316,1675246502,1
75304678,1675213430,1675213672,3
75304693,1675213675,,0
75304697,1675213712,,0
75304698,1675213721,1675215275,1
75304713,1675213879,1675214072,3
75304740,1675214163,,0
75304754,1675214393,1675258389,1
75304770,1675214612,1675215741,1
75304797,1675214888,1675215228,1
75304801,1675214927,,0
75304825,1675215220,1675216697,1
75304836,1675215363,,0
75304839,1675215403,1675278492,1
75304873,1675215835,1675216042,3
75304882,1675215981,,0
75304885,1675216026,1675256222,1
75304897,1675216136,1675249302,1
75304899,1675216144,1675224366,1
75304908,1675216252,1675218079,2
75304931,1675216541,1675216701,1
75304942,1675216658,1739307838,1
75304961,1675216884,,0
75304963,1675216928,1675217961,2
75304979,1675217156,1675296277,1
75304987,1675217263,1675217592,2
75304991,1675217373,1682605515,1
75305001,1675217531,1675219338,2
75305029,1675217920,1675219188,1
75305069,1675218401,1675598588,2
75305071,1675218424,1675228716,2
75305073,1675218450,1675302205,1
75305082,1675218535,,0
75305090,1675218666,1675223683,2
75305126,1675219309,1675220378,2
75305132,1675219357,1675219739,1
75305138,1675219409,1675219820,1
75305169,1675219787,1693772614,1
75305176,1675219857,1675220674,3
75305201,1675220174,1675220834,1
75305204,1675220184,1675373493,2
75305208,1675220246,1675221121,3
75305242,1675220643,1675221245,1
75305283,1675221108,,0
75305304,1675221315,,0
75305306,1675221346,1675224658,1
75305341,1675221979,1675225858,2
75305355,1675222097,1675300101,1
75305358,1675222115,1749122212,1
75305419,1675222770,,0
75305478,1675223591,1675227190,1
75305527,1675224221,1675224415,3
75305531,1675224242,1675227724,3
75305535,1675224323,1675226259,1
75305542,1675224370,1675225360,4
75305544,1675224382,1675225487,2
75305553,1675224455,1675229515,1
75305569,1675224654,1675305100,1
75305574,1675224724,1675230739,1
75305603,1675225060,1675226539,2
75305671,1675225861,1675229313,2
75305672,1675225862,1675226134,3
75305752,1675226697,1675227071,1
75305753,1675226699,,0
75305774,1675226876,1675227441,2
75305784,1675226944,1675228115,3
75305818,1675227255,1675227609,2
75305824,1675227301,,0
75305825,1675227304,1675349068,1
75305853,1675227569,1675228489,1
75305890,1675227975,1699200474,1
75305908,1675228155,1675267834,1
75305917,1675228277,,0
75305933,1675228461,1675229731,2
75305953,1675228653,1675228782,1
75305999,1675229134,1675232488,1
75306070,1675229937,1675232675,1
75306090,1675230143,1675232084,2
75306101,1675230364,,0
75306132,1675230642,,0
75306149,1675230806,1675243763,1
75306186,1675231126,1675231723,1
75598427,1677628810,1677834183,1
75598463,1677629214,1677629642,3
75598478,1677629350,1677723057,1
75598481,1677629378,,0
75598493,1677629493,1677632512,2
75598498,1677629538,1677630305,1
75598512,1677629724,1677664603,1
75598513,1677629748,1677631408,1
75598557,1677630244,1677630577,1
75598578,1677630563,1677698254,2
75598589,1677630772,1677675915,1
75598600,1677630931,1677631664,1
75598632,1677631322,1677631939,2
75598637,1677631363,1677632040,1
75598655,1677631565,1736533339,1
75598670,1677631774,1677661983,1
75598678,1677631875,1677644495,1
75598769,1677633300,,0
75598774,1677633399,1677633839,2
75598789,1677633698,1678089421,1
75598798,1677633811,1677637215,2
75598879,1677635073,1677636166,1
75598953,1677636446,1677663811,1
75598980,1677636734,1677638439,1
75599010,1677637180,1677637742,1
75599050,1677637455,1677638649,1
75599057,1677637577,1677637878,1
75599094,1677638164,1677640607,1
75599137,1677638732,1677640028,1
75599179,1677639260,1677661691,1
75599188,1677639364,1677640245,1
75599218,1677639816,1677642326,1
75599222,1677639888,1677717101,1
75599247,1677640140,1677914899,1
75599257,1677640392,1677645565,2
75599357,1677641775,1677646399,2
75599358,1677641813,1678423760,1
75599415,1677642563,1677643518,2
75599483,1677643560,1677645007,1
75599488,1677643656,1677644478,2
75599502,1677644014,1677647566,1
75599532,1677644308,1677651979,2
75599543,1677644407,1677644826,2
75599546,1677644437,1677648020,2
75599584,1677644940,1677667783,1
75599615,1677645396,1677663878,1
75599626,1677645519,1677645998,2
75599648,1677645790,1677812134,1
75599667,1677646050,1677646722,2
75599689,1677646368,1677646692,2
75599734,1677646757,1677648766,1
75599785,1677647315,1677648090,1
75599811,1677647573,,0
75599827,1677647851,1678266627,1
75599831,1677647920,1697205352,1
75599861,1677648208,1677649122,2
75599864,1677648217,1677649938,1
75599874,1677648317,1677663739,1
75599898,1677648556,1677693394,1
75599969,1677649425,1677650151,1
75600032,1677650191,1677650559,1
75600055,1677650392,1677652067,1
75600056,1677650437,1677651099,1
75600130,1677651113,1677652236,2
75600140,1677651184,1677667759,2
75600156,1677651377,1677667554,1
75600189,1677651747,1677652145,2
75600219,1677652042,1677683176,1
75600223,1677652084,1677690561,1
75600237,1677652218,,0
75600244,1677652274,1679170137,2
75600258,1677652430,1677654461,3
75600322,1677653019,,0
75600328,1677653052,1677653586,1
75600347,1677653167,1677658325,2
75600460,1677654131,1677662378,2
75600462,1677654147,1677725854,1
75600517,1677654570,1677656396,1
75600538,1677654767,1677655235,2
75600555,1677654903,1677655779,2
75600594,1677655244,1677655896,2
75600606,1677655342,1677682740,2
75600682,1677655926,1677657336,1
75600684,1677655931,1699277861,2
75600691,1677655958,1677656302,3
75600734,1677656259,1677658732,1
75600751,1677656410,1677661746,1
75600771,1677656567,1677658755,1
75600803,1677656760,,0
75600814,1677656819,,0
75600818,1677656830,,0
75600944,1677657877,1677662220,1
75600954,1677657918,1686942551,2
75600968,1677658034,1677658649,2
75600994,1677658157,1678186148,1
75600997,1677658177,1677659202,1
75601083,1677658690,,0
75601134,1677659007,,0
75601169,1677659198,1677841449,2
75601207,1677659426,1703075286,1
75903571,1680307339,1680307820,2
75903584,1680307651,1681075509,1
75903592,1680307767,1680308481,1
75903640,1680308791,,0
75903678,1680309274,1680314173,1
75903689,1680309408,,0
75903818,1680312340,,0
75903821,1680312363,1680313460,1
75903822,1680312364,1680332370,1
75903823,1680312434,1705826031,1
75903837,1680312841,1680319488,1
75903878,1680313881,1680357545,1
75903887,1680314155,1680314786,3
75903895,1680314457,1680336154,1
75903962,1680315690,1680814512,1
75903982,1680316192,1680318842,1
75904016,1680316956,1680683509,1
75904025,1680317099,,0
75904063,1680318189,1680319827,2
75904077,1680318469,1680325000,1
75904104,1680319017,1680341186,1
75904116,1680319275,1680405743,1
75904121,1680319437,,0
75904146,1680320349,1680375382,1
75904175,1680321221,1680366613,1
75904201,1680321749,1680331169,1
75904222,1680322147,1680373150,1
75904241,1680322460,1680360162,1
75904243,1680322491,1680336421,2
75904265,1680322956,1680323789,1
75904325,1680324379,1680324490,2
75904337,1680324790,1680324920,2
75904348,1680325059,,0
75904370,1680325634,,0
75904423,1680326852,1680327857,1
75904487,1680328016,,0
75904500,1680328377,,0
75904509,1680328582,1680732064,1
75904558,1680329598,1680333919,1
75904569,1680329737,,0
75904576,1680329846,1680373914,2
75904605,1680330474,1680552547,1
75904622,1680330706,1680356037,1
75904625,1680330810,,0
75904667,1680331654,1680332742,3
75904669,1680331738,,0
75904671,1680331744,1680425165,1
75904683,1680332049,1680360984,1
75904686,1680332117,1680333304,1
75904688,1680332238,,0
75904692,1680332305,1680341733,2
75904704,1680332457,1680336367,1
75904708,1680332547,1680440834,1
75904709,1680332552,1680337797,1
75904757,1680333492,1680334533,1
75904780,1680333821,1680336969,1
75904795,1680334125,1680336941,1
75904812,1680334464,1680367910,2
75904821,1680334567,1681373289,1
75904837,1680334833,,0
75904853,1680335076,1680341256,1
75904870,1680335287,1689890745,1
75904876,1680335408,1684710249,1
75904905,1680335720,1680338773,1
75904923,1680336100,1680336603,1
75904931,1680336257,1680354663,1
75904960,1680336715,,0
75904981,1680336919,1680339326,1
75905017,1680337653,1680340551,1
75905029,1680337776,1680338082,2
75905030,1680337782,1680340346,1
75905034,1680337849,,0
75905078,1680338358,,0
75905088,1680338497,1680338968,1
75905091,1680338515,1680339067,3
75905136,1680339100,1681403513,1
75905137,1680339141,,0
75905146,1680339246,,0
75905165,1680339469,,0
75905175,1680339715,1680340450,3
75905201,1680339820,1680463381,1
75905202,1680339820,1680341783,1
75905208,1680339884,1680344062,1
75905219,1680340023,1680834285,1
75905243,1680340284,1680633986,1
75905258,1680340377,1680787349,1
75905332,1680341310,,0
75905386,1680342115,1680503977,1
75905391,1680342232,,0
75905416,1680342407,1681156658,1
75905429,1680342553,1680363332,1
75905432,1680342617,1680344566,2
75905439,1680342713,1680342881,1
75905443,1680342783,1680376046,1
75905491,1680343404,1680351298,1
75905530,1680343940,1680345660,2
75905554,1680344179,1680349706,1
75905562,1680344269,,0
75905574,1680344415,1680350038,1
75905592,1680344625,1680393574,1
76144138,1682900132,1741104724,2
76144163,1682900640,,0
76144167,1682900759,,0
76144183,1682901184,1682922472,1
76144224,1682902020,1682952571,1
76144252,1682902631,1682904838,1
76144256,1682902763,1682905153,1
76144265,1682903104,1682904156,3
76144290,1682903689,1682965424,1
76144299,1682903987,,0
76144370,1682905973,1684093983,1
76144372,1682905989,1682906624,2
76144383,1682906340,,0
76144393,1682906523,1682907119,2
76144405,1682906973,1682926809,1
76144420,1682907438,1682916543,1
76144445,1682908123,,0
76144488,1682908926,1682912323,3
76144505,1682909605,1682920133,1
76144532,1682910276,1682911039,2
76144581,1682911485,1709926276,1
76144586,1682911633,,0
76144622,1682912778,,0
76144651,1682913493,,0
76144678,1682914048,,0
76144683,1682914184,1682932342,1
76144690,1682914345,1682974533,2
76144694,1682914424,1682928587,1
76144698,1682914563,1682919685,1
76144699,1682914575,1684357801,1
76144700,1682914651,1682914868,1
76144722,1682915331,1682957214,1
76144724,1682915337,,0
76144753,1682916091,1682923459,1
76144756,1682916174,,0
76144769,1682916411,1682917625,1
76144784,1682916626,1682919058,2
76144788,1682916780,1682925013,1
76144789,1682916801,,0
76144792,1682916885,1682917263,1
76144796,1682917123,1682917897,1
76144837,1682917697,1682950476,1
76144840,1682917759,1682931867,1
76144853,1682918027,1682970816,1
76144883,1682918696,,0
76144916,1682919368,1682922180,1
76144977,1682920443,1682921350,1
76145014,1682921159,1682925826,2
76145035,1682921416,,0
76145052,1682921688,1691672585,1
76145056,1682921725,,0
76145091,1682922367,1682932308,1
76145101,1682922520,1682931991,1
76145112,1682922770,,0
76145113,1682922782,1682930175,2
76145123,1682922860,1682924596,1
76145126,1682922896,,0
76145158,1682923338,1682941081,1
76145177,1682923650,1682925304,1
76145251,1682924630,1683015349,1
76145292,1682925232,1683010940,1
76145334,1682925853,1682933084,1
76145394,1682926626,1682934378,1
76145406,1682926759,1682927627,2
76145408,1682926779,1682928636,3
76145419,1682926883,1682927940,3
76145421,1682927015,1682927729,1
76145455,1682927542,1683062453,1
76145466,1682927661,,0
76145527,1682928538,,0
76145538,1682928612,1682930413,2
76145539,1682928616,1693517438,1
76145540,1682928622,1682929356,1
76145554,1682928730,1708055579,1
76145626,1682929664,1706620333,1
76145647,1682930043,,0
76145674,1682930434,,0
76145736,1682931255,1682933623,1
76145750,1682931369,1682931729,3
76145756,1682931438,1682934549,1
76145761,1682931528,1682932093,4
76145777,1682931718,1682951017,1
76145866,1682932749,1685876048,1
76145878,1682932882,,0
76145889,1682932978,1682933331,2
76145911,1682933219,1683050444,1
76145980,1682934298,1682940754,3
76146041,1682934999,,0
76146072,1682935270,1682938273,1
76146137,1682935890,1699407776,1
76146164,1682936127,1682943172,1
76146177,1682936290,1682938258,1
76146181,1682936333,1682938587,2
76146187,1682936376,1682941764,1
76146206,1682936578,,0
76146218,1682936694,1682938271,1
76146232,1682937008,1682958655,1
76146250,1682937260,1682945955,2
76146288,1682937689,1682938086,2
76146298,1682937795,1682957387,1
76377950,1685577976,1685578166,3
76377964,1685578247,1688619396,1
76378000,1685579165,,0
76378030,1685580008,1685584220,1
76378059,1685580848,1686687507,1
76378061,1685580882,1685582883,1
76378108,1685582081,1685582958,1
76378138,1685582552,,0
76378174,1685583494,,0
76378181,1685583693,1685804499,1
76378248,1685585037,,0
76378252,1685585131,,0
76378321,1685586682,1685588087,1
76378323,1685586705,1685590118,1
76378373,1685587755,1685588637,2
76378374,1685587778,1685590963,1
76378401,1685588323,,0
76378414,1685588629,1685633826,1
76378441,1685589080,1685906833,1
76378461,1685589473,1685589754,1
76378524,1685590401,1685600598,1
76378535,1685590640,1685612469,1
76378543,1685590772,1701868546,2
76378578,1685591979,,0
76378592,1685592248,1685592751,2
76378628,1685593106,1685595404,1
76378670,1685593768,1685594458,1
76378700,1685594155,1685682249,1
76378761,1685595245,,0
76378770,1685595405,1685681017,1
76378780,1685595573,1685641451,2
76378796,1685595803,,0
76378818,1685596220,1685599367,1
76378844,1685596645,1688397500,1
76378873,1685597165,1685609039,1
76378919,1685597717,1685599058,1
76378946,1685597999,1685602318,2
76378948,1685598009,1685598763,1
76378973,1685598342,1685649966,1
76379034,1685599017,1685611303,1
76379050,1685599166,,0
76379108,1685599785,1685602561,1
76379113,1685599855,1685599855,1
76379117,1685599900,1685604625,1
76379139,1685600104,1685615671,1
76379142,1685600152,1685602081,2
76379182,1685600781,1685602626,1
76379197,1685600850,1685601481,1
76379321,1685602161,1685602586,3
76379366,1685602578,1685605331,1
76379440,1685603260,1685660798,2
76379499,1685603732,1685606728,1
76379525,1685603954,,0
76379570,1685604402,1685606331,1
76379616,1685604776,1685605617,1
76379641,1685604955,,0
76379662,1685605151,1685605878,2
76379667,1685605216,1685693406,1
76379674,1685605288,1685616706,2
76379704,1685605583,1685618095,1
76379737,1685605784,1685637878,1
76379738,1685605792,1707965901,1
76379740,1685605798,1686210305,1
76379743,1685605822,1686138463,2
76379758,1685605935,1685608881,1
76379760,1685605948,1685606223,2
76379762,1685605983,1685606564,1
76379807,1685606336,,0
76379852,1685606657,1685636550,1
76379867,1685606810,1685632273,2
76379882,1685606985,1685614289,1
76379924,1685607394,1685625777,1
76380001,1685608056,1685608966,2
76380018,1685608216,1685815074,1
76380023,1685608266,,0
76380078,1685608786,1685609921,2
76380131,1685609149,1685631417,1
76380153,1685609298,1685674141,1
76380172,1685609423,1685612108,2
76380177,1685609488,1685656439,1
76380185,1685609532,1685609608,1
76380275,1685610110,1685639070,1
76380291,1685610283,1685760431,1
76380306,1685610380,1685667663,1
76380353,1685610742,1685611158,4
76380377,1685610977,,0
76380381,1685611004,1685611981,1
76380434,1685611422,1685612289,1
76380435,1685611430,1685934381,1
76380443,1685611519,1700665180,1
76380495,1685611946,1685612281,1
76380508,1685612020,,0
76380520,1685612098,1685618694,1
76380541,1685612224,1685621338,3
76380548,1685612265,1685616928,1
76380556,1685612315,,0
76380576,1685612465,1685621381,1
76380671,1685613082,1685618022,1
76380677,1685613122,1685810261,2
76380708,1685613323,1685613775,1
76592844,1688171415,1688174148,2
76592858,1688171774,1688172903,1
76592906,1688173462,,0
76592910,1688173625,1688174850,1
76592932,1688174175,1688174891,2
76592933,1688174190,1688368764,1
76592936,1688174215,,0
76592972,1688175355,,0
76592974,1688175384,1688202973,1
76593041,1688178258,,0
76593064,1688179042,1688194476,1
76593068,1688179217,1693836127,1
76593077,1688179348,1688225404,1
76593080,1688179386,1688308637,1
76593091,1688179791,1688180365,1
76593095,1688179881,,0
76593096,1688179890,,0
76593152,1688181931,,0
76593169,1688182601,1688184988,2
76593203,1688183593,1688206831,1
76593239,1688184583,1688193330,1
76593245,1688184749,1688193366,1
76593250,1688184920,1688185310,1
76593284,1688186098,1689128367,1
76593300,1688186758,1688187315,1
76593309,1688187010,1688192441,1
76593312,1688187123,1688188078,1
76593317,1688187339,1688190596,1
76593328,1688187635,1688200545,1
76593346,1688188062,,0
76593377,1688189032,1688557074,1
76593390,1688189456,,0
76593413,1688190156,1688193546,1
76593524,1688193006,1688216353,1
76593542,1688193355,1688195418,1
76593563,1688193872,1688397094,1
76593621,1688195219,,0
76593629,1688195445,1688212732,1
76593751,1688198416,1697756146,1
76593783,1688199192,1688200397,1
76593811,1688199609,,0
76593816,1688199736,1688368325,2
76593825,1688199939,1688201381,1
76593834,1688200260,1688201033,1
76593863,1688200690,1688203251,2
76593884,1688201161,1688203004,1
76593885,1688201174,1688215968,1
76593906,1688201535,1688236726,11
76593946,1688202180,1688237366,1
76593959,1688202430,1688234409,1
76594013,1688203398,,0
76594025,1688203612,1688205782,1
76594031,1688203683,1688203683,1
76594057,1688204157,1688223249,1
76594086,1688204677,1688207506,2
76594115,1688205063,1688205350,1
76594116,1688205165,1688278939,1
76594119,1688205176,1688205802,4
76594121,1688205214,1688206917,2
76594132,1688205365,1688206234,1
76594133,1688205372,1688213149,3
76594173,1688205923,,0
76594177,1688205981,1688206348,1
76594243,1688206916,1688207921,1
76594306,1688207950,1688208133,1
76594336,1688208400,1688217657,1
76594344,1688208537,1688213733,2
76594373,1688208955,1688217040,2
76594405,1688209602,1688595716,1
76594409,1688209647,1688238967,1
76594423,1688209822,1688218915,2
76594454,1688210333,1688280363,2
76594471,1688210553,,0
76594535,1688211607,1688230436,2
76594555,1688211972,,0
76594563,1688212112,1688217283,1
76594567,1688212199,1688395035,1
76594594,1688212609,1688278605,2
76594654,1688213638,1688213965,3
76594689,1688214147,1688214885,1
76594701,1688214297,1688215087,2
76594721,1688214737,,0
76594723,1688214761,1688220816,1
76594738,1688215048,1688215512,1
76594777,1688215864,,0
76594818,1688216772,1688217022,3
76594831,1688216969,1688219124,1
76594841,1688217167,1688221129,1
76594871,1688217578,1688218530,1
76594886,1688217771,1699024964,1
76594950,1688219020,1688231601,1
76594968,1688219350,,0
76595013,1688220076,1688800400,1
76595019,1688220142,1688220142,1
76595025,1688220227,1688220459,1
76595077,1688220927,1688383270,1
76595086,1688221044,1688223563,1
76595131,1688221752,1688227932,1
76595188,1688222608,1688227024,1
76595197,1688222743,1688243052,1
76807753,1690848041,,0
76807756,1690848106,1691153583,1
76807787,1690848784,1690852821,1
76807795,1690848968,1690852211,1
76807810,1690849262,,0
76807829,1690849675,1690911640,1
76807835,1690849789,1690853784,1
76807840,1690849888,1691013649,1
76807875,1690850735,1690856588,1
76807884,1690850959,1690855263,1
76807910,1690851463,1690851779,1
76807932,1690851988,,0
76807945,1690852242,1690864803,1
76807981,1690852998,1690967521,1
76808000,1690853599,1690854102,1
76808065,1690855017,1690855626,2
76808074,1690855178,,0
76808119,1690856082,,0
76808125,1690856246,1691056850,1
76808151,1690856868,,0
76808165,1690857077,1690857586,2
76808166,1690857091,,0
76808176,1690857258,,0
76808182,1690857395,,0
76808187,1690857443,1690857763,1
76808290,1690859775,1690913397,1
76808328,1690860443,1691090413,1
76808353,1690861172,,0
76808355,1690861216,1690862426,2
76808399,1690862151,1690864823,1
76808413,1690862424,1690864229,1
76808441,1690862862,,0
76808517,1690864379,1690866125,2
76808522,1690864442,1690865075,1
76808552,1690864814,1690865397,2
76808579,1690865191,1690867506,1
76808672,1690866787,1690867545,1
76808700,1690867125,1691001842,1
76808711,1690867278,1690868910,1
76808763,1690868051,,0
76808786,1690868295,,0
76808832,1690869030,1690869293,2
76808907,1690870025,1690871365,1
76808943,1690870621,,0
76808979,1690871096,1690876178,1
76808985,1690871118,1711722973,1
76809071,1690872083,1690874473,2
76809118,1690872485,,0
76809119,1690872505,1690878900,1
76809145,1690872742,1690872836,4
76809165,1690873027,1690879018,1
76809221,1690873603,1690875442,1
76809227,1690873640,1690882863,1
76809257,1690873924,,0
76809324,1690874471,1690876688,2
76809394,1690875074,1690875711,2
76809426,1690875289,,0
76809432,1690875355,,0
76809516,1690876124,1690902030,1
76809520,1690876176,1690886710,1
76809593,1690876807,,0
76809631,1690877111,1692149061,1
76809633,1690877128,,0
76809656,1690877424,1690877897,1
76809660,1690877468,1690885642,2
76809683,1690877669,1690882274,1
76809760,1690878193,,0
76809761,1690878200,,0
76809763,1690878207,1690878455,1
76809804,1690878553,1690880944,1
76809816,1690878693,1691099504,1
76809852,1690878956,1690880796,1
76809889,1690879198,,0
76809890,1690879206,1690879615,2
76809999,1690879955,1690880744,1
76810019,1690880129,,0
76810023,1690880151,,0
76810034,1690880197,,0
76810069,1690880489,1690897037,1
76810100,1690880692,1690885271,1
76810109,1690880752,1690882071,1
76810168,1690881180,1690881516,1
76810191,1690881373,1690882653,1
76810199,1690881441,1736970866,1
76810215,1690881590,1690906715,1
76810268,1690882050,1691055615,1
76810276,1690882122,1690883650,2
76810335,1690882652,1690885061,1
76810452,1690883468,1691048730,2
76810468,1690883610,,0
76810488,1690883799,1690885406,1
76810495,1690883886,1690885182,1
76810507,1690883956,1690888630,2
76810522,1690884098,1690884692,1
76810565,1690884399,1690899166,1
76810581,1690884587,1690885891,2
76810604,1690884720,,0
76810696,1690885436,1690892086,1
76810701,1690885511,1694800449,1
76810725,1690885720,1691003665,1
77019925,1693528344,1693529231,1
77019941,1693528922,1693636040,1
77020014,1693531008,1693559296,1
77020108,1693533608,1693540003,1
77020135,1693534240,1694841816,1
77020181,1693535306,,0
77020275,1693537303,,0
77020278,1693537386,1693542817,4
77020282,1693537448,1693675493,1
77020313,1693538037,1693555152,1
77020319,1693538267,1693547831,1
77020338,1693538631,,0
77020339,1693538643,1693999343,1
77020360,1693539113,1693581729,1
77020430,1693540858,1693576643,1
77020444,1693541118,,0
77020474,1693541811,,0
77020475,1693541811,1693552029,1
77020489,1693542186,1693544321,2
77020545,1693543146,,0
77020548,1693543183,1693615161,2
77020549,1693543186,1693544177,3
77020555,1693543337,,0
77020618,1693544553,1693545448,1
77020636,1693544908,1693546505,2
77020689,1693546136,1693548965,1
77020703,1693546301,1693550934,1
77020720,1693546662,1693548010,3
77020722,1693546676,1693551081,2
77020794,1693547985,1693548625,3
77020829,1693548349,,0
77020839,1693548477,1693549428,2
77020912,1693549403,,0
77020917,1693549433,1693549433,1
77020925,1693549523,1693550391,1
77020961,1693549951,,0
77020971,1693550066,,0
77020988,1693550210,1693550503,1
77020991,1693550241,1693554286,1
77021026,1693550650,1693559337,1
77021106,1693551380,1693561569,2
77021140,1693551923,1700327101,1
77021145,1693552002,1693555622,1
77021203,1693552657,1693554555,1
77021209,1693552732,1694022904,1
77021272,1693553422,1693554468,1
77021289,1693553589,1693565483,1
77021296,1693553731,,0
77021379,1693554788,1693559701,2
77021415,1693555147,1693558204,1
77021505,1693555940,,0
77021545,1693556357,1693556678,1
77021550,1693556420,1693824000,1
77021583,1693556818,,0
77021587,1693556843,1693560084,1
77021604,1693557025,1693560167,1
77021631,1693557271,1693607512,1
77021670,1693557666,1693809892,1
77021676,1693557741,,0
77021698,1693557929,1693558134,1
77021739,1693558159,1693566366,1
77021764,1693558375,,0
77021769,1693558457,1693558767,1
77021789,1693558729,,0
77021797,1693558815,1694079299,3
77021824,1693559049,1693566198,1
77021853,1693559328,1693574251,1
77021872,1693559459,1693560401,1
77021885,1693559532,1693560286,1
77021891,1693559634,1693572784,2
77021901,1693559704,1693560365,1
77021923,1693559987,1693568993,1
77022025,1693561047,1729956662,1
77022075,1693561538,1693565328,1
77022111,1693561841,1693563197,1
77022149,1693562240,1693577505,1
77022170,1693562453,1693639280,1
77022194,1693562712,,0
77022209,1693562794,1693563634,2
77022212,1693562838,1693574597,1
77022214,1693562855,1693564795,2
77022216,1693562880,1693564629,1
77022231,1693563023,1693563812,1
77022238,1693563075,1693575484,1
77022254,1693563197,1693564798,1
77022302,1693563635,1693564254,3
77022317,1693563795,1693583334,1
77022338,1693563953,1693564330,2
77022402,1693564600,1693565578,1
77022472,1693565229,1693674207,1
77022479,1693565299,1693566722,1
77022494,1693565449,1709519222,1
77022538,1693565929,1693744785,1
77022574,1693566282,1693580011,1
77022582,1693566329,1693566663,1
77022606,1693566483,1693567647,1
77022613,1693566534,1693571450,1
77022657,1693567067,,0
77022698,1693567519,1693571970,2
77022705,1693567569,1693568933,1
77208822,1696118734,1696121122,2
77208847,1696119814,1698796861,1
77208860,1696120368,1696123589,1
77208893,1696121589,1696271357,1
77208902,1696122055,1696656296,2
77208905,1696122331,1696123975,1
77208907,1696122340,1696123700,1
77208922,1696123154,,0
77208951,1696123938,1696167452,1
77208975,1696125269,1696126058,1
77208988,1696125686,1696162142,1
77208996,1696125900,1709639516,1
77209004,1696126065,,0
77209020,1696126726,1696132081,2
77209024,1696126770,1696139251,1
77209084,1696129221,1696131858,1
77209093,1696129624,1696342863,1
77209111,1696130192,1696131546,2
77209135,1696131369,,0
77209153,1696131963,1696132403,2
77209201,1696133546,1696135050,3
77209292,1696136019,,0
77209319,1696137266,,0
77209395,1696139868,1696143023,1
77209413,1696140416,1696325077,1
77209416,1696140615,1696152074,1
77209452,1696141512,1696142265,2
77209457,1696141582,1696235510,1
77209513,1696143207,1698884230,1
77209520,1696143550,1742057693,1
77209527,1696143626,1696168000,1
77209550,1696144409,1696145378,1
77209564,1696144670,1696144969,1
77209768,1696149314,1696150175,3
77209783,1696149643,1696152755,2
77209796,1696150023,1696163040,1
77209901,1696152350,1703625816,2
77209906,1696152496,1696152752,1
77209909,1696152542,1696162549,1
77209921,1696152772,,0
77209952,1696153443,,0
77210038,1696155270,1696159849,2
77210091,1696156247,1696361059,1
77210131,1696157018,1696157363,1
77210153,1696157568,1696158080,1
77210197,1696158162,1696228381,1
77210230,1696158872,1696160530,1
77210245,1696159106,1696159567,1
77210312,1696160299,1696171568,2
77210337,1696160567,1696164948,1
77210346,1696160643,,0
77210348,1696160726,1696162875,1
77210363,1696161066,,0
77210413,1696162220,1696163071,1
77210426,1696162515,,0
77210440,1696162718,,0
77210441,1696162718,1708360262,2
77210527,1696164347,1698832689,1
77210550,1696164853,1696263069,1
77210615,1696166163,,0
77210616,1696166170,1696170761,1
77210663,1696166964,1696167617,2
77210676,1696167177,,0
77210723,1696167865,1696168244,1
77210749,1696168351,1696169758,1
77210750,1696168365,1696169578,1
77210766,1696168522,1696172328,2
77210776,1696168638,1696169915,1
77210814,1696169282,1696209671,1
77210823,1696169360,1696204511,1
77210829,1696169425,,0
77210880,1696170112,,0
77210887,1696170196,,0
77210932,1696170976,,0
77210935,1696170998,1696171743,1
77210960,1696171403,1696174430,1
77210972,1696171646,1696182683,3
77211058,1696173313,1696197192,1
77211082,1696173707,1696174550,1
77211096,1696173907,,0
77211100,1696173982,,0
77211141,1696174733,1696402610,1
77211147,1696174775,,0
77211149,1696174823,1696344807,1
77211155,1696174951,1696175998,1
77211166,1696175090,1696175985,1
77211167,1696175112,,0
77211199,1696175675,1696275657,1
77211206,1696175832,1696179090,1
77211210,1696175890,1696177268,1
77211228,1696176120,1696176878,2
77211236,1696176238,1698970180,1
77211283,1696177058,1696178086,1
77211326,1696177636,,0
77211348,1696178015,1696238564,1
77211360,1696178166,1727792389,1
77211375,1696178499,1696237723,1
77211410,1696178877,,0
77211411,1696178882,,0
77211413,1696178936,1696179093,3
77399677,1698797195,1698797910,1
77399685,1698797347,,0
77399698,1698797716,,0
77399713,1698797948,,0
77399743,1698798661,1698837441,1
77399751,1698798921,1698799357,2
77399828,1698801304,1698835873,1
77399830,1698801326,1698802802,2
77399834,1698801479,1698803184,4
77399845,1698801823,1698803354,2
77399890,1698802832,1698835429,1
77399900,1698803053,1698804173,1
77399910,1698803281,1698803523,1
77399922,1698803503,1698804695,1
77399936,1698803828,,0
77399990,1698805114,1700789636,1
77399997,1698805253,1698810679,1
77400051,1698806317,1698807006,1
77400070,1698806671,1698807071,4
77400073,1698806795,,0
77400079,1698806903,1698809604,2
77400100,1698807326,1698812715,1
77400104,1698807448,1699657984,3
77400110,1698807612,1698808913,1
77400181,1698809174,1698854586,1
77400193,1698809407,1698820991,1
77400211,1698809697,1698810916,1
77400214,1698809740,1728440167,1
77400236,1698810291,1698818127,1
77400294,1698811562,1698814517,1
77400393,1698813903,1698819909,3
77400420,1698814381,,0
77400426,1698814453,1698818391,2
77400488,1698815766,1698836129,1
77400502,1698816004,1698918646,1
77400516,1698816278,1698897773,1
77400539,1698816666,,0
77400576,1698817397,,0
77400589,1698817630,,0
77400639,1698818721,,0
77400697,1698819666,1699003380,2
77400724,1698819962,1698820975,1
77400737,1698820096,,0
77400828,1698821453,1698823767,1
77400886,1698822276,1708930291,1
77400895,1698822446,1698853583,1
77400918,1698822817,1698824163,1
77400929,1698822955,1698932524,1
77400962,1698823570,,0
77401110,1698825566,1698829086,1
77401153,1698826098,1698826526,2
77401162,1698826184,,0
77401164,1698826200,1699009490,1
77401175,1698826380,1698836778,1
77401182,1698826465,1698826845,2
77401243,1698827121,,0
77401247,1698827157,1698872446,2
77401255,1698827279,1698829609,1
77401278,1698827507,,0
77401316,1698827979,1698846142,1
77401319,1698828012,1698829711,1
77401350,1698828402,1698830278,1
77401357,1698828478,1698830545,3
77401390,1698828789,,0
77401402,1698828951,1699097041,1
77401497,1698830118,1698858960,1
77401594,1698831320,1698831742,2
77401626,1698831661,1698858840,2
77401642,1698831790,1698843701,1
77401664,1698831994,1698912416,2
77401719,1698832535,,0
77401727,1698832604,,0
77401730,1698832622,1698945653,5
77401775,1698833224,,0
77401863,1698833877,1698834134,1
77401881,1698833998,1698835132,1
77401910,1698834160,1698837949,1
77401947,1698834473,1698836158,1
77401977,1698834748,,0
77401990,1698834858,1698847862,1
77402006,1698835035,1698866717,1
77402021,1698835192,1698836289,1
77402092,1698836198,1703182200,1
77402165,1698836905,1698843494,2
77402209,1698837400,1698923773,2
77402221,1698837560,1698985303,1
77402235,1698837697,1704605990,1
77402348,1698838896,1698844590,1
77402394,1698839353,1698852457,1
77402411,1698839630,1699112237,1
77402426,1698839883,,0
77402460,1698840117,1698842982,2
77402540,1698840901,,0
77402608,1698841590,1698848258,1
77402612,1698841640,1698842391,2
77402633,1698841842,1698841842,1
77402636,1698841863,,0
77402675,1698842211,,0
77402704,1698842466,1698843701,3
77402707,1698842522,1702847973,2
77582351,1701389047,1701390140,2
77582391,1701389973,,0
77582439,1701391408,1701427521,1
77582446,1701391575,1701435746,2
77582449,1701391627,,0
77582460,1701391801,1740446341,1
77582468,1701391860,1701401593,1
77582477,1701392000,,0
77582486,1701392261,1701392758,1
77582507,1701392993,,0
77582522,1701393267,1701394289,1
77582592,1701395271,,0
77582620,1701396101,1701396101,3
77582649,1701396671,,0
77582651,1701396716,1707051846,3
77582739,1701398795,1701411987,1
77582747,1701398944,1701400368,2
77582760,1701399252,1701403039,1
77582784,1701399696,1701408578,1
77582801,1701399999,1701418509,2
77582809,1701400118,1701424314,1
77582815,1701400329,1701421989,1
77582955,1701403506,1701404696,2
77582993,1701404447,,0
77583096,1701406678,,0
77583140,1701407836,1702711104,1
77583167,1701408370,1713454356,3
77583227,1701409728,,0
77583298,1701411022,1701465492,1
77583454,1701413610,1701413761,1
77583456,1701413624,1701414811,1
77583506,1701414207,,0
77583545,1701414721,1701414964,2
77583549,1701414830,,0
77583617,1701415712,1701416350,1
77583685,1701416574,1701417268,1
77583699,1701416697,,0
77583716,1701416943,,0
77583719,1701416985,1701423684,1
77583736,1701417250,1701418527,2
77583878,1701419333,1701807272,3
77583899,1701419560,,0
77583913,1701419713,1701420077,1
77583949,1701420156,,0
77584036,1701421265,1701427901,1
77584055,1701421453,1701459968,1
77584118,1701422186,1701434705,1
77584165,1701422648,1701425754,1
77584201,1701423091,1701424286,2
77584244,1701423399,1701427569,1
77584308,1701424014,1701424921,1
77584351,1701424340,,0
77584384,1701424653,1702153460,1
77584424,1701425044,,0
77584444,1701425236,1701425838,1
77584481,1701425600,1701692760,1
77584556,1701426217,1701432334,2
77584588,1701426490,1701427722,1
77584591,1701426515,1701432190,1
77584629,1701426872,1701435088,1
77584648,1701427072,1701612898,1
77584671,1701427285,1701433659,1
77584718,1701427737,,0
77584747,1701428041,1701430560,1
77584759,1701428138,1701430530,1
77584782,1701428385,,0
77584799,1701428564,1701437558,1
77584834,1701428899,,0
77584837,1701428922,1701430885,4
77584854,1701429179,,0
77584908,1701429721,1701430670,1
77584918,1701429808,1701431724,1
77584949,1701430185,,0
77585069,1701431433,1701431816,1
77585112,1701431930,1701439629,1
77585138,1701432229,1702143214,1
77585240,1701433389,1701434533,1
77585253,1701433500,1701434456,1
77585278,1701433740,,0
77585292,1701433876,1701458185,1
77585320,1701434138,1702467282,1
77585352,1701434542,1701449451,1
77585364,1701434685,1701442971,1
77585373,1701434743,1701435034,1
77585434,1701435431,1701689591,1
77585477,1701436053,1701444073,1
77585519,1701436503,,0
77585597,1701437279,1701444657,1
77585606,1701437432,1703580063,1
77585608,1701437438,1707211599,1
77585613,1701437488,1701439286,1
77585645,1701437776,,0
77585655,1701437856,1701441650,1
77585659,1701437915,1701439448,2
77585703,1701438320,,0
77585720,1701438485,1701442428,1
77585752,1701438766,1701439814,1
77585792,1701439183,,0
77585820,1701439498,1701972479,1
77585832,1701439603,,0
77740674,1704068522,1704091897,1
77740695,1704069338,1704073042,2
77740727,1704071351,,0
77740729,1704071386,1704073973,1
77740738,1704071968,1704072224,1
77740785,1704074507,1704095977,1
77740795,1704074967,1704570969,1
77740806,1704075412,1704185646,1
77740831,1704076630,,0
77740851,1704077365,1704081009,1
77740852,1704077521,1704132684,2
77740864,1704078170,1704084327,2
77740893,1704079663,1704082879,1
77740909,1704080714,1704096476,1
77740923,1704081748,1704082496,2
77741036,1704086505,1704088834,1
77741069,1704088281,,0
77741075,1704088700,1704089943,1
77741143,1704090980,1704095333,2
77741201,1704093215,1704094627,3
77741227,1704093847,,0
77741314,1704096535,1704103211,1
77741382,1704098780,1704137510,1
77741417,1704099694,1704107647,3
77741434,1704100156,1704105540,1
77741457,1704100870,1704103649,1
77741470,1704101489,1704110365,1
77741487,1704101992,1704102471,1
77741503,1704102331,1706476270,1
77741590,1704104561,1704129972,1
77741601,1704105009,1706972541,1
77741608,1704105132,1707394172,1
77741625,1704105397,1704203465,3
77741639,1704105844,1704106279,1
77741714,1704107663,1704107902,3
77741749,1704108518,,0
77741913,1704112593,1704115551,1
77741916,1704112661,1704139765,1
77741921,1704112758,1704113014,1
77741925,1704112813,1704115264,2
77741969,1704113955,1704114883,1
77742010,1704115158,1704115403,1
77742043,1704115873,,0
77742055,1704116247,1704116958,3
77742058,1704116332,1704117544,2
77742064,1704116504,1704296887,1
77742085,1704116929,1704122526,1
77742122,1704117830,1704120623,1
77742134,1704118205,1704679156,1
77742140,1704118300,1704125150,1
77742157,1704118646,1707188575,1
77742164,1704118761,,0
77742165,1704118768,1704216847,1
77742175,1704118999,1704284489,1
77742185,1704119286,1704120638,1
77742274,1704121286,,0
77742285,1704121568,1704123075,1
77742292,1704121616,1704124808,2
77742298,1704121723,1704132856,1
77742313,1704121960,1704720123,2
77742314,1704121980,1727301098,1
77742335,1704122432,1704132800,2
77742336,1704122441,1704147758,2
77742344,1704122561,1704172368,1
77742393,1704123520,,0
77742406,1704123815,1704124142,1
77742419,1704123992,1704181943,2
77742431,1704124240,1704124885,2
77742445,1704124406,,0
77742475,1704124824,1704125075,1
77742479,1704124847,,0
77742505,1704125437,1704162126,1
77742521,1704125833,1704424108,1
77742544,1704126376,1704132306,2
77742568,1704127049,1704135413,1
77742571,1704127067,1704186822,1
77742572,1704127079,1704133092,1
77742586,1704127384,1704136839,1
77742587,1704127422,1704158824,1
77742615,1704127974,1704128915,2
77742619,1704128019,1704129018,1
77742624,1704128083,1704129044,4
77742634,1704128244,1704130028,1
77742635,1704128290,1704128804,1
77742640,1704128440,1704441851,1
77742657,1704128779,1704278837,1
77742692,1704129357,,0
77742718,1704129726,1704140647,1
77742733,1704129928,,0
77742745,1704130069,1704181253,1
77742763,1704130492,1704131428,3
77742824,1704131637,,0
77742827,1704131665,1704138401,2
77742867,1704132475,1704135436,1
77742927,1704133782,1704269086,1
77742952,1704134197,,0
77742996,1704135074,1704148659,1
77742999,1704135125,1704146254,1
77743028,1704135541,1704140137,1
77743056,1704136324,1704136324,1
77917091,1706746542,1706747152,2
77917101,1706746666,1706747169,1
77917146,1706747772,1706802229,1
77917202,1706749231,1706751034,1
77917251,1706750523,,0
77917257,1706750667,,0
77917266,1706750888,,0
77917297,1706751521,1716740583,1
77917313,1706751979,1707055397,1
77917321,1706752201,1707237273,1
77917330,1706752368,1706785117,1
77917339,1706752523,1706798520,1
77917342,1706752587,,0
77917402,1706754197,1706754524,1
77917429,1706754852,1706755631,1
77917438,1706754939,1706756939,1
77917446,1706755121,,0
77917508,1706756618,,0
77917567,1706758156,1707293852,1
77917582,1706758494,1706836055,2
77917586,1706758604,,0
77917588,1706758624,1706761714,2
77917599,1706758868,1706773708,2
77917623,1706759432,,0
77917641,1706759868,,0
77917692,1706760866,1706822630,1
77917705,1706761107,,0
77917717,1706761440,1708611304,1
77917734,1706761792,1706765805,1
77917778,1706762997,1706766613,1
77917829,1706764082,1706765749,1
77917840,1706764413,1706853711,1
77917904,1706765838,1706799137,1
77917935,1706766581,1706769366,1
77917969,1706767022,1706778851,1
77917971,1706767052,1740695282,1
77917982,1706767328,1730708421,1
77918018,1706767809,1706772232,2
77918027,1706767963,1707994588,1
77918029,1706767978,1706768296,1
77918063,1706768564,1706768807,1
77918080,1706768911,1706771761,2
77918150,1706770013,1707478491,1
77918159,1706770157,,0
77918172,1706770298,1706770679,1
77918221,1706770936,1706811993,2
77918290,1706771842,1706779606,1
77918360,1706772721,,0
77918487,1706774105,1706774680,2
77918504,1706774387,1706805042,1
77918532,1706774725,1706786581,2
77918537,1706774782,1706775741,1
77918540,1706774812,1706774909,1
77918600,1706775568,,0
77918623,1706775806,1706786906,1
77918644,1706776019,1706777497,1
77918648,1706776035,,0
77918656,1706776205,1728578991,1
77918729,1706777098,1706780881,1
77918750,1706777268,1706778287,2
77918804,1706777869,1706778386,2
77918809,1706777923,,0
77918815,1706778008,1706841862,1
77918871,1706778629,1706778940,2
77918877,1706778758,1706794265,1
77918908,1706779156,1707291164,1
77918920,1706779261,1706782576,2
77918933,1706779342,,0
77919015,1706780010,1706782097,1
77919054,1706780409,1706781583,1
77919089,1706780759,,0
77919126,1706781040,,0
77919134,1706781091,,0
77919305,1706782475,1706785695,1
77919317,1706782571,1707297749,1
77919364,1706783020,,0
77919370,1706783033,,0
77919392,1706783232,,0
77919397,1706783289,1706785049,1
77919456,1706783822,1707793752,1
77919480,1706784035,,0
77919560,1706784843,1707286765,1
77919632,1706785523,1706788230,1
77919633,1706785529,,0
77919730,1706786377,1706787266,1
77919739,1706786471,1706788574,1
77919836,1706787191,,0
77919908,1706787795,1706793049,1
77919909,1706787811,,0
77919918,1706787885,1706792967,1
77919936,1706788070,,0
77919947,1706788163,1706797636,1
77919954,1706788221,,0
77919979,1706788542,,0
77920089,1706789528,1706789918,3
77920093,1706789582,1706790835,2
77920104,1706789708,,0
77920123,1706789883,1706872020,1
77920150,1706790210,1707451901,1
77920171,1706790386,1706890922,1
78084945,1709251457,1709727829,2
78084959,1709251712,1709264274,2
78084971,1709251960,,0
78085015,1709253238,,0
78085020,1709253470,1709644376,1
78085054,1709254479,,0
78085079,1709255248,1709547580,1
78085089,1709255560,1709276010,1
78085119,1709256545,1709352789,1
78085129,1709256884,1709257798,2
78085138,1709257040,,0
78085183,1709258361,1709316911,1
78085281,1709260309,1709273466,1
78085327,1709261478,,0
78085355,1709262346,,0
78085363,1709262589,1709264237,2
78085365,1709262626,1709281533,1
78085442,1709264792,1709270785,1
78085448,1709265004,1709265657,1
78085464,1709265406,1709288318,1
78085478,1709265709,,0
78085526,1709266831,1709273640,1
78085543,1709267297,1709271716,2
78085586,1709268462,1709276598,1
78085597,1709268701,,0
78085642,1709269753,1709273705,1
78085652,1709270069,1709285270,1
78085766,1709272400,,0
78085841,1709273761,1709367616,1
78085849,1709273936,,0
78085881,1709274302,,0
78085909,1709274747,,0
78085938,1709275152,1714035018,1
78085989,1709275921,,0
78085996,1709276003,1709286590,1
78086056,1709276734,1709277183,1
78086132,1709277868,1709284820,1
78086191,1709278608,,0
78086220,1709278990,1709279435,1
78086235,1709279232,,0
78086241,1709279301,1711552561,1
78086248,1709279396,1709289140,1
78086289,1709279984,,0
78086357,1709280729,1709281735,2
78086386,1709281021,1709282762,1
78086474,1709282234,1709302745,2
78086517,1709282763,1709283008,1
78086541,1709283071,1709283915,2
78086542,1709283074,1709294090,1
78086553,1709283174,,0
78086596,1709283615,1709284418,2
78086632,1709284051,1709284451,4
78086687,1709284683,,0
78086715,1709285026,1709298206,1
78086745,1709285265,1709286102,3
78086836,1709286087,1709287942,1
78086853,1709286183,,0
78086896,1709286709,1709298095,1
78086953,1709287327,,0
78086980,1709287623,,0
78086982,1709287685,1709289714,1
78086989,1709287799,1709292031,2
78087040,1709288227,1709311285,1
78087131,1709289140,1709300758,1
78087152,1709289417,1709289576,1
78087166,1709289520,1709289804,1
78087177,1709289630,1709722032,1
78087188,1709289719,1709291070,1
78087223,1709290083,1709318433,1
78087232,1709290173,1709298930,1
78087243,1709290307,1709302741,1
78087247,1709290428,1709292132,1
78087339,1709291677,1709300093,1
78087355,1709291886,1710521400,1
78087364,1709291936,,0
78087381,1709292130,1709300136,1
78087383,1709292137,1709293911,2
78087400,1709292378,1709858043,1
78087513,1709293562,1709298112,1
78087517,1709293602,1709293962,2
78087546,1709294003,1709297258,1
78087560,1709294127,1709294583,1
78087614,1709294669,1709340039,1
78087630,1709294816,,0
78087641,1709294952,1709295390,1
78087806,1709296614,1709297756,1
78087811,1709296640,1709296802,1
78087857,1709297308,1709327522,2
78087955,1709298476,1709302185,1
78087961,1709298538,,0
78088003,1709298842,1709310989,1
78088011,1709298952,1709299249,1
78088032,1709299128,1709299529,1
78088036,1709299206,,0
78088040,1709299239,1709312875,2
78088064,1709299589,1709525672,1
78088072,1709299649,1709309291,1
78088123,1709300216,,0
78088133,1709300292,1709300368,2
78088169,1709300632,1709301066,1
78253200,1711930570,,0
78253210,1711931053,1711931477,3
78253231,1711931966,1783351411,1
78253263,1711932895,1712008473,1
78253266,1711933117,,0
78253278,1711933729,1711945579,1
78253290,1711934212,,0
78253436,1711939443,1711939906,1
78253456,1711939940,,0
78253459,1711940015,1711945248,1
78253503,1711941081,1711981900,1
78253534,1711941991,1711944535,1
78253553,1711942502,1711943649,2
78253564,1711942818,1711969121,1
78253579,1711943224,1713634459,1
78253701,1711946623,1711949341,1
78253702,1711946635,1712310673,1
78253711,1711946805,1711952466,2
78253728,1711947343,1711948876,3
78253797,1711949030,1711979867,1
78253818,1711949557,1711982196,2
78253842,1711950025,,0
78253860,1711950239,1713502425,1
78253976,1711952828,,0
78253997,1711953212,1711964359,1
78254013,1711953692,1711996406,1
78254057,1711954594,1711955459,1
78254249,1711957697,1711959110,2
78254250,1711957699,,0
78254310,1711958826,1711960474,1
78254332,1711959162,1711969185,1
78254372,1711959840,,0
78254374,1711959881,1712050920,1
78254396,1711960206,1711961924,1
78254412,1711960432,1711965129,1
78254414,1711960462,1711960839,1
78254422,1711960518,1711961971,1
78254479,1711961303,1711963329,2
78254492,1711961519,1711964767,1
78254501,1711961586,1711962657,2
78254516,1711961810,1712168251,1
78254529,1711961957,1712054868,1
78254555,1711962350,1711962722,4
78254579,1711962723,1712027420,1
78254582,1711962773,1711985471,1
78254631,1711963520,1711968168,3
78254706,1711964551,,0
78254737,1711964970,,0
78254757,1711965258,1712658561,1
78254765,1711965385,1711972417,1
78254766,1711965390,1711993826,1
78254889,1711967019,1711984380,1
78254902,1711967182,1712364911,1
78254993,1711968239,1711974285,1
78255053,1711968917,1711971324,1
78255078,1711969200,1712023844,1
78255117,1711969864,,0
78255143,1711970294,1711971088,1
78255236,1711971501,1712569361,1
78255277,1711971962,1711975469,1
78255340,1711972811,1711973680,1
78255426,1711973856,,0
78255509,1711975019,,0
78255527,1711975234,,0
78255586,1711975963,,0
78255628,1711976432,1711989855,1
78255709,1711977333,1711980553,1
78255788,1711978498,1712003594,1
78255846,1711979400,1711986761,1
78255915,1711980183,1711981028,1
78255992,1711981095,1712241387,1
78256090,1711982584,,0
78256116,1711982782,1712012733,1
78256137,1711982942,,0
78256155,1711983210,1712067160,1
78256159,1711983221,1711983833,2
78256167,1711983324,1711996550,1
78256183,1711983559,,0
78256202,1711983815,1712007118,2
78256223,1711983980,1711988831,2
78256229,1711984063,1711992830,1
78256240,1711984230,,0
78256241,1711984234,1711987916,1
78256263,1711984485,1711988961,1
78256304,1711985032,1711985400,1
78256329,1711985323,1711985535,3
78256333,1711985354,,0
78256362,1711985631,1711987322,1
78256389,1711985979,1711989696,1
78256468,1711987083,,0
78256497,1711987489,1711997489,1
78256542,1711988082,1712149181,1
78256559,1711988287,1711993620,1
78256623,1711989209,,0
78256627,1711989308,,0
78256629,1711989350,1711990483,2
78256632,1711989398,,0
78256679,1711989902,1712001173,1
78256688,1711990024,1711990613,1
78256773,1711990989,1711995608,1
78411502,1714521989,,0
78411534,1714522875,,0
78411542,1714523035,1714598823,1
78411556,1714523533,1714529709,1
78411570,1714524213,1714647161,1
78411675,1714527631,1714551746,1
78411683,1714527980,1714529967,1
78411698,1714528385,1714920190,1
78411719,1714529025,1714531503,1
78411721,1714529042,1714530822,2
78411723,1714529090,1714538290,5
78411725,1714529188,1714533820,1
78411726,1714529248,,0
78411768,1714530617,1714594153,1
78411784,1714531045,1714553332,2
78411847,1714532622,,0
78411867,1714533288,1714533649,1
78411878,1714533704,,0
78411879,1714533756,1714534504,1
78411884,1714533869,,0
78411945,1714535774,1714537797,2
78411983,1714536893,1714537794,1
78412008,1714537404,1714538640,2
78412019,1714537854,1726593865,1
78412032,1714538122,1714568390,1
78412053,1714538662,1714538781,1
78412108,1714540252,1714721743,1
78412160,1714541810,1714543276,1
78412195,1714542537,1714545777,1
78412205,1714542804,1714549027,1
78412276,1714544114,1714622239,1
78412286,1714544290,1715257366,1
78412316,1714544927,1714572926,1
78412322,1714544996,,0
78412402,1714546377,1714548303,1
78412441,1714546967,1714993462,1
78412450,1714547094,1714988403,1
78412463,1714547287,,0
78412491,1714547727,1715058915,1
78412549,1714548728,1714549726,1
78412576,1714549171,1714549736,2
78412601,1714549641,1714554200,1
78412608,1714549700,1714559067,1
78412623,1714549815,1714629394,1
78412664,1714550474,,0
78412680,1714550752,1714572862,1
78412742,1714551877,1714953641,1
78412744,1714551934,1714573917,3
78412765,1714552398,1715510921,1
78412774,1714552522,,0
78412812,1714553111,,0
78412846,1714553535,1714554852,1
78412912,1714554438,,0
78412917,1714554498,,0
78412978,1714555548,1714558858,1
78412990,1714555780,1714569102,1
78413025,1714556398,,0
78413057,1714556900,1714559435,1
78413065,1714556984,1714557912,2
78413084,1714557269,,0
78413120,1714557667,1714646750,1
78413126,1714557820,1714558618,2
78413131,1714557909,,0
78413233,1714559385,,0
78413244,1714559557,1714562458,2
78413255,1714559781,1714565989,1
78413287,1714560228,1714563018,1
78413299,1714560358,1714629014,1
78413301,1714560387,1714567038,1
78413313,1714560496,1714579762,1
78413392,1714561626,,0
78413403,1714561734,1714563819,1
78413409,1714561780,,0
78413431,1714562204,1714563671,2
78413504,1714563243,1714734952,1
78413575,1714564229,1714566237,1
78413592,1714564506,,0
78413655,1714565373,1714577287,1
78413671,1714565735,1714654543,1
78413728,1714566603,1714568915,1
78413739,1714566919,1714580530,1
78413784,1714567511,1714583181,2
78413787,1714567537,1714570379,2
78413842,1714568318,1714569387,2
78413885,1714568926,1714575742,1
78413915,1714569319,,0
78413917,1714569377,,0
78413927,1714569466,,0
78413931,1714569488,,0
78413936,1714569564,,0
78414044,1714571064,,0
78414084,1714571651,,0
78414094,1714571803,1714577369,3
78414110,1714572028,,0
78414193,1714573025,,0
78414211,1714573279,1714575088,1
78414216,1714573367,1714628954,1
78414227,1714573479,1714574921,1
78414237,1714573599,1714829613,1
78414268,1714573868,1714577419,1
78562481,1717200256,1717244013,1
78562518,1717202059,1717203040,1
78562519,1717202079,1717202888,1
78562537,1717203044,1717261218,1
78562542,1717203236,1717210978,3
78562545,1717203299,1737305703,1
78562590,1717205696,1717209289,1
78562591,1717205829,,0
78562611,1717206868,1717218306,1
78562632,1717208132,1717208922,1
78562640,1717208446,1717223271,2
78562653,1717209179,1717267011,1
78562666,1717209981,1717239847,3
78562673,1717210321,1717217547,1
78562705,1717211894,1717212443,1
78562717,1717212617,,0
78562724,1717212823,,0
78562854,1717218634,1717441030,1
78562866,1717219313,1717219918,2
78562910,1717220537,1717230738,1
78562951,1717222068,1717222178,1
78562976,1717222979,,0
78562982,1717223145,,0
78563021,1717224510,,0
78563023,1717224602,,0
78563126,1717228017,,0
78563199,1717230671,1717231298,1
78563210,1717230882,1717324160,1
78563282,1717232758,,0
78563286,1717232792,1717243220,1
78563348,1717234111,1717237198,1
78563354,1717234213,1717253992,1
78563396,1717235529,1717238085,3
78563412,1717236023,,0
78563532,1717239104,1741027242,1
78563535,1717239191,1717710973,1
78563561,1717239809,,0
78563585,1717240153,1717293516,2
78563675,1717242380,1717243283,3
78563786,1717245101,1717251744,1
78563796,1717245301,,0
78563834,1717246397,,0
78563873,1717247135,,0
78563894,1717247536,1717250287,1
78563960,1717249417,1717250363,1
78563971,1717249748,1718948160,3
78563975,1717249873,,0
78563984,1717250037,1717253101,1
78563997,1717250295,1717253801,1
78564000,1717250335,,0
78564068,1717251854,1717275238,1
78564184,1717255179,,0
78564196,1717255734,1717257549,1
78564217,1717256280,1717258720,2
78564233,1717256797,1717258777,1
78564238,1717256890,,0
78564241,1717256909,1717280251,1
78564261,1717257355,1717659035,2
78564282,1717257984,1717259115,1
78564293,1717258227,,0
78564333,1717259261,1717328327,1
78564399,1717260595,,0
78564413,1717260864,1717914356,1
78564459,1717262135,1717264452,2
78564460,1717262238,1717575253,1
78564461,1717262313,1717272579,2
78564505,1717263640,1717265320,1
78564523,1717264096,,0
78564550,1717264598,,0
78564581,1717265507,,0
78564587,1717265730,1717287836,1
78564605,1717266206,,0
78564655,1717267485,1717430146,1
78564669,1717267963,1717272844,1
78564699,1717268888,1717271086,1
78564718,1717269531,1717419674,1
78564771,1717271215,1717273165,1
78564778,1717271422,,0
78564783,1717271591,,0
78564789,1717271956,1717392679,1
78564877,1717274628,,0
78564920,1717276088,1717351452,1
78564945,1717276766,1717281515,2
78564958,1717277262,1717285184,1
78564999,1717279344,,0
78565013,1717279921,,0
78565064,1717281326,,0
78565125,1717284501,1717323084,1
78565132,1717284818,1717287044,1
78565137,1717285056,1717318932,1
78565180,1717287236,1717493902,1
78565188,1717287532,1717368662,1
78565191,1717287597,1733617925,1
78565192,1717287619,1717301525,1
78565203,1717287887,1717288948,2
78565231,1717289595,1717289771,2
78565234,1717289743,1717290707,1
78565243,1717290289,1717298031,1
78565260,1717291470,1717305495,1
78565377,1717297950,1717301721,2
78690099,1719792316,,0
78690101,1719792366,1719820134,1
78690154,1719795445,1740565591,1
78690204,1719798033,1720129102,1
78690210,1719798344,,0
78690213,1719798378,1719849167,1
78690229,1719799365,1719800943,2
78690234,1719799756,1719807204,1
78690264,1719801158,1719821628,1
78690267,1719801187,1719813549,1
78690274,1719801414,1719801779,2
78690284,1719801741,1719961787,1
78690291,1719802118,,0
78690334,1719803807,1719804831,1
78690388,1719805777,1719844531,1
78690406,1719806371,,0
78690407,1719806454,1721033008,1
78690529,1719810090,1719810806,1
78690568,1719811036,1719825567,1
78690589,1719811650,1719814336,1
78690602,1719812016,1719819250,1
78690669,1719813693,1719826140,1
78690671,1719813794,,0
78690700,1719814418,1719816072,1
78690704,1719814474,1745661235,1
78690772,1719815818,1719816014,1
78690837,1719817049,,0
78690847,1719817269,1719818223,2
78690926,1719818821,1719824500,1
78691009,1719820203,1719838341,1
78691025,1719820452,1719853000,1
78691036,1719820666,1719851740,1
78691039,1719820754,1719820955,2
78691053,1719821046,1720209712,2
78691077,1719821348,1719824378,1
78691081,1719821441,,0
78691107,1719821768,1719822666,2
78691120,1719821984,1729390776,1
78691141,1719822333,1721058822,1
78691202,1719823278,1721943803,1
78691274,1719824371,,0
78691288,1719824540,1719830431,1
78691335,1719825123,1720368194,2
78691340,1719825194,,0
78691402,1719826187,1719842553,1
78691438,1719826649,1719829879,3
78691459,1719826907,,0
78691479,1719827226,1719842263,1
78691539,1719828000,1719830606,1
78691556,1719828203,,0
78691574,1719828456,1719830299,1
78691597,1719828756,1719829055,1
78691616,1719828999,1719891469,1
78691625,1719829107,1719830178,2
78691628,1719829168,1719878133,1
78691652,1719829412,1724236230,1
78691658,1719829462,1719831089,1
78691822,1719831449,1720003817,1
78691826,1719831533,1719858789,1
78691873,1719832096,1719874592,1
78691919,1719832771,1719833667,2
78691957,1719833301,1719842026,1
78692083,1719834953,,0
78692134,1719835600,1719836754,2
78692139,1719835744,1719837204,1
78692165,1719836033,1719837683,1
78692193,1719836477,,0
78692212,1719836650,,0
78692222,1719836755,1720045414,5
78692255,1719837070,1719844407,2
78692260,1719837171,,0
78692274,1719837423,,0
78692333,1719838032,1719862899,1
78692380,1719838653,,0
78692403,1719838955,1720689726,1
78692438,1719839428,1719840288,1
78692458,1719839672,1719844398,3
78692537,1719840813,1719845015,1
78692552,1719841104,,0
78692559,1719841214,,0
78692640,1719842333,1719844817,2
78692641,1719842357,1719843830,1
78692707,1719843082,1720417195,1
78692719,1719843320,,0
78692726,1719843402,1720000141,1
78692744,1719843706,1719853075,2
78692798,1719844406,1719845041,1
78692811,1719844478,,0
78692844,1719844878,1719925562,1
78692863,1719845126,1720217036,1
78692910,1719845693,1719866698,1
78692950,1719846173,1719846462,2
78692959,1719846270,1719846792,2
78693015,1719846875,,0
78693024,1719847084,1719872297,1
78693026,1719847089,1719847569,1
78693027,1719847102,1719853544,1
78693033,1719847220,1719848372,2
78693052,1719847518,1719847890,5
78693056,1719847534,1719849194,1
78818768,1722474732,1722495989,2
78818769,1722474734,,0
78818773,1722474842,1722487612,4
78818782,1722475240,1722476127,3
78818794,1722475730,1722477640,1
78818917,1722479696,1722828112,1
78818919,1722479756,,0
78818920,1722479880,1722488067,2
78818979,1722481470,,0
78819007,1722482493,,0
78819017,1722482734,1722519334,1
78819066,1722484265,1722584015,1
78819087,1722484841,1722493299,2
78819158,1722487199,1722500330,1
78819169,1722487576,1722534504,1
78819173,1722487694,1722854485,2
78819334,1722492042,,0
78819376,1722492993,1722495887,3
78819380,1722493048,,0
78819386,1722493129,1722497892,1
78819559,1722496077,1724681540,1
78819636,1722497189,1722502282,1
78819645,1722497338,1722503380,1
78819711,1722498470,1722499014,1
78819716,1722498529,1722499665,2
78819757,1722499195,1722499753,1
78819832,1722500369,1722581859,1
78819839,1722500397,,0
78819843,1722500457,,0
78819883,1722500946,1722501981,2
78819922,1722501542,1722510325,1
78819924,1722501548,1722502793,2
78819939,1722501706,1722517557,1
78819975,1722502194,1722504994,1
78820013,1722502751,1722523136,1
78820017,1722502822,1722528850,1
78820055,1722503243,1723056386,1
78820057,1722503271,1722504862,1
78820096,1722503649,1722507353,2
78820102,1722503761,1722505505,1
78820110,1722503873,1722593816,1
78820126,1722504044,1722512033,1
78820222,1722505301,1722524373,1
78820256,1722505662,1722510065,2
78820258,1722505673,1722769597,2
78820267,1722505778,,0
78820308,1722506188,1722515676,1
78820328,1722506453,1724774447,1
78820362,1722506970,,0
78820475,1722508703,1722774827,2
78820601,1722510341,,0
78820700,1722511469,1722511564,1
78820748,1722512038,1722515938,2
78820758,1722512112,1722512504,1
78820763,1722512245,1722514147,1
78820768,1722512314,,0
78820798,1722512902,1722906222,1
78820860,1722513842,1722514403,1
78820861,1722513853,1722514365,1
78820951,1722515087,1722516331,1
78820957,1722515186,,0
78820996,1722515754,1723206056,1
78821038,1722516303,1722517311,1
78821050,1722516467,,0
78821056,1722516530,1722529513,1
78821083,1722516880,1723365905,1
78821089,1722516958,1722949827,1
78821121,1722517454,1722521256,3
78821122,1722517458,1722526155,1
78821132,1722517558,,0
78821149,1722517768,1722520171,3
78821184,1722518286,,0
78821187,1722518353,,0
78821190,1722518382,1723448341,1
78821193,1722518413,,0
78821292,1722519773,1722522602,1
78821355,1722520678,1722582363,2
78821371,1722520874,1722561842,1
78821389,1722521098,1722588743,1
78821424,1722521460,1722526947,2
78821429,1722521599,1722521765,1
78821461,1722521954,1722527705,1
78821465,1722521988,1722522583,2
78821544,1722523107,,0
78821557,1722523342,1722524749,2
78821660,1722524499,1722524663,2
78821675,1722524694,1722525218,1
78821677,1722524703,1722534328,2
78821687,1722524860,1722526502,1
78821738,1722525504,1722534354,1
78821744,1722525603,1722973612,1
78821753,1722525701,,0
78821823,1722526482,1770324073,1
78821828,1722526506,1722569033,1
78821837,1722526626,1723456823,1
78821850,1722526788,,0
78821942,1722528069,1722528359,1
78821963,1722528403,,0
78821975,1722528531,1722560025,2
78821982,1722528624,1722537017,2
78936335,1725148884,1725189791,1
78936404,1725153244,1725202055,1
78936422,1725154243,1725166878,1
78936446,1725155866,,0
78936473,1725159046,1725523483,2
78936478,1725159212,1725185921,1
78936484,1725159688,1725162206,1
78936509,1725161875,1749212179,1
78936530,1725163561,1725170690,1
78936535,1725164340,1725166777,1
78936548,1725164942,1725168208,1
78936557,1725165177,1725166142,3
78936607,1725168050,1725177063,1
78936643,1725169636,1725171491,2
78936755,1725173827,,0
78936816,1725176646,,0
78936830,1725177205,,0
78936857,1725178374,1725180207,1
78936892,1725179567,,0
78936933,1725181035,1725381568,2
78937042,1725184234,1725191055,1
78937094,1725185925,1725188819,4
78937119,1725187112,,0
78937146,1725187966,,0
78937157,1725188434,1725190721,1
78937182,1725189209,1725528977,1
78937209,1725190203,,0
78937235,1725191092,1725192214,6
78937366,1725194775,1725195687,4
78937395,1725195945,1725200811,1
78937533,1725199830,1725217191,2
78937655,1725202796,1725203461,1
78937663,1725203073,1725371877,1
78937724,1725204820,1725206279,1
78937726,1725204888,1725210901,1
78937753,1725205638,1725215363,1
78937759,1725205938,1725207872,1
78937823,1725207671,1725230383,1
78937897,1725209746,1725211540,1
78937907,1725210174,1725216517,1
78937912,1725210410,1725212502,1
78937921,1725210619,1725211051,1
78937962,1725211529,1725211851,3
78937986,1725212079,1725218543,1
78938073,1725214337,1725260831,1
78938085,1725214994,1725222584,1
78938115,1725215956,1725217789,1
78938209,1725218880,,0
78938211,1725218922,1725221762,1
78938260,1725220667,1725228942,1
78938285,1725221531,1725221947,3
78938295,1725221867,,0
78938302,1725221994,,0
78938312,1725222284,,0
78938324,1725222818,,0
78938390,1725225303,,0
78938395,1725225603,,0
78938398,1725225889,1725270316,1
78938424,1725227492,,0
78938440,1725228161,1725234167,1
78938487,1725230339,1725664569,1
78938507,1725231117,1743042891,1
78938508,1725231134,1725261449,1
78938529,1725232654,1726063355,1
78938539,1725232935,,0
78938589,1725235292,1725235397,2
78938611,1725236941,1725268256,1
78938653,1725240072,1725240620,1
78938691,1725241606,1727955044,1
78938692,1725241616,,0
78938722,1725243221,,0
78938723,1725243266,1726134142,1
78938725,1725243516,1725245984,2
78938754,1725244723,1725306227,1
78938772,1725245327,,0
78938784,1725246167,1725259437,2
78938798,1725246695,1725248505,2
78938799,1725246741,1725756858,2
78938875,1725249776,1725264560,6
78938890,1725250145,1729159843,3
78938955,1725252517,1740678476,1
78939020,1725254655,1725258289,2
78939116,1725257360,,0
78939142,1725257913,1756004736,1
78939233,1725259786,1725260714,1
78939286,1725260792,1725265969,1
78939368,1725262450,1725276411,1
78939475,1725264211,1725266199,1
78939502,1725264715,1725265057,4
78939534,1725265456,,0
78939571,1725265949,1731931942,1
78939597,1725266448,1725517620,1
78939606,1725266579,1725783423,1
78939607,1725266598,1725268829,1
78939613,1725266754,,0
78939633,1725267168,1725267584,1
78939671,1725267800,1725297270,1
78939731,1725268700,1725336645,1
78939768,1725269206,1725270214,1
78939773,1725269348,1725295242,1
79041308,1727741233,1727748177,1
79041358,1727744127,,0
79041361,1727744251,1727753481,1
79041490,1727750784,1727753322,1
79041540,1727752506,1727802061,1
79041573,1727753967,1727757029,1
79041578,1727754289,1727754378,1
79041633,1727756665,1727845254,1
79041647,1727757139,1727760839,2
79041684,1727758284,,0
79041699,1727758938,,0
79041942,1727764839,1727766071,2
79042135,1727768593,1727774331,1
79042147,1727768805,1731980289,1
79042155,1727768925,1727770725,4
79042189,1727769530,,0
79042204,1727769783,,0
79042248,1727770606,1727770983,1
79042252,1727770645,1727773017,1
79042253,1727770680,1727782895,2
79042289,1727771274,1727771832,5
79042321,1727771739,1727794344,1
79042347,1727772199,,0
79042388,1727773151,,0
79042421,1727773840,1727956481,1
79042424,1727773870,1727789277,1
79042426,1727773884,1727774384,2
79042456,1727774384,1727781309,1
79042519,1727775311,1727776372,1
79042560,1727775738,,0
79042577,1727775950,1740912744,1
79042588,1727776134,,0
79042646,1727777014,,0
79042666,1727777554,1727777766,3
79042708,1727778316,1727781302,2
79042776,1727779714,1727780294,1
79042822,1727780433,1727783157,2
79042837,1727780684,1727781513,1
79042908,1727781574,,0
79042915,1727781668,1727782306,1
79042937,1727782066,1727806337,1
79042960,1727782462,1727786393,1
79042968,1727782609,1727796595,1
79043009,1727783695,1727785263,1
79043011,1727783710,,0
79043026,1727783888,1727855091,1
79043042,1727784101,1727785333,1
79043118,1727785222,1727785665,1
79043163,1727785830,1727811658,1
79043241,1727787408,1727796780,1
79043331,1727788749,,0
79043468,1727790954,,0
79043541,1727792075,1728048488,1
79043588,1727792866,1727793328,1
79043611,1727793323,1727851304,1
79043689,1727794476,1727796275,1
79043698,1727794554,,0
79043704,1727794641,1727876493,2
79043708,1727794758,,0
79043775,1727796062,,0
79043777,1727796068,,0
79043806,1727796550,1727817570,2
79043808,1727796566,,0
79043862,1727797551,,0
79043871,1727797784,,0
79043944,1727799123,1727867707,1
79043973,1727799733,1727800974,1
79043974,1727799770,1728045274,1
79044058,1727801470,,0
79044131,1727803287,1727804060,1
79044145,1727803792,1727803792,1
79044153,1727803880,1727805791,1
79044230,1727805437,1727807793,1
79044256,1727805969,,0
79044306,1727806977,1727899564,1
79044310,1727807064,1727895632,1
79044320,1727807361,1727888029,1
79044322,1727807395,1727807534,4
79044350,1727807818,,0
79044352,1727807834,,0
79044359,1727808042,1727810000,1
79044369,1727808206,1727808757,1
79044434,1727809675,1727810575,1
79044482,1727810646,1728155623,1
79044500,1727811169,1738098376,1
79044501,1727811172,1727811490,1
79044503,1727811175,1727811308,2
79044512,1727811428,1727960653,1
79044519,1727811591,1728301404,1
79044553,1727812137,,0
79044584,1727812821,1747632129,2
79044593,1727813123,1727972326,1
79044611,1727813505,1727889185,1
79044648,1727814334,,0
79044650,1727814414,1727814414,1
79044695,1727815636,1727824157,3
79044704,1727815863,1727817222,2
79044711,1727816106,1727819445,1
79044714,1727816168,1728687472,1
79044764,1727817356,1727820458,1
79146647,1730420846,1733876572,1
79146729,1730424912,1730456190,1
79146738,1730425430,1730428976,1
79146794,1730428715,1730475880,2
79146802,1730429108,1730432421,1
79146851,1730431540,1730433003,1
79146880,1730432669,1730433933,1
79146896,1730433198,1730653235,1
79146953,1730436067,1730436292,1
79146969,1730436549,1730438125,2
79146976,1730436793,1730446648,1
79147019,1730438516,1730580717,1
79147028,1730439262,1730442219,1
79147042,1730439892,1730453546,2
79147084,1730441036,1730478135,1
79147234,1730446160,1730452756,1
79147288,1730447786,1730453213,1
79147359,1730450049,,0
79147385,1730450760,,0
79147443,1730452050,1730476624,2
79147445,1730452079,1730452925,1
79147500,1730453408,1730453748,1
79147597,1730455574,1730476823,1
79147643,1730456517,1730458687,2
79147645,1730456562,1730457044,2
79147681,1730457234,1730540808,1
79147692,1730457556,,0
79147700,1730457617,1730686098,2
79147705,1730457664,1730457759,1
79147836,1730460497,1730461524,1
79147837,1730460526,,0
79147875,1730461321,1730779715,1
79147876,1730461324,1730461883,1
79147896,1730461795,,0
79148025,1730464842,1730465930,3
79148054,1730465495,1730653632,1
79148114,1730466784,1730471577,1
79148175,1730468149,1730469177,1
79148178,1730468207,1730476851,1
79148210,1730468635,1730726767,1
79148243,1730469227,1730471212,3
79148292,1730470218,1730470588,1
79148347,1730471169,1730471936,1
79148366,1730471496,1731858625,1
79148385,1730471709,,0
79148483,1730473555,1730913353,2
79148525,1730474260,1730727708,1
79148560,1730474931,1730631594,1
79148566,1730475010,1730643226,2
79148625,1730475972,1730478834,1
79148697,1730477055,,0
79148736,1730477871,1730490791,1
79148747,1730478138,,0
79148781,1730478853,1730487888,1
79148802,1730479234,,0
79148924,1730482504,1730484456,2
79148948,1730482992,1736231334,1
79149035,1730485291,,0
79149103,1730486846,1730945749,1
79149108,1730486952,1730756306,2
79149147,1730487839,1730487839,3
79149164,1730488612,1730550756,2
79149172,1730488918,1730489164,1
79149175,1730489014,,0
79149222,1730489911,,0
79149260,1730490782,,0
79149262,1730490795,1730491248,2
79149274,1730491215,1730746018,1
79149293,1730491636,1730494434,1
79149294,1730491654,,0
79149341,1730492849,1731064541,1
79149378,1730493954,1730496891,1
79149425,1730495091,1730496137,1
79149427,1730495203,1730534668,1
79149431,1730495285,,0
79149448,1730495900,1730507230,1
79149449,1730495928,,0
79149485,1730497326,1730519484,1
79149521,1730498491,,0
79149547,1730499258,,0
79149558,1730499791,1730536109,1
79149626,1730502026,1730502804,3
79149627,1730502376,1730502982,1
79149657,1730503720,1730507073,1
79149707,1730505872,1730513549,3
79149709,1730505909,1730506758,1
79149716,1730506360,1730562857,1
79149745,1730507852,1730539143,2
79149763,1730509218,1730509991,1
79149811,1730512564,1730720907,1
79149821,1730513245,,0
79149825,1730513744,1730514559,1
79149829,1730514052,1730725561,1
79149846,1730514840,1730515184,1
79149913,1730518399,1730519716,2
79149930,1730519387,,0
79149972,1730521840,1730575797,1
79150108,1730530148,1759682116,1
79150136,1730531305,1730534915,1
79150176,1730533042,,0
79240720,1733013654,1733023841,1
79240830,1733022148,1733043406,2
79240851,1733024075,,0
79240870,1733025372,1733036193,1
79240885,1733026062,1733071809,1
79240944,1733029719,1733038759,1
79241034,1733035210,1733040371,1
79241070,1733036928,1733046265,1
79241075,1733037047,1733078513,1
79241077,1733037088,1733122879,1
79241088,1733037333,1733038861,3
79241135,1733039895,1733049062,1
79241191,1733042593,1733044604,2
79241244,1733044674,1733049660,1
79241278,1733045975,1733050420,2
79241291,1733046382,1733046621,2
79241313,1733047008,,0
79241319,1733047218,1733160967,1
79241329,1733047739,1733128336,1
79241406,1733050597,1736678224,1
79241455,1733052629,1733052629,1
79241472,1733053512,,0
79241502,1733054473,1733066213,3
79241507,1733054641,1733112901,1
79241543,1733056184,1734551705,1
79241613,1733058267,,0
79241634,1733058833,1733152647,1
79241645,1733059111,1733065193,1
79241735,1733062034,1733220028,1
79241768,1733063007,1733064235,1
79241786,1733063587,,0
79241871,1733066236,1733408942,1
79241894,1733066882,,0
79241909,1733067156,1733339963,1
79241910,1733067165,1733149247,1
79241946,1733068177,,0
79241969,1733068781,1733088964,1
79241977,1733069060,1733069461,1
79242041,1733071816,1733074364,2
79242048,1733072040,1733224252,1
79242086,1733073088,,0
79242121,1733074322,,0
79242142,1733074910,1733550229,3
79242191,1733076394,1736855695,1
79242209,1733076958,1733084431,1
79242220,1733077276,1733077953,2
79242239,1733077879,1733081245,1
79242279,1733079437,1733176109,1
79242289,1733079935,1733309811,1
79242374,1733082709,1733084149,1
79242432,1733085620,,0
79242440,1733085872,1733163887,1
79242472,1733086834,,0
79242476,1733087190,,0
79242541,1733089484,1733093505,2
79242582,1733091721,1733092593,1
79242610,1733093388,1733134013,1
79242639,1733094845,1733549377,1
79242651,1733095618,,0
79242702,1733098269,1733103885,2
79242788,1733103337,1733110645,1
79242841,1733106469,1733109862,2
79242887,1733110250,1733503653,1
79242930,1733111960,,0
79242938,1733112438,,0
79242984,1733115415,,0
79243003,1733116266,,0
79243015,1733116922,,0
79243094,1733119787,1733152943,1
79243106,1733120228,1740488857,1
79243117,1733120524,1733139858,3
79243133,1733120977,,0
79243206,1733123244,,0
79243222,1733123693,1733203340,1
79243311,1733125861,1733126588,2
79243340,1733126599,,0
79243345,1733126638,1733131306,2
79243348,1733126993,1733352601,1
79243355,1733127190,1734342090,1
79243356,1733127235,1733151509,1
79243452,1733130182,,0
79243483,1733130770,,0
79243594,1733133219,1733135863,1
79243681,1733135221,1733135959,2
79243713,1733135764,1733137438,2
79243808,1733137462,1733156041,1
79243860,1733138393,1733139955,1
79243949,1733139920,1733248159,1
79244000,1733140806,,0
79244083,1733142357,1733152386,1
79244095,1733142675,1733240683,2
79244106,1733142830,,0
79244109,1733142932,1733145807,1
79244131,1733143264,,0
79244132,1733143292,1733147428,1
79244162,1733143977,1733143977,1
79244168,1733144077,1733144339,4
79244221,1733144944,1733156532,2
79244250,1733145564,1733169722,1
79244267,1733146007,,0
79320980,1735691831,,0
79320984,1735692470,1735832719,1
79321001,1735693052,1735944886,1
79321012,1735693689,,0
79321016,1735693751,1735738986,1
79321028,1735694652,,0
79321029,1735694707,1735723603,1
79321112,1735701971,1736020465,1
79321189,1735709026,1735711027,1
79321224,1735711997,1735712245,1
79321289,1735716005,1736510618,1
79321347,1735720000,,0
79321489,1735728860,1737395398,1
79321551,1735732880,1735735456,1
79321570,1735733802,,0
79321647,1735736840,1735747559,1
79321741,1735741037,,0
79321755,1735741559,1735742475,1
79321760,1735741786,1735744100,1
79321826,1735744301,1736633329,1
79321937,1735748529,1735765791,1
79321947,1735748798,,0
79322010,1735751206,1735755019,2
79322039,1735752594,,0
79322044,1735752893,,0
79322091,1735754869,1735766305,1
79322098,1735755241,1736716069,1
79322117,1735756155,1736974485,1
79322130,1735756341,1735804378,1
79322153,1735757097,1735764551,1
79322184,1735758174,,0
79322235,1735760955,1735761197,1
79322243,1735761519,1739181524,2
79322253,1735761699,1736011556,1
79322284,1735763232,,0
79322295,1735764036,1735776294,1
79322300,1735764283,1741196740,1
79322394,1735768972,1735871854,1
79322421,1735770145,1735772786,1
79322486,1735773275,1747907863,1
79322529,1735776018,,0
79322530,1735776181,1736005552,1
79322531,1735776199,1735781571,1
79322543,1735776681,1735782770,1
79322565,1735778902,1735783370,1
79322580,1735780169,,0
79322581,1735780171,1735838447,1
79322598,1735781252,1737035566,1
79322605,1735781908,,0
79322606,1735781909,1735782014,1
79322608,1735782284,,0
79322620,1735782884,1754037977,2
79322625,1735783288,1735786281,2
79322639,1735783821,,0
79322646,1735784278,1735933096,1
79322651,1735784556,1735928166,1
79322685,1735786365,1735793041,1
79322796,1735793504,1735800170,1
79322812,1735794098,1736259479,2
79322900,1735797935,1735799420,1
79322918,1735798647,1735798693,2
79323140,1735806075,1735806572,2
79323147,1735806229,1736207962,1
79323172,1735806651,1735807014,1
79323215,1735808211,1735810433,1
79323230,1735808477,1736188968,1
79323267,1735809303,1735810460,2
79323285,1735809755,1742079879,1
79323434,1735813853,,0
79323468,1735814680,,0
79323513,1735815911,,0
79323626,1735819080,1735905475,1
79323660,1735819804,1735903830,1
79323666,1735819996,1735822750,1
79323742,1735821764,1735822562,2
79323746,1735821814,1735824024,2
79323752,1735821856,,0
79323765,1735822232,1735889517,1
79323799,1735823034,1735824377,3
79323808,1735823215,,0
79323814,1735823391,1735824840,1
79323979,1735827221,1735840825,2
79324043,1735828791,1735829437,1
79324053,1735828913,1740632984,1
79324073,1735829099,,0
79324075,1735829115,1736163815,1
79324114,1735829451,1736071607,1
79324137,1735829802,1735831909,1
79324334,1735834533,,0
79324398,1735835908,,0
79324436,1735836888,,0
79324475,1735837923,1735838622,2
79324481,1735838030,1736331397,1
79324524,1735839223,1735839627,1
79324608,1735841376,1735842889,1
79324635,1735842097,,0
79324668,1735843025,1735845650,2
79324706,1735844309,1735852403,1
79324718,1735844701,1736001444,1
79324831,1735847962,1735920182,1
79404210,1738368052,1738383759,1
79404340,1738377505,1738538438,1
79404365,1738379871,1738382172,1
79404376,1738380568,1738382491,1
79404435,1738385172,1738571897,1
79404450,1738386317,,0
79404453,1738386418,,0
79404481,1738388587,,0
79404494,1738389141,,0
79404509,1738390230,1738392004,1
79404513,1738390412,1738756471,1
79404534,1738391538,,0
79404539,1738391777,1738401797,1
79404581,1738394574,1738440826,1
79404607,1738396020,,0
79404786,1738405362,,0
79404824,1738406847,,0
79404917,1738410393,1745677448,1
79404925,1738410668,1738413974,1
79404973,1738412613,1747025841,1
79404982,1738413342,1738416427,1
79405014,1738414382,1738568887,1
79405028,1738415570,1739013491,1
79405056,1738416292,1738420663,1
79405079,1738416858,1738417912,3
79405200,1738422393,1738423921,1
79405222,1738423425,,0
79405304,1738427008,1738436006,1
79405384,1738430663,1738442758,1
79405385,1738430687,1738432753,2
79405471,1738434594,,0
79405481,1738434919,1738436562,1
79405483,1738434984,1738513200,1
79405487,1738435039,,0
79405506,1738435682,,0
79405520,1738436184,1738440543,1
79405537,1738436814,1738637484,1
79405614,1738440190,1738475470,1
79405672,1738443316,1738447017,1
79405770,1738448519,,0
79405792,1738449290,,0
79405832,1738451707,1738493153,1
79405867,1738453745,1738455594,1
79405874,1738454241,,0
79405875,1738454295,1738507359,1
79405879,1738454549,,0
79405928,1738457869,1738529781,2
79405943,1738459448,1738582019,1
79405965,1738461124,,0
79405988,1738463863,1738468210,1
79405989,1738463904,1738470108,1
79405991,1738463994,1738491588,1
79406005,1738465080,1738491107,1
79406013,1738465746,1738467781,2
79406056,1738469728,1738479597,1
79406133,1738476312,1738496861,1
79406154,1738477891,1738483223,1
79406167,1738478642,1738513982,1
79406202,1738481042,1738573651,1
79406233,1738483095,,0
79406346,1738489276,,0
79406394,1738491524,1738492300,1
79406419,1738492561,1738502529,1
79406428,1738492921,1738494719,1
79406441,1738493394,1738629261,1
79406461,1738494135,1738589152,1
79406471,1738494497,,0
79406476,1738494702,1738589499,1
79406498,1738495701,1738499991,1
79406511,1738496206,1738503868,1
79406522,1738496687,1738600142,1
79406524,1738496700,1738503989,1
79406551,1738498522,1738506163,2
79406608,1738500552,1738501638,3
79406663,1738502621,1738519544,1
79406743,1738505575,1738574531,1
79406779,1738507178,1738510302,2
79406782,1738507263,1738515154,3
79406858,1738510751,1738521584,1
79406869,1738511171,1738512502,1
79406912,1738512796,,0
79406917,1738513148,,0
79406955,1738515017,1738612640,1
79407057,1738519446,1739138606,1
79407071,1738519960,1738520900,1
79407087,1738520394,1738522460,3
79407097,1738520803,1738548413,1
79407124,1738521905,1738523640,1
79407173,1738523568,1738841486,2
79407184,1738524143,1738656555,2
79407189,1738524350,1739059232,1
79407210,1738525089,,0
79407219,1738525396,,0
79407233,1738525842,1738529452,3
79407242,1738526098,1739964247,1
79407250,1738526467,1738527244,1
79407284,1738527535,1738593238,2
79407317,1738529162,1738596731,1
79407324,1738529256,1738635283,1
79407330,1738529384,,0
79476989,1740791423,1740836690,1
79477010,1740793470,1740805430,2
79477070,1740799226,1740805870,2
79477078,1740800286,1741047965,1
79477248,1740814713,1740835371,1
79477253,1740815292,1740818033,1
79477286,1740817340,1740821677,1
79477304,1740818570,1740821166,1
79477310,1740819037,,0
79477348,1740820790,1757811076,1
79477395,1740823587,1740836480,1
79477398,1740823770,1740844682,1
79477454,1740826896,1740830242,1
79477559,1740832219,1740832431,4
79477586,1740833107,1742550544,1
79477616,1740834263,1740834652,1
79477634,1740835222,1740836578,2
79477693,1740837485,,0
79477700,1740837700,1740838689,1
79477745,1740839509,1753281475,1
79477752,1740839806,1740841624,1
79477786,1740841028,1740856241,1
79477824,1740842875,,0
79477889,1740845486,,0
79477947,1740848418,1740862900,1
79477980,1740850178,1740921299,1
79477988,1740850545,,0
79478019,1740851451,1740852145,1
79478025,1740851634,1741714673,1
79478051,1740852653,1740856279,2
79478068,1740853583,1762781079,1
79478111,1740855160,1740855997,1
79478223,1740860645,1740868811,2
79478307,1740865344,1740943112,1
79478318,1740865825,,0
79478323,1740865979,1740887467,1
79478331,1740866399,1740871158,1
79478360,1740868273,,0
79478383,1740869476,1740897767,1
79478514,1740879400,1744844794,1
79478526,1740880249,1740968035,1
79478541,1740881642,1740882721,3
79478558,1740883216,1740921270,2
79478562,1740883654,1740883966,2
79478658,1740892971,,0
79478682,1740895386,1743048117,1
79478703,1740897354,1740898712,1
79478715,1740898334,,0
79478724,1740898749,,0
79478750,1740900518,1740919699,2
79478757,1740901413,1740903784,1
79478781,1740903156,1740944068,1
79478793,1740903797,1740905857,2
79478810,1740905049,,0
79478834,1740906696,1740914096,1
79478857,1740907843,,0
79478895,1740909314,,0
79478900,1740909735,1741013654,1
79478924,1740910953,1740913660,1
79478980,1740913894,1740915963,2
79479015,1740915460,,0
79479038,1740916517,1740945735,1
79479096,1740918904,1740919140,1
79479136,1740920887,1740922221,1
79479213,1740924605,1740925274,1
79479227,1740925409,1740926387,3
79479289,1740927905,1742569131,2
79479347,1740930337,1740981860,1
79479368,1740931762,1769660802,1
79479370,1740931829,1743670408,1
79479376,1740932140,1740932140,1
79479405,1740933865,1740955733,2
79479426,1740934688,1740973478,1
79479491,1740937956,1751300220,1
79479529,1740939950,,0
79479543,1740940844,1740942118,1
79479599,1740942860,1740943724,2
79479618,1740943564,1740944673,1
79479653,1740945277,1742944586,1
79479705,1740947254,1741768146,3
79479725,1740948685,1740948858,1
79479781,1740951461,,0
79479870,1740955963,1740960310,1
79479888,1740956627,1740957341,1
79479946,1740961012,,0
79479963,1740961793,1743436515,2
79479998,1740964146,,0
79480013,1740966046,1741944195,1
79480032,1740967610,1740969302,1
79480081,1740970953,1741049043,1
79480096,1740971746,,0
79480120,1740973278,1741035578,1
79480121,1740973280,,0
79480151,1740974896,1740975349,1
79480205,1740978195,1741057686,1
79480218,1740978905,1740988119,1
79480260,1740981205,1744089242,1
79480319,1740983925,1741045852,1
79480411,1740987689,,0
79480437,1740988469,1740989299,1
79547465,1743466273,1743503635,1
79547495,1743468017,1762236984,1
79547496,1743468059,1743468448,4
79547515,1743468794,1743595950,1
79547567,1743471436,1743479127,1
79547571,1743471758,,0
79547588,1743473226,1743630446,1
79547639,1743476050,1743492896,1
79547703,1743480754,1744108147,1
79547724,1743482427,1743499659,1
79547736,1743483831,1743488428,3
79547762,1743484770,1743486183,1
79547780,1743485814,1743486454,1
79547849,1743488314,,0
79547850,1743488322,1743489085,1
79547856,1743488487,1743508774,2
79547994,1743493099,,0
79548070,1743495668,1743514203,1
79548081,1743495927,1743664622,1
79548083,1743495967,1743582030,1
79548120,1743496983,,0
79548159,1743498185,,0
79548185,1743498867,,0
79548219,1743499698,1743511081,1
79548243,1743500395,1743537192,1
79548304,1743502015,1743507248,1
79548332,1743502682,1743679099,1
79548363,1743503335,1743512235,1
79548391,1743504034,1751873043,1
79548408,1743504464,1743597009,2
79548423,1743504876,1750191689,1
79548492,1743506666,1743513200,1
79548494,1743506743,1743509534,1
79548517,1743507459,1743599349,1
79548523,1743507599,,0
79548554,1743508449,1743532504,1
79548581,1743509317,1743592612,1
79548638,1743510632,1743511888,1
79548741,1743513149,1743656737,1
79548754,1743513584,1743513966,5
79548793,1743514207,1743531509,1
79548889,1743531856,1743535811,1
79548908,1743532549,1743582634,1
79548968,1743534384,1744108816,1
79549000,1743535236,1743538761,1
79549008,1743535368,1747238062,1
79549057,1743537038,,0
79549110,1743538775,1743541558,1
79549115,1743538889,1743541115,1
79549124,1743539067,,0
79549219,1743541992,1743684505,1
79549235,1743542678,1743542771,1
79549249,1743543516,1743546521,2
79549259,1743544098,1743552562,1
79549268,1743544446,1743545178,3
79549407,1743552400,,0
79549451,1743555839,,0
79549461,1743556518,1743557748,1
79549541,1743560627,1744030919,1
79549595,1743563813,,0
79549626,1743565632,1743567110,1
79549687,1743568942,1743574147,4
79549737,1743570791,,0
79549742,1743571072,1743623465,1
79549759,1743571979,,0
79549763,1743572316,,0
79549767,1743572449,1743596946,2
79549771,1743572819,1743581273,2
79549787,1743573371,1743663774,1
79549802,1743573972,1743575075,1
79549847,1743575509,,0
79549881,1743576419,1743610446,1
79549907,1743577421,1743701154,1
79549916,1743577698,1743749416,1
79549986,1743579676,1743580422,1
79550040,1743581231,1743621027,1
79550092,1743582506,1743586286,3
79550116,1743583084,,0
79550255,1743586265,1743693904,1
79550272,1743586666,1743605160,1
79550273,1743586733,1743588258,1
79550276,1743586846,1743598352,1
79550279,1743586914,1743640282,8
79550287,1743587091,1743594516,1
79550295,1743587395,,0
79550320,1743587896,1743588591,1
79550361,1743588875,,0
79550367,1743589065,1743775198,1
79550403,1743590431,1743591249,1
79550452,1743592429,1743678540,1
79550486,1743593209,,0
79550546,1743594788,1743764336,1
79550627,1743596906,1743609131,1
79550639,1743597405,1743597603,2
79550674,1743598235,,0
79550724,1743599453,,0
79550730,1743599733,,0
79550761,1743600328,1744959804,2
79550795,1743601006,1743603705,2
79550798,1743601047,1743602467,3
79601257,1746059175,1756955024,1
79601293,1746063291,1746468185,1
79601335,1746068933,1746337386,1
79601344,1746069971,1746079360,1
79601482,1746081214,1746088058,2
79601521,1746083840,1746090368,2
79601530,1746084421,,0
79601644,1746092275,1746096205,1
79601719,1746095712,1746097357,2
79601755,1746097905,1746100215,3
79601766,1746098262,1746099213,1
79601812,1746100629,1746101923,3
79601835,1746101817,1746104371,1
79601846,1746102105,1746128594,1
79601886,1746104085,1746105326,1
79601906,1746104978,,0
79601928,1746105731,1746110964,1
79601938,1746106201,1746107637,1
79602017,1746109680,1746112417,1
79602019,1746109771,1746158841,1
79602026,1746109909,1746459961,1
79602076,1746111995,,0
79602106,1746113232,1746281711,1
79602162,1746115313,1746115826,2
79602177,1746115943,1746627279,1
79602223,1746118063,1746197080,1
79602244,1746118579,1746198824,1
79602247,1746118795,1746175187,1
79602285,1746120848,,0
79602340,1746123274,1746130328,1
79602397,1746125540,,0
79602421,1746127293,,0
79602424,1746127410,1746221406,1
79602482,1746130678,1749424488,1
79602585,1746136424,1746217799,2
79602606,1746137783,1746160434,1
79602705,1746148450,,0
79602749,1746153778,1746170273,1
79602820,1746161069,1746161475,1
79602850,1746163122,1746167631,1
79603047,1746175215,,0
79603177,1746180230,1746190447,1
79603209,1746181957,1746182772,1
79603221,1746182400,,0
79603275,1746184480,,0
79603293,1746185245,1746186920,1
79603298,1746185456,1746187049,2
79603404,1746189800,1746190215,1
79603414,1746190181,1746192954,2
79603426,1746190401,1746203992,1
79603438,1746190811,,0
79603499,1746193405,1746195598,1
79603504,1746193571,1746476911,1
79603555,1746195585,1746198657,1
79603558,1746195711,1746195711,3
79603624,1746198401,,0
79603699,1746200940,1749570894,1
79603715,1746201610,1746208083,1
79603725,1746201867,1746203075,1
79603730,1746202082,,0
79603739,1746202280,,0
79603745,1746202516,1746210053,1
79603748,1746202643,,0
79603754,1746202916,1746212178,1
79603806,1746205128,1746212829,1
79603977,1746211807,,0
79604001,1746213324,1746215446,2
79604038,1746215375,1746219941,1
79604094,1746218930,,0
79604129,1746220682,1746222914,1
79604132,1746220741,1746223156,1
79604183,1746223430,1746227037,1
79604220,1746226749,1746229414,1
79604226,1746227480,1746229237,2
79604283,1746234895,1746236197,2
79604302,1746237776,1746304026,2
79604384,1746249425,1759901826,1
79604400,1746252437,1746252708,1
79604417,1746253935,1746297999,1
79604458,1746257652,1746258314,2
79604500,1746261296,1746277794,1
79604608,1746269012,1746270836,2
79604724,1746277239,1746280162,1
79604732,1746277714,1746332996,1
79604777,1746281209,,0
79604797,1746282314,,0
79604798,1746282325,1746367915,1
79604815,1746283465,1746286112,4
79604826,1746284411,1746285752,2
79604883,1746288674,1746291256,1
79604901,1746290077,1746290731,4
79604966,1746294416,1746297471,2
79604986,1746296253,,0
79605058,1746301838,1746309420,1
79605098,1746305389,1748961148,1
79605163,1746311274,1752126467,1
79605191,1746315590,1746803722,2
79605208,1746318982,1746359012,2
79605214,1746319784,1746341580,1
79605299,1746334624,,0
79647093,1748740704,1748746598,1
79647107,1748742187,1748773844,1
79647131,1748745730,1748746397,2
79647152,1748747871,1748791553,1
79647158,1748749497,1748757831,2
79647185,1748752142,1749105000,1
79647209,1748754311,1748758701,4
79647470,1748767019,1748849536,1
79647350,1748767774,1748787023,1
79647601,1748786788,1749090715,1
79647615,1748787584,1752179629,1
79647627,1748788162,,0
79647636,1748788533,1748796553,2
79647650,1748789448,,0
79647655,1748790154,1748844459,1
79647709,1748794188,1748845323,2
79647719,1748794740,,0
79647730,1748795624,,0
79647808,1748801694,1748812725,2
79647823,1748802742,,0
79647875,1748807417,1749065186,1
79647877,1748807501,1748823026,1
79647894,1748808872,1748819021,2
79647899,1748809119,1748810965,1
79647982,1748816000,,0
79648080,1748826660,1751144292,1
79648091,1748827647,1748833316,2
79648121,1748832973,,0
79648218,1748843383,,0
79648240,1748844912,1748846041,2
79648275,1748846252,1748850825,2
79648388,1748851968,1748868203,1
79648421,1748853583,,0
79648428,1748854199,1756991038,1
79648453,1748855346,,0
79648524,1748858562,1748877340,1
79648539,1748859026,1748885387,1
79648605,1748862270,1748864052,1
79648646,1748863977,,0
79648663,1748864989,,0
79648735,1748868039,1748869233,1
79648767,1748868991,1748893489,1
79648852,1748872151,,0
79649939,1748878612,1748878612,1
79649941,1748878627,1748880205,2
79649970,1748879928,1748880269,2
79649982,1748880585,,0
79650011,1748881837,,0
79650016,1748882118,1748950324,1
79650026,1748882559,1748954209,1
79650039,1748883265,1748887569,2
79650046,1748883637,1748890626,1
79650102,1748886199,1748962694,1
79650165,1748889205,1749195987,1
79650281,1748895559,1748966836,1
79650291,1748896182,,0
79650301,1748896738,1748899801,1
79650316,1748897445,1748900780,2
79650348,1748899205,1748908375,1
79650354,1748899722,1748901315,3
79650360,1748899927,1748904088,3
79650393,1748901963,1748997191,1
79650396,1748902243,1748944392,1
79650402,1748902684,,0
79650461,1748907940,1748911165,1
79650470,1748908670,,0
79650499,1748911835,,0
79650535,1748916284,,0
79650567,1748920152,1748921432,1
79650615,1748924577,1748956495,2
79650652,1748927707,,0
79650697,1748930885,1748931801,1
79650769,1748934458,1748935488,3
79650773,1748934690,,0
79650791,1748935529,,0
79650971,1748942607,1748942607,1
79650982,1748943163,,0
79650986,1748943283,,0
79651081,1748947329,1748959787,1
79651091,1748948022,1748960342,1
79651120,1748949130,1748949498,1
79651121,1748949142,,0
79651124,1748949237,,0
79651160,1748950652,,0
79651164,1748950709,1757628388,1
79651165,1748950732,1751275123,1
79651249,1748954421,1749023407,2
79651262,1748954970,1749218394,1
79651328,1748956884,1748957863,2
79651358,1748958559,1749111674,1
79651402,1748960119,1748964454,3
79651501,1748963676,1748965050,1
79651525,1748964702,,0
79651536,1748965309,1749581691,1
79651651,1748970943,1748971289,1
79651688,1748972766,,0
79651690,1748972833,1748976233,1
79651859,1748982501,1748992166,1
79651861,1748982732,1749019598,1
79651863,1748982827,,0
79685396,1751328841,1751345096,8
79685420,1751333141,1751354378,1
79685448,1751335722,,0
79685480,1751339534,1751819488,1
79685528,1751344417,1751346913,1
79685558,1751347647,1751352146,1
79685618,1751352212,1751354465,1
79685633,1751353060,1753982356,1
79685701,1751356387,1751419683,1
79685715,1751356920,,0
79685744,1751358658,,0
79685782,1751360619,1751362297,1
79685823,1751361971,1751491900,1
79685831,1751362241,,0
79685861,1751363407,1751380296,1
79685872,1751363834,,0
79685952,1751367717,1751370058,2
79686084,1751373972,1753174096,1
79686145,1751376862,1751385437,1
79686185,1751378715,1751379728,1
79686222,1751380950,,0
79686262,1751382991,,0
79686304,1751384777,1751389431,2
79686326,1751385827,,0
79686332,1751386060,1751386981,1
79686337,1751386272,1751462466,1
79686359,1751387275,1751403981,1
79686384,1751388784,1751395100,1
79686388,1751388907,1751391518,1
79686410,1751390343,1751395524,1
79686423,1751390837,1751394382,2
79686433,1751391279,1751392766,2
79686447,1751392210,1751393135,1
79686497,1751395638,,0
79686537,1751399162,1751402611,1
79686564,1751401060,1751461412,1
79686607,1751404081,1751441223,1
79686669,1751410948,,0
79686671,1751411048,1751421599,1
79686733,1751420480,,0
79686767,1751424596,1751426804,2
79686864,1751434624,1751667860,1
79686870,1751435165,,0
79686908,1751437599,,0
79686944,1751438879,1751440521,1
79687800,1751440396,1751465906,1
79687024,1751441876,1751443420,1
79687032,1751442376,1751469787,1
79687065,1751443587,1751483961,1
79687094,1751445075,1752301331,1
79687131,1751446503,1751447945,1
79687167,1751447761,1751448077,1
79687251,1751451620,1751452682,1
79687351,1751456041,1751457205,1
79687355,1751456475,1751731474,2
79687461,1751461204,1751463359,1
79687471,1751461708,1751467487,1
79687500,1751462886,1751549377,1
79687525,1751463686,1751480171,1
79687543,1751464258,,0
79687578,1751466018,1751467030,2
79687592,1751466516,1751467079,1
79687609,1751467142,,0
79687611,1751467257,1751467899,1
79687615,1751467396,1761837775,1
79687632,1751468055,,0
79687678,1751469497,1751560329,1
79687705,1751470398,,0
79687721,1751470933,1764209577,1
79687735,1751471774,1751531334,1
79687761,1751472853,1751473089,1
79687815,1751475849,1751479741,2
79687851,1751477241,,0
79687897,1751480060,1751487787,3
79687995,1751485519,1751487459,1
79688005,1751486337,,0
79688026,1751487254,1751560010,1
79688052,1751488785,,0
79688126,1751493809,1751494721,1
79688390,1751524626,,0
79688445,1751527527,1751527794,2
79688448,1751527726,,0
79688461,1751528610,,0
79688468,1751529197,,0
79688514,1751530619,1751542712,1
79688542,1751531920,,0
79688562,1751532783,1751631086,1
79688583,1751533806,,0
79688618,1751535312,,0
79688697,1751538955,1751688677,2
79688723,1751540321,,0
79688733,1751540810,,0
79688778,1751542867,,0
79688808,1751544108,,0
79688908,1751548519,1751622474,1
79688933,1751549667,1751550363,2
79688939,1751549884,1751550669,1
79688966,1751550977,1751551165,1
79688998,1751552497,,0
79689043,1751554061,,0
79721938,1754007072,1754007072,1
79722074,1754024484,1754024687,2
79722075,1754024529,1754025735,2
79722098,1754026711,1754036554,1
79722099,1754026765,1754032733,2
79722131,1754029259,1754030045,1
79722280,1754039091,1754044064,1
79722289,1754039818,1754245344,1
79722358,1754043460,1754080167,1
79722386,1754045108,1754060579,2
79722422,1754046837,1754047945,1
79722429,1754047293,1754054227,1
79722449,1754048343,,0
79722528,1754052441,1754058782,1
79722555,1754054018,1754084425,2
79722606,1754056759,1754066546,1
79722617,1754057288,,0
79722645,1754058689,1754291220,1
79722654,1754059422,,0
79722736,1754063846,1754065454,1
79722748,1754064848,1754570929,1
79722758,1754065661,1754068380,2
79722764,1754066071,,0
79722771,1754066422,1754069888,1
79722798,1754068576,1754084832,1
79722812,1754069579,1754072202,1
79722891,1754075886,1754913125,1
79722918,1754078658,1754234388,1
79723041,1754092930,1754112661,1
79723058,1754097009,1754109266,1
79723215,1754123302,1754129274,1
79723313,1754132782,1754132864,1
79723352,1754137094,1754140937,2
79723447,1754147240,1754151754,1
79723457,1754147852,1754149679,2
79723468,1754148718,1754210683,1
79723508,1754153055,,0
79723518,1754153995,1754159412,2
79723552,1754157035,1754157567,2
79723653,1754167993,1754168974,1
79723724,1754182805,,0
79723815,1754203137,1754211254,1
79723871,1754208303,1754208725,3
79723930,1754214883,1754282248,1
79723981,1754219307,1754231271,1
79723986,1754219593,1754227092,2
79724059,1754228315,,0
79724070,1754229120,1754235487,2
79724122,1754234278,,0
79724168,1754237751,,0
79724176,1754238556,1754250130,2
79724193,1754240051,,0
79724253,1754246789,1754252063,2
79724307,1754253710,1754254116,1
79724319,1754254978,1754271205,1
79724387,1754267692,1754294017,1
79724451,1754277275,1754277275,1
79724468,1754280230,1754283071,2
79724473,1754280656,1757705260,1
79724535,1754287416,1754287912,1
79724652,1754297156,1754300334,1
79724676,1754298204,,0
79724694,1754298980,1754352508,1
79724772,1754303254,1754488532,1
79724774,1754303291,1754333623,2
79724820,1754305026,1754385359,1
79724845,1754306593,1754307223,2
79724874,1754308224,1754310798,2
79724877,1754308279,1759252028,1
79724899,1754309763,1768498589,1
79724922,1754311527,1754493749,1
79725017,1754316315,1754320547,1
79725035,1754317234,1754326205,1
79725054,1754318209,1754641564,1
79725066,1754318500,1754378973,1
79725131,1754322557,1754322682,1
79725144,1754322985,1754323429,2
79725186,1754325853,,0
79725199,1754326892,1754327288,2
79725287,1754333388,1754341151,1
79725298,1754334280,,0
79725307,1754335321,1754336350,1
79725338,1754337332,1754337537,2
79725340,1754337590,1754344942,3
79725439,1754346366,,0
79725440,1754346717,1754374317,5
79725442,1754346841,1754353427,1
79725444,1754346987,1754427845,1
79725556,1754362094,1754362236,3
79725576,1754365381,1754368580,1
79725584,1754365854,,0
79725626,1754370727,1754472905,1
79725680,1754374406,1754942647,1
79725686,1754375047,1754481278,2
79725691,1754375337,1754395930,1
79725715,1754377254,1754377421,1
79725721,1754377674,,0
79725756,1754379708,,0
79725763,1754379960,1754380136,1
79725843,1754384366,1754388907,2
79752184,1756704602,1756705182,2
79752205,1756707038,1757231687,1
79752222,1756708879,1756713062,2
79752301,1756714670,,0
79752353,1756718529,,0
79752359,1756718882,1756719812,1
79752526,1756731015,1756734042,1
79752550,1756731989,1756732395,2
79752604,1756734282,1756742324,5
79752664,1756738330,1756739935,1
79752709,1756742035,1756750041,1
79752854,1756754751,,0
79752914,1756761804,1756780144,2
79753007,1756777534,1757013450,1
79753050,1756784695,1756794415,1
79753057,1756785531,,0
79753068,1756786355,1756787030,3
79753173,1756796235,1756796783,1
79753253,1756801250,1756810508,4
79753263,1756802088,1756823974,1
79753276,1756803563,1756830589,1
79753309,1756805709,,0
79753328,1756807117,1772916957,1
79753356,1756808025,1756809561,3
79753424,1756811773,,0
79753458,1756813630,1756833982,1
79753483,1756815427,,0
79753551,1756819335,1756882745,2
79753560,1756820242,,0
79753597,1756823042,1756824842,1
79753764,1756832936,1756869683,1
79753801,1756835657,,0
79753835,1756838290,1756882578,2
79753854,1756839922,1756842917,2
79753957,1756847429,1756848007,2
79754004,1756852213,1756878996,1
79754148,1756875955,,0
79754208,1756881127,1756952811,1
79754233,1756882952,1758095966,1
79754246,1756883434,1756886820,2
79754286,1756885706,,0
79754304,1756886751,,0
79754358,1756889624,1756890985,2
79754395,1756891465,1756894033,2
79754447,1756894642,,0
79754470,1756895789,,0
79754535,1756899089,1756983550,2
79754563,1756900717,1756902108,2
79754605,1756903085,1756904164,1
79754606,1756903239,1756905220,1
79754617,1756903889,,0
79754631,1756905002,1756911103,1
79754732,1756909861,,0
79754854,1756916344,,0
79754860,1756916628,1756917142,1
79754864,1756916939,,0
79754896,1756918863,1756923353,4
79754938,1756921499,1757068182,1
79754943,1756921870,,0
79755062,1756931393,1756941055,1
79755107,1756935921,1756948672,1
79755132,1756938550,,0
79755156,1756941497,1756942093,5
79755165,1756942808,1756948082,1
79755216,1756951214,1757271569,1
79755293,1756961635,1757513560,1
79755340,1756966738,1756975688,1
79755351,1756967357,1756980013,1
79755358,1756967668,,0
79755416,1756972064,,0
79755527,1756978577,1757923945,1
79755548,1756979573,1756979963,4
79755606,1756982233,1756983339,1
79755630,1756983706,1756995500,2
79755653,1756985027,1756985335,1
79755665,1756985619,1756995766,2
79755748,1756990314,1756992694,2
79755800,1756993848,1757221236,1
79755885,1756998321,1756998791,1
79755894,1756998687,1756999369,1
79755952,1757001786,1757002214,1
79756013,1757005487,1757011706,2
79756066,1757008794,1757010967,1
79756072,1757009099,1760549609,2
79756105,1757010731,1757011882,1
79756115,1757011280,1757031812,1
79756149,1757013911,1757052996,2
79756154,1757014288,1757016595,1
79756233,1757020927,1757173761,1
79756235,1757021265,,0
79756369,1757039996,1757074666,2
79756402,1757046959,1757048941,2
79756455,1757052378,,0
79756468,1757053923,,0
79756496,1757057031,1757057177,1
79756507,1757057781,1757485283,1
79756546,1757060533,1757060978,1
79756578,1757062471,,0
79756594,1757063273,1757064061,1
79756612,1757064418,1757066035,1
79779724,1759301621,1759315989,1
79779732,1759302418,1759306272,1
79779783,1759306252,1759313901,1
79779794,1759307026,1759309135,1
79779874,1759311567,1766390813,1
79779897,1759313117,1759318655,1
79779898,1759313225,1759314523,1
79779933,1759315416,,0
79779946,1759316131,1759328081,1
79779991,1759318932,1759323646,1
79780080,1759323429,,0
79780088,1759323641,,0
79780104,1759324342,1763620344,1
79780171,1759328466,1759356233,1
79780187,1759329730,1759395883,1
79780254,1759333377,1759754726,1
79780256,1759333644,,0
79780282,1759335689,,0
79780301,1759337723,1759340481,1
79780334,1759341273,1759345829,2
79780338,1759341935,1759371932,1
79780349,1759342906,1759343442,1
79780371,1759343972,1759354932,2
79780565,1759366393,1759370366,1
79780657,1759386068,1759399753,1
79780701,1759390951,,0
79780750,1759395760,1759412217,1
79780792,1759399253,1760389245,1
79780798,1759399623,1759502171,1
79780815,1759400759,1759408955,3
79780819,1759401144,,0
79780905,1759407323,1760220755,1
79780944,1759409893,1759411549,2
79780994,1759414077,1759501593,1
79781054,1759417659,1759823609,2
79781057,1759417870,1759929317,1
79781068,1759418619,,0
79781113,1759421024,1759421556,1
79781203,1759430045,1759435201,1
79781221,1759431404,1759432054,2
79781244,1759433561,,0
79781245,1759433769,1759484828,3
79781281,1759437357,,0
79781320,1759442239,1759501975,1
79781331,1759443730,1759476813,1
79781395,1759456045,1759456290,3
79781489,1759472795,1759491428,1
79781493,1759472954,,0
79781647,1759485999,1759491574,2
79781671,1759487443,1759501502,2
79781709,1759490077,1759491018,2
79781718,1759490814,1759495402,1
79781756,1759493563,,0
79781778,1759495095,1759497298,1
79781841,1759499809,,0
79781979,1759509447,1759519988,2
79782149,1759524028,1759532069,1
79782187,1759528428,1759530819,1
79782196,1759530082,1759532462,1
79782209,1759531828,1760088314,1
79782221,1759533359,1759533359,1
79782279,1759548010,1759585488,1
79782307,1759553302,1759554227,1
79782313,1759555231,,0
79782321,1759556208,1759576332,1
79782328,1759557295,1759631456,1
79782333,1759559370,1759560637,1
79782339,1759560412,,0
79782389,1759569462,1759571250,1
79782403,1759571884,1760043945,1
79782535,1759589581,1759598080,1
79782555,1759592900,,0
79782616,1759603811,,0
79782632,1759605950,1759622316,3
79782638,1759607161,1760943304,1
79782708,1759616997,1759703211,1
79782729,1759622250,1759627237,2
79782764,1759633257,,0
79782765,1759633444,1759658333,2
79782850,1759649940,,0
79782858,1759650807,,0
79782867,1759651967,1759716961,1
79783001,1759670744,1759679576,1
79783003,1759671132,,0
79783011,1759672913,,0
79783126,1759688023,1759689882,2
79783199,1759696997,1759697353,1
79783212,1759698723,,0
79783219,1759699818,,0
79783245,1759703226,,0
79783246,1759703598,1759705219,4
79783265,1759705721,1764794771,1
79783307,1759713568,,0
79783308,1759713935,1759721407,1
79783318,1759716961,,0
79783362,1759725813,1759735523,1
79783418,1759733865,,0
79783536,1759744188,1759754014,1
79783603,1759747920,1759751696,1
79783635,1759750208,1759754900,1
79806333,1761972254,1761973946,1
79806406,1761984869,1762004405,1
79806408,1761985128,1761992368,2
79806527,1762000437,1762017501,1
79806536,1762002214,1762022969,1
79806539,1762002877,1762003437,11
79806540,1762003201,1762028949,2
79806553,1762003932,1762007082,2
79806571,1762005950,1762015616,2
79806610,1762008400,1762070248,2
79806751,1762022297,,0
79806767,1762023774,,0
79806769,1762024098,1762039184,1
79806821,1762031145,,0
79806845,1762035957,1762044570,1
79806886,1762042466,1762044131,2
79806945,1762061869,1781454038,1
79806989,1762068581,1762092491,1
79806992,1762069268,1762072424,7
79807201,1762094779,1762119977,1
79807233,1762099099,1762144963,2
79807259,1762102423,,0
79807277,1762105213,1762144623,1
79807312,1762109931,1762124009,1
79807372,1762116309,,0
79807389,1762118177,1762127487,1
79807418,1762122446,,0
79807460,1762131418,1762133302,1
79807535,1762144123,1762302646,1
79807616,1762156213,,0
79807627,1762156750,1762156900,1
79807638,1762157307,1762158071,2
79807712,1762163714,,0
79807713,1762163772,1762238201,2
79807739,1762165232,1762166678,3
79807764,1762166353,,0
79807773,1762167094,1762193534,3
79807775,1762167238,1762173747,1
79807825,1762170093,,0
79807844,1762171259,1762519258,1
79807856,1762172142,,0
79808094,1762187570,1762196637,1
79808233,1762197330,1762198804,3
79808277,1762201214,1762452964,2
79808283,1762201808,1762284680,1
79808354,1762207900,1762208158,1
79808362,1762208355,1762236699,1
79808393,1762211866,1762262013,1
79808417,1762215308,1762218712,1
79808472,1762223486,1762242402,1
79808489,1762226531,1762229334,2
79808597,1762239819,1762243402,1
79808718,1762247786,,0
79808761,1762250074,1763032021,1
79808776,1762251054,1762252381,1
79808804,1762252878,1762261467,3
79808907,1762259581,1762260010,1
79808944,1762261522,1762565224,1
79808954,1762262262,,0
79808955,1762262408,1762327978,4
79809062,1762268134,1762284787,3
79809086,1762269874,,0
79809124,1762271980,1762405681,1
79809157,1762274086,1762336097,1
79809179,1762274962,1762278548,1
79809182,1762275278,1762395304,1
79809196,1762276252,1762306284,1
79809226,1762278244,1762278618,9
79809239,1762279176,1762296181,1
79809266,1762280643,1762282075,1
79809286,1762281943,1762282999,1
79809303,1762283103,1762352867,1
79809305,1762283205,1762289084,1
79809407,1762291606,1762292448,1
79809411,1762291867,1762364927,2
79809415,1762292238,1762295886,1
79809432,1762293584,1762295867,1
79809514,1762302391,1762303355,2
79809520,1762303217,1762305849,1
79809523,1762303833,,0
79809686,1762324203,1762327129,5
79809768,1762329516,1762350976,1
79809773,1762329635,1762336033,1
79809778,1762330022,1762350437,5
79809781,1762330065,1762358361,1
79809789,1762330726,1766919580,1
79809924,1762338966,,0
79809939,1762340202,1762354789,1
79809980,1762342620,1762344472,1
79810049,1762345723,1762458214,1
79810057,1762346167,1762600071,1
79810063,1762346521,1762360017,1
79810195,1762352586,1762368185,1
79810510,1762370143,,0
79810595,1762375767,1762385440,2
79810613,1762377371,,0
79810618,1762377620,1762378973,4
79810649,1762380568,,0
79810818,1762400176,1762474456,1
79810820,1762400686,1762414830,2
79834259,1764547209,,0
79834278,1764551579,1764551579,1
79834334,1764561574,1764566011,1
79834382,1764568945,1764628394,1
79834523,1764579010,1764579770,1
79834656,1764584264,1764685008,1
79834695,1764586029,1764929606,1
79834873,1764594826,1764595478,7
79834996,1764602077,,0
79835026,1764603651,1764605190,2
79835091,1764607601,1764609879,3
79835136,1764610619,1764613171,4
79835202,1764616407,1764626776,3
79835227,1764618803,1764642396,1
79835314,1764625908,1766536875,1
79835345,1764629313,1764629582,2
79835365,1764633150,1764661705,1
79835404,1764639177,1764648145,1
79835431,1764643033,1764644324,1
79835498,1764651898,1764658344,1
79835504,1764652872,,0
79835714,1764669533,,0
79835734,1764671089,,0
79835774,1764673155,1764675092,1
79835808,1764674989,1764716478,2
79835823,1764676061,1764684918,1
79835877,1764679318,1764679880,1
79836025,1764688189,1764688825,1
79836029,1764688273,1764694157,2
79836040,1764688958,,0
79836054,1764689720,1765018083,1
79836074,1764691418,1764693256,1
79836108,1764693463,1764947955,2
79836112,1764693582,1764694953,3
79836122,1764693948,1764787130,1
79836150,1764695344,,0
79836176,1764696797,1764701528,2
79836211,1764698840,1765406816,1
79836234,1764701257,1764711701,1
79836295,1764706708,,0
79836317,1764709258,,0
79836341,1764711483,1764715931,1
79836360,1764713073,1764761666,1
79836409,1764718804,1764720628,2
79836447,1764726160,1764753661,4
79836488,1764731520,1764737278,2
79836492,1764732497,1764733877,3
79836638,1764747892,1769790592,1
79836716,1764753426,,0
79836759,1764756602,1764759179,8
79836922,1764767371,1764775264,2
79836939,1764768285,1764773702,1
79837003,1764772645,1781269462,1
79837011,1764773057,1764774232,1
79837059,1764776196,1764776196,1
79837071,1764777199,1765543000,1
79837076,1764777509,,0
79837092,1764778233,,0
79837134,1764780558,1764879876,1
79837275,1764792022,1764936281,1
79837276,1764792038,1764824624,1
79837301,1764794007,1764845143,1
79837346,1764798131,1764800684,6
79837363,1764799489,1764801203,3
79837366,1764799913,1766238285,1
79837428,1764807974,,0
79837467,1764814491,1764815408,1
79837512,1764823521,,0
79837533,1764825501,1764826859,3
79837569,1764828611,1765198388,1
79837650,1764834767,1764842329,1
79837659,1764835319,1764835620,1
79837684,1764836431,1764893249,1
79837717,1764838534,,0
79837737,1764839607,1764839997,2
79837782,1764842913,,0
79837806,1764844145,1764912405,1
79837813,1764844669,,0
79837831,1764845622,1764846366,1
79837855,1764847261,,0
79837925,1764851896,,0
79837960,1764854662,1765163198,1
79837984,1764856605,1764856846,12
79838089,1764858736,1764872916,1
79838094,1764862667,1764867614,1
79838096,1764862948,1764881903,3
79838103,1764863084,1764864286,3
79838108,1764863414,1766623645,1
79838117,1764863677,1764868912,1
79838126,1764864522,1769343365,1
79838136,1764865242,1764871370,1
79838243,1764873388,1764875018,1
79838259,1764874192,1764891231,1
79838295,1764876965,1765368549,1
79838297,1764877208,1764878228,1
79838308,1764878213,1764880407,1
79838348,1764881771,,0
79838353,1764881879,1764882425,2
79838462,1764894810,,0
79838505,1764901603,1764981956,1
79858533,1767260500,1767269634,1
79858534,1767262166,1767264553,2
79858562,1767266750,,0
79858654,1767280545,1767280798,2
79858666,1767282021,1767300217,4
79858728,1767291771,,0
79858762,1767297696,1770541298,1
79858789,1767301965,,0
79858798,1767303697,1774586594,1
79858827,1767308697,,0
79858829,1767309345,1767315127,3
79858834,1767309598,1767386157,1
79858891,1767321132,1767373035,1
79859000,1767341500,1767347340,4
79859099,1767352522,1767354592,1
79859119,1767355023,1767371771,1
79859176,1767361756,,0
79859237,1767367808,1767368333,3
79859255,1767368784,1767684000,1
79859269,1767369878,,0
79859287,1767371765,,0
79859306,1767373685,1767381893,1
79859443,1767390713,1767393651,1
79859523,1767413297,1767418803,2
79859541,1767417786,1767431313,8
79859608,1767431882,1767438846,5
79859731,1767449581,1767453182,1
79859774,1767456185,,0
79859815,1767464002,1767474645,3
79859865,1767474605,1767559961,1
79859898,1767481062,1767545619,2
79859902,1767482240,1767522456,1
79859979,1767495610,,0
79859983,1767499081,,0
79860056,1767517337,1767521125,1
79860071,1767519843,1767620796,1
79860100,1767523255,1767603486,1
79860107,1767524459,,0
79860131,1767527797,1767527797,1
79860235,1767543392,,0
79860242,1767543982,1767550303,1
79860334,1767554517,1767724478,3
79860469,1767584740,,0
79860470,1767584835,1767646645,1
79860485,1767588391,1767590968,1
79860536,1767595231,,0
79860592,1767601599,1767604284,1
79860671,1767608663,,0
79860690,1767609878,,0
79860696,1767610284,1768036523,1
79860726,1767612785,1767614286,1
79860752,1767615142,1773501183,1
79860774,1767616866,,0
79860982,1767631448,1767632554,1
79861004,1767632806,,0
79861016,1767633499,1767695341,1
79861070,1767638257,1767640715,3
79861196,1767655315,1767862022,1
79861270,1767671098,1767673453,1
79861318,1767677544,,0
79861393,1767683894,,0
79861471,1767691190,1767698165,2
79861598,1767700977,1767705005,12
79861671,1767706337,1768314638,1
79861916,1767729403,1767730625,1
79861926,1767730534,1767734913,1
79861996,1767738452,1769980439,1
79862013,1767740734,1767746740,1
79862127,1767765807,1767793872,1
79862160,1767769550,1767776098,1
79862199,1767773386,,0
79862217,1767774320,1767889964,1
79862232,1767775649,1768321712,1
79862248,1767776710,1767778134,1
79862254,1767777064,1767782313,1
79862281,1767779611,1767782012,3
79862282,1767779653,,0
79862285,1767779729,1767786912,1
79862288,1767779801,1768308235,1
79862309,1767781291,1767871131,1
79862438,1767792071,1767805802,4
79862465,1767794496,1767889655,1
79862560,1767800303,,0
79862581,1767801617,,0
79862585,1767802092,1768329482,1
79862629,1767805321,1767810277,1
79862631,1767805473,1767817196,1
79862693,1767811017,1767880409,1
79862696,1767811687,1767881465,1
79862746,1767817575,1767824250,1
79862797,1767823721,1767825664,5
79862860,1767832005,1767834482,3
79862867,1767833538,,0
79862878,1767835170,1767837589,5
79862964,1767849544,1767859187,1
79863122,1767863549,1767865189,2
79863193,1767868300,1767868907,1
79863218,1767869578,1767883899,6
79863288,1767874038,1767890890,1
79863316,1767876093,1768840589,1
79880338,1769917284,1769953245,1
79880442,1769943956,,0
79880487,1769952546,,0
79880521,1769957352,1770031131,4
79880532,1769958482,1770023216,1
79880560,1769960766,1770516235,1
79880701,1769979049,1769980230,11
79880732,1769986751,,0
79880863,1770015328,1770030729,2
79881063,1770033926,,0
79881186,1770043352,1770043488,1
79881189,1770043575,1770044872,1
79881256,1770049777,1770051021,1
79881313,1770053371,1770054823,1
79881410,1770063221,1770130452,1
79881411,1770063459,1770066833,1
79881611,1770091790,1770095835,2
79881625,1770093495,,0
79881660,1770098295,1770099633,1
79881680,1770100037,1770105542,1
79881685,1770100366,,0
79881766,1770110650,1771312178,1
79881832,1770115623,1770198697,1
79881923,1770122886,1770913482,1
79881964,1770126003,1770129053,1
79881972,1770126411,1770407425,1
79882004,1770128229,,0
79882058,1770131980,,0
79882097,1770135962,,0
79882101,1770136222,1770136804,2
79882150,1770140350,,0
79882151,1770140416,1770141696,2
79882152,1770140440,1770142414,2
79882176,1770142214,,0
79882192,1770144850,1770163236,1
79882200,1770145753,,0
79882231,1770148384,1770152552,2
79882253,1770149966,1770268535,2
79882256,1770150310,1770151012,2
79882282,1770152624,,0
79882294,1770153807,1770157944,1
79882296,1770154215,,0
79882369,1770165943,1770168300,2
79882413,1770174146,,0
79882457,1770182659,1770182858,1
79882492,1770186390,1770186922,1
79882494,1770186580,1770201108,1
79882503,1770187546,1770189070,2
79882683,1770202611,1770279675,1
79882743,1770207840,1770218260,1
79882907,1770221714,1770400020,1
79882944,1770224309,,0
79882958,1770226037,,0
79882976,1770228160,,0
79883033,1770233460,1770282188,2
79883038,1770234032,1770288880,1
79883128,1770246269,,0
79883151,1770250038,1770252951,3
79883275,1770275090,1770281612,1
79883287,1770276137,1770277014,1
79883442,1770289667,1770291251,3
79883470,1770291352,1770291898,1
79883495,1770292918,,0
79883504,1770293379,1770294503,8
79883562,1770298002,,0
79883573,1770299007,1770299419,6
79883703,1770308448,1770314802,1
79883776,1770315981,1770316660,1
79883792,1770316989,,0
79883804,1770317869,1770524653,2
79883874,1770325211,1770326980,1
79883908,1770329182,1770342000,9
79883915,1770330524,1770335722,1
79883927,1770333862,1770922101,1
79884041,1770354175,1770367767,1
79884111,1770365150,1770377325,1
79884126,1770367027,,0
79884198,1770371993,,0
79884292,1770379791,1770382346,2
79884360,1770385667,1775472984,1
79884362,1770385704,1770386248,8
79884369,1770386549,,0
79884426,1770391223,1771947116,1
79884485,1770396882,,0
79884564,1770406495,1772438112,2
79884588,1770409151,1770448941,1
79884645,1770416341,,0
79884657,1770418581,1770423320,5
79884665,1770419503,1770445476,1
79884813,1770459341,1770467456,4
79884849,1770464994,1770470042,2
79884930,1770477773,1770486232,1
79884940,1770478669,,0
79885044,1770495370,1770910439,1
79885047,1770495952,1770826636,2
79885063,1770498481,1772100490,1
79885104,1770505284,1770506495,2
79885116,1770506975,1770714829,1
79885139,1770514693,1770519909,5
79885268,1770549452,,0
79898663,1772323671,1772324532,3
79898671,1772325339,1772325941,2
79898673,1772325807,1772326555,1
79898762,1772354646,1772357684,2
79898900,1772374967,1772439342,4
79898910,1772376436,1772380977,2
79898950,1772383494,1772383684,6
79898958,1772383842,1772384611,12
79898983,1772389164,1772390664,2
79898994,1772391641,1772395607,1
79899009,1772395541,,0
79899066,1772404629,1772406639,2
79899165,1772421533,1772468580,2
79899178,1772423580,1772428855,2
79899247,1772435109,,0
79899300,1772442607,,0
79899359,1772447887,1772483304,1
79899362,1772448090,1772461765,1
79899371,1772449463,,0
79899392,1772452065,1772454074,1
79899422,1772455977,1772464865,1
79899514,1772465082,1772466621,3
79899534,1772466740,1772467055,6
79899547,1772468204,1772470399,5
79899551,1772468495,1772526198,1
79899563,1772469590,,0
79899625,1772475514,1772485165,2
79899633,1772475871,1772476691,23
79899804,1772500617,1772904112,1
79899823,1772504314,,0
79899979,1772527883,1774623499,1
79900053,1772534194,1772551855,2
79900081,1772536620,1772784724,1
79900176,1772546110,1772655245,1
79900315,1772557690,1772647054,1
79900348,1772560680,,0
79900405,1772568291,,0
79900434,1772571627,1772575446,2
79900473,1772576656,1772577144,4
79900482,1772577907,,0
79900523,1772583211,1773608852,1
79900558,1772589561,1772590952,1
79900562,1772590853,1777073815,1
79900580,1772594342,1772597833,3
79900588,1772596552,1772597005,4
79900624,1772604143,1772621043,1
79900718,1772616535,,0
79900760,1772620130,1772624764,1
79900764,1772620829,1772694603,1
79900801,1772624569,1772624825,3
79900825,1772626946,1772631033,22
79900876,1772630916,1772631114,6
79900921,1772633177,1772641694,2
79901060,1772644697,1772645661,1
79901132,1772652425,1772657904,1
79901198,1772662122,1772665973,1
79901200,1772662370,1772663403,4
79901202,1772662982,,0
79901226,1772666399,1772667140,1
79901234,1772668832,1772669829,2
79901475,1772706417,1772710486,1
79901507,1772709513,1772719648,1
79901558,1772713329,1772713955,3
79901629,1772718886,1772719069,3
79901639,1772719694,1772722128,1
79901699,1772725241,1772725687,5
79901739,1772729058,1772729921,3
79901763,1772731716,1772742978,1
79901911,1772750074,1772779947,1
79901927,1772754363,1772757320,1
79901940,1772755667,1772769220,2
79902015,1772774694,1772785172,2
79902161,1772789542,1782986322,1
79902182,1772791114,1772795592,4
79902222,1772795071,1772795818,3
79902227,1772795575,1772797107,3
79902274,1772800935,1772809028,5
79902404,1772815311,1772818104,2
79902424,1772817280,1772850125,3
79902489,1772825436,,0
79902528,1772830490,1772832131,5
79902534,1772831363,1772865116,2
79902546,1772833140,1776382286,1
79902556,1772835131,,0
79902571,1772837530,1772840582,4
79902736,1772877839,1772892662,1
79902744,1772879052,1773063241,1
79902760,1772882436,1772882963,4
79902793,1772889295,1772889981,4
79902824,1772893617,1772893754,8
79902827,1772893883,1772895205,4
79902845,1772895368,1772896058,8
79902878,1772901469,1772905858,4
79902880,1772901587,1772902537,1
79903003,1772918861,1772924986,1
79903012,1772922559,1772922940,1
79903031,1772927336,1772928370,2
79903103,1772946647,1773350946,1
79903170,1772961401,1772990238,1
79903290,1772979404,,0
79918243,1775033852,1775042257,1
79918291,1775038527,1775139161,2
79918294,1775038844,1775046507,4
79918324,1775041560,1775055449,1
79918326,1775041711,1775065845,1
79918340,1775043305,,0
79918351,1775044241,1775044648,2
79918389,1775048341,1775184980,1
79918442,1775053324,1775054094,1
79918462,1775055328,1775056828,2
79918666,1775076957,1775077378,8
79918782,1775099953,1775114882,1
79918923,1775121649,1775152883,3
79918995,1775129891,1775132440,8
79919173,1775146989,1775164048,1
79919186,1775149017,,0
79919189,1775149179,1775265844,1
79919245,1775157381,1775158241,2
79919352,1775177391,1775181244,1
79919400,1775192456,1775548642,1
79919401,1775192661,1775195029,2
79919502,1775208892,1775214269,1
79919524,1775212168,1775213208,1
79919603,1775219291,1775220025,2
79919651,1775224927,1775553223,1
79919655,1775225257,1775225993,8
79919695,1775228409,1775229073,3
79919706,1775229318,1775229490,1
79919712,1775229495,1775229708,2
79919746,1775232380,1775247752,1
79919789,1775238185,,0
79919811,1775240869,1775320183,2
79919837,1775244976,1775245619,8
79919883,1775249989,1775520738,1
79919891,1775250507,,0
79919975,1775272566,1775273180,6
79920013,1775281097,1775674667,1
79920096,1775303403,1775303779,1
79920136,1775312714,,0
79920153,1775315980,,0
79920233,1775331205,,0
79920255,1775334906,1775335182,1
79920283,1775339808,1775343540,2
79920334,1775359795,1775366953,3
79920353,1775366806,,0
79920382,1775372050,1775386670,1
79920405,1775377185,1775380235,1
79920409,1775377526,1775384635,2
79920454,1775387343,1775388816,1
79920617,1775417317,1775418999,5
79920642,1775422213,1775427801,1
79920650,1775423877,1776419934,1
79920675,1775429390,1775435080,2
79920702,1775441853,1775444171,1
79920733,1775452434,1775496919,1
79920736,1775453104,1775463717,2
79920823,1775466070,1775522384,1
79920989,1775486834,1775490994,1
79921190,1775516038,1775518306,15
79921445,1775556440,1776707154,1
79921476,1775559683,1775562035,1
79921515,1775563471,,0
79921609,1775572073,1775572220,6
79921748,1775584913,1775585835,1
79921779,1775588511,1775590566,2
79921931,1775613322,1775614255,3
79921981,1775624902,,0
79921992,1775627328,,0
79922076,1775636658,,0
79922109,1775640695,1775647948,2
79922227,1775653868,1775655576,2
79922241,1775655645,,0
79922248,1775655819,1775661472,3
79922249,1775655868,,0
79922267,1775658325,1775658666,2
79922292,1775660757,1775661025,3
79922319,1775663113,1775663774,2
79922326,1775663708,1775664364,1
79922348,1775665526,1775665699,2
79922356,1775666569,1775666912,18
79922469,1775683222,,0
79922538,1775704656,1775746276,3
79922555,1775711099,1775716425,3
79922604,1775719920,1775732654,1
79922675,1775726569,1775747093,1
79922713,1775728588,1775749342,3
79922800,1775735528,1776140257,1
79922871,1775743151,1775748905,3
79922888,1775744484,1776140175,1
79922929,1775748343,1775751524,2
79922950,1775750213,,0
79922985,1775752767,1775753060,1
79923241,1775787274,1775792393,2
79923258,1775790028,,0
79923563,1775832299,1775835389,2
79923606,1775835212,1775836385,17
79923659,1775839362,1775840619,2
79923665,1775840265,1775842119,2
79923826,1775863733,1776806839,1
79923862,1775875995,1775903048,4
79934522,1777617797,1777623828,2
79934545,1777622289,1777632322,2
79934592,1777628710,1777671005,1
79934606,1777630342,1784302669,1
79934736,1777651809,1777655870,1
79934792,1777659993,1777663688,2
79934819,1777663257,,0
79934840,1777668338,,0
79934842,1777669187,1777669946,2
79934876,1777679625,1777850451,1
79934947,1777706064,1777708119,3
79935088,1777732684,1777735672,7
79935096,1777735327,1777736500,17
79935230,1777767266,1777767799,7
79936872,1777792543,,0
79935335,1777794772,1777803524,2
79935400,1777807145,1777807427,1
79935417,1777810510,1777811129,2
79935469,1777820967,1777824407,1
79935518,1777831289,1777833424,1
79935672,1777876205,,0
79935775,1777889345,,0
79935804,1777892703,1777895660,1
79935886,1777903695,,0
79935906,1777905498,1777906574,2
79935914,1777906257,1777909269,12
79935956,1777913550,,0
79935974,1777917111,1777922075,2
79936041,1777925506,1777925929,6
79936100,1777936394,1777940425,1
79936102,1777936789,1778757735,1
79936126,1777940002,1777940154,5
79936199,1777955762,1777981445,2
79936223,1777959827,,0
79936344,1777975268,1777982035,2
79936481,1777990050,,0
79936555,1777999667,1778009217,3
79936577,1778002882,,0
79936578,1778003033,1778003298,3
79936596,1778004931,1778006438,1
79936685,1778023132,,0
79936742,1778038795,,0
79936748,1778040842,1778046866,1
79936900,1778061190,1778062136,8
79936904,1778061478,1778064027,1
79936934,1778064263,1778065806,7
79937049,1778074919,1778077485,3
79937075,1778078152,1778079786,3
79937078,1778078471,1778088306,1
79937087,1778079773,1778080384,1
79937124,1778083491,1778085233,4
79937273,1778107247,1778536718,1
79937320,1778121928,,0
79937333,1778124674,1778130456,1
79937362,1778131937,1778132049,5
79937386,1778135555,1778142995,1
79937471,1778144911,1778166076,1
79937514,1778150941,1778211159,1
79937545,1778154555,,0
79937550,1778154796,1778162211,1
79937573,1778157709,1778158346,1
79937601,1778160804,1778235495,1
79937763,1778184217,,0
79937810,1778192896,1778196713,7
79937846,1778202445,,0
79937863,1778207136,1778217383,1
79937884,1778213529,1778220134,1
79937914,1778219095,1778271961,3
79937938,1778222923,1778462608,1
79937962,1778226023,1779973150,1
79937971,1778226976,1778587064,3
79937978,1778228161,1778273171,2
79938010,1778231118,1778234275,1
79938052,1778235582,1778249568,1
79938130,1778244500,,0
79938169,1778247739,1778259391,1
79938176,1778248607,1778585728,1
79938182,1778248910,1778260716,1
79938214,1778252840,1778253582,9
79938339,1778266929,,0
79938386,1778274974,1778330019,1
79938405,1778279119,,0
79938420,1778282428,1778294600,2
79938428,1778284706,1778292504,2
79938439,1778292937,,0
79938463,1778302982,,0
79938654,1778345642,1778363061,1
79938669,1778348787,1778363610,2
79938693,1778353996,1778360568,2
79938737,1778366202,1778369365,4
79938784,1778384930,,0
79938797,1778390457,,0
79938816,1778395609,1778422431,2
79938829,1778397912,1778399388,1
79938879,1778411892,1778412504,10
79938907,1778415438,1778415863,12
79938961,1778425034,1778426266,2
79939025,1778435600,1779254684,1
79939072,1778454517,,0
79939094,1778460227,1778468291,6
