question_id,ym,score,label,title
67781287,2021-06,1,VER,Web Scraping Thesaurus using Selenium
67783057,2021-06,4,GEN,I would like to make a Pattern that give standard output
67783016,2021-06,4,GEN,How to make a list where the i-th element appears i times?
67782993,2021-06,3,GEN,How to find f1 score of a already trained &amp; saved model in python
67782942,2021-06,0,VER,Can tensorflow 2.x be run on the latest Python?
67782911,2021-06,1,VER,running jupyter lab on a remote port 80
67782907,2021-06,3,GEN,Adding string values together that are elements in a list
67782893,2021-06,3,GEN,Adding column to Pandas DataFrame based on dynamic indexing condition
67782859,2021-06,3,GEN,Pandas : Fill null in multiple columns only if another column is null
67782839,2021-06,0,VER,Error importing matplotlib except when using anaconda
67782782,2021-06,3,GEN,Load a pickle model to predict another dataset
67782735,2021-06,0,VER,Flask Docker Container Issues
67782727,2021-06,3,GEN,Python - Delete lines from dataframe (pandas)
67782720,2021-06,3,GEN,How to use gnupg in an AWS Lambda function
67782714,2021-06,3,GEN,How to calculate the WPM when using a stopwatch to time words?
67782700,2021-06,3,GEN,Can anyone please explain how does inputimeout() in python work?
67782694,2021-06,4,GEN,How do I get this Fahrenheit to Celsius Code in Python to return a value instead of the formula?
67782661,2021-06,1,VER,Adding a list of values to a Printer class
67782611,2021-06,2,VER,Access Crypto.Com API with R (translate from Python)
67782605,2021-06,1,VER,I want to replace the html code with my own
67782568,2021-06,4,GEN,How to print the S3 key name in python
67782521,2021-06,4,GEN,Fix duplicate outputs
67783065,2021-06,4,GEN,Deleting information from the command prompt
67783218,2021-06,3,GEN,"Python subprocess with apostrophes, removes them"
67783254,2021-06,3,GEN,Modify header of an excel file using pandas
67783276,2021-06,3,GEN,Scraping hidden elements in a dynamically changing html
67783635,2021-06,3,GEN,Trouble raising an exception using try and except
67783632,2021-06,4,GEN,List to dictionary conversion using {} and dict() differs?
67783563,2021-06,4,GEN,return highest value of lists
67783553,2021-06,3,GEN,parse file to list of list in python
67783540,2021-06,3,GEN,Easy method to subtract all the columns from one reference column .Sum and square it and store it
67783530,2021-06,4,GEN,Is there a way to pretty print / prettify a JSON response in FastAPI?
67783529,2021-06,2,VER,Is it possible to output the recipient email in a twilio verify email?
67783527,2021-06,1,VER,only integer scalar arrays can be converted to a scalar index. why arr[i].shape is not working?
67783512,2021-06,3,GEN,Bounds for 3D optimization with Scipy
67783494,2021-06,3,GEN,"What am I missing here, the Self powers problem on Project euler"
67782470,2021-06,1,VER,How can i modify server_util.py file of streamlit package for my heroku app?
67783482,2021-06,4,GEN,tf.data.Dataset - behavior of map() and cache() methods
67783452,2021-06,3,GEN,ValueError: invalid literal for int() with base 10: &#39;3_Other&#39;
67783439,2021-06,3,GEN,How to Print Dataframe in a way that similar to Excel?
67783431,2021-06,3,GEN,How do I vectorize a Pandas function that counts rows belonging to a group and falling between two dates?
67783406,2021-06,3,GEN,How to insert a dropped join key column from Dataframe join in order
67783398,2021-06,1,VER,How to move a blob data to Snowflake thru Python
67783393,2021-06,3,GEN,Convert python script to airflow dag
67783391,2021-06,3,GEN,How to keep a duplicate values on a scatter plot (plotly python)?
67783376,2021-06,4,GEN,Is there a way to assign the value of a variable without linking the actual variable when creating an object in Python?
67783373,2021-06,3,GEN,Stuck trying to figure out the issue with my nested loop
67783299,2021-06,3,GEN,Exit Python RFID Thread
67783459,2021-06,1,VER,Error while trying to append data to a BigQuery table using pandas data frame
67782431,2021-06,4,GEN,How can I add something to a list on YAML file? using discord.py
67783217,2021-06,1,VER,Pygame enemy not staying at the intended position on the map
67782307,2021-06,4,GEN,Call functions in Python Nested List
67781835,2021-06,2,VER,python update query - no such column
67781819,2021-06,4,GEN,Why this list comprehension is not giving proper output
67781812,2021-06,3,GEN,python instantiate child instance from parent object
67781799,2021-06,3,GEN,django create object with null foreign key
67781761,2021-06,0,VER,pyjulia and multithreading corrupt the *.pyc file?
67781749,2021-06,0,VER,Running python in QwikLabs Linux VM through Windows PuTTY doesn&#39;t work but through mac it does. Is there a way to ma
67781735,2021-06,4,GEN,Discord bot sending random messages
67781710,2021-06,2,VER,Porting bespoke random generator from JS to Python 3
67781614,2021-06,2,VER,how to set cylinder coordinates in Ursina Python
67781605,2021-06,2,VER,Is there a way to bypass dunder magic in python?
67781863,2021-06,3,GEN,How to disable the generating gurobi.log file when using PuLP and Gurobi as solver?
67781560,2021-06,1,VER,"Trying to make a discord bot, but it won&#39;t connect to discord"
67781489,2021-06,1,VER,What is wrong about subprocess.Popen.terminate in Python?
67781480,2021-06,1,VER,"ValueError: Input 0 of layer conv2d is incompatible with the layer: : expected min_ndim=4, found ndim=3. Full shape rece"
67781473,2021-06,3,GEN,How to return only the highest element from two distinct lists only if their product is palindromic?
67781467,2021-06,1,VER,KeyError: &#39;user&#39; when I use sessions with templates (jinja) - Python Flask
67781463,2021-06,3,GEN,how to convert some lists into a data frame so that to create a xlsx file
67781460,2021-06,2,VER,Why does this show index out of range even tho all the index are valid?
67781446,2021-06,1,VER,Stop rasterio from resampling raster data
67781390,2021-06,3,GEN,extract txt data to cloumn using python
67781317,2021-06,4,GEN,Correct way of using classes with Python asyncio
67782392,2021-06,4,GEN,Python list processing
67781533,2021-06,1,VER,matmul input operand 1 has amismatch in its core dimension error 0 when trying to run sklearn linear regression
67781885,2021-06,4,GEN,Python regex with named group in conditional expression
67781291,2021-06,1,VER,where am i going wrong with try/except statements
67782222,2021-06,3,GEN,How to get different paths with same start and same end in a digraph(directed graph)?
67782297,2021-06,3,GEN,How to pass Python Output to Javascript
67782266,2021-06,3,GEN,Trying to solve a shutil.error in my Python code
67782251,2021-06,3,GEN,Download Excel data using python
67782240,2021-06,2,VER,Extracting a particular line from parsed_pdf [content] in python
67782229,2021-06,2,VER,Passing arguments through a file not running with no error messages
67782228,2021-06,0,VER,"anaconda prompt, install pytorch manually, when import get &quot;C++ Redistributable is not installed&quot; error"
67781920,2021-06,2,VER,Create a ranking of data based on the dates and categories of another column
67782215,2021-06,0,VER,Iron Python System.TypeLoadException: Could not load type &#39;System.Runtime.CompilerServices.Closure&#39; from assembl
67782206,2021-06,2,VER,How to use KEYDOWN?
67782158,2021-06,3,GEN,how to extract text from a selection of pages in a larger pdf using pymupdf?
67782204,2021-06,1,VER,Why does my video feed hang after a while (Not Responding) on Python open cv?
67782054,2021-06,2,VER,Extracting &#39;Year&#39; out of Strings with inconsistent formatting; AttributeError: &#39;NoneType&#39; object has no 
67782045,2021-06,1,VER,How can I read a file with complex number and convert to numpy array as complex datatype?
67782032,2021-06,3,GEN,How can I fetch data by joining two tables in django?
67782026,2021-06,4,GEN,Specify helper function that&#39;s used by another helper function inside a class
67781994,2021-06,4,GEN,How can I let my bot in discord.py respond to specific users?
67781988,2021-06,3,GEN,Interacting with Ethereum smart contracts from Python
67781976,2021-06,3,GEN,Python scrapy with authentication or cookies
67781963,2021-06,4,GEN,name &#39;coding&#39; is not defined
67781946,2021-06,4,GEN,Deleting key right after appending on list
67781934,2021-06,1,VER,trouble with check-manifest - python module deployment
67782082,2021-06,0,VER,blpapi in Google Colab throwing InvalidArgumentException
68204056,2021-07,3,GEN,using a variable in the cursor.execute function()
68204050,2021-07,4,GEN,Interfacing an antenna to usb port of a computer
68204051,2021-07,1,VER,Cannot upload image from React frontend to flask backend
68204075,2021-07,2,VER,CNN model giving same output for all classes in a multi class image classification model
68203754,2021-07,3,GEN,Filtering a numpy array by frequencies of certain elements in it
68204103,2021-07,3,GEN,Javascript request local server not a ec2 server
68204109,2021-07,3,GEN,how to reduce number of variables and make the code efficient
68204128,2021-07,2,VER,Error in generating a hashed value for a table in DB2
68204133,2021-07,2,VER,How to run mypy having local stubs directory at pre-commit?
68204097,2021-07,3,GEN,python save array to csv with different length
68204026,2021-07,3,GEN,How to list all email IDs who have sent a mail to you on Mac?
68203761,2021-07,2,VER,"Where is plot viewer with the updated jupyter notebook (June 30, 2021)"
68203996,2021-07,3,GEN,Find all the sequences of elements that occurred more than N times in a list of nested lists
68203974,2021-07,3,GEN,Check multiple conditions based on grouping
68203955,2021-07,3,GEN,What is the fastest way to use Pytorch Conv2d to apply multiple filters to every layer in multiple CT scans?
68203921,2021-07,3,GEN,Combine independent words into a sentence (recognize the first start word)
68203864,2021-07,3,GEN,Each csv file to divide by a specific value referring from a different csv file for normalization
68203854,2021-07,3,GEN,How to get the column and row number of a cell in Excel Python using xlwings?
68203849,2021-07,1,VER,NameError: name &quot;variable names&quot; is not defined Notebook
68203846,2021-07,2,VER,I keep getting a error for my code and its not working I don&#39;t know if I did something wrong?
68203840,2021-07,3,GEN,Javascript Object to json or pytrhon dic to get a value
68204153,2021-07,3,GEN,Expand wireframe 3d shape made in pygame
68204001,2021-07,1,VER,MNIST Tensorflow dataset
68204161,2021-07,4,GEN,What information does Pytorch nn.functional.interpolate use?
68204457,2021-07,2,VER,How to get black - the python formatter - to work on vscode dev container?
68204204,2021-07,3,GEN,Distributing or Installing the C++ Python Extension Pyd file
68204651,2021-07,3,GEN,Comparing and Quantifying similarity in a set of non linear data
68204635,2021-07,3,GEN,How to generalise a custom plotting function to plot multiple different things
68204624,2021-07,1,VER,PermissionError: [WinError 5] Access is denied when code is Executed
68204617,2021-07,4,GEN,tensorflow checkpoint messageno match with training metric
68204602,2021-07,3,GEN,How to get the next post from a subreddit using praw?
68204565,2021-07,1,VER,&quot;Current_url&quot; function in Selenium (Python) shows wrong adress
68204563,2021-07,4,GEN,While converting a list consist of string into float throws value error: could not convert string to float: &#39;22.52.5
68204549,2021-07,3,GEN,Draw a ring topology using python
68204533,2021-07,3,GEN,Save text as variable on class&#39;s instances pygame/ python
68204510,2021-07,3,GEN,comparing list of dict and list and get corresponding value&#39;s key
68204484,2021-07,3,GEN,How to extract certain data from list of serial port data using python
68204482,2021-07,2,VER,TypeError: initiate() got an unexpected keyword argument &#39;timeout&#39;
68204455,2021-07,2,VER,Python Polynomial Calculation Efficiency
68204411,2021-07,4,GEN,How to mock a dataclass
68204395,2021-07,2,VER,Wagtail(Django) ModelAdmin Button view action
68204393,2021-07,4,GEN,"TypeError: tuple indices must be integers or slices, not str, when using MTCNN"
68204384,2021-07,4,GEN,Is there a way to stall a python command until previous has finished?
68204310,2021-07,4,GEN,SortedDict key: TypeError: &#39;&lt;&#39; not supported between instances of &#39;str&#39; and &#39;int&#39;
68204243,2021-07,4,GEN,shortening many if-elifs? funcitions in dictionary?
68204231,2021-07,4,GEN,How can i delete item in django?
68204223,2021-07,3,GEN,Python - Adding JSON data of 2 files in a new file
68204183,2021-07,3,GEN,How do I change string in txt file to list format?
68203739,2021-07,3,GEN,How to convert an output of print statements into a dataframe in python?
68204157,2021-07,4,GEN,Not all elements that meet condition are deleted
68203729,2021-07,3,GEN,How to create a new column as a result of comparing two nested consecutive rows in the Panda dataframe?
68203376,2021-07,3,GEN,How to list the name of all Poetry extras?
68203363,2021-07,1,VER,Python Interpreter not showing anything in PyCharm
68203338,2021-07,3,GEN,How to return &quot;N/A&quot; when driver can&#39;t find xpath of an element?
68203313,2021-07,3,GEN,finding greatest differential in pandas dataframe columns
68203300,2021-07,3,GEN,How to change python version in VS code?
68203295,2021-07,2,VER,AttributeError: type object &#39;StandardSqlDataType&#39; has no attribute &#39;STRING&#39;
68203157,2021-07,1,VER,How can you make a Client-Server with 2 different computers in the lan?
68203146,2021-07,3,GEN,How to get ERC20 Token Transaction of a specific contract using Web3py
68203142,2021-07,1,VER,TensorFlow Segmentation Fault
68203137,2021-07,4,GEN,"How to obtain 2 sets of key,value pair in each iteration of for-loop?"
68203377,2021-07,3,GEN,Flip and shift multi-column data to the left in Pandas
68203111,2021-07,3,GEN,How to select from two lists with two matching object atributes?
68202989,2021-07,1,VER,Django Admin behaves weirdly
68202978,2021-07,4,GEN,Is there a way to get the combinations of a list of just one element to all the other elements of a list?
68202976,2021-07,1,VER,Apache Beam Python Dataflow with GCP Pub/Sub counter is over counting
68202975,2021-07,3,GEN,Fastest method of filling missing values from lookup table
68202971,2021-07,1,VER,How come this connect 4 does not work? (Python Widget)
68202945,2021-07,4,GEN,How to print specific value from a list?
68202931,2021-07,1,VER,Django form.is_valid() issue
68202921,2021-07,2,VER,Trying to use LabelEncoder and OneHotEncoder into a Dataset with Multiple Columns
68202917,2021-07,2,VER,how do i make the snake constantly go in the direction the user inputted
68202851,2021-07,3,GEN,Create JSON file from list of lists matching
68203091,2021-07,3,GEN,How to nest JSON dictionary using key in Python
68203385,2021-07,3,GEN,Delimiter to specific column in CSV using dataframes python
68202813,2021-07,3,GEN,Plotly: How to show subplot titles at the bottom
68203428,2021-07,2,VER,Deploy Scraping Scripts in python
68203693,2021-07,2,VER,MySQL connector query
68203688,2021-07,4,GEN,Using Command Prompt to access python
68203684,2021-07,2,VER,API Call is working in POSTMAN but API call with generated code is not working
68203673,2021-07,4,GEN,"Can i know how to following for loop works in python, given &quot;n&quot; is the length of list"
68203665,2021-07,2,VER,Using a table in python UDF in Redshift
68203648,2021-07,1,VER,issues installing mplcursors &#39;pip3 install mplcursors
68203626,2021-07,1,VER,How to install brownie on mac os running both python 2.7 and 3.9
68203625,2021-07,2,VER,Using Customized Pyinstaller .spec file with PyArmor
68203612,2021-07,3,GEN,seaborn displot defining the column order with a vector string
68203611,2021-07,3,GEN,Iterate list on query string element by element
68203588,2021-07,4,GEN,Relationship between lists (Python)
68203736,2021-07,2,VER,How to get an input from textbox using Flask
68203577,2021-07,1,VER,My uwsgi.ini is unable to locate the my application
68203537,2021-07,2,VER,Scraping attributes values in Python LXML is giving empty results
68203530,2021-07,2,VER,Getting statistical values from deeply nested dictionary with k8s resource recommendations in YAML string
68203510,2021-07,3,GEN,Writing binary in python and read in c++
68203485,2021-07,1,VER,Python Flask Migrate is not ignoring existing tables in database outside my models
68203470,2021-07,3,GEN,Better to apply concat to pandas column
68203469,2021-07,4,GEN,Unpack List with key value pair
68203460,2021-07,2,VER,creating and validating a database field that can take an array or two different objects
68203445,2021-07,4,GEN,Python instance methods
68203432,2021-07,3,GEN,Why my IF statement and OR operator doesn&#39;t give me the expected output?
68203587,2021-07,4,GEN,Do “Clean Code”&#39;s function argument number guidelines apply to API design?
68607593,2021-08,4,GEN,"In numpy, the pythonic way of changing the values of one channel"
68607614,2021-08,4,GEN,How to let the constructor in the subclass inherit the constructor or base class?
68607656,2021-08,4,GEN,How to set initial directory in GTK3 FileChooser in Python?
68607667,2021-08,3,GEN,Unable to find a class inside an imported module despite being able to import a different class from the same module
68607825,2021-08,2,VER,unpacking * is throwing syntax error on leetcode
68607722,2021-08,3,GEN,Grabbing data based on column headers properly in Python beautifulsoup
68607752,2021-08,4,GEN,Pandas: correct way to use apply() here?
68607592,2021-08,2,VER,Can&#39;t add lists together - “TypeError:float&#39; object is not subscriptable”
68607712,2021-08,4,GEN,How to convert larger size dataset (20GB csv file) into hdf5 format using python and R?
68607578,2021-08,4,GEN,Binary Representations
68607529,2021-08,3,GEN,Why am I losing a channel when saving an image and how to avoid it?
68607574,2021-08,3,GEN,how to handle pagination and scrape using selenium
68607565,2021-08,3,GEN,How to set mocked instance variable of class in python?
68607545,2021-08,2,VER,i want to abstract text with lstm
68607866,2021-08,1,VER,mysql.connector.errors.ProgrammingError: 1064 (42000): You have an error in your SQL syntax; still
68607517,2021-08,4,GEN,how remove sublists from a nested list?
68607496,2021-08,3,GEN,Finding elements on a website with a lot of AJAX with Selenium error StaleElementRefrenceException
68607481,2021-08,2,VER,Unable to load data from file to Oracle table using executeMany()
68607475,2021-08,4,GEN,count plot for each categorical variable
68607474,2021-08,2,VER,Docker init-db.js throwing SyntaxError: &quot;&quot; string literal contains an unescaped line break :
68607439,2021-08,4,GEN,Replace a series of repeated occurrences in a list?
68607367,2021-08,4,GEN,Is it possible to remove the start of a sum of a number?
68607576,2021-08,4,GEN,combine two rows of dataframe with different index
68607871,2021-08,3,GEN,smallest difference of a sequence of a list
68608056,2021-08,4,GEN,How to make a button which stops my thread with a while
68607955,2021-08,2,VER,Methods for increasing accuracying of a CNN for image classification
68607348,2021-08,3,GEN,Why are results different between using threads and processes?
68608447,2021-08,4,GEN,Recursively append childs of tree in __str__ method
68608428,2021-08,3,GEN,Automate an application in windows
68608380,2021-08,4,GEN,"How to take an int, split it to digits, do some arithmetics and then append it to new int"
68608326,2021-08,1,VER,Settings in PyCharm does not offer me an interpreter
68608318,2021-08,3,GEN,Exporting to Excel Using Openpyxl - specific rows and columns
68608273,2021-08,3,GEN,How to connect automatically to Google Drive API and manage folder and files with python?
68608271,2021-08,3,GEN,How to plot &quot;Trace Explorer&quot; in Python?
68608259,2021-08,4,GEN,How to update certain dictionary key value in python
68608220,2021-08,4,GEN,create new columns derived from existing columns pandas
68607936,2021-08,4,GEN,Pass string to Data frame - For loop
68608216,2021-08,4,GEN,Python textwrap ignoring length of some parts of string
68608161,2021-08,4,GEN,How to convert Python List into multiple lines with attaching numbering?
68608448,2021-08,4,GEN,Is rolling a six sided dice 100 times return the same value as rolling a 100 sided die once? [Python]
68608105,2021-08,4,GEN,"How to compute objective, gradient and hessian within one function and pass it to scipy.optimize.minimize?"
68608081,2021-08,3,GEN,Same Korean string compares false
68608079,2021-08,4,GEN,Is there a way to store and collect data in .txt files from a .py file?
68608076,2021-08,3,GEN,Inconsistency in pandas aggregate with custom function or not?
68608069,2021-08,3,GEN,How to make Transcrypt skip a line (without &quot;try&quot;)?
68608065,2021-08,3,GEN,How do I provide input to Python script running as a service
68608040,2021-08,3,GEN,How can i check the model object is 30 days old or not in Django?
68608025,2021-08,3,GEN,Scraping text that unhides on Button click with beautifulsoup and python?
68608200,2021-08,3,GEN,find parent element by selenium python
68608159,2021-08,4,GEN,How to find the value of precision and recall using the Confusion Matrix
68607340,2021-08,2,VER,Problem to covert data from CoNLL format to spacy format
68607326,2021-08,4,GEN,Nested class: how to access outer class property?
68606884,2021-08,3,GEN,how to add rows with same indexes
68606815,2021-08,4,GEN,"Is there a way to create bins in python instead of listing all the bin numbers (as seen in code below), and maybe withou"
68606814,2021-08,3,GEN,How to find web element with python with selenium?
68606809,2021-08,3,GEN,How does MultinomialNB calculate probability predictions?
68606779,2021-08,1,VER,"ModuleNotFoundError for a script, only when running from the CMD prompt, but not when running from anaconda prompt"
68606744,2021-08,4,GEN,Python: a function receives a memory-intensive argument. This argument should be read-only. What is the best way to do i
68606739,2021-08,2,VER,Post request works from postman but not from python
68606730,2021-08,3,GEN,Recursive function that removes all odd numbers in a string; how to include negative symbol
68606703,2021-08,2,VER,cant decode RSA Message using common modulus attack?
68606695,2021-08,1,VER,Jupyter notebook does not connect to kernel(2) - conda + mc os 11.5 + appnope
68606688,2021-08,4,GEN,How do I transform rows with values into a dataframe of stacked value pairs?
68606672,2021-08,2,VER,Analyzing multiple tables in python pandas
68606663,2021-08,2,VER,How do I get jinja to work on my html web page
68606661,2021-08,4,GEN,What is difference between nn.Module and nn.Sequential
68606646,2021-08,3,GEN,Programmatically testing memory usage in Google Colab (Python 3.x)
68606641,2021-08,4,GEN,How can I use iloc to extract rows of a dataframe to create a separate dataframe?
68606631,2021-08,3,GEN,How can I do cross validation with sample weights?
68606625,2021-08,3,GEN,Scikit-learn FunctionTransformer in a train-test setting
68606608,2021-08,1,VER,ZeroDivisionError when getting gradients with Tensorflow ODE Solver?
68606598,2021-08,2,VER,Value. Error when doing a string strip and attempting to convert object column to an integer in python
68607328,2021-08,3,GEN,How do you pcolormesh with a polar plot?
68606901,2021-08,1,VER,"VSCode keeps opening new Python window every 10 seconds or so, unprompted, but still says Python not installed and am un"
68606917,2021-08,4,GEN,how to sort an array function
68606719,2021-08,2,VER,Plotly Choropleth Map not plotting
68606952,2021-08,3,GEN,How do you make a blitted integer change?
68606920,2021-08,2,VER,Message author&#39;s mention isn&#39;t being found inside of message content
68607301,2021-08,3,GEN,QTransform().rotate() changes the position of the widget
68607287,2021-08,2,VER,Pandas - appending to existing csv file problem
68607277,2021-08,4,GEN,How to reset prometheus counter everyday at specific time?
68607258,2021-08,2,VER,Python ctypes TypeError for defined function
68607226,2021-08,4,GEN,Check if a user has a role in a completely different server
68607222,2021-08,3,GEN,How to run a python script inside a .net core application in a docker container?
68607197,2021-08,3,GEN,Adding new data to class in a Django model
68607187,2021-08,2,VER,module &#39;QuantLib&#39; has no attribute &#39;CallabilityPrice&#39;
68607162,2021-08,2,VER,Tkinter Canvas - I have some problems deleting a shape after its y2 dimension passes the screen to prevent lag
68607160,2021-08,3,GEN,invalid literal for int() with base 10: &#39;1044.0&#39;
68607325,2021-08,4,GEN,Create Quadrants and annotate - seaborn scatterplot
68607138,2021-08,4,GEN,Is there a way to compare 2 signals with different sampling rate in python
68607139,2021-08,2,VER,Maintaining single object or passing the context in python command pattern
68606981,2021-08,2,VER,Why do I get HTTP error 410 when trying to download YouTube videos with pytube?
68606986,2021-08,3,GEN,How to deploy ML trained model?
68606999,2021-08,2,VER,text strip nonetype error while scraping information using Selenium Beautifulsoup
68607027,2021-08,4,GEN,Is it possible to add a value into a list if it meets certain criteria?
68606971,2021-08,3,GEN,Is the loop body changing my call method? (NEWB)
68607067,2021-08,4,GEN,Force user to input only Y or N in Python
68607075,2021-08,2,VER,Gekko class returns an expression not a value
68607130,2021-08,2,VER,Python Question Keeps on Getting Asked at the End of Code
68607037,2021-08,4,GEN,Checking if each values in list are identical to another list one by one. (Python 3)
69007628,2021-09,3,GEN,Restart Crashed Python Script in Ubuntu?
69007798,2021-09,3,GEN,How to append two dimensional arrays corner by corner
69007786,2021-09,3,GEN,Django - Verify AWS Cognito token is valid before processing endpoint request
69007748,2021-09,2,VER,Fatal Python error: init_import_size: Failed to import the site module in Anaconda Prompt
69007730,2021-09,1,VER,Cannot import python package I built after installing from github
69007677,2021-09,4,GEN,Python group by; keep only when condition is met
69007865,2021-09,3,GEN,How to integrate one Python library into another?
69007672,2021-09,3,GEN,Run Python script over multiple folders
69007639,2021-09,3,GEN,Extract any basic math expression from arbitrary text using Python
69007603,2021-09,1,VER,Can&#39;t import &#39;keyboard&#39; module even after execute &#39;pip3 install keyboard&#39; and &#39;python3 -m pip in
69007453,2021-09,3,GEN,Extract Index from a list of dictionaries
69007524,2021-09,4,GEN,Merging Unequal two lists alternatively
69007516,2021-09,3,GEN,How to make cumulative sum still integer in pyspark
69007479,2021-09,1,VER,Getting errors while login using python(Course hero) #Study purpose
69007473,2021-09,2,VER,multithreading problems in project
69007390,2021-09,1,VER,"Discord Bot: I want to send random quotes from zenquotes.io, but the code does not produce anything nor do I get an erro"
69007381,2021-09,4,GEN,How to print first 100 character in django?
69007376,2021-09,3,GEN,How to restore a dump database backup for a Django project with existing models and migrations?
69007370,2021-09,1,VER,How to fix Octave symbolic package error in Ubuntu 20.04?
69007362,2021-09,2,VER,Changing choropleth symbology with drop down @ plotly
69007870,2021-09,4,GEN,How to automatically mass renaming by deleting character in column in pyspark
69007530,2021-09,3,GEN,JAVA implementation of PIL image resize with Image.NEAREST resampling option
69008004,2021-09,1,VER,Unable to Load json using python scrapy
69007361,2021-09,4,GEN,How to convert part of dataframe to vector
69008035,2021-09,4,GEN,How to re-order pandas dataframe columns based on values in particular row?
69008518,2021-09,2,VER,plotly dash range slider with datetime and scatterplot interaction
69008507,2021-09,4,GEN,How to match the words or characters in a text column in pandas series?
69008501,2021-09,4,GEN,How can I count the spaces and symbols in a string in python?
69008445,2021-09,3,GEN,How to add/remove Parameters of a model placed inside a pipeline
69008420,2021-09,4,GEN,how multiple list comprehension works
69008362,2021-09,3,GEN,Pandas column replace $ and letter from rows
69008321,2021-09,1,VER,pymc3 TypeError: Unsupported dtype for TensorType: object
69008305,2021-09,1,VER,AttributeError: &#39;NoneType&#39; object has no attribute &#39;theme_style&#39;
69008290,2021-09,3,GEN,Logging out on django web app redirects to django admin logout page. What&#39;s going on?
69008275,2021-09,3,GEN,Manipulate multiindex column in pivot_table
69008015,2021-09,3,GEN,How to assign the same value for next 11 consecutive months based on a condition in python
69008262,2021-09,2,VER,Why is python intellisense not working for some class functions like cascade classifier in vs code?
69008156,2021-09,4,GEN,"numpy, &quot;cleaning&quot; an index and value array"
69008155,2021-09,2,VER,Run Python script as a windows service
69008133,2021-09,4,GEN,How to plot confidence intervals for different training samples
69008131,2021-09,1,VER,Error using SymPy symbolic integration for a specific set of parameters
69008130,2021-09,3,GEN,How to get aggregate of data from multiple dates in pandas?
69008121,2021-09,3,GEN,How to write conditions and Tolerance in GEKKO?
69008105,2021-09,1,VER,Git bash &quot;Watching for file changes with StatReloader&quot; stuck and never loads
69008075,2021-09,1,VER,how can create python madule from fortran code with f2py?
69008065,2021-09,3,GEN,Time limit while finding the duplicates in two lists
69008055,2021-09,2,VER,How to downgrade NumPy version in Spyder
69008185,2021-09,3,GEN,How to extend predicted value?
69007351,2021-09,4,GEN,pyinstaller is not compatible with python argparse -h
69007922,2021-09,3,GEN,Process single data set with different JSON schema rows using Pyspark
69007325,2021-09,3,GEN,How to change discord bot prefix using command (discord.py)
69006853,2021-09,2,VER,Replacing value in a pandas Dataframe by label
69006819,2021-09,3,GEN,Nested pipelines in Imbalanced-Learn
69006814,2021-09,3,GEN,How would I combine two pandas dataframe based on a if one column contains another value
69006804,2021-09,1,VER,Pycharm backend issue
69006749,2021-09,1,VER,python while loop didn&#39;t append any values into to the DataFrame
69006674,2021-09,4,GEN,How to sort numpy array by row sum and extract top N rows
69006654,2021-09,4,GEN,Static variable declaration in python classes
69006615,2021-09,2,VER,Value Error and dimensionality problem using the Iris Data Set with Tensorflow
69006595,2021-09,3,GEN,I am trying to compare if a timestamp falls into 1 out of 3 bins. When I compare I get &quot;Invalid comparison between 
69006584,2021-09,3,GEN,"sorting in pandas, while alternating between ascending and descending on the same sorting column"
69006886,2021-09,4,GEN,Can I save the coordinates for a UMAP embedding?
69006583,2021-09,3,GEN,How to KMeans Cluster strings
69006564,2021-09,4,GEN,How to get a API with email
69006562,2021-09,4,GEN,How do I subtract a number with an if-statement?
69006541,2021-09,2,VER,Odoo: Model based on a SQL view to take a dynamic input from user
69006523,2021-09,2,VER,How can I have setuptools compile mixed C and C++ for use with Cython?
69006489,2021-09,1,VER,Downloading image from url - FileNotFoundError: [Errno 2] No such file or directory:
69006486,2021-09,3,GEN,How to create a custom API views in Django Rest Framework
69006479,2021-09,1,VER,vlookup for multiple files using python
69006473,2021-09,3,GEN,Pylance: &quot;property&quot; is incompatible with &quot;int&quot;
69006464,2021-09,2,VER,Add column to CSV with pandas (value of new column calculated from other columns)
69006444,2021-09,1,VER,How can I make a TTS bot similar to KDBot with discord.py?
69006579,2021-09,3,GEN,How to make functions to repeat with different parameters in python?
69006887,2021-09,4,GEN,Return multiple values from a pandas rolling apply function
69007346,2021-09,3,GEN,How to use eventfilter and installeventfilter methods?
69007296,2021-09,4,GEN,How to use python to convert a string to a list?
69007257,2021-09,3,GEN,Get predictions probability of 1 rather than [0;1] using Logistic Regression model
69007238,2021-09,3,GEN,How to display json details in a webpage using Django?
69007185,2021-09,4,GEN,"Wanting to input bowling scores, total, average them"
69007184,2021-09,2,VER,Why Do I Get &quot;Animation was deleted without rendering anything&quot;?
69007162,2021-09,1,VER,Can anybody explain the error in this discord.py program that i made? How do I find the error inside my Python discord b
69007149,2021-09,3,GEN,How can &quot;from datetime import datetime&quot; have different effects in two different files?
69007130,2021-09,4,GEN,"How to remove element in list after replacing, in a loop for next largest in list"
69007122,2021-09,3,GEN,Replace start date for a given set of csv date data using panda
69007119,2021-09,1,VER,Why is there such latency when clicking using pyautogui?
69007080,2021-09,4,GEN,How to view enumerator in opencv methods from source code?
69007158,2021-09,4,GEN,How to filter a dictionary when the value of the dictionary is a list
69007064,2021-09,3,GEN,Why does the string input value &quot;male&quot; != &quot;male&quot; return true when using .lower in python?
69007068,2021-09,2,VER,How to create a ChoiceField for user email from EmailAddress model of allauth in django restframework?
69006918,2021-09,4,GEN,How do I create a column that tells me the the count of how many times a number appears?
69006931,2021-09,4,GEN,Explode multiple list columns pairs to more rows in Pandas
69006956,2021-09,4,GEN,"How to solve a nonlinear, trivariate equation with constraints in Python?"
69006961,2021-09,1,VER,KeyError when creating a pivot_table
69006916,2021-09,3,GEN,Python nested loop pandas dataframe
69007000,2021-09,1,VER,Python code auto-changing variables in a loop
69007019,2021-09,3,GEN,Pandas: How to structure data in more than two dimensions?
69007042,2021-09,1,VER,Keyring apparently not installed correctly with pip macos
69007044,2021-09,4,GEN,Why are x_train &amp; y_train different shapes while their values are assigned by one dataset?
69006972,2021-09,3,GEN,How do I make a custom colorbar for a matplotlib imshow plot?
69401226,2021-10,1,VER,C-FIND Study by patient-ID and date
69401434,2021-10,3,GEN,How to stop Firebase Database listen() method in Python?
69401431,2021-10,4,GEN,Getting highest value out of a dataframe with value_counts()
69401411,2021-10,4,GEN,"In list slicing, why the output of this code is an empty list? Ex. print(input_list[0: 4: -1])"
69401404,2021-10,3,GEN,How to know if there is a road in the OSM retrieved area
69401386,2021-10,2,VER,Edit the plot to make it smooth
69401364,2021-10,4,GEN,Exporting top level dependencies from conda environment including pip installations
69401341,2021-10,4,GEN,Matching exact numbers with regex
69401248,2021-10,4,GEN,"When using pretrained model(vgg, resnet like) as backbone, should we use it in `eval mode` or in `train mode`?"
69401227,2021-10,2,VER,How to append elements to a list with a loop?
69401441,2021-10,4,GEN,Enforcing type hints in a Python CI/CD
69401210,2021-10,3,GEN,How to compare SQL files and Packages in Python and return True or False?
69401192,2021-10,2,VER,Why isn&#39;t my code working? I&#39;m not sure why it&#39;s saying &#39;row&#39; is not defined
69401183,2021-10,4,GEN,"How to create a pandas Series (column), based in a match with a value in another Dataframe?"
69401159,2021-10,1,VER,Setting status callback URL using Python - Flask
69401157,2021-10,3,GEN,Can&#39;t store output from Colab into Excel
69401150,2021-10,3,GEN,Select by month
69401136,2021-10,2,VER,Why is this command not working in Python when attempting to display a MySql database
69401126,2021-10,2,VER,Python &#39;str&#39; object has no attribute &#39;append&#39; even when operating on list?
69401056,2021-10,3,GEN,TypeError: function takes at most 2 arguments (4 given)
69401055,2021-10,1,VER,celery task is not called when it is shown on flower dashboard
69401453,2021-10,3,GEN,How to display such a graph using plotly
69401196,2021-10,4,GEN,Trigger event when ethernet adapter state changes Python
69401454,2021-10,4,GEN,How to find SUBARRAY OR of array
69401718,2021-10,4,GEN,How can I split elements of a list?
69401488,2021-10,3,GEN,Plot a side by side bar charts with sharing only Y-axis
69402145,2021-10,4,GEN,How to print results in python for every year up to a requested year
69402126,2021-10,1,VER,Im making this discord.py ecnomy bot and It not giving me any errors but it dosent send the embed
69402091,2021-10,2,VER,How to replace words in excel file using python
69402078,2021-10,1,VER,Share cursor object to multiple threads cx_oracle
69402000,2021-10,3,GEN,Python Unicode Conversion for latin characters
69401984,2021-10,4,GEN,split string from txt file into a list of tuples
69401888,2021-10,4,GEN,Simplify multiple try and except statements
69401857,2021-10,3,GEN,"Reading the last character in a text file, then removing it if it meets a condition"
69401841,2021-10,1,VER,ValueError in Anaconda frame.py or my program?
69401793,2021-10,2,VER,Python - JSON count number of element
69401477,2021-10,4,GEN,What does &quot;$&quot; mean in Python?
69401786,2021-10,4,GEN,Removing specific nested lists from a whole list
69401038,2021-10,1,VER,Getting error while using python multiprocessing with s3 file download
69401713,2021-10,4,GEN,elegant way of counting items in a list by enum value in python
69401708,2021-10,4,GEN,How do I execute native SQL with tortoise ORM
69401661,2021-10,4,GEN,Read most recent excel file from folder PYTHON
69401644,2021-10,4,GEN,python numpy: ascontiguousarray use case?
69401643,2021-10,4,GEN,How can i convert text to json file?
69401611,2021-10,4,GEN,How to calculate percentage of certain value in column?
69401600,2021-10,3,GEN,How to give explicitly input and output to Snakemake file?
69401599,2021-10,3,GEN,Using a variable in a multilinestring in Python
69401490,2021-10,4,GEN,Combine a simple list with a list of a varied number of dual elements
69401752,2021-10,4,GEN,Removing repeated commas from Pandas Dataframe Column in other words I just need the text from the column with a comma s
69400996,2021-10,4,GEN,Is there a way to convert pandas columns with list of nested dicts to rows?
69400984,2021-10,3,GEN,How to read Youtube Videos with OpenCV at specific timestamps and set duration without downloading it?
69400936,2021-10,4,GEN,How to find the last date of the month from current month (excel version of EOMONTH) in PYTHON?
69400397,2021-10,1,VER,Running Selenium on Shared Hosting Cpanel Terminal
69400384,2021-10,4,GEN,How to sum cumulative costs across price ranges for a given quantity?
69400374,2021-10,3,GEN,How to randomize material for multiple objects in blender?
69400352,2021-10,4,GEN,Import module that is called with sys args
69400332,2021-10,4,GEN,How to count frequency of multiple items in a list and print relative frequencies
69400329,2021-10,4,GEN,logging to different files in different module
69400319,2021-10,1,VER,Why won&#39;t my python code work for calculating wages?
69400299,2021-10,2,VER,Cumulative sum over time window frames
69400241,2021-10,2,VER,Python unit test TypeError: &#39;&gt;&#39; not supported between instances of &#39;MagicMock&#39; and &#39;int&#39;
69400165,2021-10,3,GEN,matplotlib.pyplot: align axes labels when using a colorbar for each subplot
69400163,2021-10,1,VER,ModuleNotFoundError: No module named `pyautogui`
69400157,2021-10,3,GEN,"pandas tables to html, horizontal with two columns"
69400146,2021-10,4,GEN,Does sync_to_async improve performance of django ORM queries?
69400106,2021-10,4,GEN,Testing run time of a code that depends on another function
69400088,2021-10,3,GEN,Can you set a task ratio for TaskSet(s) in Locust Python
69400080,2021-10,3,GEN,Loading command line arguments as file while enforcing required args
69400063,2021-10,2,VER,How to control the location tkinter window will center itself when the window gets dragged up
69400007,2021-10,1,VER,How do I make exe file with torch module by using pyinstaller?
69399990,2021-10,2,VER,Interpolate annual data to hourly as a function in Python
69399970,2021-10,2,VER,Create new csv file in Google Cloud Storage from cloud function
69399941,2021-10,4,GEN,What is best practice for instantiating a variable for use outside of a loop if you are only assigning to it within the 
69400416,2021-10,4,GEN,Is it true that Selenium works only in headless mode in production? (Django)
69400419,2021-10,2,VER,How to get other column value with the first non null value of a column?
69400203,2021-10,2,VER,Trying to go back one loop but not to main parent loop
69400495,2021-10,4,GEN,Is there &quot;on_getattr&quot; equivalent functionality for attrs package?
69400456,2021-10,1,VER,Cogs not working in discord.py load extension
69400899,2021-10,4,GEN,How to extract the polynomial and the non-polynomial parts from a sympy equation?
69400897,2021-10,2,VER,How to change Label according to user input in tkinter app?
69400871,2021-10,4,GEN,How do you join multiple rows into one row in pandas?
69400868,2021-10,3,GEN,How to get the path given file object
69400843,2021-10,4,GEN,How to get repeating roots in sympy?
69400814,2021-10,3,GEN,How to color strings with seaborn?
69400813,2021-10,2,VER,I can&#39;t seem to use STATE in KIVY code when in a Clock.schedule_interval. Is that right? Just need some direction
69400809,2021-10,2,VER,"CV2 error with calcHist &quot;- Can&#39;t convert object to vector for &#39;channels&#39;, unsupported type&quot;"
69400771,2021-10,4,GEN,converting only the floats of a column to integer
69400770,2021-10,4,GEN,"a,b,c are different from 0, find every divisors of c that are between a and b, a and b can be included. But you cannot u"
69400900,2021-10,4,GEN,How to call on a class using 3 functions?
69400501,2021-10,1,VER,Are snowflake and grequests compatible? Why are crashes happening when querying and processing data in a loop?
69400750,2021-10,1,VER,Imbalanced Dataset Classification using Keras
69400727,2021-10,2,VER,how data group by of recursive data frame in python
69400703,2021-10,3,GEN,Loop text data based on column value in data frame in python
69400630,2021-10,3,GEN,How to extract information from multiple json files using python
69400620,2021-10,1,VER,Copy file from file storage to blob storage using python
69400607,2021-10,3,GEN,Plotly : Dynamically design Dash Bootstrap layout
69400573,2021-10,4,GEN,How to get only texts of tags that contain a certain string by using beautifulsoup?
69400535,2021-10,4,GEN,Matching a Reference Dict to a List of Dicts
69400525,2021-10,2,VER,How to merge CSVs horizontally + avoid using commas to split pandas df
69400768,2021-10,3,GEN,Looping over unique ID and plotting the variables of those unique ID individually
69792712,2021-11,4,GEN,Regex to split this string after &#39;.&#39; if there is a capital letter [A-Z] after it
69792713,2021-11,3,GEN,"How to filter the pandas dataframe, apply calculation to the column and return it back to the full dataframe?"
69792729,2021-11,2,VER,Filling in missing values with Pandas
69792760,2021-11,3,GEN,Flask SQl Alchemy Serialize Cursor Result into JSON response
69792877,2021-11,1,VER,Getting [SSL: CERTIFICATE_VERIFY_FAILED] even after adding the installing the certificates to the docker
69793663,2021-11,3,GEN,Implementation of Inverse Discrete Fourier Transform for a 3-dimensional signal with plain python
69792798,2021-11,3,GEN,Add New column in pandas
69792801,2021-11,1,VER,Unable to run and get output from ML model after publishing on Azure function app
69792703,2021-11,3,GEN,Sorting Numpy data frames and removing duplicate rows Python
69792774,2021-11,4,GEN,How to draw a single contour line in Matplotlib
69792699,2021-11,2,VER,I need to modify a certain part of a string from a string in a list
69792497,2021-11,2,VER,How can I pass an information forward from a dynamically added widget with kivy?
69792582,2021-11,4,GEN,Time Complexity to create a dictionary from a list in python
69792575,2021-11,4,GEN,Change time format from one to another
69792564,2021-11,2,VER,How to improve performance of plot redraw in a loop?
69792515,2021-11,1,VER,How to cross compile OpenVINO for limited ARM platform
69792478,2021-11,3,GEN,How to sort the numbers without repeating in the next line in Python
69792464,2021-11,3,GEN,Save integers into an output file using python
69792429,2021-11,1,VER,"Can&#39;t show a pyspark dataframe, even it is small (&#39;.show()&#39; problem)"
69792413,2021-11,4,GEN,"Replace &#39;#&#39; in a string with a set of characters, give all possible string combinations"
69792367,2021-11,1,VER,Anonymous GET request pings Telegram Bot heroku
69792359,2021-11,2,VER,Pandas - Loop through sheets
69792696,2021-11,1,VER,scrapyd-deploy not deploying project? Python Scrapy
69792879,2021-11,3,GEN,How to handle flexible inputs and returns only keys in uppercase?
69793545,2021-11,4,GEN,SQLalchemy: Dynamically create tables with different set of columns
69792894,2021-11,1,VER,how to fix this Visual Studio code path error?
69792350,2021-11,1,VER,plt.show() does not work in the environment on Anaconda
69793525,2021-11,3,GEN,invalid syntax in def
69793514,2021-11,3,GEN,Is it possible to filter a pymongo cursor?
69793494,2021-11,4,GEN,"In python3, how to explicitly access a variable that is outside the scope of the block but not in the scope of the exter"
69793465,2021-11,1,VER,Pytest-asyncio not moving to next statement when using with pyppeteer
69793437,2021-11,2,VER,"Tried to encode a column with LabelEncoder, typeerror occurred"
69793376,2021-11,2,VER,"OpenAI, Python, Delete File"
69793305,2021-11,1,VER,Beautiful soup web crawling Table data
69793288,2021-11,4,GEN,How to take one input and a list inputs in one line
69793245,2021-11,3,GEN,Driving costs - functions in python- EOFerror in if __name__ == &#39;__main__&#39;:
69792881,2021-11,2,VER,Can&#39;t open zip file sent from Flask
69793202,2021-11,1,VER,ValueError: Failed to convert a NumPy array to a Tensor (Unsupported object type list) (I have created a eclipse first)
69793151,2021-11,4,GEN,How to convert single dictonary with list as key values into list of dictonaries?
69793144,2021-11,3,GEN,Python Datetime doing not working properly
69793091,2021-11,3,GEN,How to use noise to generate 2d tile based terrain?
69793089,2021-11,2,VER,"fig,ax=plt.subplots can not show figuer in right position"
69793016,2021-11,2,VER,How can I get pyautoGUI&#39;s typewrite function to type only on a specific tab?
69793013,2021-11,3,GEN,How can I apply BeautifulSoup on a part of a HTML tag collected in a CSV?
69792966,2021-11,3,GEN,Using Prophet or Auto ARIMA with Ray
69792957,2021-11,4,GEN,Python: How to create nested Dictionary from tuples?
69792938,2021-11,2,VER,tkinter font&#39;s in a seprate file
69792900,2021-11,2,VER,"Networkx and GIS, connecting separate node/edges to larger set of node/edges"
69793181,2021-11,2,VER,Adding code into another window in tkinter
69793559,2021-11,2,VER,How to search for a string in all files
69792337,2021-11,3,GEN,How to create datefield in django models in the format (mm-dd-yyyy)
69792328,2021-11,4,GEN,How do I get binary value as an integer in python?
69791834,2021-11,3,GEN,Working with strings and lists in Python3.x
69791808,2021-11,3,GEN,Get row when certain condition is changed in dataframe
69791783,2021-11,3,GEN,Fastest method to scrape new webpage content
69791753,2021-11,1,VER,Type error in model.fit() using TensorFlow
69791728,2021-11,1,VER,ModuleNotFoundError: No module named &#39;src.testproject&#39;
69791723,2021-11,3,GEN,How can I take multiple values from a single command?
69791693,2021-11,1,VER,tqdm gives No module named &#39;tqdm&#39; after installing it
69791690,2021-11,2,VER,Cannot import snscrape module in python
69791674,2021-11,3,GEN,Python: Arithmetic operations with miliseconds in string format
69791646,2021-11,2,VER,How to raise ( tkraise() ) a frame ( tk.Frame) in an array inside an object of another class (multiple page tkinter gui 
69791630,2021-11,2,VER,Is there a way to send an iMessage to a group chat using Applescript or any Python module?
69791620,2021-11,3,GEN,How can I populate event creation time in Azure IOT Central using python SDK
69791617,2021-11,1,VER,Need help to install Kivy
69791612,2021-11,1,VER,VSCode Jupyter Notebook syntax highlighting and autocompletion stopped working
69791611,2021-11,1,VER,Images Don&#39;t Display After Making Layered Webpage
69791596,2021-11,2,VER,"Unexpected outcome, manipulating string on Python"
69791575,2021-11,4,GEN,Check if every element in 2D numpy array is in set
69791573,2021-11,3,GEN,"Keep certain Values from JSON obj, deeper in their structure"
69791553,2021-11,3,GEN,Making a &quot;ranking&quot; from points with lambda function
69791533,2021-11,1,VER,raise RuntimeError(f&#39;Cannot parse version {FULLVERSION}&#39;) in install MKL with numpy from WSL
69791524,2021-11,1,VER,Python: Add JPG images to popup in folium
69791848,2021-11,2,VER,Am I really using GPU for tensorflow?
69791863,2021-11,2,VER,TypeError: readData() takes 1 positional argument but 2 were given
69792335,2021-11,3,GEN,How to retrieve only non-negative values in a args list(comprehension)?
69791885,2021-11,3,GEN,How to get one or multiple values from a cell and dump the rest of the cell using pandas
69791864,2021-11,2,VER,Cannot install Matplotlib on Python 3.10
69792320,2021-11,2,VER,Failed to update table record: 1064 (42000): You have an error in your SQL syntax; Python
69792317,2021-11,3,GEN,Consolidating data in Pandas
69792296,2021-11,1,VER,Python ValueError: cannot rehape array: works at Mac but error at Windows
69792261,2021-11,3,GEN,How to convert to timestamp into df to excel python?
69792258,2021-11,4,GEN,How does P2P multiplayer work without port forwarding?
69792205,2021-11,3,GEN,python curve_fit() error message only size 1 arrays can be converted to python scalars
69792172,2021-11,3,GEN,Python: Handle different datetime format dynamically
69792130,2021-11,2,VER,removing pip packages from anaconda base env
69792108,2021-11,3,GEN,How do I use the Python keyboard module to detect a key press?
69792103,2021-11,2,VER,Referencing Buttons Created Dynamically to a Corresponding Lable Kivy Python
69792199,2021-11,3,GEN,remove duplicates when associated values in other columns are repeated
69792099,2021-11,3,GEN,Get multipe images urls on Django RestFramework
69792094,2021-11,4,GEN,Create a Lock Function for DataClass
69792060,2021-11,3,GEN,Dice roller repeat issue in python3
69791899,2021-11,4,GEN,Set of all elements in masked part of numpy array
69792025,2021-11,1,VER,UnknownError: OSError: image file is truncated (30 bytes not processed):
69792016,2021-11,4,GEN,Does Python Schedule wait for code to finish?
69792006,2021-11,4,GEN,how print in python loop with space and without new line
69791941,2021-11,2,VER,The &#39;uvloop&gt;=0.14.0&#39; distribution was not found and is required by uvicorn
69791920,2021-11,1,VER,Numba AOT compilation not working with numpy functions
69791917,2021-11,4,GEN,Correct way to initialize an Optional Dict with type hint in Python3?
69792100,2021-11,2,VER,How to make everything opaque in scatterplot?
70178619,2021-12,4,GEN,How to extract a subset of dataframe based on the last occurence of a string in a column in pandas?
70178620,2021-12,1,VER,Bleak (python) does not respond on connect
70178637,2021-12,1,VER,Upgrading Oracle XE from 11g to 21c broke Django&#39;s ability to talk to TNS Listener
70178788,2021-12,4,GEN,Create a dictionary from colon separated key value string
70178648,2021-12,3,GEN,"Python longest, and shortest string from the file"
70178686,2021-12,3,GEN,JSON or CSV from list in python
70178705,2021-12,4,GEN,R programming equivalent of python spaCy &#39;spacy.explain()&#39;
70178582,2021-12,2,VER,Why loss function always return zero after first epoch?
70178644,2021-12,4,GEN,How to find the difference between two lists consisted of different data types with Python
70178553,2021-12,3,GEN,How should I store a bitmap image in memory for processing?
70178340,2021-12,2,VER,Python PLY DATA token value is None
70178534,2021-12,4,GEN,How to let prime number print once in Python
70178486,2021-12,3,GEN,Creating a dictionary within an If-Statement
70178475,2021-12,2,VER,Failed to save in SQLite database django
70178452,2021-12,3,GEN,"Python Pandas: Append column value, based on another same column value"
70178444,2021-12,3,GEN,pd.to_datetime errors = &#39;ignore&#39; strange behavior
70178438,2021-12,3,GEN,Search for a string in multiple .csv files from a multiple zipped folders
70178416,2021-12,4,GEN,how to make output line up (Ex. &#39;12345&#39;) in python?
70178415,2021-12,2,VER,&#39;float&#39; object is not callable Python
70178355,2021-12,4,GEN,Generate the all possible unique peptides (permutants) in Python/Biopython
70178819,2021-12,4,GEN,Combination of nested dictionaries with arbitrary lengths in python
70178536,2021-12,4,GEN,"Disection of re &#39;re.compile(r&quot;^[a-zA-Z][\w_]{2,23}[^_]$&quot;)&#39;"
70178831,2021-12,3,GEN,How to get the first function call argument via AST?
70179127,2021-12,3,GEN,Problem with replicating Keras Binary Cross Entropy function
70178910,2021-12,3,GEN,Cropping Multiple Images
70178335,2021-12,3,GEN,How shall I crop images with 2 colour borders in Python?
70179298,2021-12,3,GEN,Scrape for Table with Limits
70179296,2021-12,3,GEN,Can I read files /directories directly from MS teams to jupyter notebook?
70179295,2021-12,3,GEN,How to calculate the ID time difference
70179282,2021-12,2,VER,"I am doing command processing, but there was an error"
70179247,2021-12,3,GEN,Why does this Python script to replace text in files break the last file?
70179237,2021-12,3,GEN,Find the path think as coordinate plane
70179230,2021-12,4,GEN,I need a python re to match only if two strings are absent and two other strings are present
70179196,2021-12,4,GEN,I want to create a MYSQL table to show which users are working on which project
70179159,2021-12,1,VER,Columns must be same length as key. Why I&#39;m getting such error? can anyone help me out?
70178840,2021-12,4,GEN,Trouble printing a generator expression as a list
70179158,2021-12,3,GEN,Translating Plotly Dash to other language
70179142,2021-12,4,GEN,"Can anyone explain, how this peice of code works?"
70179124,2021-12,3,GEN,"Writing a Blackjack program in Python, how to address Ace and Dealer cards?"
70179109,2021-12,2,VER,How to get the pixel values for each detected object in the image?
70179076,2021-12,2,VER,Return from a function from class isn&#39;t working for button for pygame
70179051,2021-12,4,GEN,convert list of list to dictionary with some key pattern
70178999,2021-12,4,GEN,"Given a image, a pixel point and a radious in pixels. How do I find the pixel coordenate of the circle border it creates"
70178995,2021-12,2,VER,I need help playing sound on Replit
70178943,2021-12,4,GEN,Is it possible to retrieve a JSON path from a variable in python?
70178936,2021-12,4,GEN,Appending an image to a stack of images
70178922,2021-12,3,GEN,How to create return to x?
70179151,2021-12,2,VER,Getting nulls after replacing Dataframe columns with other DataFrames
70179307,2021-12,4,GEN,Why is Sklearn R-squared different from that of statsmodels when fit_intercept=False?
70178274,2021-12,3,GEN,Python: using .split() on an external text file
70178230,2021-12,3,GEN,Is there a more efficient way to use two for loops in python?
70177871,2021-12,4,GEN,Convert a NumPy array to a binary array with the condition of each element existing in a list
70177841,2021-12,2,VER,How to click on the shadowbox in selenium-python?
70177811,2021-12,3,GEN,How do I use the second Value constructor in gdb&#39;s python API?
70177806,2021-12,2,VER,How do I exit my python3 application cleanly from asyncio event loop run_forever() when user clicks tkinter root window 
70177804,2021-12,3,GEN,Transform a list into a readable PNG file -Python
70177797,2021-12,3,GEN,Why is the result of numpy fft different from matlab fft?
70177790,2021-12,3,GEN,"Change start, end lineString coordinate order in geoJson file"
70177770,2021-12,1,VER,Why am I getting the error no such file or directory?
70177765,2021-12,4,GEN,"Pillow (PIL), python 3, How would I invert the colors of an image?"
70177759,2021-12,2,VER,Writing a classification model as a function
70177873,2021-12,3,GEN,What tools does Flask or MySQLAlchemy provide for selecting a specific user&#39;s information in a database?
70177724,2021-12,2,VER,Adding List to Database Returns Empty List
70177709,2021-12,4,GEN,Differentiate ONNX objects
70177685,2021-12,2,VER,Interaction between QLineEdit editingFinished signal and button press
70177674,2021-12,3,GEN,Refreshing the inspector in SQLAlchemy
70177661,2021-12,2,VER,Creating and Use a PyTorch DataLoader
70177638,2021-12,3,GEN,How to append CSV data with Google Sheets API and Python
70177629,2021-12,2,VER,python pexpect type string code i terminal app
70177623,2021-12,4,GEN,Is there any way to show the file browser INSIDE a tkinter window rather than an open file dialogue?
70177598,2021-12,2,VER,AttributeError: module &#39;community&#39; has no attribute &#39;best_partition&#39;
70177591,2021-12,3,GEN,Writing Python Script to Solve System of Four Equations in Python w/ Four Unknowns
70178247,2021-12,4,GEN,How do I check if the move is valid or not made by Knight and Bishop
70177716,2021-12,2,VER,Is there any possibility to circumvent the size of the packet sent to the datagram? [Errno 10040]
70177878,2021-12,2,VER,Priority queues &quot;simulation&quot; with python
70177760,2021-12,2,VER,How do I detect only the black rectangle that appears in the reference image with OpenCV
70177898,2021-12,2,VER,Write variable to file
70177888,2021-12,3,GEN,Jenkins one_at_a_time hash - trying to Make Python Code reproduce JavaScript code
70178216,2021-12,4,GEN,reverse list and append it to istelf
70178212,2021-12,2,VER,My lines won&#39;t plot correctly in altair.chart.mark_geoshape
70178206,2021-12,2,VER,Keras/Tenserflow - Cannot make model.fit() work
70178205,2021-12,4,GEN,Where do POST request from a form send the data to in django
70178163,2021-12,3,GEN,How do I create new pandas dataframe by grouping multiple variables?
70178162,2021-12,2,VER,DecisionTreeDiscretiser un-normalize
70178145,2021-12,3,GEN,Printing Nested Json API data using Python
70178142,2021-12,4,GEN,can i use Class or Method as Enum class&#39;s value in Python?
70178129,2021-12,3,GEN,Why are R and Python producing different prediction intervals for the same ARIMA model?
70178125,2021-12,4,GEN,Counting number of occurrences of an array in array of numpy 2D arrays
70178229,2021-12,4,GEN,How to format a log record inside ```emit``` function instead of creating a formatter object?
70178064,2021-12,3,GEN,Python recursion function parameters issue
70178114,2021-12,4,GEN,Creating Data Frame with repeating values that repeat
70177916,2021-12,4,GEN,Trying to understand the time complexity of this dynamic recursive subset sum
70177935,2021-12,3,GEN,Cumulative sum of list up to a threshold value without using np.cumsum() or itertools accumulate
70177940,2021-12,3,GEN,Read nested JSON into Pandas DataFrame
70177945,2021-12,2,VER,how to click in this element
70177902,2021-12,1,VER,&quot;ImportError: No module named selenium&quot; on VSCode
70177979,2021-12,4,GEN,How can I restart a list once StopIteration exception is thrown or a certain point in list is reached?
70178001,2021-12,3,GEN,Best way to filter for multiple conditions in the same df
70178016,2021-12,4,GEN,Check for exact number of consecutive repetitions with a regex
70177967,2021-12,3,GEN,Trouble returning tuple in a recursive binary tree function
70547425,2022-01,2,VER,How to scan the stock market for HALT in ibapi
70547669,2022-01,2,VER,"with the condition that timeout for queue.get() has been set, still cannot read msg from queue normally"
70547624,2022-01,3,GEN,Change format of date in pandas table
70547552,2022-01,2,VER,How can I fix my python code using Matplotlib.pyplot to have the median line working correctly?
70547527,2022-01,3,GEN,"How can I combine multiple Pandas dataframes that contain time series data for different locations, into a single X-arra"
70547515,2022-01,2,VER,I have a list defined as &quot;line&quot; and I want to substitute it into my code
70547460,2022-01,1,VER,Version Mismatch Motor PyMongo
70547678,2022-01,3,GEN,TypeError: _init_() missing 1 required positional argument: &#39;self&#39;
70547441,2022-01,2,VER,Trying to print position of index value
70547426,2022-01,3,GEN,"Concatenate the nested arrays within a single 2d array, element-wise"
70547416,2022-01,2,VER,Why am i getting a double value for adding integers in python?
70547309,2022-01,2,VER,How can I exicute my previous code( how to go back in the window.)
70547395,2022-01,2,VER,discord.py wait and analyze input using imported file
70547384,2022-01,2,VER,Getting a number from pubchem site with Selenium
70547324,2022-01,3,GEN,Find index in a case of 2D array
70547300,2022-01,1,VER,"List out of index error even the index is in range, selenium python"
70547296,2022-01,3,GEN,My function have &quot;return&quot; and still getting &quot;None&quot; when I print
70547290,2022-01,1,VER,&#39;universal&#39; option is not working in wheels
70547281,2022-01,4,GEN,How to find the average?
70547251,2022-01,2,VER,"How to send a message inside an event telethon, telegram?"
70547199,2022-01,1,VER,Successful build of Heroku Python App but execution is unsuccessful and open app throws error
70547711,2022-01,3,GEN,How can I use RotatedRect in Python in order to use it for ellipse?
70547404,2022-01,3,GEN,usage: ipykernel_launcher.py [-h] [-v VIDEO] [-i IMAGE] [-c CAMERA] [-o OUTPUT]
70547721,2022-01,3,GEN,spilt columns twice using Python
70547186,2022-01,3,GEN,scaler fitting on two similar datasets produce different outcome
70547735,2022-01,2,VER,why does my ide shows error saying unsupported operand types?
70548240,2022-01,1,VER,Error &quot;ModuleNotFoundError: No module named &#39;psycopg2&#39;&quot; when deploying Django app to Google App Engine
70548233,2022-01,3,GEN,PyPI package name similar to existing project
70548206,2022-01,3,GEN,How to parse XML with namespaces in tags using BeautifulSoup?
70548188,2022-01,3,GEN,interpolate between first and last valid values then fill Nan values by zeros for dataframe columns
70548161,2022-01,2,VER,I Got a Permission Error After Installing This Game
70548129,2022-01,2,VER,How to fix a TypeError: &#39;float&#39; object is not iterable
70548095,2022-01,2,VER,When trying to convert a list of python dictionaries into a SQLite table I keep getting an error?
70548094,2022-01,3,GEN,Wait for a python script to run before sending a response Node Express
70548075,2022-01,2,VER,How to duplicate row in Pandas DataFrame
70548070,2022-01,2,VER,Using RPi touchscreen in bash
70547728,2022-01,3,GEN,Create nested dictionary from directory
70548057,2022-01,3,GEN,Telegram bot that sends messages in assigned time every day
70547994,2022-01,1,VER,How to get original host in django using proxy?
70547939,2022-01,2,VER,"Printing Tags in mp3 useing python, eyed3"
70547910,2022-01,4,GEN,How to solve AttributeError: module &#39;pandas&#39; has no attribute &#39;read_xlsx&#39;
70547901,2022-01,3,GEN,How can get groups for which all rows contain a certain pattern with pandas
70547865,2022-01,1,VER,"Error: No file or directory found, Visual Studio Code, Tkinter. Python Image, ImageTk"
70547850,2022-01,1,VER,Python LevelDB (plyvel) - How to restore links of onetab from its leveldb
70547813,2022-01,4,GEN,How do I get Python to print from 1 to user input?
70547808,2022-01,3,GEN,Why the ip address captured by HTTP_X_FORWARDED_FOR is diferrent from the address shown in the device
70547798,2022-01,1,VER,django.core.exceptions.ImproperlyConfigured: Set the DATABASE_URL environment variable
70547742,2022-01,2,VER,"How to print results from Amazon after searching up a phrase using Python, Selenium"
70548041,2022-01,3,GEN,some basic looping through the list of dictionaries and adding the chosen key values to the new dictionary
70547176,2022-01,2,VER,How can I send data though socket-io without the client requesting first with python and flask
70546671,2022-01,3,GEN,Forward DM attachments in Discord with Python
70547077,2022-01,2,VER,Run python script stored in excel cell
70546655,2022-01,2,VER,Tkinter - running Clock class in mainloop asynchronously with multiple pages
70546604,2022-01,4,GEN,How to update dictionaries inside two separate lists?
70546579,2022-01,1,VER,Python runs for 10 hours without errors or warnings. Is there any problem in my codes?
70546565,2022-01,3,GEN,How to know what item is chosen from array using random library?
70546553,2022-01,3,GEN,"How do I check a row for a condition, and then once found change subsequent rows until a second condition is met in pand"
70546551,2022-01,3,GEN,I have an issue : Reading Multiple Text files using Multi-Threading by python
70546522,2022-01,3,GEN,Selecting a row based on conditions on .csv file
70546468,2022-01,3,GEN,tensorflow: convert a list of tensor to ragged tensor with a fixed dim in a certain axis
70546467,2022-01,2,VER,Further editing for items in the PyVis Tooltip?
70546448,2022-01,1,VER,I&#39;ve tried to use this python package I installed but I get this error
70546410,2022-01,4,GEN,Should the &quot;opening work&quot; of a context manager happen in __init__ or __enter__?
70546406,2022-01,1,VER,Python password cracking code makes false positive on every password
70546392,2022-01,2,VER,token verification failing using JWK/JWT for user authentication
70546376,2022-01,3,GEN,"Any way to fix this TypeError: a bytes-like object is required, not &#39;str&#39; when opening Python 2 Pickle file in P"
70546369,2022-01,3,GEN,How to remove Header Row from DataFrame Output
70546364,2022-01,1,VER,Elastic Beanstalk: ModuleNotFoundError: No module named &#39;sagemaker&#39;
70546362,2022-01,1,VER,Python GPXPy speed data is missing
70546351,2022-01,2,VER,Why pieces are moving in opposite direction in python-chess
70546349,2022-01,4,GEN,SQLite python - Convert value into variable
70546341,2022-01,2,VER,Python zipapp with data files
70546325,2022-01,2,VER,Python Pandas Looking up column value with multiple criteria and assign results to new column
70546666,2022-01,3,GEN,Search for particular parts of speech (e.g. nouns) and print them along with a preceding word
70546667,2022-01,2,VER,JSON string parsing error KeyError: &#39;vrm&#39;
70546324,2022-01,3,GEN,How to modify a JSON file using Python without losing comments in the file
70546689,2022-01,4,GEN,How to hide the turtle arrow while keeping the turtle shape?
70547100,2022-01,4,GEN,Why defining global &lt;variable name&gt; inside called function works for immutable objects in python3?
70547027,2022-01,2,VER,Slicing of Python Array
70547008,2022-01,1,VER,"TORCH ERROR: return forward_call(*input, **kwargs) AND in _forward_unimplemented raise NotImplementedError NotImplemente"
70547000,2022-01,1,VER,Same Values Returned When Scraping with BeautifulSoup
70546926,2022-01,3,GEN,How to use PostgreSQL extensions in SQLAlchemy (specifically Flask-SQLAlchemy)?
70546913,2022-01,4,GEN,How to sort data by mm/yyyy?
70546893,2022-01,3,GEN,How can I go to a specific point in a loop? (python)
70546855,2022-01,3,GEN,Split a txt file into two files using first column value in Python
70546850,2022-01,3,GEN,Logger in Python prints multiple times
70546846,2022-01,1,VER,My website was showing CSS fine until I did collectstatic - Django
70546838,2022-01,4,GEN,SQL List items that appears less than N times in another table
70546870,2022-01,4,GEN,How to allow the first element to be included in a reverse slice?
70546824,2022-01,2,VER,How do grab the name of an mp4 when using urllib?
70546823,2022-01,3,GEN,Pandas - How to Save A Styled Dataframe to Image
70546822,2022-01,3,GEN,How to find group-column have duplicate values in a dataframegroup python?
70546709,2022-01,1,VER,ModuleNotFoundError: No module named &#39;certifi.core&#39;
70546788,2022-01,2,VER,aiohttp session closed without exiting the context manager
70546765,2022-01,3,GEN,SymPy&#39;s &quot;function_range&quot; doesn&#39;t work for seemingly simply functions
70546744,2022-01,3,GEN,How can I check the size of swap space used during the execution of a Python function?
70546742,2022-01,4,GEN,Grouped Bar chart in seaborn
70546725,2022-01,2,VER,Why pandastocsv does not write a proper value?
70546720,2022-01,1,VER,AttributeError: Can&#39;t get attribute &#39;ShapesDataset&#39; on &lt;module &#39;__main__&#39; (built-in)&gt; Mask R-C
70546828,2022-01,3,GEN,parsing urls using selenium when xpath have diffference in the middle part
70935636,2022-02,2,VER,WARNING:tensorflow:Inconsistent references when loading the checkpoint into this object graph. Whne using model.load_wei
70935641,2022-02,1,VER,Docker ModuleNotFoundError : No module named vcolors
70935648,2022-02,3,GEN,Python Merging data frames
70935761,2022-02,3,GEN,Formatted string hell - Python
70935718,2022-02,4,GEN,How to convert N-D numpy arrays element-wise to list
70935727,2022-02,2,VER,Kivy drag n drop area is too big
70935739,2022-02,1,VER,MySQL Error 1146 and 1050 - Table does not exists and Table already exists
70935570,2022-02,3,GEN,python nested json to csv Incomplete conversion
70935680,2022-02,4,GEN,How to run async function multiple times?
70935535,2022-02,3,GEN,Prime factor visitation. Flipping states based on prime factors
70935265,2022-02,2,VER,Getting latest updated object on each S3 bucket
70935501,2022-02,2,VER,unbalanced parenthesis regex
70935481,2022-02,3,GEN,I want to retrieve the p-value from the arimax model of the statsmodels library
70935457,2022-02,4,GEN,Why is the type of my new column integer instead of float?
70935425,2022-02,4,GEN,"python, removing items from list"
70935419,2022-02,2,VER,List values from dynamic aria-label inside HTML span
70935394,2022-02,2,VER,why are these strings being considered equal ? python
70935367,2022-02,3,GEN,Unable to convert a string tuple into a regular tuple in python
70935365,2022-02,4,GEN,return a list for the given number
70935309,2022-02,2,VER,TypeError with &#39;infer_datetime_format&#39;
70935766,2022-02,2,VER,How to maintain bot state when using multiple gunicron workers?
70935519,2022-02,3,GEN,How to set indicator value equal to TRUE if multiple column values are NULL?
70935795,2022-02,3,GEN,"Least Common Denominator, TypeError: &#39;float&#39; object cannot be interpreted as an integer,"
70936091,2022-02,3,GEN,not able to replace \n using regex_replace in pyspark
70935825,2022-02,1,VER,How to play a song from a specified playlist (Spotify API)
70935262,2022-02,3,GEN,How can I find mentions of my account and reply to tweets that mention me using tweepy and twitter API v2?
70936462,2022-02,3,GEN,Trouble getting list of words given a list of available letters for each character (Python)
70936451,2022-02,4,GEN,Hi. I&#39;d like to ask a question about directory in python
70936408,2022-02,3,GEN,How to calculate percentage of each class variable after grouping it by another variable?
70936382,2022-02,2,VER,Odoo13-CE: Module: sale.order: What inherit_id do I need to inherit quotation tree/list view?
70936340,2022-02,2,VER,Storing Procedurally Generated Map Data Inside a NumPy Array
70936307,2022-02,4,GEN,How can i understand Python about list. help me please
70936254,2022-02,2,VER,How to Bulk Insert 5.5M records in mongodb through django model with in small time?
70936246,2022-02,4,GEN,What is the type of custom class and how to assign its type to an function&#39;s argument in python
70936198,2022-02,3,GEN,How to choose a one or two-parted word(name) from file without &quot;|&quot; separator in python
70935815,2022-02,4,GEN,Count occurrences of a single value in pandas Series
70936145,2022-02,4,GEN,Diagonal difference in Python
70936118,2022-02,4,GEN,How to make Python delete lines containing strings over a maximum character limit?
70936073,2022-02,3,GEN,How to make my Program Display Always on top
70936033,2022-02,3,GEN,Tkinter validation of Entry widgets in Python
70936023,2022-02,2,VER,Image overlay using binary mask in Python using OpenCV
70935983,2022-02,3,GEN,I need to write a python script which will make a passwordless connection from one server (server1) to another remote se
70935905,2022-02,4,GEN,How does the &quot;self&quot; work in this python code
70935903,2022-02,1,VER,"pywintypes.com_error. in Outlook. I am creating an outlook appointment, it errors on assigning time. Says that the objec"
70935898,2022-02,1,VER,"Speech Emotion recognition, Google Colab, Python"
70935872,2022-02,2,VER,Finding whether the lines in the image are straight (linear) or curved
70935868,2022-02,1,VER,"Why does this sleep() function allow this code to run, but fail without it?"
70936144,2022-02,4,GEN,How to set RGB value in Python?
70935209,2022-02,4,GEN,how to explode dynamically using pandas column?
70936466,2022-02,3,GEN,how to set timezone in local variable using python?
70935197,2022-02,3,GEN,How do I reference my Tkinter &quot;root&quot; instance from within another class?
70934673,2022-02,3,GEN,How to create time series for every end date of the year with its corresponding value?
70934656,2022-02,3,GEN,How to escape special characters in Python?
70934653,2022-02,1,VER,"Can&#39;t install Micropython module through upip, error message is not clear"
70934631,2022-02,4,GEN,"Python backwards for loop converted into java, not working"
70934622,2022-02,1,VER,Music with Hikari
70934600,2022-02,3,GEN,Stop a loop when a value is found and then add values to a list
70934586,2022-02,2,VER,Python Tensorflow itertools groupby: using itertools.groupby() in tf.data.Dataset.filter()
70934574,2022-02,4,GEN,"How do I print every element after the first, twice?"
70934572,2022-02,1,VER,Web Scraper not pulling text
70934563,2022-02,2,VER,Matplotlib - AttributeError: &#39;version_info&#39; object has no attribute &#39;__version__&quot;
70934699,2022-02,1,VER,How to fix error when building conda package related to &quot;Icon&quot; file?
70934553,2022-02,3,GEN,Label Scipy Dendrogram by Average Cluster Value
70934506,2022-02,3,GEN,Memory efficient way to delete columns in pandas?
70934492,2022-02,4,GEN,Pandas - How to downsample non time series pandas column
70934480,2022-02,3,GEN,Print names of directories that are missing a specific subdirectory
70934392,2022-02,3,GEN,CSV without unique headers to list of dicts with unique keys
70934384,2022-02,2,VER,Cannot Split CSV column to multiple columns in csv files
70934367,2022-02,1,VER,Pytesseract OCR doesn&#39;t recognize the digits
70934362,2022-02,3,GEN,Python merging data frames and renaming column values
70934334,2022-02,2,VER,"Scrape a datas using CSS selector (Python, BS4)"
70934315,2022-02,3,GEN,How can I put limits on a variable type int in python?
70934247,2022-02,2,VER,debugging the code How do I search for an macaddres in a group of mac addresses?
70934517,2022-02,4,GEN,How to make Python print the URL and its corresponding status code?
70934735,2022-02,2,VER,Selenium string issue using text() command
70935202,2022-02,1,VER,Memory leak in python-igraph with induced_subgraph function?
70934789,2022-02,4,GEN,"In polars, can I create a categorical type with levels myself?"
70935182,2022-02,3,GEN,How to get data from a table with blanks in python
70935179,2022-02,2,VER,Error converting shape to a TensorShape: only integer scalar arrays can be converted to a scalar index
70935173,2022-02,2,VER,What is wrong with my geopy great circle distance computation?
70935155,2022-02,4,GEN,How does this implementation of the Python sum function work?
70935154,2022-02,3,GEN,How to use elements in a nested list in pandas df col as if statement conditions
70935153,2022-02,1,VER,"Why do I get the error, &quot;pygame.error: Couldn&#39;t read first 12 bytes of audio data&quot; when I drop a mp3 file "
70934781,2022-02,3,GEN,Is there a way to use the reddit API to get all the comments for all the posts in at once?
70935112,2022-02,3,GEN,Pycharm variable usage check and query expression
70935039,2022-02,3,GEN,Replacing values in a file with user input values if above a certain number
70934989,2022-02,4,GEN,How to calculate combinations in Python
70934970,2022-02,1,VER,"Cant figure out how to grab all the links from a infinite scroll website, keeps grabbing duplicates"
70935118,2022-02,4,GEN,How do I make text appear letter by letter in a box in Pygame?
70934962,2022-02,3,GEN,How to make multiclass cross-validated ROC curve in SKLEARN?
70934954,2022-02,3,GEN,Error trying to pickle a user defined class
70934949,2022-02,1,VER,Error in google colab /bin/sh: Permission denied
70934947,2022-02,2,VER,Qt and Python - QIdentityProxyModel does not get the right column count when nested on top of a QSortFilterProxyModel
70934912,2022-02,4,GEN,Python __getattr__ &#39;NoneType&#39; object is not callable
70934895,2022-02,4,GEN,Multiplying the same column number for two different data frames single expression
70934889,2022-02,2,VER,How can I give a value to a Django environment variable from within the application itself?
70934878,2022-02,3,GEN,Negative value error &quot;could not convert string to float:&quot;
70934844,2022-02,1,VER,Django admin login not working for superuser
70934808,2022-02,3,GEN,How can I make a command to open second window and close the main window in python(class)
70934967,2022-02,4,GEN,Numpy Add All Combinations of Vectors
71303708,2022-03,2,VER,Python Memory not reclaimed after GC
71303716,2022-03,2,VER,Pygame only updating when input is detected
71303719,2022-03,4,GEN,Turn the list of dictionaries into a single dictionary
71303734,2022-03,3,GEN,Converting a Python list into a dictionary while specifying certain elements as keys and values
71303810,2022-03,4,GEN,Dynamic length list of objects where each object&#39;s key-values are reassigned regardless of which list index is speci
71303748,2022-03,2,VER,django dynamic forms setting max_length property
71303788,2022-03,2,VER,How to get the streaming from server to react native
71303795,2022-03,3,GEN,How do I redirect from a view to a root URL in Django?
71303740,2022-03,2,VER,"self.tk.call((&#39;image&#39;, &#39;create&#39;, imgtype, name,) + options) _tkinter.TclError: couldn&#39;t recognize da"
71303700,2022-03,2,VER,Combining np.where with conditional duplicate to assign column value
71303520,2022-03,4,GEN,Python - Pandas - how to extract content of specific row without header column
71303659,2022-03,3,GEN,How to get class values in static method
71303643,2022-03,4,GEN,How to convert a PDF to a JPG/PNG in Python with the highest possible quality?
71303630,2022-03,3,GEN,execute gsutil from airflow using python callable
71303585,2022-03,3,GEN,Efficient text-wrapping for variable window sizes in tkinter
71303583,2022-03,1,VER,ship in alien invasion game won&#39;t move
71303574,2022-03,4,GEN,Python split() at string &quot;&quot;
71303567,2022-03,2,VER,AWS Firehose Delivery Error: DynamicPartitioning.MetadataExtractionFailed
71303564,2022-03,2,VER,Multibody Surface to Volumetric Mesh in PyVista
71303551,2022-03,2,VER,Function not Printing two separate print statements
71303550,2022-03,3,GEN,How to display weekly historical data (yahoo finance) from friday to friday?
71303817,2022-03,1,VER,Python + Selenium(Chrome): Expansion timeout on slow computers
71303690,2022-03,4,GEN,Fill in missing values in data table with linear interpolation? (python)
71303878,2022-03,4,GEN,Concatenate muliple images with pillow in python
71304165,2022-03,3,GEN,How to turn a pandas for loop into a vectorized solution
71303921,2022-03,4,GEN,How to start all print by a tab in Python
71303489,2022-03,1,VER,can someone check whats wrong with my code i been tryna build a gui simple calc
71304422,2022-03,3,GEN,Expose local server python?
71304415,2022-03,3,GEN,How do I do multiple JSON entries with Python?
71304410,2022-03,2,VER,How do you create a new user in Stream Chat?
71304381,2022-03,1,VER,Time Series AR model shows NaNs for prediction
71304356,2022-03,1,VER,Python bytes buffer only giving out zeros even though data is being correctly received through SPI on Raspberry Pi
71304329,2022-03,3,GEN,How do I collect task garbages in Python asyncio?
71304293,2022-03,2,VER,Using datagen.flow_from_directory with image segmination and number of classes
71304288,2022-03,3,GEN,How to downsample a 1d array numpy array exponentially
71304202,2022-03,4,GEN,Functions imported from another file can&#39;t call the variables from main file
71303881,2022-03,4,GEN,How is python keyword &#39;in&#39; written
71304199,2022-03,4,GEN,Odd Nested List Behavior: Deep Copy v Shallow Copy Problem in Array Creation?
71304181,2022-03,4,GEN,Making a dictionary from two numpy arrays
71304164,2022-03,3,GEN,disregard a line from txt file to excel file in python
71304113,2022-03,3,GEN,Regex pattern to fetch data inside square brackets
71304045,2022-03,3,GEN,what is difference between these two
71304022,2022-03,2,VER,python: defining a base tkinter class for user input but adding labels in a sub class: missing positional argument self
71304002,2022-03,3,GEN,How to replace incomplete rows from complete rows per group in pandas
71303990,2022-03,2,VER,How to get .env to pre-commit + mypy + django-stubs
71303964,2022-03,3,GEN,How to improve and load test performance of a flask socketio server? Threading or multiprocessing?
71303956,2022-03,4,GEN,Picking larger numbers in succession between two list of integers
71303929,2022-03,4,GEN,Searching a sentence in paragraph
71304186,2022-03,3,GEN,Python Dataframe column matching
71304476,2022-03,4,GEN,Using functions on multi-indexed dataframe
71303481,2022-03,3,GEN,Writing function including pandas query with numeric value in function cal
71303453,2022-03,4,GEN,How can I map a list consisting of 136 rows to 7 columns
71302801,2022-03,3,GEN,Python import modules from different directory
71302771,2022-03,3,GEN,Make Folium tooltips wrap text using Python
71302758,2022-03,1,VER,"Soundcloud API - authentication works via curl, but not via Python script?"
71302734,2022-03,4,GEN,Applying CNN to Fast time Fourier Transform?
71302725,2022-03,2,VER,Running Python script from anywhere on windows platform
71302679,2022-03,1,VER,When use Multiprocessing.Process doesn&#39;t use all process whit large data
71302671,2022-03,3,GEN,Python: how to store dictionary as csv file while retaining nature of variables
71302660,2022-03,2,VER,Concatenating Waves in Python using Numpy
71302626,2022-03,2,VER,GEKKO ARX Model Forecasting: data arrays must have the same length
71302583,2022-03,3,GEN,Dynamic paths with apache beam and Runtime parameters
71302569,2022-03,3,GEN,fast way to identify pair of linestring geodataframes that are nearest neighbors
71302557,2022-03,2,VER,scipy.optimize.curve_fit weird behaviour when trying to fit gaussian to data
71302527,2022-03,3,GEN,How do I inherit from union&#39;d pydantic models
71302471,2022-03,2,VER,How to Use Selenium to Click Button/Link on Website in Python
71302464,2022-03,4,GEN,Replace NaN with column value on a row by row basis
71302423,2022-03,2,VER,PySide2 setStyle not applying to QTabBar
71302413,2022-03,3,GEN,Python click a tab on Excel ribbon
71302401,2022-03,3,GEN,Iterate through a list with a fixed range
71302387,2022-03,2,VER,"Trying to create a pandas df out of a frequency dict, with one col being the word and the next being the count"
71302366,2022-03,3,GEN,How can I programmatically trigger an event with PySimpleGUI?
71303456,2022-03,3,GEN,Constructing Pandas DataFrame that includes NaN index with columns supplied as dictionaries
71302811,2022-03,3,GEN,Sending variable to another class with MVC model using Tkinter
71302832,2022-03,4,GEN,Replace a specific value with another using Pandas
71302650,2022-03,1,VER,Django Operational Error : No Such Column
71302840,2022-03,1,VER,Flask images not being saved or loading
71302839,2022-03,2,VER,How to extract user input from a bot for further processing?
71303438,2022-03,4,GEN,Transform values in a list of dictionaries using lambda
71303417,2022-03,2,VER,ModuleNotFoundError when trying to unpickle a model in Flask app
71303408,2022-03,3,GEN,What is equivalent to MATLAB griddedInterpolant function in python?
71303293,2022-03,4,GEN,Use cmap with opencv
71303258,2022-03,4,GEN,$ tick formatter in Plotly that respects negative values
71303247,2022-03,3,GEN,Create a function that will accept a DataFrame as input and return pie-charts for all the appropriate Categorical featur
71303220,2022-03,2,VER,How to keep files from previous Docker stage
71303194,2022-03,1,VER,after using pyinstaller to convert py to exe it doesn&#39;t work
71303173,2022-03,2,VER,How to manage Python path on MAC
71303084,2022-03,1,VER,Parse number from an image pytesseract
71303439,2022-03,3,GEN,Efficient string similarity search for huge corpora
71303064,2022-03,3,GEN,How to use IN to check if an element is inside a string and avoid to compare duplicate element with Python
71303074,2022-03,3,GEN,Writing a code without using any python libraries or built in python functions and using an unit test
71302850,2022-03,3,GEN,How can I combine these database rows using Python Pandas?
71302867,2022-03,1,VER,Error Message in regards to Python code in databricks
71302892,2022-03,1,VER,"why my predictions is not correct , and accuracy = 00 , how can i train my data and fixe my problem"
71302925,2022-03,4,GEN,How to get a returned value in asyncio.run_coroutine_threadsafe in python
71302841,2022-03,1,VER,TED Talk video downloader using python does not download a video
71302943,2022-03,3,GEN,Question about Colab importing your own modules
71302991,2022-03,2,VER,why the Polars groupby.agg in rust is slower than python version?
71303032,2022-03,2,VER,Django Encrypt FileField with Fernet object has no attribute &#39;_committed&#39; occurred
71302932,2022-03,4,GEN,Django ORM filter by lowercase only
71701592,2022-04,3,GEN,How do I update/add multiple DBs in pymongo?
71701690,2022-04,2,VER,Run Keyword If Robotframework
71701680,2022-04,2,VER,I don&#39;t know why this statement wont run correctly
71701641,2022-04,3,GEN,Align not matching indices and perform pandas melt
71701634,2022-04,4,GEN,slicing list omitting first element
71701629,2022-04,2,VER,ImportError: No module named _thread
71701697,2022-04,3,GEN,How can I put my columns in the same line?
71701625,2022-04,3,GEN,Unusual display of a list of strings on Colab
71701622,2022-04,3,GEN,Python Pandas: How to grab column of values from .agg and put into a new column?
71701586,2022-04,3,GEN,Group by week and rank to pick top 5
71701506,2022-04,3,GEN,Trend line continuation
71701567,2022-04,4,GEN,When to convert a coroutine to a task?
71701565,2022-04,1,VER,Creating graph using OSMNX from geodataframe and shows error &#39;TypeError: cannot unpack non-iterable int object&#39;
71701543,2022-04,2,VER,python comparing values of previous rows with current row
71701523,2022-04,1,VER,"Geckodriver error in Selenium script. Geckodriver is installed correctly, but I get &#39;geckodriver&#39; executable nee"
71701504,2022-04,3,GEN,How to host a live server on Visual Studio code for people on another network?
71701491,2022-04,3,GEN,How do I execute first my custom error message before the first Traceback?
71701469,2022-04,4,GEN,How to I create list comprehension
71701458,2022-04,2,VER,Python: values written to csv file are in reverse order?
71701448,2022-04,3,GEN,Kaggle tutorial explanation
71701739,2022-04,3,GEN,Error &#39; not supported between instances of float and str &#39; when I try to use .sort() on a Python list
71701574,2022-04,2,VER,Integration and interpolation in python
71701806,2022-04,4,GEN,Pandas: How to get Unique combinations of two column values in either ways?
71701421,2022-04,3,GEN,Unable to parse API Response
71701844,2022-04,3,GEN,Can I return the base case as answer?
71702483,2022-04,3,GEN,Python list comprehension : build a list from 2 lists
71702459,2022-04,3,GEN,How to build a fast and high performance dashboard like TradingView?
71702453,2022-04,3,GEN,"hi how do get the user to responed back,printstatment but its not allowing me to responed back"
71702434,2022-04,3,GEN,Python Tkinter How To Use Button For Consol Entry (Input())?
71702376,2022-04,3,GEN,TypeError: &#39;int&#39; object is not subscriptable in dataframe.iterrows
71702374,2022-04,2,VER,Expected view to be called with URL keyword &quot;pk&quot; added &quot;pk&quot; to urls.py
71702238,2022-04,3,GEN,Problem in a list with previously created variables. Error local variable &#39;Victory&#39; referenced before assignment
71702183,2022-04,4,GEN,Python: How can I define a path to folder with variable in path
71702179,2022-04,1,VER,AttributeError: &#39;pandas&#39; object has no attribute &#39;gen&#39;
71702170,2022-04,2,VER,How to get the feedback in Github from Jenkins server?
71701814,2022-04,4,GEN,How to insert a character into a string at a certain index?
71702167,2022-04,3,GEN,Check if 2 Users are in the same array and compare their ranks in MongoDB (Pymongo)
71702153,2022-04,3,GEN,Is it possible to disable/enable mouseEvent using a push button?
71702147,2022-04,1,VER,Cpanel - I am trying to install pillow module on my python django web.. but is not installing
71702121,2022-04,2,VER,Transfer USDT between spot and futures in Binance with ccxt python
71702099,2022-04,3,GEN,It takes more than 1 runs to remove some values
71701981,2022-04,3,GEN,Can&#39;t import modules (scripts) in Python
71701966,2022-04,2,VER,Filter the below seen data in pandas df
71701959,2022-04,3,GEN,How to parse and create data frame from RIXML/XML in python
71701940,2022-04,3,GEN,How can I do unit test when the input string is set as FileType in argparse for python command line program?
71701899,2022-04,1,VER,Difficulty in running MACOS application using py2app
71701855,2022-04,2,VER,MultiLabelBinarizer returning Null values
71702156,2022-04,3,GEN,Best function to use for Interpolation of tan function in Scipy
71701415,2022-04,2,VER,Python fast interpolation with consistent input shapes
71702526,2022-04,2,VER,Github Action not using manifest file when building Python package
71701364,2022-04,3,GEN,TypeError: __init__() missing 1 required positional argument: &#39;units&#39; while coding an neural net
71700815,2022-04,1,VER,VSCode GitHub remote repository with Python Notebook Local Kernel
71700767,2022-04,2,VER,solving linear function in python from nested list
71700757,2022-04,2,VER,Why is openCV moveWindow function not working?
71700716,2022-04,2,VER,BeautifulSoup: No connection adapters were found error
71700691,2022-04,2,VER,PySerial Read.line() not printing
71700679,2022-04,1,VER,python (windows) dropping UDP packets?
71700673,2022-04,1,VER,Pytorch not finding more than 1 GPU from SLURM job
71700634,2022-04,1,VER,ModuleNotFoundError and no main_globals
71700591,2022-04,2,VER,Looking to Maximize CPU Utilization with a python benchmarking program using concurrent.futures
71700580,2022-04,3,GEN,Deleted a cell of a function in Jupyter
71700830,2022-04,3,GEN,How to make Maya colorSliderGrp&#39;s change command execute only once when picking color?
71700577,2022-04,2,VER,MoviePy - video freezes after set_duration
71700550,2022-04,3,GEN,How to take a Pandas series and split it so it gives me the full name
71700531,2022-04,1,VER,easyocr installation error when install pillow
71700514,2022-04,1,VER,tox refuses to use deps setting in py38 and various pip problems
71700505,2022-04,4,GEN,"How do I get rid of the spaces between the characters in the output using a print(), statement in a loop?"
71700501,2022-04,1,VER,How can I emit Flask-SocketIO requests with callbacks that still work after a user rejoins and their sid changes?
71700475,2022-04,4,GEN,Get all combinations of an unknown length string
71700439,2022-04,3,GEN,"How do I return the column title of a cell, combine it with another value and store it in a new dataframe?"
71700434,2022-04,4,GEN,Creating hollow pyramid with solid top layer in python
71700425,2022-04,2,VER,How to return max value from a row from pandas dataframe taking into account values from the last row?
71700418,2022-04,3,GEN,Is there a way to subset data for Python statsmodels .get_margeff() like in R margins()?
71700563,2022-04,1,VER,AI Gym environment: no module found error despite all steps correct
71700852,2022-04,3,GEN,"Python Pandas check dataframe groupby, how many people have the same book combinations"
71701389,2022-04,1,VER,module &#39;django.db.models&#39; has no attribute &#39;EmbeddedField&#39;
71700881,2022-04,3,GEN,Python Matrix multiplication using for loop
71701338,2022-04,3,GEN,"when using python sockets, is there any way for the client to receive data without sending any?"
71701327,2022-04,4,GEN,The most efficient way to query by range in Python
71701326,2022-04,4,GEN,Selecting first row from each subgroup (pandas)
71701313,2022-04,3,GEN,Does prefetch or select_related help when using the related field in the model @property
71701302,2022-04,4,GEN,Writing a loop that removes units from strings
71701296,2022-04,3,GEN,Pandas converting string elements into multi index components
71701279,2022-04,4,GEN,assign variables automatically when the loop
71701239,2022-04,1,VER,Error - Try use a background .gif image in Turtle
71701200,2022-04,2,VER,How do I resolve reportMissingImports problem when importing flask?
71701199,2022-04,3,GEN,Upload media on Twitter using Tweepy with Python
71701288,2022-04,3,GEN,SQLAlchemy - Add Event Listener to All Models
71701126,2022-04,4,GEN,Can RGB and RGBA be converted to each other?
71701187,2022-04,4,GEN,Python how to only remove the first duplicated character in a string
71700949,2022-04,2,VER,Problem with Recursive Exception to Send Continuous Email Notification in Python
71700993,2022-04,4,GEN,PathLib How to extract 2nd before last item in the path?
71701011,2022-04,3,GEN,Program that reads a file and displays the sum and average of the numbers in the file
71701013,2022-04,4,GEN,Store and use reference to variable in dictionary
71700902,2022-04,1,VER,Error: Access is denied when trying to create a virtual environment with virtualenv
71701045,2022-04,2,VER,TypeError: argument of type NoneType is not iterable in python
71701113,2022-04,3,GEN,Python: For loop only iterates once - also using a with statement
71701125,2022-04,4,GEN,Visual Studio Code doesn&#39;t show the methods from an object in an array python
71701041,2022-04,3,GEN,JAX(XLA) vs Numba(LLVM) Reduction
71700862,2022-04,2,VER,"Can&#39;t tell where my variables went, &quot;missing positional arguments&quot;"
72074137,2022-05,2,VER,Only 10 TCs passed in Minimum Steps by Knight problem. Can anybody tell me what is wrong with the logic
72074415,2022-05,3,GEN,How to plot a sparse matrix in a scatter pairs plot in python while discarding zero values?
72074406,2022-05,2,VER,tkinter: multiple checkboxes ticked at once
72074375,2022-05,3,GEN,How to check if a Python Generic type has a specific attribute?
72074345,2022-05,2,VER,the method b.	is_palindrom() does not work
72074327,2022-05,4,GEN,Graph Search on OWL ontology
72074319,2022-05,3,GEN,Async Python: blocking/non-blocking for loop
72074213,2022-05,4,GEN,I wanted to know if there is a function like this (python)
72074195,2022-05,2,VER,Django forms not saving posts to database
72074186,2022-05,3,GEN,Tkinter: TreeViw header background color change not working
72073941,2022-05,3,GEN,Find match of numeric arrays Python
72074092,2022-05,3,GEN,how to find how many common features that two columns share in a data frame in Python
72074079,2022-05,2,VER,Custom Mixin is not showing up
72074060,2022-05,3,GEN,How to scrape links inside td tags in python
72074050,2022-05,2,VER,issue with for loop and display function importing from another file
72074031,2022-05,3,GEN,How can you get input from user in &#39;Output&#39; section instead of &#39;Terminal&#39; section in Visual Studio Code
72074018,2022-05,3,GEN,Need help properly formatting try-except statements with python
72073990,2022-05,3,GEN,How to fix StaleElementReferenceException on Python Selenium?
72073949,2022-05,1,VER,"I&#39;m trying to use twine upload but it doesn&#39;t work, I&#39;m pretty sure my password and username is correct"
72073943,2022-05,2,VER,Using Selenium to get image src inside of a link
72074429,2022-05,3,GEN,How can I plot multiple subplots in a single loop?
72074133,2022-05,2,VER,Pyglet 2.0: How to Manipulate light in 3D projection?
72074474,2022-05,4,GEN,How to use the data from csv file to Matplotlib Bar Chart in jupyter
72074635,2022-05,2,VER,flask handle request but get none
72074495,2022-05,3,GEN,Why do I get a ValueError when trying to create an OrderedDict with a single key/value pair?
72074882,2022-05,3,GEN,Call R object from Python with r. in a Quarto document
72074870,2022-05,2,VER,&quot;open_account&quot; is not defined error/variables not working
72074846,2022-05,1,VER,Deploying Flask API on Heroku gives &quot;app crashed&quot; Error
72074819,2022-05,3,GEN,How do I give a role when someone boosts in discord.py
72074801,2022-05,4,GEN,"invalid literal for int() with base 10: &#39;100,000&#39;"
72074778,2022-05,3,GEN,Extract src of &lt;img&gt; element (selected by class) from multiple HTML pages
72074762,2022-05,3,GEN,How do you define InputExample in Google Bert sentiment analysis?
72074751,2022-05,4,GEN,Add a library path for .whl files to sys.path via a commandline option for python
72074669,2022-05,4,GEN,python [infinite looping] while within while OR if within while
72074662,2022-05,3,GEN,Bit wise operator manipulation
72074477,2022-05,2,VER,Joblib process not working when loading model
72074658,2022-05,2,VER,How to retrieve Product-Names from Searched results for eCommerce Site while performing Automation Testing
72074636,2022-05,3,GEN,If the name of the column is in string return 1 in Python
72073931,2022-05,2,VER,How to use VAE encoded feature to unsupervised anomaly detection
72074605,2022-05,3,GEN,Poisson random variable in python
72074598,2022-05,3,GEN,Plot a single line in multiple colors
72074586,2022-05,4,GEN,"use of print function in python with &quot;,&quot; and &quot;+&quot;"
72074580,2022-05,2,VER,Refreshing context variable with ajax
72074547,2022-05,4,GEN,pandas read_csv() change the index values
72074524,2022-05,2,VER,How to validate Aadhaar XML signature in Python?
72074512,2022-05,3,GEN,Merge list of dictionaries based on common key
72074496,2022-05,2,VER,JupyterDash - Invalid argument `options` passed into Dropdown with ID
72074655,2022-05,3,GEN,Flask Limiter Restrict Acess for a specific user
72073922,2022-05,3,GEN,dataframe merge based on three matching columns
72074121,2022-05,2,VER,PyTorch MNIST shape issue
72073918,2022-05,3,GEN,&quot;Could not convert string to float:&#39;&#39;
72073427,2022-05,1,VER,Css selector returns blank list
72073419,2022-05,1,VER,When upgrading a package with pip it goes on an infinite loop
72073417,2022-05,4,GEN,UserWarning: Geometry is in a geographic CRS. Results from &#39;buffer&#39; are likely incorrect
72073413,2022-05,3,GEN,How to avoid double escape (\\) when reading a string from a csv file in Python?
72073393,2022-05,2,VER,how to controll a netcat reverse shell with python
72073388,2022-05,4,GEN,Why is [:] needed in python array when manipulating it? (rotation problem)
72073381,2022-05,4,GEN,How to convert a char array to a number for sorting?
72073373,2022-05,2,VER,Importing Classes and Name Error on specific functions in class
72073362,2022-05,4,GEN,What&#39;s the ideal module for playing and pausing audio in Python?
72073350,2022-05,2,VER,how to create blendshapes from mediapipe facemesh
72073484,2022-05,3,GEN,How to include a color scale in a barplot?
72073302,2022-05,3,GEN,Pairwise similarity score in a sparse matrix
72073198,2022-05,3,GEN,Python output list of dictionary in specific format
72073168,2022-05,2,VER,Matplotlib Plots: Bold font face not working for Helvetica Neue but works fine with Arial
72073157,2022-05,3,GEN,Computing values for a column in pandas using other columns
72073153,2022-05,2,VER,Python doesn&#39;t write to a file
72073134,2022-05,2,VER,New to Python and Web-scraping. Scraping an HTML table- however it&#39;s not displaying all columns
72073130,2022-05,2,VER,Webscrapping returns []
72073104,2022-05,4,GEN,Numpy broadcasting is not supported by the operant /=
72073078,2022-05,2,VER,How can I limit the screen in pygame?
72073068,2022-05,2,VER,"Creating a [time,lon,lat] dimension from a multidimensional netcdf"
72073065,2022-05,2,VER,Creating a variable from the outcome of an if statement in python
72073242,2022-05,4,GEN,Dynamically changing a list while looping
72073488,2022-05,3,GEN,serializer increases the query in django rest framwrork
72073919,2022-05,4,GEN,Graph tool - Stochastic Block Model vs Leiden
72073495,2022-05,2,VER,Trying to create a Custom Mixin for Class Based Views
72073886,2022-05,4,GEN,Calculate percentage between two numbers
72073875,2022-05,4,GEN,how to make a variable work in a function?
72073871,2022-05,4,GEN,Middle + Center Alignment on Plotly
72073846,2022-05,3,GEN,How to start python thread with control?
72073836,2022-05,4,GEN,Python OpenCV Circle Rant
72073803,2022-05,3,GEN,Throttle keypresses in pygame
72073489,2022-05,3,GEN,can you get results returned other than using pandas on yolov5?
72073755,2022-05,4,GEN,reassign global boolean from a function
72073739,2022-05,3,GEN,(Python) How do you get multiple strings that have the same amount of letters from a list of values in a dictionary?
72073728,2022-05,4,GEN,Python3 interpret user input string as raw bytes (e.g. \x41 == &quot;A&quot;)
72073699,2022-05,2,VER,Assertion error while computing 2D convolution of the 2D input image
72073765,2022-05,1,VER,python selenium for loop
72073668,2022-05,2,VER,"Matplotlib offsetImage with bbox_inches tight pushing image up, creating white space in the bottom and not allowing me t"
72073664,2022-05,3,GEN,How can i Calculate a Queue length
72073663,2022-05,4,GEN,replace the date section of a string in python
72073646,2022-05,2,VER,How to solve OpenAI gym&#39;s &#39;Module has no attribute error&#39;
72073643,2022-05,2,VER,How to scrape in Python Selenium?
72073636,2022-05,3,GEN,How to estimate standard deviation in images with speckle noise?
72073630,2022-05,4,GEN,how to restart the code so that it starts again from scratch?
72073596,2022-05,1,VER,cannot create venv with different python version using pipenv
72073523,2022-05,2,VER,"Trying to code a rock , paper, scissors game in Python"
72073505,2022-05,1,VER,tflite model - model buffer empty
72073686,2022-05,3,GEN,instead of using all these if statements how can I add to the total?
72456456,2022-06,4,GEN,how convert the number of days obtained with timedelta into integers to use arithmetic operations on it
72456479,2022-06,3,GEN,Find max value of a pandas Series
72456480,2022-06,1,VER,ifft(fft(function)) doesn&#39;t give the original function
72456481,2022-06,1,VER,"Cellular automata works in Python, not Javascript"
72456593,2022-06,1,VER,Pyocd and Picoprobe unable to flash nRF51822
72456555,2022-06,3,GEN,Plotting a grouped stacked bar chart
72456557,2022-06,4,GEN,Big O time complexity for limited input
72456589,2022-06,3,GEN,How do I create a new column based on the maximum value found between several other columns?
72456554,2022-06,4,GEN,Is there a faster way I can count the number of occurrences of a number in a list?
72456447,2022-06,1,VER,Querying Sqlalchemy-utils EncrytedType directly as an SQL query
72456234,2022-06,4,GEN,"Why does print(&quot;...&quot;), i.e. three dots in a row, print blank?"
72456404,2022-06,2,VER,Advanced grouping in .csv file with python
72456399,2022-06,1,VER,recv() and recvfrom() functions not receiving data from pcap using Python
72456392,2022-06,4,GEN,"How to input mutilple data types (int, float, string) in a loop and sort it into different lists in python?"
72456345,2022-06,2,VER,How to handle of a python &#39;tkinter&#39; GUI statement?
72456342,2022-06,3,GEN,How to convert Excel file into a Json file to send as request into an api python
72456328,2022-06,3,GEN,How to calculate the quantity of business days between two dates using Pandas
72456290,2022-06,3,GEN,How to display figure in the same windows using tkinter?
72456253,2022-06,2,VER,Write function to connect python with SQL Server in Streamlit?
72456250,2022-06,1,VER,City is not a valid model for User
72456246,2022-06,2,VER,Matching a value to a column and then outputting a string if a conditions are met
72456623,2022-06,3,GEN,Sum of individual labels over a month of granular data
72456416,2022-06,3,GEN,seaborn.FacetGrid on array of arrays
72456644,2022-06,4,GEN,What is the meaning of &#39;flag&#39; in cv2.imdecode?
72456849,2022-06,3,GEN,Converting hourly data in to minute python
72456679,2022-06,1,VER,Why am I getting Value Error here? (Django)
72456212,2022-06,3,GEN,Convert dataframe with two array columns into list of arrays
72457216,2022-06,1,VER,AttributeError: &#39;int&#39; object has no attribute &#39;pk&#39;
72457194,2022-06,4,GEN,What is the time complexity of this reverse string function?
72457169,2022-06,3,GEN,Convert one of the column index to rows
72457168,2022-06,4,GEN,Python language construction when filtering the array
72457129,2022-06,3,GEN,How print li strong without class or id in beautifulsoup
72457090,2022-06,3,GEN,Sort dataframe by multiple columns text and numeric while ignoring case
72457084,2022-06,1,VER,Creating a new post on in wordpress via python and wordress_xmlrpc
72457031,2022-06,4,GEN,Reversing list in place in python with O(1) extra memory
72457021,2022-06,4,GEN,What&#39;s the difference checking if there is key in defaultdict?
72456647,2022-06,3,GEN,Django Login with Email or Phone Number
72457019,2022-06,4,GEN,How to reverse iterate a nested for loop in python?
72456914,2022-06,4,GEN,What does &quot;context&quot; in &quot;def myFunc(context)&quot; mean in python
72456847,2022-06,4,GEN,how to plot X-axis with long Strings in python?
72456845,2022-06,2,VER,Retain f-string space padding when creating a dataframe from a dictionary
72456831,2022-06,4,GEN,Add datetime offset to UTC timestamp
72456810,2022-06,4,GEN,Count occurrences of list element in nested list
72456780,2022-06,3,GEN,python function change hyperparameter name
72456725,2022-06,4,GEN,Optional param for Airflow DAG
72456723,2022-06,3,GEN,H2O AI with own python machine learning model integration with snowflake
72456705,2022-06,4,GEN,Add two arrays with incompatible dimensions that can&#39;t be broadcast
72456687,2022-06,2,VER,Insert an element into an array of nested model Mongodb with PyMongo on FASTAPI
72456934,2022-06,2,VER,Why is my list coming up blank when trying to import data from a CSV file?
72457221,2022-06,2,VER,"smtplib.SMTPAuthenticationError: (535, &#39;5.7.3 Authentication unsuccessful&#39;) for office365.com"
72456146,2022-06,3,GEN,Building a retry mechanism in a while loop in python
72456084,2022-06,3,GEN,How to organise multiple stock data in pandas dataframe for plotting
72455495,2022-06,2,VER,AttributeError: &#39;PathCollection&#39; object has no property &#39;z&#39;
72455487,2022-06,4,GEN,Activating venv and conda environment at the same time
72455444,2022-06,2,VER,Scraping large number of pages (full website) with Python and Selenium
72455427,2022-06,1,VER,"Using PyMuPDF, returned fitz.Document object cannot be opened because &quot;not picklable&quot;. Any recs?"
72455420,2022-06,1,VER,Tkinter | Listbox | I can&#39;t get curselection to work
72455398,2022-06,4,GEN,How to create .txt file with value and current path where this file is save in Python?
72455394,2022-06,4,GEN,Assign each value from one list to another with different number of indexes
72455381,2022-06,2,VER,_tkinter.TclError: image &quot;pyimage1&quot; doesn&#39;t exist [tkinter error]
72455370,2022-06,4,GEN,python how to run loop and append item in list until match with len of old list?
72455369,2022-06,2,VER,Is there a way to combine multiple models into the Sklearn PMML Pipeline function?
72455307,2022-06,4,GEN,write a program that reads positive numbers from the user and stops if the user entered negative numbers
72455305,2022-06,2,VER,Finding longest word in a txt file
72455288,2022-06,3,GEN,What is the code to concatenate 2 dataframes in this specific way with python
72455278,2022-06,3,GEN,Rebinning multidimensional Pandas Dataframe
72455274,2022-06,3,GEN,Giving Roles with Hikari and Lightbulb
72455252,2022-06,2,VER,HTML is being rendered as plain text
72455246,2022-06,4,GEN,calling function as a lambda inside a dict seems to change its output
72455240,2022-06,2,VER,"I want to select data from different df, how can I speed it up?"
72455215,2022-06,3,GEN,Changing column names based on several possibilities of what the original column names could be (pandas)
72455208,2022-06,4,GEN,Splitting Strings In List
72455196,2022-06,3,GEN,How can I rotate x axis labels so they are diagonal and not horizontal on Plotly?
72455507,2022-06,2,VER,Trying to unpack numpy array in a class using Dataset from pytorch
72455526,2022-06,4,GEN,How to return specific key value pair from nested json without knowing location?
72456086,2022-06,3,GEN,"Python OOP question, one class&#39;s value is not updated by another class&#39;s function"
72455547,2022-06,1,VER,Issue with downloading tweets from twitter api (401 Unauthorized)
72456010,2022-06,2,VER,Why I can&#39;t scrape images inside a class or a div?
72456001,2022-06,3,GEN,Alternative to plotly scatter_geo for skymap instead of Earth
72455983,2022-06,3,GEN,Creating continuous arrays through a for loop iteration in python
72455962,2022-06,1,VER,How can I open file on Mac? Python
72455936,2022-06,2,VER,How to tap on a site according to the coordinates obtained by the RBG color of an image?
72455925,2022-06,3,GEN,TypeError : &#39;&gt;&#39; not supported between instances of &#39;int&#39; and &#39;str&#39; on form
72455541,2022-06,2,VER,Programmatically make plot areas have the same dimensions in Plotly Dash dashboard
72455896,2022-06,3,GEN,How can i sort data from a txt?
72455866,2022-06,3,GEN,How can I show the model performance during training?
72455852,2022-06,1,VER,Ampersand in python dont know what is wrong
72455847,2022-06,3,GEN,"LeetCode Problem same Tree, why does my code fail when input contains &quot;Null&quot;?"
72455916,2022-06,2,VER,&#39;can&#39;t find &#39;__ main __&#39; module&#39; in command prompt
72455760,2022-06,4,GEN,Numpy array of np.float32 type setting incorrect data
72455730,2022-06,2,VER,Convert python wand hdr image to numpy array and back
72455709,2022-06,3,GEN,How to access Zoom meeting information using Python
72455673,2022-06,3,GEN,Python: ModuleNotFoundError: No module named &#39;xyz&#39;
72455639,2022-06,3,GEN,Can I use a variable to store a channel ID to be called later? Discord.py
72455601,2022-06,3,GEN,Semaphore synchronization method to create a file python
72455600,2022-06,3,GEN,Is there a way to display an image to the &quot;triggerParameterHints&quot; window in Visual Studio Code?
72455584,2022-06,2,VER,Use Selenium to fill the username and password on this site
72455582,2022-06,3,GEN,discord.py&#39;s on_member_leave event isn&#39;t working
72455558,2022-06,3,GEN,How to assign multiple columns to a series of list pandas
72455810,2022-06,3,GEN,Python: Unable to call function within a seperate function? (undefined name &#39;getItemClassiness&#39;)
72824468,2022-07,4,GEN,pip installing environment.yml as if it&#39;s a requirements.txt
72824482,2022-07,4,GEN,What is the scope of variables in function declarations
72824484,2022-07,4,GEN,how to create a dataframe using unique columns from other dataframe
72824498,2022-07,3,GEN,How do I add an endpoint to my Django backend to run a python script?
72824608,2022-07,3,GEN,How to append Dictionary keys null values in a list?
72824561,2022-07,4,GEN,"Convert a list that intervals start and stop with [1,0,-1] into a step function [0, 1]"
72824584,2022-07,3,GEN,Lookup a Dataframe column that has rows of lists with list and return matching column value of another column
72824590,2022-07,3,GEN,Show execution time for every script that imports a specific module (without defining it inside the script)
72824532,2022-07,3,GEN,Can I set only vertical scrolling for QScroller? (PySide2)
72824467,2022-07,1,VER,python setup.py egg_info did not run successfully on deployment to heroku
72824084,2022-07,3,GEN,Limit leaderboard to 10 users / Divide the leaderboard into pages
72824419,2022-07,4,GEN,Select rows of a data frame in a loop based on list of indexes
72824417,2022-07,3,GEN,Ignoring a specific undefined variable with pyright
72824327,2022-07,3,GEN,How to Save ONLY ONE face picture using OpenCV?
72824292,2022-07,4,GEN,multiply sequence by float
72824262,2022-07,3,GEN,Infinite loop on sum and subtraction currency .2
72824244,2022-07,2,VER,"Issue with Seaborn, not showing the values for Y axis in countplot"
72824236,2022-07,3,GEN,Adding dataframe columns from shorter lists
72824231,2022-07,1,VER,Installing Rasterio
72824213,2022-07,3,GEN,Interactively Disable the Entry Box in Tkinter
72824114,2022-07,1,VER,Display .html file in iFrame uploaded as media file using Django
72824617,2022-07,4,GEN,Regex: Match all characters in between an underscore and a period
72824420,2022-07,2,VER,How to shutdown flask server?
72824636,2022-07,3,GEN,Cannot perform &#39;xor&#39; with a dtyped [float64] array and scalar of type [bool]
72825021,2022-07,2,VER,Flask flash - use bootstrap toast
72824733,2022-07,2,VER,How to safely write TensorFlow model if I&#39;m using multiprocessing?
72825203,2022-07,2,VER,How to set up properly package_data in setup.py?
72824080,2022-07,3,GEN,Datatype issue in sha256 encryption in python
72825192,2022-07,2,VER,How to bypass slider captcha to solve puzzle using selenium?(Python)
72825182,2022-07,3,GEN,How to share variables between routes in Flask (python)
72825151,2022-07,2,VER,"How can i 1. get an id from a canvas 2. fix the canvas misplacement , in kivy with python"
72825139,2022-07,4,GEN,Enumerate in python to For loop
72825137,2022-07,2,VER,ModuleNotFoundError: No module named
72825127,2022-07,3,GEN,Getting status of latest record in python
72825123,2022-07,3,GEN,Display of the correct year of the calendar week
72825117,2022-07,2,VER,Set defaults from JSON schema during validation
72824646,2022-07,4,GEN,Why my loop always add the same value to my dictionnary in python?
72825113,2022-07,3,GEN,How to make == value as a list in python
72825065,2022-07,4,GEN,How can I get the iframe src?
72824918,2022-07,3,GEN,Better way to get dictionary values that are strings in a list or a string
72824876,2022-07,1,VER,Twitter API: Stream encountered HTTP error: 403
72824866,2022-07,1,VER,ValueError: `X_pca` does not have enough PCs. Rerun `sc.pp.pca` with adjusted `n_comps`
72824855,2022-07,4,GEN,Bitwise invert a string and send it to a socket
72824797,2022-07,3,GEN,How do use local variables when passing in strings from a text file?
72824787,2022-07,1,VER,Drive API returns 400 response with INVALID VALUE at pageToken
72824784,2022-07,4,GEN,How to combine words from lists into one?
72824773,2022-07,4,GEN,Pass a tuple of integers to range() function
72824754,2022-07,3,GEN,What machine specs do you need in training of DETR?(End-to-End Object Detection with Transformers)
72825111,2022-07,4,GEN,what value/info will Tk() return?
72825193,2022-07,3,GEN,What happens behind tf.sqrt() call?
72824067,2022-07,3,GEN,"Combining two lists into a dictionary, why do these keys and values not match up?"
72824048,2022-07,1,VER,How do I set multiple files to one folder for reading and writing files?
72823610,2022-07,3,GEN,Iterate through a String while placing its values in a Dataframe
72823607,2022-07,2,VER,Convert jupyter notebook to web application with restricted access
72823544,2022-07,1,VER,Kernel dies whenever using pandas
72823450,2022-07,2,VER,"I want to make the discord bot to not react to a certain user when they edit a message, but it doesn&#39;t work"
72823443,2022-07,3,GEN,Is there a command to import an SPSS data frame (.sav) using dask?
72823416,2022-07,2,VER,"Problem in displaying three tabs control X, Y, Z. I only display two tabs and not three"
72823407,2022-07,4,GEN,Use dataframe row values as input for an API request
72823377,2022-07,4,GEN,How to Compare String in a Dataframe column with a sub-string in another Dataframe and extract the value
72823341,2022-07,3,GEN,Format Scale for Choropleth map in Python
72823321,2022-07,4,GEN,Why when using super().__init__ I can only initialize first parameter in parent class
72823313,2022-07,2,VER,delete 2 duplicate database indexes created on marking a string as primary key in django with postgres
72823311,2022-07,3,GEN,How to get the list text from an class object having string and list in python
72823304,2022-07,1,VER,AttributeError: &#39;NoneType&#39; object has no attribute &#39;shape&#39; using OpenCV on Raspberry Pi 4
72823302,2022-07,3,GEN,how can i use a function to identify if zero is the first number in an alphanumeric string?
72823290,2022-07,4,GEN,Python def to read random line from file
72823277,2022-07,1,VER,Jupyter notebook kernel keeps dying when I run the following import statements
72823273,2022-07,3,GEN,Airflow logging doesn&#39;t show up when log from inside operator
72823253,2022-07,2,VER,"Why my encrypt method doesn&#39;t work, encoding without string argument?"
72823219,2022-07,1,VER,Configparser writes to fie but returns empty result
72823176,2022-07,1,VER,Different datetimes displayed in view and template in Django
72824054,2022-07,4,GEN,"Python, I have several ideas on how to solve this, but which should be the correct one?"
72823648,2022-07,2,VER,Cannot get functions to execute in the Python setup.py in spite of following all the instructions
72823655,2022-07,2,VER,What does this error mean in my GUI app and how to fix it?
72823376,2022-07,4,GEN,How to use another variable within JSON data?
72823664,2022-07,1,VER,Timeout error while trying to connect to a remote Oracle Database in Python using cx_Oracle within a virtual environment
72823662,2022-07,3,GEN,Python Tkinter Treeview Filters
72823970,2022-07,2,VER,Tensorflow error when defining sequential model
72823934,2022-07,2,VER,MetPy and grb2 file opening issue: xarray&#39;s Value Error
72823920,2022-07,4,GEN,Is there a way to multiply all items in a list by an integer?
72823916,2022-07,3,GEN,How can I make Pandas read SQL?
72823906,2022-07,4,GEN,Django: Passing parameters in URL as query arguments
72823902,2022-07,4,GEN,How to return a default attribute for a class&#39; instance?
72823893,2022-07,2,VER,How do we pass the data with url while post or get request?
72823876,2022-07,3,GEN,How do I temporarily block a packet being sent from my computer to an ip address?
72823871,2022-07,3,GEN,Issue looping through websites
72823843,2022-07,4,GEN,is it possible to view php information when scraping a site&#39;s html using python?
72824019,2022-07,4,GEN,Dump a list in Python dict into YAML file as examples
72823803,2022-07,3,GEN,How can we download multiple CSV files from a URL?
72823816,2022-07,4,GEN,Is there a way to get the person who gave the role?
72823690,2022-07,2,VER,"AttributeError: &#39;MDDataTable&#39; object has no attribute &#39;add_row&#39;, &#39;remove_row&#39; &amp; &#39;update_"
72823703,2022-07,4,GEN,Docker Python SDK Help: docker container ls --format &quot;{{json .}}&quot;
72823741,2022-07,4,GEN,Is this the correct way to interpret the Counter method in Python
72823744,2022-07,4,GEN,Pandas Multi-index: sort second column by frequency of values
72823675,2022-07,1,VER,numba jit mode memory leak issue?
72823770,2022-07,2,VER,python does not run for loop
72823786,2022-07,2,VER,strange python error where the compiler-error changes the case of a letter
72823793,2022-07,2,VER,Download direct download to specific folder
72823768,2022-07,2,VER,Connecting to Bigquery by Python: ProjectId and DatasetId must be non-empty
73188906,2022-08,1,VER,Anaconda-Navigator.app missing after installation on M1 macOS Monterey
73189054,2022-08,4,GEN,Replacing all non-zero elements with a number in Python
73188996,2022-08,1,VER,Powershell request works but python request does not
73188992,2022-08,4,GEN,How to add multiple key values at once
73188984,2022-08,3,GEN,Pandas count True/False from last row since a switch
73188983,2022-08,3,GEN,spark (python) dataframe - iterate over rows and columns in a block
73189080,2022-08,1,VER,"joints renaming (maya python): loop is tested over for right joint selection, still matching name error"
73188919,2022-08,1,VER,Flask SQLite cant delete a specific row of a unique pincode from database
73188917,2022-08,1,VER,I can used discord.py command before but now it&#39;s not work
73188887,2022-08,3,GEN,How to read only integer values from serial data in python?
73188808,2022-08,2,VER,Why does the first IF statement not working in this recursion
73188881,2022-08,3,GEN,What does the third line in this code mean in Python?
73188838,2022-08,2,VER,Django TestCase check ValidationError with assertRaises in is throwing ValidationError
73188814,2022-08,2,VER,How can I convert this to an integer? I keep getting this error: ValueError: invalid literal for int() with base 10
73188811,2022-08,4,GEN,Python：Fail to reverse a list in global frame with an assignment statement in a function
73188805,2022-08,1,VER,&#39;Interaction&#39; object has no attribute &#39;bot&#39; nextcord menus
73188799,2022-08,1,VER,Gensim 4.2.0 downloader function is missing
73188712,2022-08,2,VER,Remove unnecessary final month from x-axis tick
73188705,2022-08,1,VER,scrape article from a website that requires credential with scrapy
73188697,2022-08,3,GEN,Using Python Bisect on List of Lists Throw Error
73189094,2022-08,3,GEN,pandas groupby apply: returning a dataframe with groupby items as index
73188883,2022-08,3,GEN,How to filter and process on a dataframe for some different conditions and combine them without using for loop?
73189147,2022-08,4,GEN,What is the python code for find all the possible values?
73188690,2022-08,4,GEN,Pandas data analysis: finding frequency of responses
73189190,2022-08,1,VER,Could not synchronize CUDA stream: CUDA_ERROR_LAUNCH_FAILED: unspecified launch failure
73189867,2022-08,1,VER,Incompatible module packages need to be solved
73189755,2022-08,3,GEN,JikanPy sorting output to just urls
73189719,2022-08,4,GEN,Find missing elements and insert value in place in Python
73189717,2022-08,3,GEN,How can i transform the dataset so that one line has one id based on column value?
73189686,2022-08,4,GEN,Creating triangle pattern in python looping two characters using nested loop
73189663,2022-08,2,VER,Text in Entry widget going out of view
73189636,2022-08,4,GEN,Adding symbols to some variables in matplotlib bar plots
73189635,2022-08,3,GEN,Update status in Jira ticket
73189631,2022-08,4,GEN,Label timestamps in between time intervals of another df in Python
73189616,2022-08,3,GEN,What is the right way to wrap non-python objects so methods have text comprehension?
73189161,2022-08,2,VER,Static object with pymunk and pygame not working
73189602,2022-08,4,GEN,Wondering how I can use a variable that is defined inside a def outside of the def and in the rest of my code
73189531,2022-08,3,GEN,How could I use Dijkstra&#39;s shortest path for this problem? if the puzzle have no edge values?
73189476,2022-08,4,GEN,Disable command prompt to show every training step
73189456,2022-08,3,GEN,MissingSchema: Invalid URL &#39;&#39;: No schema supplied. Perhaps you meant http://? in python
73189429,2022-08,1,VER,How to drop pandas dataframe rows based on conditions that consider other dataframe
73189409,2022-08,3,GEN,How to extract key info from &lt;script&gt; tag
73189405,2022-08,2,VER,Python requests library removes some characters in URL when sending request
73189403,2022-08,3,GEN,How to print the series in python
73189285,2022-08,2,VER,Tkinter Stop Frame from Overlapping
73189225,2022-08,3,GEN,How to calculate the largest possible common subnet among multiple IP addresses?
73189191,2022-08,3,GEN,Generating a list with a list comprehension using partial string matches between two lists
73189588,2022-08,3,GEN,Djongo+Mongo add expiration (auto-delete) to model objects
73188664,2022-08,3,GEN,How to group gridspec with nrows and ncols using a for-loop
73189135,2022-08,4,GEN,Optional if in nested ifs in Python
73188635,2022-08,3,GEN,Why do these bits of code not work the same? (python list comprehension question)
73188205,2022-08,4,GEN,"tkinter multiple buttons invoke same function, how to determine the clicked one?"
73188137,2022-08,1,VER,How to change the appearance of Jupiter Notebook to default
73188124,2022-08,1,VER,Web Scrapping just return None
73188122,2022-08,4,GEN,How to filter rows in a Dataframe(df) where df[list] has all values less than specific float value
73188111,2022-08,1,VER,Error: Certificate verify failed: unable to get local issuer certificate
73188102,2022-08,4,GEN,Question about copy parameter in `Pandas.Series`
73188094,2022-08,2,VER,"How do I initialize a variable on an object class creation, to the return of a parent function?"
73188063,2022-08,1,VER,ModuleNotFoundError: No module named &#39;server_types&#39; Ansible module development
73188054,2022-08,1,VER,Modeling helper functions causing cell to time out
73188050,2022-08,2,VER,Smartsheet API in Python: how to access response data from client
73188208,2022-08,4,GEN,How to see only 5 high results from the duplicates
73188010,2022-08,1,VER,openCV issue with .set()
73187971,2022-08,1,VER,Unable to add metadata to mp3 (AttributeError: &#39;NoneType&#39; object has no attribute &#39;initTag&#39;)
73187965,2022-08,2,VER,Airflow on_failure_callback function is not being triggered if task fails but the DAG is successful
73187931,2022-08,3,GEN,how to obtain key pair values from an API JSON column - Jupyter Notebook
73187923,2022-08,4,GEN,Applying torch.combinations on multidimensional tensor or tuple of tensors in PyTorch?
73187918,2022-08,2,VER,Refreshing page rather than creating new window in PySimpleGUI
73187914,2022-08,2,VER,Iterating over a dictionary and adding the values
73187905,2022-08,4,GEN,Shuffling two 2D tensors in PyTorch and maintaining same order correlation
73187868,2022-08,3,GEN,Printing out a specific part of text from requests
73187837,2022-08,1,VER,ItemSelectionModel for custom QAstractTableModel
73187799,2022-08,1,VER,Truncated figure with plotly
73187982,2022-08,1,VER,Unable to specify foreign key in managed model to non-managed model (Django 3.2.7 / Postgresql 10.18)
73188210,2022-08,4,GEN,I want solve this Equations in python
73187792,2022-08,2,VER,How to get the minimum item from list depending on condtion in card game
73188243,2022-08,3,GEN,Why does using .decode() consume both instances of a file? Python Flask
73188648,2022-08,3,GEN,How do I scrape data inside of the each product- which are individual subpages? [Selenium]
73188595,2022-08,1,VER,Run migrations on Dockerfile deploying on Elastic Beanstalk
73188586,2022-08,3,GEN,Extracting all JavaScript filenames from a log file using bash script
73188582,2022-08,2,VER,Having Trouble with Simple IF ELSE
73188551,2022-08,4,GEN,Automating install of a mix of conda-forge and pip python libraries
73188528,2022-08,3,GEN,How to determine in Clang API if a reference is to a global?
73188523,2022-08,2,VER,"how i can subdivide object with blender python , i get error object mode to edit mode (Operator bpy.ops.object.mode_set."
73188494,2022-08,2,VER,Why doesn&#39;t my Python Tkinter Button show up
73188486,2022-08,4,GEN,How to do a pandas join if the match might appear in either of two columns?
73188479,2022-08,3,GEN,Inner workings of pytorch autograd.grad for inner derivatives
73188476,2022-08,2,VER,i want to show file dialog to select file on windows from web application running on amazon linux2
73188517,2022-08,3,GEN,How to only perform action once instance created?
73188454,2022-08,1,VER,Cannot import library in notebook
73188434,2022-08,4,GEN,exclude field from a nested serializer
73188433,2022-08,2,VER,change direction of networkx graph
73188263,2022-08,3,GEN,Obtain the commom coefficient of a quadratic sum in sympy
73188411,2022-08,4,GEN,Replace everything after the last occurrence of the given keywords in a string
73188399,2022-08,1,VER,Creating a function to compare multiple DataFrames
73188383,2022-08,2,VER,Openpyxl - turn off Bandedcolumns - table formatting
73188352,2022-08,3,GEN,Use Signal to pass QImage from a Worker Thread to Main UI Thread to Display in pyqt5 GUI (Python)
73188325,2022-08,3,GEN,Get the first day and selected day of the month according to the selected date and month from dataframe
73188299,2022-08,2,VER,How to list all groups in GCP?
73188468,2022-08,3,GEN,Amount of stage by day given stage change dates
73564132,2022-09,3,GEN,how to implement big query in pandas
73564183,2022-09,2,VER,Colors in pillow-generated image viewed in tkinter don&#39;t match colors in saved file
73564219,2022-09,4,GEN,Break bytes of a file into 2 parts
73564275,2022-09,3,GEN,How to pass context data to an another file as a dict/list/any format in django?
73564238,2022-09,3,GEN,Opencv findContours() and drawContours() show hollow contours
73564255,2022-09,3,GEN,Process columns based on column names in another column
73564271,2022-09,3,GEN,TypeError: Object of type DataFrame is not JSON serializable
73564123,2022-09,4,GEN,Iterating 2 permutation sets
73564223,2022-09,3,GEN,Returning value in a nested function when using memoization
73564117,2022-09,3,GEN,How do I remove overflow along the z-axis for a 3D matplotlib surface?
73563992,2022-09,2,VER,SQLAlchemy Redshift IAM User Connection String (Python)
73564093,2022-09,2,VER,Matplotlib doesn&#39;t plot correct graph and its scales
73564087,2022-09,3,GEN,Why is my function not returning the strings I want to return when a winner is found in my tic tac toe game?
73564070,2022-09,3,GEN,change linewidth in chord plot
73564057,2022-09,4,GEN,Cant replace all the word with replacement in python based on the match in dictionary list
73564054,2022-09,4,GEN,How to document *args parameter for method? [Python]
73564053,2022-09,2,VER,Python returns an empty list during web scraping using BeautifulSoup
73564052,2022-09,3,GEN,"How to find cliques without repeating nodes, in a way that puts the largest number of nodes in a clique"
73564027,2022-09,4,GEN,Split a string containing multiple tuples into list of string tuples
73564018,2022-09,3,GEN,How do I disable a VM Locks using Azure REST APIs?
73564285,2022-09,1,VER,mysql.connector.errors.OperationalError: 2055: Lost connection to MySQL server at &#39;localhost:3306&#39;
73564116,2022-09,3,GEN,How to keep multiple render_template() of different forms in one page
73564291,2022-09,2,VER,"Django user activation doesnt work with token -- TypeError: a bytes-like object is required, not &#39;str&#39;"
73564707,2022-09,3,GEN,Updating text file
73564340,2022-09,3,GEN,python logger KeyError &#39;messages&#39;
73563970,2022-09,3,GEN,Trying to get oldest file in entire directory
73564957,2022-09,3,GEN,how to use image as option in django model form
73564936,2022-09,4,GEN,Django Migratons: What is the best default way to dump and load data in DB apart from using third party app?
73564843,2022-09,3,GEN,How can I stop this from giving me an error (Python 3)
73564829,2022-09,4,GEN,why Try block is retuning SyntaxError before executing except block in Python3?
73564826,2022-09,3,GEN,How to normalize unicode strings in Snowflake?
73564800,2022-09,3,GEN,Django query to filter date range
73564784,2022-09,1,VER,Scrapy is closing my spider while a loop isn&#39;t finished
73564774,2022-09,3,GEN,How to loop through many columns
73564771,2022-09,3,GEN,FastAPI is very slow in returning a large amount of JSON data
73564314,2022-09,3,GEN,"how to check some running program status, inside flask backend?"
73564751,2022-09,3,GEN,Removing words to the right of a string in a dataframe
73564732,2022-09,4,GEN,Rewriting for loop with jax.lax.scan
73564704,2022-09,4,GEN,How does Reverse String Slicing works in Python?
73564659,2022-09,1,VER,Create auto download backup from web with selenium
73564576,2022-09,3,GEN,Require one of two optional arguments in pydantic model
73564558,2022-09,3,GEN,How to compare date values from rows in python polars?
73564550,2022-09,4,GEN,How do i call a function that&#39;s inside a class from outside of the class?
73564547,2022-09,4,GEN,Running a function inside a function
73564465,2022-09,4,GEN,How can I make string upper and lower
73564451,2022-09,4,GEN,How to make method call in a class thread-safe in python?
73564348,2022-09,3,GEN,How do I combine subplots in matplotlib?
73564748,2022-09,3,GEN,PyQt5 Access GUI elements from QThread
73563965,2022-09,3,GEN,How to calculate the outliers in a Pandas dataframe while excluding NaN values
73564980,2022-09,3,GEN,Problem with adding checkmark/radio button in kivy
73563867,2022-09,4,GEN,Is there a way to make certain letter variables a default value?
73563367,2022-09,4,GEN,Having trouble with for loop range lens question Python
73563343,2022-09,4,GEN,python PIL image.getdata() returns data returns more data than is expected
73563332,2022-09,1,VER,Use config file for pip within build
73563328,2022-09,2,VER,How can I send multiple documents to Elasticsearch datastream using Python?
73563323,2022-09,4,GEN,Filter 2d coordinate numpy array by mask
73563318,2022-09,2,VER,Python BeautifulSoup4 news scraper giving odd error
73563305,2022-09,3,GEN,Count continuously occurring values for each group pandas
73563304,2022-09,3,GEN,Python Dictionary Additions
73563299,2022-09,2,VER,Discord.py 2.0 - Handle interactions failed when using same command in parallel
73563274,2022-09,1,VER,PYTHON | Apps Unable to Take Automated Mouse Input
73563384,2022-09,4,GEN,How to get unique combinations that don&#39;t have repeating number if only given two integers?
73563253,2022-09,4,GEN,What is a temporary object in python 3?
73563204,2022-09,1,VER,Error when creating SparkSession in PySpark
73563186,2022-09,2,VER,Can a Dataframe of NBA players be sorted by various conditions: to combine the rows of players w/ multiple entries bc th
73563158,2022-09,3,GEN,Is there a way to iterate through rows of a DataFrame and append some to a separate DataFrame?
73563154,2022-09,3,GEN,Create inverted index from a dictionary with document ids as keys and a list of terms as values for each document
73563131,2022-09,4,GEN,booleen mask for datatypes using pandas?
73563105,2022-09,3,GEN,How can I find the page which is scraped now using selenium?
73563089,2022-09,3,GEN,How can I append dataframes in a for loop that were generated from try-except
73563077,2022-09,1,VER,Deploy Django Prject in AAPnael
73563061,2022-09,1,VER,PIP does nothing on windows 11
73563053,2022-09,3,GEN,Making a flexible variable inside of an if statement
73563239,2022-09,1,VER,ModuleNotFoundError: No module named &#39;flask_debugtoolbar&#39;
73563409,2022-09,3,GEN,Pandas (python) Extract sum of values in different rows using one column as filter
73563885,2022-09,3,GEN,Python: How to Read Multiple Strings in csv File to Compare to Another Singular String for Twitch Bot
73563485,2022-09,3,GEN,Reading a .dat file in Python corrupts the file
73563804,2022-09,4,GEN,What is the recommended way to instantiate and pass around a redis client with FastAPI
73563789,2022-09,4,GEN,How to access a parent instance variable using super()
73563761,2022-09,4,GEN,How the following python string are generated?
73563754,2022-09,3,GEN,How to find outliers and invalid count for each row in a pandas dataframe
73563689,2022-09,4,GEN,lambda function with user input
73563684,2022-09,3,GEN,How to print fp in HTTPError?
73563440,2022-09,1,VER,Pycharm Code Completion does not work in methods or functions
73563678,2022-09,4,GEN,How to save a position in a file while reading it in Python?
73563677,2022-09,4,GEN,Setting torch.nn.linear() diagonal elements zero
73563665,2022-09,1,VER,"After splitting settings.py file, mod_wsgi failed to exec Python script file. And application = get_wsgi_application() e"
73563651,2022-09,3,GEN,How to put multiple marks on the same line chart
73563683,2022-09,4,GEN,How to restrict python input to only allow letters and space
73563592,2022-09,1,VER,Creating and clearing widgets in KivyMD result in memory(RAM) increases
73563591,2022-09,1,VER,ImportError: cannot import name &#39;get_rule_detail&#39; from &#39;jira_plug.utils.rule&#39; (D:\code\ido-jira-plug\Ido
73563578,2022-09,4,GEN,Is there something like list comprehensions for collections.deque in Python 3?
73563559,2022-09,3,GEN,How can I efficiently factor out similar contexts from multiple views in Django?
73563528,2022-09,2,VER,TypeError: bad operand type for unary +: &#39;str&#39; when I give the command
73563524,2022-09,3,GEN,Comparing two dataframes with same columns and different rows
73563518,2022-09,2,VER,How to reduce space between text box and chart without moving the text box?
73563506,2022-09,4,GEN,while loop in command prompt python
73563505,2022-09,3,GEN,Replace values ​in a column with similar values ​in another column with different size - Python
73563496,2022-09,3,GEN,Showing Details in Django Admin for Many to Many Relationship
73563648,2022-09,2,VER,Ajax sending data to django python
73916103,2022-10,2,VER,Syntax error in module &#39;lambda_function&#39; for random.choices?
73916163,2022-10,3,GEN,Looping nested JSON object in python to collect selected fields and save to use in another request
73916178,2022-10,1,VER,Can&#39;t Define user function in python
73916183,2022-10,4,GEN,Find maximum combination sum with two separate target values as constraints
73916257,2022-10,3,GEN,Predict actual result after model trained with MinMaxScaler
73916223,2022-10,1,VER,I just can&#39;t figure out this simple calculation in python
73916248,2022-10,3,GEN,patch object or method fails
73916254,2022-10,3,GEN,Python: YouTube Data API v3 how to return results by date
73916206,2022-10,1,VER,"python function appear to not be called, how is this possible?"
73916100,2022-10,1,VER,Printed the code insufficient number of times
73915848,2022-10,1,VER,Flask-Login current_user changing to the most recent User class query result
73916068,2022-10,2,VER,How to solve No module named &#39;django.contrib.staticfilespages&#39; in Django?
73916030,2022-10,3,GEN,how to import variable from while loop in different python program
73916010,2022-10,3,GEN,Sending a dm to my friend on discord via my account without opening discord in python
73915997,2022-10,1,VER,Delay in receiving first message from a websocket connection
73915951,2022-10,3,GEN,Finding imbalance in all sliding window permutations of an array
73915928,2022-10,4,GEN,python | I have json file : contains dictionaries inside some keys list and this list contains a dictionary
73915925,2022-10,4,GEN,How to create a exception for a while loop to repeat a input
73915919,2022-10,2,VER,How can I iterate over a function
73915881,2022-10,1,VER,Shuffling an array every run in Python
73915852,2022-10,3,GEN,How to connect input to each deep layer?
73916269,2022-10,2,VER,How to define ner_model in spacy
73916072,2022-10,4,GEN,Explaine me what difference between this codeblocks and why 1st doesn`t do anything.(Need to create username using first
73916301,2022-10,4,GEN,How to make code run after a tkinter window pop up
73916434,2022-10,2,VER,VS code Import issue with local module
73916352,2022-10,3,GEN,Python string formatting using regex
73915844,2022-10,3,GEN,How do I get left and right Y axes with the same scale but different labels?
73916666,2022-10,3,GEN,Webscraping with python - with interactive website
73916648,2022-10,1,VER,temporary failure in name resolution when using multiprocess with wsl
73916629,2022-10,1,VER,fail installing keybert on python 3.10.4
73916611,2022-10,1,VER,Import Error: playsound(&#39;D:\\Music\\abc.mp3&#39;) works in REPL but not in VS Code
73916570,2022-10,1,VER,fastapi api not sending response to XMLHTTPRequest (python and javascript)
73916554,2022-10,3,GEN,deleting every nth element from a list until 1 element remains
73916547,2022-10,4,GEN,How would you math random &amp; use substring in python(Converting NodeJS to Python)
73916546,2022-10,3,GEN,How to expand a branch without selecting it? (Tkinter Treeview)
73916544,2022-10,4,GEN,How to change float to int if it&#39;s mathematically int? 2.0 -&gt; 2. 2.5 -&gt; 2.5
73916343,2022-10,4,GEN,How to fix certain elements and shuffle the rest in Python
73916516,2022-10,4,GEN,What is exactly the difference between method and function in Python language?
73916442,2022-10,1,VER,Fine Tuning Stable Diffusion
73916424,2022-10,3,GEN,How can I read YUV in opencv with python?
73916417,2022-10,3,GEN,Delete whole line in text file Python
73916399,2022-10,1,VER,Loop through the columns of a Dataframe to modify a slice of it
73916387,2022-10,3,GEN,plotly: fix the position of text which aligned to the gauge in Indicator
73916385,2022-10,4,GEN,Python difference between [:-1] and [::-1]
73916383,2022-10,3,GEN,How to customize hoverlabel in Plolty-python?
73916378,2022-10,3,GEN,read the csv (into a pandas df) located inside nested zip folder
73916372,2022-10,4,GEN,im trying to get the sum of the variables but when i try to get the output the answer says 812 but i want the answer to 
73916367,2022-10,2,VER,Python: Scrabble game: scoring wildcards as 0 instead of the alphabet score
73916510,2022-10,4,GEN,Calculating length of Polyline using a loop? python
73916700,2022-10,4,GEN,python 310 build dynamic url query dict from json response
73915833,2022-10,3,GEN,Python: How to skip JSON object if library object doesn&#39;t exist
73915796,2022-10,2,VER,PySide6 QDockWidget Shadow disappears while using setTitleBarWidget
73915337,2022-10,1,VER,Python not writing data to MySQL
73915267,2022-10,4,GEN,What does a class followed by method does in Python
73915251,2022-10,2,VER,ModuleNotFoundError: No module named &#39;transformers.modeling_albert&#39;
73915245,2022-10,1,VER,Why do I keep getting the same val_accuracy in text classification with lstm?
73915243,2022-10,4,GEN,Python: Condensing code into nested for loop
73915233,2022-10,1,VER,"Python - Function always returns the same output regardless of input, how can I fix this?"
73915223,2022-10,1,VER,Conda doesn&#39;t upgrade to the latest version and CondaValueError: Key &#39;subdir&#39; is not a known primitive param
73915198,2022-10,2,VER,How can I prevent my values from restarting when I receive a post request?
73915176,2022-10,4,GEN,Why do I get a NameError when I run this list comprehension inside a class
73915163,2022-10,4,GEN,Creating a fuction for train_test from tuple
73915158,2022-10,1,VER,MapReduce works when reduce tasks=1 but not when I increase number of reducers?
73915131,2022-10,3,GEN,How to plot my confusion matrix after fitting my model?
73915085,2022-10,2,VER,Edit Minecraft .dat File in Python
73915067,2022-10,1,VER,Module not found Error while running flask
73915065,2022-10,2,VER,Retrieving field values for previous Podio item revisions
73915058,2022-10,3,GEN,Python - Generate permutations by key from key value pair list
73915052,2022-10,1,VER,create_image is not moving horizontally when im clicking arrow key
73914994,2022-10,3,GEN,Splitting a string which contains mathematical operators in python
73914970,2022-10,3,GEN,PyQt5 QCheckbox with image
73914963,2022-10,1,VER,Invalid literal for Int() base 10
73915831,2022-10,2,VER,"Rabbits, Rabbits, Rabbits project with new file in python(cs1400)"
73915365,2022-10,4,GEN,Return rows that have the same value in one column but the column value is unknown
73915380,2022-10,3,GEN,Python How can I use Folium in streamlit to show a map and when I hover to a market it pop up an image?
73915191,2022-10,1,VER,How to change string in setTitle for a generated text from outside class
73915435,2022-10,3,GEN,mapbox how can I add a label to a linestring in python?
73915392,2022-10,4,GEN,Why does the following string work without an additional escape?
73915741,2022-10,4,GEN,Regarding counting of duplicate values in data
73915705,2022-10,2,VER,How to find a max of a list inside a dataframe inside a for loop?
73915703,2022-10,4,GEN,Why does &#39;%0.0f%%&#39; need a modulus symbol after it in this context?
73915680,2022-10,4,GEN,Reversing matrix indices in Python
73915662,2022-10,2,VER,AttributeError: can&#39;t set attribute for workbook
73915658,2022-10,3,GEN,How to shorten if statement code in Python
73915647,2022-10,3,GEN,split a string in a column when it encounters date
73915637,2022-10,4,GEN,Finding max value from list without using max function. Must return none if list empty?
73915636,2022-10,3,GEN,Matplotlib how to increase the width of y-axis data?
73915613,2022-10,1,VER,Word Decoder Python
73915775,2022-10,3,GEN,Pandas aggregating groupby object using multiple conditions in other columns
73915563,2022-10,4,GEN,Count the occurrences of a group from a column in pandas
73915569,2022-10,4,GEN,how can I do the action based on user input in python
73915455,2022-10,2,VER,Direct URL to a file in Django Template
73915456,2022-10,4,GEN,How to Remove duplicate labels in subplot legend
73915499,2022-10,3,GEN,how to merge many tables (having same columns) into one table with adding new index column in python
73915532,2022-10,2,VER,Getting the expected dimensions of the Jacobian with JAX?
73915441,2022-10,4,GEN,How do I increment a value in a while loop in Python&gt;?
73915541,2022-10,3,GEN,VSCode mouse-over information for python
73915547,2022-10,2,VER,Acces Azure Synapse from Databricks using system managed identity
73915562,2022-10,1,VER,It&#39;s a number game and I cant spot the mistake
73915535,2022-10,1,VER,Unable to Deploy Django in Heroku
74271198,2022-11,2,VER,"How do we extract JSON data from Binance using Pandas in python, to get account equity?"
74271364,2022-11,3,GEN,Python - getting src from a table cell
74271360,2022-11,3,GEN,Pandas drop duplicates and keep first entry when fulfilling multi column condition
74271346,2022-11,3,GEN,missing 1 required positional argument: &#39;after&#39;
74271324,2022-11,2,VER,django.urls.exceptions.NoReverseMatch: &#39;user&#39; is not a registered namespace
74271300,2022-11,2,VER,Not getting the correct result for my output in average function
74271398,2022-11,3,GEN,Pyspark merge 2 Array of Maps into 1 column with missing keys
74271221,2022-11,4,GEN,I want to do a 2X3 transposition in python but can&#39;t
74271205,2022-11,3,GEN,python selenium how to handle webpage randomly generates popups
74271193,2022-11,4,GEN,Filter out index from 2-D numpy array
74271117,2022-11,3,GEN,Sympy relationals as_set within an interval
74271162,2022-11,3,GEN,Pandas change of state (decomposition)
74271155,2022-11,3,GEN,Removing trailing whitespace for a tic tac toe board in python
74271140,2022-11,4,GEN,How to effectively iterate by many foreignkey objects with Django ORM?
74271139,2022-11,3,GEN,Python Max retries exceeded with url while using request
74271109,2022-11,3,GEN,How to show dictionary data in table format in terminal
74271091,2022-11,4,GEN,"How to loop through each row within a dataframe that contains a string, and match such string to each item in a list?"
74271089,2022-11,4,GEN,Pandas: how to set column values to np.NaN if they don&#39;t match a list of strings
74271056,2022-11,3,GEN,Classifying curve shapes
74271011,2022-11,3,GEN,Problems while printing numbers in Python
74271413,2022-11,1,VER,from app import db // No module named &#39;flask&#39;
74271184,2022-11,2,VER,Creating a new series for a Pandas data frame with boolean values but a non boolean index
74271425,2022-11,2,VER,GARCH models in Numpyro
74271005,2022-11,1,VER,my line 34 code in python has an error and I don&#39;t know what is the problem?
74271556,2022-11,3,GEN,How to print the content of the last saved text file in a folder using Python
74272097,2022-11,2,VER,Python type error: &#39;numpy.ndarray&#39; object is not callable--how to fix?
74272051,2022-11,1,VER,error when install pygame using -m pip install pygame from cmd
74272036,2022-11,3,GEN,How to check that there is no `1` touching a border in a 2D-list of `0` and `1`
74272010,2022-11,4,GEN,Python list - call function with different values
74271960,2022-11,4,GEN,Does mypy not allow you to define the same variable twice?
74271918,2022-11,2,VER,Parsing a DataFrame
74271865,2022-11,4,GEN,Save List of Lists in a file
74271854,2022-11,4,GEN,How to return output as &#39;int&#39; instead of &#39;numpy.int64&#39;?
74271821,2022-11,3,GEN,I want to validate my array json data having value as &#39;None&#39;
74271781,2022-11,2,VER,asyncio.gather() is starting first two tasks but not the third one
74271533,2022-11,3,GEN,Is there a way to screenshot instagram without making it logging in more than once in selenium?
74271775,2022-11,3,GEN,Create new a DataFrame from itself with its transpose
74271728,2022-11,3,GEN,How can I get my column to drop decimals unless it&#39;s necessary
74271690,2022-11,4,GEN,How to create lists given a number without writing everything line by line?
74271681,2022-11,4,GEN,how to get aligned output of two list?
74271669,2022-11,3,GEN,0-1 Knapsack problem with bound in the number of items
74271648,2022-11,4,GEN,Joining data frames one after the other with no matching columns - Python pandas
74271642,2022-11,4,GEN,How do I do this? I can&#39;t find logic here
74271640,2022-11,3,GEN,Show a random number every second in Kivy
74271596,2022-11,2,VER,Python get data from IPFS error HTTPError: 405 Client Error: Method Not Allowed for url
74271582,2022-11,4,GEN,Python Multiple inheritance doesn&#39;t seem to be &quot;depth first&quot;. Or am i missing something obvious
74271565,2022-11,3,GEN,Plot a graph for the data types of a DataFrame
74271738,2022-11,2,VER,How to summarise data to make a grouped bar chart in Altair / Streamlit
74270987,2022-11,4,GEN,How to Find the number of rows and columns in QGridlayout in PyQt5?
74272143,2022-11,3,GEN,Remove the row from dataframe if the column(position) contains a value from list
74270977,2022-11,3,GEN,Loop scrapes the same page 20 times instead of iterating through range
74270556,2022-11,4,GEN,fetching value between an anchor tag with bs4 or regex
74270537,2022-11,4,GEN,I am new to regular expression can someone help me convert this to regular expression using Python?
74270504,2022-11,3,GEN,Matplotlib and TKinter - Is there a way to have a graph update dynamically with button presses?
74270503,2022-11,3,GEN,Python transpose/swap dataframe column and row in csv file
74270482,2022-11,4,GEN,Running an infinite loop worker in python with a HTTP health check endpoint
74270451,2022-11,3,GEN,Best way to do operations in np.matrix with conditions on the indexes
74270443,2022-11,3,GEN,Encoding problem when I want to save a CSV in Python
74270428,2022-11,3,GEN,How to extract delivery time from an email with Python?
74270414,2022-11,1,VER,Pandas Keyerror &#39;date&#39; is defined code worked in the past but does not
74270405,2022-11,4,GEN,"swap name and surename with that is spaced with ,"
74270581,2022-11,3,GEN,How can I convert a CSV file into a list in Python and then write the list data to a new CSV file?
74270404,2022-11,3,GEN,Problem getting data from callback(data):
74270364,2022-11,2,VER,Trying to access widget from other class tkinter
74270345,2022-11,3,GEN,Convince Python-CFFI to find shared lib
74270323,2022-11,3,GEN,How to filter in HTML using a field from model?
74270302,2022-11,2,VER,Python fill empty cells in dataframe based on the values of other column values and conditions
74270287,2022-11,4,GEN,opening Python script mode on a mac
74270286,2022-11,2,VER,How to heapify heapq based on multiple conditions of same attribute
74270271,2022-11,2,VER,How do I get these tags in hover element using Python + Selenium
74270265,2022-11,3,GEN,Expand dict to dataframe with one value of key is list
74270252,2022-11,2,VER,how to get email address from web page using selenium webdriver?
74270221,2022-11,3,GEN,How do you append a specific row from one data frame to another Data frame?
74270368,2022-11,3,GEN,How to grab specific cell values in Excel sheet using Pandas
74270599,2022-11,3,GEN,TypeError: element_to_be_clickable() takes 1 positional argument but 2 were given [Selenium | Python]
74270985,2022-11,3,GEN,How to make a gauge chart dynamic?
74270611,2022-11,2,VER,pop index out of range error in Python when modifying a copy of lists and dictionaries while iterating through the origi
74270960,2022-11,2,VER,How can I click &quot;onclick&quot; elements using selenium and Python?
74270945,2022-11,3,GEN,Python encoding errors latin-1 PyPDF2
74270904,2022-11,3,GEN,Pandas csv write not understanding empty space inside double quotes
74270903,2022-11,4,GEN,beautifulsoup - obtaining the tag and it&#39;s parent from the text inside?
74270901,2022-11,4,GEN,"Looking for a very specific regex, between two dashes, after a dash"
74270892,2022-11,4,GEN,Need Probability function in Python
74270886,2022-11,4,GEN,Why are &quot;self&quot; and &quot;cls&quot; interchangeable as the first argument in class and instance methods?
74270778,2022-11,2,VER,How to upload file to supabase storage with python api?
74270774,2022-11,4,GEN,how to sum each array in 3d array
74270758,2022-11,3,GEN,Pandas split and replace string value in a column and create binary encoded columns
74270887,2022-11,3,GEN,replacing values in a data frame from a dictionary with multiple keys
74270730,2022-11,3,GEN,How to remove def and incorporate the function into the code?
74270749,2022-11,4,GEN,"SQL want efficient query to SELECT columnA, columnB FROM table1 WHERE both columnA, columnB are in columnC FROM table2 W"
74270630,2022-11,4,GEN,"If I was making a login/registration form in python, that needs to store data, where would I start?"
74270653,2022-11,4,GEN,List of lists (or numpy array): extracting data via SQL-like methods?
74270657,2022-11,2,VER,Index count being wrapped into the data as one object
74270674,2022-11,2,VER,Python MySql Connector Not enough parameters for the SQL statement
74270621,2022-11,1,VER,Install TensorFlow latest build using Mamba
74270696,2022-11,4,GEN,Python text adventure: How to make it so that when the player types specific keywords (in no particular order) certain t
74270708,2022-11,1,VER,unable to runt jupyter notebook via ipkernel in vs code using python 3.11.0
74270717,2022-11,2,VER,How do I return the email from the element in webdriver?
74270683,2022-11,4,GEN,Prevent Generation of Log File with Python logging
74270609,2022-11,4,GEN,Expand Dataframe with Lists in the columns
74636711,2022-12,2,VER,what is this error for? &#39;NoneType&#39; object has no attribute &#39;round&#39;
74636865,2022-12,2,VER,Comparing Two Functions for Recursive Digit Sum
74636834,2022-12,1,VER,How do I get private mentions in tweepy?
74636807,2022-12,2,VER,Generate parent child diagram using JSON data
74636794,2022-12,2,VER,"TypeError: numpy boolean subtract, the `-` operator, is not supported in Scipy.Optimize"
74636784,2022-12,2,VER,How to fix concurrency issue with multiprocessing?
74636777,2022-12,2,VER,Python- How to use getText
74636772,2022-12,3,GEN,"Discord bot, current date as status"
74636752,2022-12,3,GEN,How to dynamically update the record in DynamoDB in Python?
74636740,2022-12,2,VER,How can I iterate over a dataframe containing multiple conditions (using iterrows()) and flag columns based on these con
74636478,2022-12,3,GEN,How to add my own parameters into pymongo find function
74636650,2022-12,3,GEN,4 bit per pixel image from binary file in Python with Numpy and CV2?
74636649,2022-12,2,VER,Why won&#39;t webbrowser module open my html file in my browser
74636627,2022-12,3,GEN,importing a csv file with clean columns using pandas?
74636622,2022-12,1,VER,How to iterate over documents in MongoDB
74636613,2022-12,3,GEN,How to format a dictionary with a list of items in Python
74636609,2022-12,2,VER,pandas returning line number and type?
74636600,2022-12,3,GEN,Python Weights Biases
74636590,2022-12,3,GEN,Is there a way to plot a line that is a consistent length using matplotlib/cartopy?
74636533,2022-12,2,VER,"Almost correct output, but not quite right. Math help in Python"
74636867,2022-12,2,VER,Pascal Triangle Tkinter Python
74636710,2022-12,3,GEN,Can I select multiple elements in a Python dictionary with reference to position rather than specific keys?
74636883,2022-12,2,VER,how to update 2 dataframe data with same columns on df.to_sql
74637025,2022-12,3,GEN,To iterate through a .txt table in python
74636896,2022-12,2,VER,how to read specific file while passing multiple parameters in python?
74637458,2022-12,4,GEN,How to do function overloading in Python?
74637387,2022-12,1,VER,pycharm- AttributeError: module &#39;sysconfig&#39; has no attribute &#39;_get_default_scheme&#39;
74637350,2022-12,3,GEN,Which correlation method do I use?
74637271,2022-12,3,GEN,python async behavior with a queue
74637234,2022-12,2,VER,cv2.error: OpenCV(4.5.2) :-1: error: (-5:Bad argument) in function &#39;rectangle&#39;
74637231,2022-12,3,GEN,using arrays of different sizes within a function
74637221,2022-12,3,GEN,How do I detect if a string with whitespace contains a number in pandas?
74637167,2022-12,1,VER,Connect existing Django server project and to local host
74637156,2022-12,3,GEN,Using conditional statement in ipywidgets
74637137,2022-12,1,VER,"Raise TimeoutException(message, screen, stacktrace)"
74636885,2022-12,2,VER,Ａ problem concerning ordering issue using sort_vlue(pandas)
74637107,2022-12,1,VER,"sh: flake8: not found, though I installed it with python pip"
74637028,2022-12,3,GEN,"Getting unique values from csv file, output to new file"
74636441,2022-12,2,VER,A loaded Keras model with a custom layer has different weights to model which was saved
74637000,2022-12,4,GEN,call method using variables in python
74636986,2022-12,3,GEN,How to pass a javascript variable in html to views.py?
74636955,2022-12,4,GEN,python text conversion into Pig Latin
74636944,2022-12,2,VER,Cannot Keep My Datetime Data and &#39;No&#39; Word in My Pandas DataFrame
74636925,2022-12,3,GEN,Converting pandas DataFrame to datacube?
74636921,2022-12,1,VER,How to import a directory of excel files into MS ACCESS with python?
74636918,2022-12,1,VER,"When doing biterm topic modeling, how can I get the top documents for a topic returned in the original format?"
74636905,2022-12,2,VER,Twitter bot coded in python
74637083,2022-12,3,GEN,How can I compare one column of a dataframe to multiple other columns using SequenceMatcher?
74636427,2022-12,1,VER,Failed to create conda environment ResolvePackageNotFound
74636683,2022-12,1,VER,How to use &#39;ctypes&#39; to call variable data of Fortran DLL in python
74636410,2022-12,3,GEN,How to send a DM to a user using just their user id
74635937,2022-12,1,VER,&quot;leak&quot; converting .csv to .nc using xarray in some points
74635932,2022-12,1,VER,Discord.ext.menus is not able to be imported because of an &quot;Unknown location&quot;
74635930,2022-12,4,GEN,Is there a faster way of evaluating every combination of booleans in an if statement in python?
74635885,2022-12,4,GEN,Python: How to get the name of an Enum?
74635839,2022-12,3,GEN,How Do For loop to make short my statement
74635832,2022-12,2,VER,HDF5 multidimmensional array storage
74635830,2022-12,1,VER,&quot;import tensorflow&quot; results in error: No module named &#39;tensorflow.python.eager.polymorphic_function&#39; (
74635825,2022-12,2,VER,How to get ax plot id for matplotlib RectangleSelector callback?
74635810,2022-12,3,GEN,Why is this function not returning the list of values?
74635764,2022-12,4,GEN,Change date format of these string using Python
74635970,2022-12,2,VER,Is it possible to improve python performance for this code?
74635760,2022-12,4,GEN,What is the time complexity of this simple sequential graph coloring code?
74635723,2022-12,2,VER,File indexing issue in python
74635696,2022-12,1,VER,Training tff metrics on federated training data of clients
74635652,2022-12,3,GEN,Fuzzywuzzy to compare two lists of strings of unequal length and save multiple similarity metrics
74635614,2022-12,2,VER,python calling empty list invalid syntax
74635612,2022-12,3,GEN,I want to make a app in Python and have the front end in HTML and CSS
74635590,2022-12,3,GEN,how to remove duplicate entries from json file using python?
74635544,2022-12,3,GEN,Element wise between a 2-D numpy array and a list
74635534,2022-12,2,VER,Cannot create secondary x-axis with xlsxwriter
74635519,2022-12,1,VER,Using boto3&#39;s iter_lines to load a CSV with newlines in the data
74635498,2022-12,3,GEN,Print a specific key from json file
74635724,2022-12,3,GEN,how to get a json object via its position in python
74635994,2022-12,4,GEN,Pytorch&#39;s share_memory_() vs built-in Python&#39;s shared_memory: Why in Pytorch we don&#39;t need to access the sha
74636423,2022-12,3,GEN,How can I set and append in column with conditional case in Django?
74636010,2022-12,2,VER,"sqlalchemy.exc.InvalidRequestError: When initializing mapper mapped class Order-&gt;order, expression &#39;Status&#39; f"
74636397,2022-12,2,VER,How to monitor a aws-python based application using APM tool?
74636393,2022-12,4,GEN,"Recursion, Fib Numbers"
74636391,2022-12,4,GEN,How to increase the thickness of x-axis in matplotlib.plt
74636387,2022-12,1,VER,How to successfully using GCS Filesystem to read a JPG File
74636322,2022-12,1,VER,How do I install pandas datareader on windows when hit with this error?
74636276,2022-12,2,VER,python requests invalid parameter
74636003,2022-12,4,GEN,Can FastAPI guarantee a sync handler will never block the main application thread?
74636250,2022-12,2,VER,Why are the values of the dict in the list is not printing out?
74636236,2022-12,1,VER,Unable to locate the element on an angular website
74636222,2022-12,4,GEN,Finding difference between list items
74636215,2022-12,3,GEN,How to add value into sub-list
74636264,2022-12,3,GEN,"ValueError: not enough values to unpack (expected 2, got 1) in a for loop"
74636197,2022-12,2,VER,Create .CSV file based on similar key in two data frame
74636192,2022-12,3,GEN,Pandas creating a new table and convert it to wide format
74636162,2022-12,3,GEN,Delete key and pair from Json file
74636125,2022-12,3,GEN,"How to do multi-line string search in a file and get start line, end line info in python?"
74636120,2022-12,1,VER,No error in code but Login is not working for python selenium simple script
74636105,2022-12,1,VER,Python macOS os module: Can&#39;t find path
74636064,2022-12,2,VER,"Filtering Data from Firestore in Django, passing to HTML template"
74636052,2022-12,3,GEN,Add a &quot;|&quot; symbol while grouping a data frame by multiple columns with python pandas
74636048,2022-12,3,GEN,pandas create new column based on divide column by another and check that I not divide by 0
74636015,2022-12,1,VER,Trying to use pyinstaller on customtkinter
74636203,2022-12,3,GEN,Get nearest low and high values across multiple dataframe columns
74973803,2023-01,2,VER,Why this python code of while loop iis not running?
74973823,2023-01,3,GEN,How to join column names in a table with a row index of another table
74973844,2023-01,2,VER,DFS algorithm implementation in Python with classes
74973851,2023-01,3,GEN,redirect a POST to GET request
74973915,2023-01,2,VER,time series stock data having gaps in dataframe to be modeled in Pycaret
74973872,2023-01,3,GEN,How to pin an image in the center of sprite rect
74973880,2023-01,2,VER,How can I scrape the &quot;Time&quot; and other data in the advanced details section using Beautiful Soup
74973911,2023-01,3,GEN,How to get mentioned roles ids in slash command pycord
74973855,2023-01,1,VER,How do I accept an input from the Output Console in Visual Studio Code?
74973793,2023-01,2,VER,Apache Beam - Fire one window at a time
74973505,2023-01,3,GEN,How to change the size of tkinter objects according to the display resolution
74973771,2023-01,2,VER,Discord bot / commands not showing up
74973678,2023-01,3,GEN,Comparing two lists in Python
74973663,2023-01,3,GEN,combine multiple dict with different keys but to a dataframe
74973659,2023-01,0,VER,i am getting this error in python when ever i try doing something with the files
74973657,2023-01,2,VER,Trouble combining two saved Keras models
74973651,2023-01,3,GEN,Tooltip Hover for html.Button in Dash
74973624,2023-01,3,GEN,I want to sum the values of a column file and append each sum to the new column in the same csv file
74973577,2023-01,2,VER,Networkx - update subgraph attributes in for loop
74973549,2023-01,1,VER,Python Gurobi not able to get optimize solution
74973537,2023-01,3,GEN,Parsing file input into variables in python
74973928,2023-01,2,VER,NameError: name &#39;intents&#39; is not defined
74973786,2023-01,1,VER,"Python code randomly stops, why? (This is for a quiz game)"
74973935,2023-01,1,VER,python customtkinter library - how to install
74974132,2023-01,3,GEN,Efficient way to restructure pandas dataframe from row to resampled column structure
74973982,2023-01,3,GEN,Selenium - How to find an element by part of the placeholder value?
74973497,2023-01,3,GEN,basic python / sort messy dictionary
74974498,2023-01,3,GEN,Searching for a specific value within a list of dictionaries
74974495,2023-01,2,VER,Missing keys from dictionary counting words in list
74974429,2023-01,3,GEN,How to delete entry in django?
74974409,2023-01,3,GEN,"How to extract specific information with capture groups from an input string, rearrange and replace back inside this str"
74974398,2023-01,3,GEN,Inserting zeros at multiple locations of an array in Python
74974260,2023-01,2,VER,How to read a large json dataset using Dask?
74974252,2023-01,1,VER,cURL automatically replacing alternates to functional characters with underscore?
74974247,2023-01,3,GEN,Having problems using dictionaries keys and values within a while loop conditions
74974242,2023-01,2,VER,Encrypt in python then decrypt in dart
74973975,2023-01,4,GEN,Python: calling a private method within static method
74974239,2023-01,3,GEN,How to use torch.Tensor.permute in torchvision model
74974204,2023-01,3,GEN,3D Pandas DataFrame Exporting and Importing Problem
74974120,2023-01,1,VER,"PyTorch is installed. But, When I&#39;m using BertModel, It is giving me following Import error:"
74974103,2023-01,2,VER,Reading netcdf time with unit of years
74974064,2023-01,3,GEN,More efficient way of comparing images in Python
74974056,2023-01,3,GEN,Is there a faster way to compress files/make an archive in Python?
74974046,2023-01,3,GEN,Grouping data from csv file
74974026,2023-01,3,GEN,Writing an effective for-loop in Python
74974024,2023-01,4,GEN,Difference between a daemon in linux and nohup
74973996,2023-01,4,GEN,"Why is the output of &quot;complex(20+10j,5+5j),complex(10+10j,5+5j)&quot; as &quot;(15+15j),(5+15j)&quot; and explain w"
74973993,2023-01,3,GEN,Random data from json file
74974207,2023-01,2,VER,Using Sequence and widget handle with Many2many field Odoo15
74974516,2023-01,3,GEN,"How do you convert 1 minute open-high-low-close (OHLC) data to another timeframe like 15 minutes, 30 minutes, 1 hour in "
74973485,2023-01,3,GEN,How to add title and count as column names in DataFrame Python
74973455,2023-01,3,GEN,AWS Cloudwatch synthetics - how to install external dependencies for runnning canaries
74972898,2023-01,3,GEN,find if an device is in perpendicular to the current location from ariel view / map view
74972891,2023-01,2,VER,python counting rows with missing values doesn&#39;t work
74972881,2023-01,3,GEN,how do i close multiple files after uploading them via a single POST request?
74972873,2023-01,1,VER,Tkinter deprecation warning
74972866,2023-01,3,GEN,How to implement a 2D Gaussian on a 2D numpy array
74972850,2023-01,4,GEN,jax.lax.select vs jax.numpy.where
74972826,2023-01,1,VER,how do i fix the &quot;module not found&quot; error in auto-py-to-exe?
74972823,2023-01,2,VER,Why do I get an empty list after a recursive function?
74972819,2023-01,1,VER,discord.py music bot slowing down for longer audio queries
74972809,2023-01,1,VER,I am having so much trouble in creating/adding to the files in python
74972792,2023-01,2,VER,Is there a reason why this django form isn&#39;t valid?
74972782,2023-01,3,GEN,Blender not executing python in real time
74972770,2023-01,3,GEN,adding data into dataframe elementwise
74972742,2023-01,1,VER,Trying to download ipykernel onto my virtual environment (Windows)
74972734,2023-01,2,VER,blank spaces in dataframe
74972685,2023-01,3,GEN,Feature importance using gridsearchcv for logistic regression
74972666,2023-01,1,VER,Why localStorage.getItem given none?
74972656,2023-01,3,GEN,How do I specify inheritence behavior on initialization of an object in Python?
74972655,2023-01,4,GEN,How to pass self into a decorated method?
74972651,2023-01,4,GEN,Can&#39;t view keys of hdf5 file after opening it with &#39;w&#39; with h5py in python
74972602,2023-01,3,GEN,SQLite select subquery return multiple rows as a list in column
74972912,2023-01,2,VER,Load my model from tensorflow but not work
74972953,2023-01,3,GEN,Surface.fill() is not clearing the display
74973481,2023-01,3,GEN,Merge rows in a CSV to a column
74973032,2023-01,4,GEN,Can I use a typing.Callable type to annotate a function automatically? How?
74973452,2023-01,3,GEN,codewars&#39; problem &quot;Find the unique number&quot; problem timed out
74973450,2023-01,3,GEN,Why is the custom tkinter placeholder text for an entry box ignored?
74973437,2023-01,2,VER,Database more efficient way storing the referral to 1&#39;st table in every line in the 2&#39;nd table
74973427,2023-01,3,GEN,How to concatenate csv files and continue the last row value?
74973381,2023-01,3,GEN,Unable to locate element: [id=&quot;password&quot;]
74973357,2023-01,3,GEN,Pandas dataframe to set all columns to be character length fixed
74972995,2023-01,2,VER,OpenCV - AWS Lambda - /lib64/libz.so.1: version `ZLIB_1.2.9&#39; not found
74973347,2023-01,1,VER,I can&#39;t run a function in a loop for certain amount of time
74973298,2023-01,1,VER,Why I am getting this error in reading csv file in jupyter
74973259,2023-01,4,GEN,how to get D instated of DD from DD-MM-YYYY format if day = 01 to 09 then output should be 1 to 9
74973249,2023-01,2,VER,Pandas merge not working as expected in streamlit
74973348,2023-01,2,VER,How many classes YOLOP can detect?
74973214,2023-01,3,GEN,"Is there a better way to do this? Counting Files, and directories via for loop vs map"
74973200,2023-01,3,GEN,translating an string to dictionary specified value
74973190,2023-01,2,VER,Getting the alias from a sql file using python
74973187,2023-01,1,VER,Gunicorn flask app can&#39;t download file using playwright on linux
74973173,2023-01,2,VER,Why does Pandas export incomplete real-time data to CSV file when converted to dataframe?
74973155,2023-01,1,VER,unable to import flask_login despite being installed
74973151,2023-01,3,GEN,Django Slugify with blank object field printing &quot;none&quot; in url
74973115,2023-01,3,GEN,Function or script on LHS of the equation in python
74973096,2023-01,2,VER,Insert JSON Array into Elasticsearch Using Python Bulk API
74973070,2023-01,4,GEN,How to pair the items from 2 lists?
74973219,2023-01,3,GEN,How can I get the 10th item of the &lt;li&gt; elements in an &lt;ul&gt; with Selenium using Python?
75305341,2023-02,3,GEN,How to add pause in Google Text to Speech?
75305355,2023-02,3,GEN,How can I make nested asynchronous calls using Asyncio in Jupyter Notebook?
75305358,2023-02,3,GEN,RuntimeError: expected scalar type Float but found Half in Stable Diffusion
75305419,2023-02,1,VER,Fixing ValueError from a password storing program
75305542,2023-02,3,GEN,How to identify python in windows 10
75305527,2023-02,4,GEN,How do I use elements of list to set the key and value of dictionary?
75305531,2023-02,4,GEN,Rename all files that match with a regex
75305535,2023-02,4,GEN,what is the difference between object detection fps and video fps?
75305478,2023-02,4,GEN,Can tf.gradienttape() calculate gradient of other library&#39;s function
75305306,2023-02,3,GEN,Python Pandas - How to take values in 2nd 3rd rows and add those values to the row that has a max date
75305090,2023-02,2,VER,Renaming all columns within multiple files
75305283,2023-02,3,GEN,Efficient Password Cracker
75305242,2023-02,3,GEN,How to read a list of h5 objects in a dictionary and assign them to the names said dictionary?
75305208,2023-02,4,GEN,Python - Assigning value to one column based on another with stepwise increments
75305204,2023-02,1,VER,AWS Lambda Python Serverless error: &quot;unable to import module ... cannot important name &#39;etree&#39; from &#39;lx
75305201,2023-02,3,GEN,How to fill value from another column using pandas?
75305176,2023-02,4,GEN,floating point formatting in python 3
75305169,2023-02,2,VER,Decoding hidden layer embeddings in T5
75305138,2023-02,3,GEN,python-try block does the same thing whether the condition it&#39;s false or true
75305132,2023-02,4,GEN,Do I use random randint or random choice to random click on the list?
75305126,2023-02,3,GEN,How to concat rows(axis=1) with stride?
75305544,2023-02,3,GEN,Check if a letter in a string if it is in which order?
75305304,2023-02,3,GEN,Python Parallel through 3 nested loops in 3D space
75305553,2023-02,3,GEN,How to get only tweets from Snscrape?
75305825,2023-02,3,GEN,How to read and update a field in JSON file that&#39;s in Google cloud using Python script
75305574,2023-02,3,GEN,TyperError while inserting list into mongodb via python
75306186,2023-02,3,GEN,how do i search for tweets based on location (snscrape)
75305082,2023-02,1,VER,Tensorflow dataset crashing VsCode
75306132,2023-02,2,VER,WARNING:tensorflow:Inconsistent references when loading the checkpoint into this object graph
75306101,2023-02,2,VER,Websockets connection over a range of source ip addresses
75306090,2023-02,4,GEN,Updating a variable value depended on the list when a certain condition is met
75306070,2023-02,3,GEN,How do I match the file name from different directories and replace the partial filename with the actual filename?
75305999,2023-02,3,GEN,How to fix a bug where a tkinter button command calling itself does not work?
75305953,2023-02,2,VER,My python not able to read data from github
75305933,2023-02,2,VER,Value error: too many values to pack - in a decision tree algorithm
75305917,2023-02,1,VER,Cython unable to properly access data from file containing shared data in python
75305569,2023-02,2,VER,Getting all build logs from Jenkins API
75305908,2023-02,1,VER,I can not access a text box with Selenium. Elements hid unless the text is clicked
75305853,2023-02,4,GEN,How to create 2d heatmap from 1d array in python?
75305824,2023-02,1,VER,Timed execution of bash script fails when conda environment changes
75305818,2023-02,4,GEN,How do I sort lists by two different values within that list?
75305784,2023-02,4,GEN,Replace value in mutiple columns based on dictionary map
75305774,2023-02,3,GEN,How to run .exe file in Desktop for Windows using Python?
75305753,2023-02,3,GEN,Is there a way to change the color of the top frame of Tkinter?
75305752,2023-02,4,GEN,How can I use the decorator pattern in Python to dynamically add methods to a class based on data in a dictionary?
75305672,2023-02,4,GEN,Dataframe column doesn&#39;t sort
75305671,2023-02,4,GEN,Seperate duplicate in string into list
75305603,2023-02,3,GEN,How do you divide up a list into chunks which vary according to a normal distribution
75305890,2023-02,3,GEN,regex to cross over multiple lines with finditer
75306149,2023-02,1,VER,Set function in Tkinter failed to display correct value
75305073,2023-02,4,GEN,Why invalid syntax when I add a statement in the same cell with pip install?
75305069,2023-02,3,GEN,How to use a trained SegFormer model on a single image?
75304693,2023-02,1,VER,how to set env variable in conda and use it in ansible
75304678,2023-02,4,GEN,How to sum values from a dictionary that is embedded in another dictionary in Python?
75304664,2023-02,4,GEN,python unittest: How to mock an object&#39;s construct to return a mock?
75304649,2023-02,4,GEN,Append a pandas row with data from another dataframe if a certain column matches
75304624,2023-02,3,GEN,Manually set an Altair drop down value scale
75304615,2023-02,4,GEN,How do I programmatically create class methods in Python?
75304598,2023-02,4,GEN,How to make the 1st element of list of lists to match the order of elements in another list?
75304580,2023-02,3,GEN,How to remove a specific part of a link?
75304566,2023-02,3,GEN,remove commas/quotation marks in column name in pandas or sql
75304550,2023-02,2,VER,Python byte decode for JPEG EXIF data fails
75304530,2023-02,1,VER,importlib.metadata.PackageNotFoundError: No package metadata was found for djoser pyinstaller
75304507,2023-02,2,VER,Passing variables between PY and HTML using Flask
75304491,2023-02,4,GEN,Difference between bare except and specifying a specific exception
75304446,2023-02,3,GEN,How do I make the Line of code to the next line when running program?
75304442,2023-02,3,GEN,Converting MatLab for loop with array code to python
75304433,2023-02,2,VER,How to remove the 0s in the id_sum column by a sequence from 1 to n in pyspark dataframe
75304410,2023-02,2,VER,Streamlit download button not working when trying to download files as zip
75304404,2023-02,4,GEN,Python index selection in a 3D list
75304397,2023-02,2,VER,How can I unroll a Twitter thread using Python and Tweepy library?
75304393,2023-02,2,VER,referring to a variable in dash callback defined from a previous rollback
75305071,2023-02,4,GEN,"what&#39;s difference between page.locator(&quot;xx&quot;,has=Locator) and page.locator(&quot;xx&quot;).filter(has=Locat"
75304697,2023-02,2,VER,Running a Python File from Command Prompt that uses Pandas and one other library
75304698,2023-02,4,GEN,How to add typing hints of **kwargs?
75304567,2023-02,3,GEN,Get the current step number in a gym.Env
75304740,2023-02,1,VER,Error in running python file using ASE library
75304713,2023-02,4,GEN,How to add a two-digit number to the beginning of a file while keeping its name and extension. with python
75305001,2023-02,3,GEN,How to add Pandas dataframe to an existing xlsx file using to_excel
75304991,2023-02,1,VER,How to deploy Apache superset using mod_wsgi that is installed in python3-venv?
75304987,2023-02,4,GEN,"How to iterate over a string and for each letter, if it is in a dictionary, append that word to the end of `syr_list`"
75304979,2023-02,3,GEN,Formatting a tweet from python using tweepy
75304963,2023-02,4,GEN,How can I get my code to iterate through the list?
75304961,2023-02,1,VER,mysql.connector.errors.InterfaceError: 2003
75304942,2023-02,1,VER,xlrd assertion error when opening a .xls file (converted from .xlsx): assert _unused_i == nstrings - 1
75304931,2023-02,3,GEN,Plotting Complex values with Number of iterations in Python
75304908,2023-02,3,GEN,"In pytest, is there a way to mock an already imported variable without having to patch for every single test?"
75304899,2023-02,3,GEN,Arrange the chart&#39;s x-axis
75305029,2023-02,3,GEN,"When asked to write function for multiple of 3, why do i keep getting errors?"
75304885,2023-02,4,GEN,How to select a button by its text using selenium 4.8
75304897,2023-02,4,GEN,How to fill column with condition in polars
75304770,2023-02,4,GEN,"Tensorflow Dividing a [X, 10, 10, 1] matrix by [X, 1]"
75304797,2023-02,3,GEN,"with pd.Series method how to set column datatype as mutable datatype, such as list with str element"
75304801,2023-02,2,VER,Creating or Using a VENV File/ Portability
75304825,2023-02,3,GEN,how to escape the backslash that come before the quote
75304754,2023-02,3,GEN,How do I make an object move in the direction that it&#39;s facing in ursina?
75304839,2023-02,3,GEN,Error: mat1 and mat2 shapes cannot be multiplied (1000x10 and 1x1)
75304873,2023-02,4,GEN,Calculate Standard Deviation on a List of List that includes strings on some columns
75304882,2023-02,3,GEN,Terminal on brand new macbook 2023 with Mac OSX Ventura 13.2 gives error &quot;zsh: command not found: python&quot;
75304836,2023-02,2,VER,FastAPI Pagination with Redis
75600140,2023-03,3,GEN,How to customize DRF reset password link?
75600258,2023-03,3,GEN,Appending the list to the base list in Python
75600244,2023-03,3,GEN,How to perform dynamic filtering across multiple columns using st.session_state() or on_change()?
75600237,2023-03,3,GEN,value of enum field in dataclass converts to string after instantiation in python
75600223,2023-03,3,GEN,How should I wait for a queue or an event?
75600219,2023-03,2,VER,getting many warnings for particular dags in airflow
75600322,2023-03,2,VER,How to use stopwords and filters properly in Elasticsearch (python client)
75600189,2023-03,4,GEN,Removing elements from a list based on indices in another list in Python
75600156,2023-03,3,GEN,How can i append to a file stored in minio?
75600130,2023-03,1,VER,Yelp dataset&#39;s json_to_csv_converter.py file error
75599874,2023-03,4,GEN,keep old value input in django model form
75600055,2023-03,3,GEN,unsupported operand type(s) for ** or pow(): &#39;LpAffineExpression&#39; and &#39;int&#39;
75600032,2023-03,4,GEN,Eval giving inconsistent outputs
75599969,2023-03,3,GEN,How do I convert a data frame that takes in multiple columns to a single array?
75599898,2023-03,3,GEN,How to send two separate variables of value &gt; 255 through serial USB communication between Arduino DUE and python ( J
75599864,2023-03,3,GEN,input excel file from UI in fastapi
75599861,2023-03,3,GEN,Pandas split corresponding rows based on separator in two columns duplicating everything else
75599831,2023-03,2,VER,How to properly replicate a web site&#39;s GET request to an API?
75599827,2023-03,1,VER,Not able to add customfield value to Issue
75599811,2023-03,2,VER,Set value based on previous value in previous group if it exists
75600328,2023-03,4,GEN,"I want to broadcast an pytorcc tensor of dimension (a,b,c) onto an array of dimension (b,c) to get an output of dimensio"
75600056,2023-03,4,GEN,How do I create a serializer for one to many (Foreign key) relationship?
75600347,2023-03,3,GEN,Convert jupyter to python
75599785,2023-03,4,GEN,how to make variable visibility in block statement in Python?
75600462,2023-03,2,VER,Rotating secret key but keeping other database credentials?
75601169,2023-03,2,VER,Targetting a specific instance of an Azure Functions App
75601134,2023-03,2,VER,How can I interrupt a Timer which runs a function continuously in Micropython?
75601083,2023-03,1,VER,Reading a CSV from GitHub using python
75600997,2023-03,3,GEN,"Area Chart in Altair with Negative Numbers: Fill &#39;below&#39; the line, not &#39;above&#39;"
75600994,2023-03,2,VER,I am getting Access blocked error while trying to get athentication code which i will use to get refresh token?
75600968,2023-03,3,GEN,how do I access the file_id in this list?
75600954,2023-03,3,GEN,pathlib takes more time traversing directory recursively than os.walk()
75600944,2023-03,3,GEN,How to insert business logic in django template?
75600818,2023-03,3,GEN,How to get sum of rows based on certain conditions for a Pandas dataframe?
75600814,2023-03,2,VER,How to change tensorflow output names (StatefulPartitionedCall:0 to StatefulPartitionedCall:1)
75600460,2023-03,4,GEN,Calculate vertex distances of a mesh
75600803,2023-03,1,VER,How do I run a code using Spark on VScode?
75600751,2023-03,3,GEN,Does LSTM need all steptime shift for parameter identification of a model?
75600734,2023-03,2,VER,launch.json breaks debugging in VSCode
75600691,2023-03,4,GEN,How do I go into all text files in a directory and delete everything in them after the second space?
75600684,2023-03,2,VER,AssertionError: SparkContext._active_spark_context is not None
75600682,2023-03,3,GEN,Return class mixin after checking a field of the class
75600606,2023-03,4,GEN,Why does same code outputs different values?
75600594,2023-03,3,GEN,How to remove elements from multiple sublists according to another sublist in Python
75600555,2023-03,4,GEN,Can I initialize variable in list comprehension?
75600538,2023-03,1,VER,How to install Kivy with dependencies in Windows 10 using pip?
75600517,2023-03,2,VER,Scraping data from sankey diagram using python and BS
75600771,2023-03,2,VER,Strip out currency and assign value
75599734,2023-03,3,GEN,How to find the x path of an element when the python selenium script clicks a button which in turn opens in a new window
75601207,2023-03,3,GEN,mypy check fails when chaining functions annotated with ParamSpec
75599667,2023-03,4,GEN,How to replace a element in a nested List in Python
75598879,2023-03,1,VER,I&#39;m having a hard time while conguring a Keras/tensorflow model
75598798,2023-03,3,GEN,Convert different length list in pandas dataframe to row in one column
75598789,2023-03,1,VER,Azure API python SDK error &quot;PrivateIPAddressIsBeingCleanedUp&quot;
75598774,2023-03,4,GEN,Adding a column to a dataframe based on another dataframe
75598769,2023-03,3,GEN,How to play video file with audio with DearPyGUI (Python)?
75598678,2023-03,3,GEN,Sort list of datetime in Python polars dataframe
75598670,2023-03,2,VER,Stripe Subscription using stripe.Subscription.create function does not provide client_secret with Django
75598655,2023-03,3,GEN,Postgis geom IN clause
75598637,2023-03,2,VER,how to fix when chatbot hangs
75598632,2023-03,2,VER,Python flatten a dictionary column
75598953,2023-03,3,GEN,werkzeug.exceptions.BadRequestKeyError: 400 Bad Request: I am not able to figure why I am getting this error
75598600,2023-03,3,GEN,How to plot multiple periods using pyplot?
75598578,2023-03,2,VER,How to only plot nonzero values with Calplot
75598557,2023-03,3,GEN,Name &#39;stopwords&#39; is not defined but I already import the package
75598513,2023-03,3,GEN,How to import a file from another folder in a package
75598512,2023-03,2,VER,I&#39;m trying to import the Stripe API using pip but I&#39;m getting a module not found error even though I&#39;ve inst
75598498,2023-03,4,GEN,combining two dictionary to create a new dictionary in python
75598493,2023-03,4,GEN,What should GitHub repo package folder of a Python project include to manage dependencies?
75598481,2023-03,1,VER,Python Code who search values in some columns and pickup values from others problem
75598478,2023-03,2,VER,How would you go about plotting this data in 3d over time?
75598463,2023-03,3,GEN,Pytest ordering of test suites
75598427,2023-03,1,VER,can&#39;t find button with selenium webdriver
75598589,2023-03,2,VER,cannot convert value to float in Apache Cassandra
75598980,2023-03,4,GEN,How to return a anonymous NamedTuple in python defined only in the return type hint
75599689,2023-03,2,VER,"python can&#39;t import module when running a file, but can import the module in interactive shell"
75599050,2023-03,3,GEN,replace blanks in the column with the values in the same column in DF based on the corresponding values in another colum
75599648,2023-03,1,VER,Pyinstaller comes with errors when importing backtesting.py module
75599626,2023-03,4,GEN,Path ordering based on particular criteria
75599615,2023-03,2,VER,Custom Layer Input-Shape in TensorFlow
75599584,2023-03,3,GEN,How to Pass variable to locator in locator.py file based on page object model design pattern
75599546,2023-03,3,GEN,Groupby Multi-Column Sort based on hierarchy
75599543,2023-03,4,GEN,How to delete the dulplicate list in list of list if I want to check by spetific index?
75599532,2023-03,3,GEN,how to handle this in dataframe with python programing
75599502,2023-03,4,GEN,how omit axis on outer substaract numpy
75599488,2023-03,3,GEN,How can I prevent cached modules/variables when using runpy in pytest tests?
75599483,2023-03,2,VER,FOR loop in app.py just prints out last result. SQLAlchemy and Flask FOR Loop problem
75599415,2023-03,3,GEN,"How to sort os.walk(path) in alphanumeric order, with duplicates coming after the original file, using Python 3?"
75599010,2023-03,4,GEN,pyspark Anti-join 2 dataframes
75599357,2023-03,2,VER,"paypal rest api and flask/django/python integration 2023, update user credits immediately after payment"
75599257,2023-03,3,GEN,Python to add data label on linechart from Matplotlib and Pandas GroupBy
75599247,2023-03,2,VER,pyswarms toy example - help to understand simple things
75599222,2023-03,2,VER,mysql.connector.errors.ProgrammingError: 1054 (42S22) and &#39;nothingHappensError&#39;
75599218,2023-03,3,GEN,Target rules may not contain wildcards. Please specify concrete files or a rule without wildcards error
75599188,2023-03,4,GEN,How can I split a for statement over multiple lines with Flake8?
75599179,2023-03,3,GEN,Tkinter dynamic tooltip that moves with the cursor and updates
75599137,2023-03,3,GEN,How can I increment a pandas dataframe index?
75599094,2023-03,1,VER,Python Script Crashes at random points
75599057,2023-03,4,GEN,"How to take a string, create a list from string, and select randomly from that list (x) times"
75599358,2023-03,1,VER,Fail to install FlexGen: ImportError: cannot import name &#39;define&#39; from &#39;attr&#39;
75904960,2023-04,1,VER,Inconsistencies in Python installation
75904981,2023-04,1,VER,AttributeError: &#39;WSGIRequest&#39; object has no attribute &#39;get&#39; Internal Server Error: /
75905017,2023-04,3,GEN,Run python commands within the project directory without running into file does not exist error
75905088,2023-04,3,GEN,How can I transfer data from NodeJS to Python script
75905030,2023-04,3,GEN,How to filter a QuerySet based on whether the objects in it are present in another model?
75905034,2023-04,1,VER,Bar Graph not showing accurate graphical data
75905078,2023-04,3,GEN,What is fastest way to read file in python loop and avoid collisions with other program writing occasionally into the sa
75904931,2023-04,2,VER,Can&#39;t Initialise Two Different Tokenizers with Keras
75905029,2023-04,4,GEN,How to map element from one list to all elements in a sub-list to form a list of tuples (coordinates)
75904923,2023-04,1,VER,"I am getting error here torch.embedding(weight, input, padding_idx, scale_grad_by_freq, sparse) when I call trainer.trai"
75904812,2023-04,3,GEN,How to make a responsive PYNECONE WEBSITE
75904870,2023-04,1,VER,"Spotify API python {&#39;status&#39;: 404, &#39;message&#39;: &#39;Invalid username&#39;}}"
75904853,2023-04,2,VER,Django - Generic detail view DailyForecastDetailView must be called with either an object pk or a slug in the URLconf
75904837,2023-04,1,VER,Get &quot;pip2: not found&quot; error in google colab
75904821,2023-04,1,VER,"Max retries exceeded with url: / (Caused by SSLError(FileNotFoundError(2, &#39;No such file or directory&#39;))) only du"
75904795,2023-04,4,GEN,Performance of reversed() function compared to reversing slice
75904780,2023-04,2,VER,Takes long time while building image on python wit messaage : Building wheel for pandas (pyproject.toml): still running
75904757,2023-04,3,GEN,&quot;Attempted relative import with no known parent package&quot; strikes again
75904709,2023-04,3,GEN,Method to Sort 3d data
75904708,2023-04,2,VER,Read from kafka producer console and write to a file
75905091,2023-04,3,GEN,How do I optimise loading a file in python
75904905,2023-04,2,VER,How to make these PIL text centered properly
75905136,2023-04,2,VER,Violin Plot gaps are too large and need to be fixed
75905386,2023-04,2,VER,Find longest path in directed acyclic graph
75905146,2023-04,2,VER,Django : How to filter in between 2 same objects in 2 different models?
75905592,2023-04,3,GEN,How can we read list of dictionaries in apache beam in python?
75905574,2023-04,3,GEN,Create a team of 11 players out of 22 players from two teams
75905562,2023-04,2,VER,Selenium can&#39;t find element even it&#39;s located on the screen
75905554,2023-04,2,VER,"When scraping content from a website, it seems like &#39;&amp;&#39; in the URL is ignored"
75905530,2023-04,2,VER,Problem with writing new CSV-File in Python (it only shows my header)
75905491,2023-04,3,GEN,how to remove equal values at the same row in two columns in a dataframe and store the rest in a new DF without modifyin
75905443,2023-04,1,VER,How to use a for loop to move through a range of values and save each iteration as a csv file
75905439,2023-04,3,GEN,How do I read n rows from CSV file
75905432,2023-04,1,VER,Attempt 1 at connecting failed: TimeoutError: TELEGRAM API TELETHON
75905429,2023-04,3,GEN,Django - Insert data into child table once the parent record is created
75905137,2023-04,3,GEN,Measuring the dB of a frequency after FFT
75905416,2023-04,1,VER,Dimension error in tensorflow.keras on image fusion
75904704,2023-04,2,VER,Generation of IP list not working (Python)
75905332,2023-04,3,GEN,Calculate Vector of Ray Determined by Pixel Coordinate
75905258,2023-04,3,GEN,Speeding up for loops in pySpark
75905243,2023-04,3,GEN,Making dialogue delay in renpy more efficient
75905219,2023-04,3,GEN,How to send a data from ESP8266 (Arduino) to PC (Python) over Wifi
75905208,2023-04,2,VER,How to read a csv with a broken header in pandas?
75905202,2023-04,2,VER,Scraping with BeautifulSoup and JSON getting different result than expected
75905201,2023-04,2,VER,Returning results from DBT back to Airflow
75905175,2023-04,2,VER,I&#39;m having trouble replacing an empty element in a dictionary in python 3.7
75905165,2023-04,1,VER,"ValueError: Unable to create tensor, you should probably activate padding with &#39;padding=True&#39; to batched tensors"
75905391,2023-04,3,GEN,Adding an image as background in a Tkinter Window
75904692,2023-04,2,VER,How to avoid IntegrityError issue with update_or_create?
75904876,2023-04,2,VER,"conda warns me I should update conda, but the update keeps failing"
75904686,2023-04,2,VER,How to find the original image from a binary string &quot;1001011110001....&quot; using Pillow python?
75904116,2023-04,2,VER,Lose choices in select field nested inside a FieldList
75904104,2023-04,2,VER,Panda value_counts index output looks weird
75904077,2023-04,2,VER,Plotting a graph using a function applied to elements in an array
75904063,2023-04,2,VER,for loop not printing every row in pandas df
75904025,2023-04,1,VER,Trying to iterate through a directory pre-word2vec model training
75904016,2023-04,1,VER,Can&#39;t write to file in Google Cloud
75903982,2023-04,2,VER,"Python search for multiple strings in a folder full of text files, copy the rows and 50 rows below it to another file"
75903962,2023-04,3,GEN,Return list of sentences with a particular subject
75903895,2023-04,3,GEN,adding cookie to a flask function that returns a redirect
75903887,2023-04,2,VER,"X has 1 features, but LinearRegression is expecting 10 features as input"
75904121,2023-04,1,VER,"The Covariance Matrix is not positive definite, even with jitter using GPy package in Python"
75903878,2023-04,1,VER,Use custom transformer for albumentations
75903823,2023-04,1,VER,Dynamically importing libraries with importlib on setuptools entrypoint
75903822,2023-04,1,VER,Refreshing page (f5) causes my api to return JSON and display plain JSON
75903821,2023-04,3,GEN,Round Lists While Maintaining Sum Across ALL Lists
75903818,2023-04,1,VER,&quot;ReadError: file could not be opened successfully&quot; when opening &#39;.tgz&#39; with tarfile
75903689,2023-04,1,VER,"CPU RAM keeps increasing in every epoch and doesn&#39;t free up CPU RAM after every epoch, also doesn&#39;t increase muc"
75903678,2023-04,3,GEN,How to determine if turtle is within a circle using xcor and ycor?
75903640,2023-04,2,VER,calculating all possible outcomes for a sports league in python
75903592,2023-04,1,VER,whats wrong with my connect four code for a cpu on medium difficulty
75903584,2023-04,3,GEN,How to construct a .vtk file with point data from numpy arrays?
75904688,2023-04,1,VER,Socket Error 11001 when calling function in another module from main
75903837,2023-04,2,VER,Why does GET Details returns all Null and Delete Details returns &quot;detail&quot;: &quot;Method \&quot;GET\&quot; not 
75904146,2023-04,3,GEN,Removing ANSI escape sequence in Python
75903571,2023-04,3,GEN,How to remove None from Column containing Lists ONLY IF the List contains another string?
75904201,2023-04,3,GEN,"Construct date column from year, month and day in Polars dataframe"
75904175,2023-04,2,VER,How to speed up this code for Poincare Section using Numba?
75904671,2023-04,1,VER,Google Collab shows RunTime disconnected On running Dataset
75904669,2023-04,2,VER,Count the number of character that occur at same index after reversing the string
75904667,2023-04,2,VER,Returns : ModuleNotFoundError: No module named &#39;gradio&#39; when I try to run my program
75904625,2023-04,1,VER,PythonAnyWhere.com and github repo have different sql database information
75904622,2023-04,3,GEN,Enable keyboard enter key as a submit button in python gui
75904605,2023-04,2,VER,Where to install python library or package
75904576,2023-04,4,GEN,What is the difference between TypeVar(bound=Hashable) and just Hashable
75904569,2023-04,2,VER,How can I compress cipher output?
75904558,2023-04,1,VER,AttributeError: &#39;list&#39; object has no attribute &#39;similarity&#39; when using dense passage retriever (pinecone
75904509,2023-04,1,VER,Network Analysis using textnets - ValueError: negative dimensions are not allowed
75904683,2023-04,3,GEN,Returning the specific K transactions that result in the maximum profit
75904500,2023-04,1,VER,Unable to build wheels in pipenv
75904487,2023-04,4,GEN,is there a magic method for logical and and or in python?
75904423,2023-04,3,GEN,How to split words in a paragraph when there is a &lt;a&gt; tag with href attribute within the &lt;p&gt; tag
75904370,2023-04,1,VER,How to install freeglut with python 3.6
75904348,2023-04,1,VER,Django Debug toolbar is not showing though `view page source` is showing debug tool&#39;s html
75904337,2023-04,1,VER,Not able to return source code of any function
75904325,2023-04,4,GEN,How to do a case-insensitive string.startswith
75904265,2023-04,1,VER,Python Web Scraper not populating .txt file with any scraped data
75904243,2023-04,2,VER,TypeError: Unhashable type: &#39;numpy.ndarray&#39; in keras
75904241,2023-04,2,VER,How to I only read &#39;drive&#39; network_type from .osm file in osmnx?
75904222,2023-04,1,VER,scraping odds with selenium after mouse over
76145419,2023-05,2,VER,Get email of the current logged in user in Django and filter with it to get specific statistics
76145421,2023-05,2,VER,The below code is throwing a Value Error on AES-128 using ECB mode
76145455,2023-05,1,VER,Python AzureAppConfiguration SDK and Azure CLI SDK refuse to authenticate
76145540,2023-05,4,GEN,I have a problem with applying backspace with python
76145527,2023-05,2,VER,Pytorch BertForSequenceClassification model always predicts 0
76145538,2023-05,3,GEN,How to add new element in nested xml based on parent tag name in python
76145539,2023-05,3,GEN,How to prevent overlapping of subplots in Plotly using `make_subplots`
76145408,2023-05,4,GEN,Dictionary using dict comprehensions where we have maximum value for a key
76145466,2023-05,4,GEN,How to compute Euler angles from Quaternion form?
76145406,2023-05,1,VER,How to modify and save already opened Excel file
76145177,2023-05,2,VER,TypeError on Generator object with Linux Mint. Code works fine in Win11
76145334,2023-05,3,GEN,Error while trying to call np.ravel_multi_index function in python to convert subscripts to linear Indices for Three-Dim
76145292,2023-05,3,GEN,How to use the xarray.Dataset.sel function?
76145251,2023-05,2,VER,Error while generating triplets in custom train loop
76145101,2023-05,2,VER,Date conversion to specified format not working for all values
76145158,2023-05,2,VER,I am trying to take image input in html file and display and i am using flask as a server . but i am not able to display
76145126,2023-05,2,VER,How do I read/write to a .adofai file using strings?
76145123,2023-05,3,GEN,Vectorize iterative Python loop: c[i] = a[i] + b[i] * c[i-1]
76145113,2023-05,2,VER,(SOLVE) Django Bootstap Modals cant render modal content
76145112,2023-05,1,VER,ERROR: failed to solve: process &quot;/bin/sh -c pip3 install -r requirements.txt&quot; did not complete successfully: e
76145554,2023-05,1,VER,Cannot start Label-Studio after installing it with Anaconda
76146298,2023-05,2,VER,How to place image inside canvas in tkinter
76145626,2023-05,3,GEN,"YOLO v8n - keep original IDs of objects, once other objects are not detected"
76145980,2023-05,3,GEN,How do I drop specific NaN values while keeping others based on a pattern of NaNs in the dataframe in Pandas?
76145674,2023-05,3,GEN,MoviePy - proper way to position text
76145091,2023-05,3,GEN,Custom bins in choropleth Plotly map
76146288,2023-05,4,GEN,How can I import a word.doc into colab
76146250,2023-05,2,VER,Calculate required start date for work order excluding weekends to reach shipping date
76146232,2023-05,1,VER,AttributeError: module &#39;jax.tree_util&#39; has no attribute &#39;PyTreeDef&#39; when import haiku
76146218,2023-05,3,GEN,Migrate from sync Flask to async Flask
76146206,2023-05,1,VER,Scrapy Cant Found the Login Form Error: raise ValueError(f&quot;No &lt;form&gt; element found in {response}&quot;)
76146187,2023-05,4,GEN,"Unpacking a list of tuples of func, *args, **kwargs / command design pattern"
76146181,2023-05,4,GEN,How do I fix misquoted CSV files to allow parsing them with the csv module?
76146177,2023-05,2,VER,Scraping data off Real Estate Website (RayWhite)
76146164,2023-05,4,GEN,Coefficients of linear combination of matrices
76145647,2023-05,2,VER,enhance Tabula for accurate text with layout extraction
76146137,2023-05,3,GEN,Django update_or_create() throws &#39;already exists&#39;
76146041,2023-05,3,GEN,Scaling Matplotlib Colorbar
76145911,2023-05,3,GEN,Test flask command when using click.confirm(&quot;sometext&quot;) with abort option
76145889,2023-05,3,GEN,Transform JSON Data
76145878,2023-05,2,VER,Image used in parent window showing error pyimage9 does not exist at the time of showing in the child window
76145866,2023-05,4,GEN,Python instability due to exponentials
76145777,2023-05,2,VER,How to fix &quot;pywinauto&quot; not starting a windows application?
76145761,2023-05,3,GEN,Use poetry to create binary distributable with pyinstaller on &#39;package&#39;?
76145756,2023-05,3,GEN,Summation of multiple calculations
76145750,2023-05,3,GEN,Reshaping dataframe using multi-index and populate data accordingly
76145736,2023-05,4,GEN,How to make a discord bot react to every message?
76146072,2023-05,3,GEN,Dynamic pivot or lateral flatten in Snowflake / Snowpark to columns
76145056,2023-05,3,GEN,Why tensor indexing on GPU calls GPU-&gt;CPU memcpy and cudaStreamSync?
76145394,2023-05,3,GEN,Run Commands From Frontend Client in a Kubernetes Pod Using Python Kubernetes Client
76145035,2023-05,2,VER,I am having problems passing a variable between classes in Python when stored inside of an __init__ function
76144586,2023-05,2,VER,How do you correctly use Cupy&#39;s GPU accelerated library in python?
76144581,2023-05,1,VER,BERT Model for reviews throwing an error. How do I fix it?
76144532,2023-05,4,GEN,How to generate random numbers fast from &quot;An Extremely Big Array&quot; in Python？
76144505,2023-05,3,GEN,Select only a specific keys within a nested MapType col using pyspark
76144488,2023-05,4,GEN,Create duplicate rows based on the values in an array in a cell of the actual row
76144445,2023-05,1,VER,&quot;invalid rect assignment&quot; error in pygame
76144420,2023-05,1,VER,"Problem using JPype on Mac OS X: I try to start the JVM but I get a DLL not found, but it is there"
76144405,2023-05,3,GEN,Python create two three variable list to image
76144393,2023-05,4,GEN,Swiping 2 array elements in python
76144383,2023-05,2,VER,How to insert data into a mysql database from user input using a python app?
76144622,2023-05,4,GEN,What does random_state = 0 do when used as an argument to the SVC function?
76144372,2023-05,4,GEN,Dynamic argument parser for python
76144299,2023-05,1,VER,opencv keeps ignoring my cv2.waitkey(1) character
76144290,2023-05,3,GEN,How to enable heatmap in a specific row of dataframe using seaborn
76144265,2023-05,4,GEN,"How can I find mean value of time such that &#39;0:00:34.805936&#39;, &#39;0:01:17.946625&#39; , &#39;0:01:41.294841&#39"
76144256,2023-05,4,GEN,How to use parameterized fixtures in parameterized tests?
76144252,2023-05,3,GEN,Saving a Plotly figure as an PNG image in a zip file is very slow
76144224,2023-05,1,VER,Can&#39;t make Kivy buttons return their value
76144183,2023-05,3,GEN,Edit Word documents and track changes using Python
76144167,2023-05,2,VER,Tweak &quot;time-grouping&quot; function pandas
76144163,2023-05,3,GEN,pyplot save sequence of figs with avefig &amp; clear?
76144138,2023-05,1,VER,How to run checkov in Windows
76144370,2023-05,1,VER,"I run nanogpt on pytorch 1.10.0，but error,AttributeError: module &#39;torch&#39; has no attribute &#39;amp&#39;"
76144651,2023-05,1,VER,Why am I getting an error for two of the same blocks of code?
76145052,2023-05,3,GEN,Checking mode availability using ping in RYU controller
76144683,2023-05,3,GEN,"Using Python AST Module, parse callables used as arguments"
76145014,2023-05,3,GEN,How to run Gunicorn inside virtualenv?
76144977,2023-05,2,VER,Bar chart not getting plotted in python. Error &quot;no numeric data to plot&quot;
76144916,2023-05,2,VER,Reading URL for downloading a public json repository
76144883,2023-05,1,VER,How do I solve Google Maps API HTTP 400 Error?
76144853,2023-05,3,GEN,Frequent Subgraph Mining for neo4j single graph
76144840,2023-05,4,GEN,add functions to support original key value hash
76144796,2023-05,2,VER,Pynput Autoclicker with Tkinter GUI wont terminate
76144792,2023-05,3,GEN,Create SpreadSheet without Google Drive Scope
76144789,2023-05,1,VER,Postgresql in Python - Joining tables on a matching variable that is not showing as matching
76144788,2023-05,3,GEN,Audio Editing using Python
76144837,2023-05,3,GEN,How to create multiple records in a firebase realtime path?
76144769,2023-05,3,GEN,how to put the total in the middle of the data frame
76144784,2023-05,3,GEN,Change a fasta header with the next word after &#39;similar to&#39;
76144694,2023-05,2,VER,&#39;Vlookup&#39; and return &#39;Match or Not Match&#39; based on corresponding rows using Python
76144698,2023-05,2,VER,Ordinal logistic regression prediction and accuracy using statsmodels
76144699,2023-05,4,GEN,Is there a way to sort dictionary values with Python
76144700,2023-05,4,GEN,Scope of function parameter python
76144690,2023-05,3,GEN,How do you scrape HTML content of a scrolled down page to the nth post on TikTok with Python Playwright?
76144724,2023-05,1,VER,error with ffmpeg converting images to video
76144753,2023-05,1,VER,Dates Change Upon Sorting
76144756,2023-05,1,VER,ModuleNotFoundError: No module named &#39;_ctypes&#39; trying buildozer android debug
76144722,2023-05,1,VER,APK generated by github python to android action crashing
76144678,2023-05,3,GEN,How to handle pipelines in tensorflow vs sklearn
76379758,2023-06,3,GEN,Why can&#39;t I overlay a violinplot and a lineplot?
76380018,2023-06,3,GEN,Selenium get current URL as soon as the website is redirected
76380001,2023-06,4,GEN,Why does Django give a warning about unapplied migrations and how to fix it?
76379924,2023-06,3,GEN,Create dataclass instance from union type based on string literal
76379882,2023-06,2,VER,Pytest isn&#39;t working after update to pytest 7
76379867,2023-06,4,GEN,Python empty numpy 2D array and append value
76379852,2023-06,3,GEN,Renaming of column names of Excel file using Python
76379807,2023-06,3,GEN,How to convert csv logs to json using transform lambda in kinesis
76379762,2023-06,3,GEN,tkinter GUI lagging due to a function in after() call
76379760,2023-06,4,GEN,"Shell capture python return value, not print value"
76379525,2023-06,2,VER,GANs output is 64x64x3 instead of 256x256x3
76379738,2023-06,1,VER,WebElements are not displayed properly on page in robot framework
76379737,2023-06,3,GEN,How pass airflow jinja vairable value to function inside bigquery operator
76379704,2023-06,3,GEN,How do I add the project title to the project_details url&#39;s (slug) on this django project
76379674,2023-06,3,GEN,Custom decode binary data in polars
76379667,2023-06,1,VER,Python code works as standalone but not in PYQGIS
76379662,2023-06,3,GEN,Manipulating a json file containing a dict of json string
76379641,2023-06,1,VER,Error in running function from dll python(ctypes)
76379616,2023-06,4,GEN,Django ORM get data by pagination in query level?
76379570,2023-06,1,VER,Can not install fairseq==v0.10.2 in pycharm
76380023,2023-06,2,VER,How can I use a custom SSL certificate with Python requests client?
76379743,2023-06,3,GEN,Visualizing users by applications based on their transactions
76380078,2023-06,4,GEN,How to filter a pandas data frame with respect to a substring inside a field?
76380381,2023-06,3,GEN,Create virtualenv for python 2.7 with python 3.10
76380153,2023-06,3,GEN,How to train OpenAI model on your own dataset
76380708,2023-06,2,VER,How do I install modules or pip in python idle
76380677,2023-06,1,VER,Airflow Dag using python operator to copy files from one to other folder in local system
76380671,2023-06,4,GEN,Why does my Python function enter the else block when I use recursion to generate a Fibonacci list with &#39;else&#39; i
76380576,2023-06,2,VER,0/1 Knapsack Problem with Dynamic Programming
76380556,2023-06,2,VER,Intersection of circle and polygons
76380548,2023-06,3,GEN,Python - DOCX table comparison
76380541,2023-06,3,GEN,Center one or both axis to center the &quot;view&quot; around a specific plot
76380520,2023-06,3,GEN,How can I add multiple non-consecutive cells to Name Manager in Excel using Python?
76380508,2023-06,1,VER,How do get rid of the colab error on falcon40b model
76380495,2023-06,3,GEN,Comparing two lists in pandas gives TypeError: &#39;float&#39; object is not iterable
76380131,2023-06,3,GEN,Python fit and chi square comparison
76380443,2023-06,2,VER,"Squish GUI testing for Java, use windows primary mouse button rather than set mouse button manually?"
76380434,2023-06,3,GEN,How can I filter between two datetime timestamps in a dataframe?
76379499,2023-06,3,GEN,Vectorising logsum using numpy
76380377,2023-06,1,VER,PBI Desktop automation while Windows screen is locked
76380353,2023-06,4,GEN,How can I efficiently generate all permutations of &#39;AABBBCCCCCDDDDDEEEEE&#39; without repetitions using Python?
76380306,2023-06,4,GEN,How to import all the modules from the current directory
76380291,2023-06,2,VER,Cython: Unable to cimport from `.pxd` file
76380275,2023-06,3,GEN,how to utilize multiple celery workers to perform the same single task in python with flask
76380185,2023-06,1,VER,always got Root mapping definition has unsupported parameters error
76380177,2023-06,2,VER,How can I fix the &#39;Screen already managed by another ScreenManager&#39; error in my Kivy Python program?
76380172,2023-06,3,GEN,Polars group_by + value_counts
76380435,2023-06,3,GEN,How to store custom object in Variable similar to Tkinter&#39;s Variable object
76379440,2023-06,2,VER,How to see the Embedding of the documents with Chroma (or any other DB) saved in Lang Chain?
76379740,2023-06,1,VER,Conflict pyinstaller vs pathlib --&gt; removing pathlib causes deletion of anaconda navigator
76379321,2023-06,4,GEN,padding zeros before and after the decimal point
76378535,2023-06,2,VER,Merge Two Sorted List Leetcode Question 21
76378524,2023-06,3,GEN,Optimal way to take a network of nodes and interpolate missing values
76378461,2023-06,3,GEN,Function with many return values
76378441,2023-06,1,VER,Panda&#39;s Merge is exploding in memory
76378414,2023-06,2,VER,Add New Polygon to Dash Leaflet Map via a Callback
76378401,2023-06,1,VER,Why am I getting an IsADirectoryError when running my Python Kivy/Kivymd app on Android?
76378374,2023-06,1,VER,docker python3.x-minimal error after ubuntu update
76378373,2023-06,4,GEN,What are some alternatives to using classmethod and property decorators together?
76378323,2023-06,2,VER,Search Customers that are part of the logged on User&#39;s Business?
76378321,2023-06,3,GEN,Parse a CSV File and Rename the columns
76378543,2023-06,1,VER,How can I install Cython on Pycharm with Windows 10 when I keep getting &#39;Non-zero exit code (1)&#39; error?
76378252,2023-06,2,VER,AsyncIOScheduler cronTrigger not working when the main thread uses asyncio.get_event_loop().run_until_complete
76378181,2023-06,3,GEN,Merging multiple dataframes in loop based on same suffix in variable names
76378174,2023-06,3,GEN,Exempt domain for slowapi rate limiter
76378138,2023-06,1,VER,Conda proxy problem when using home wifi network
76378108,2023-06,4,GEN,Find all unique single branch on a tree in python
76378061,2023-06,2,VER,"Yet another python path question (relative/absolute/any, really)"
76378059,2023-06,1,VER,"How to fix `transformers` package not found error in a Python project with `py-langchain`, `llama-index`, and `gradio`?"
76378030,2023-06,3,GEN,"Iter-selection data from a row-list and multiply each value with multiple csv files in order , Python"
76378000,2023-06,2,VER,Clearing main terminal screen from a Python service
76377964,2023-06,2,VER,Speed up Gekko when minimizing many equations with interactive variables
76377950,2023-06,4,GEN,Why does &#39;300 is 301 - 1&#39; return &#39;True&#39; in Python?
76378248,2023-06,2,VER,trouble with minimax tree in the CS50 tictactoe
76378578,2023-06,3,GEN,Can you help me understand the __init__() constructor of the io.FileIO(RawIOBase) class?
76379366,2023-06,3,GEN,How to add a Discord modal to a button in Python using discord.py
76378628,2023-06,2,VER,How to fix &#39;int&#39; object has no attribute &#39;astype&#39; error when sending WhatsApp messages to large number o
76379197,2023-06,3,GEN,How Do I know on which line I clicked on in a LineCollection?
76379182,2023-06,2,VER,"Google search results is not same as scraping google results, how to get them same?"
76379142,2023-06,4,GEN,Directly pass / return image from http response to web interface (streamlit)
76379139,2023-06,3,GEN,Write and read a pyarrow schema from file
76379117,2023-06,2,VER,Unable to store data using flask as backend and kivy as frontend
76379113,2023-06,1,VER,Uploading files to Google Drive using python with Docker - googleapiclient.errors.UnknownFileType
76378592,2023-06,4,GEN,Can&#39;t not write three value in 1 line
76379050,2023-06,4,GEN,FastAPI API-key Unittesting
76379034,2023-06,2,VER,Why is my dictionary data not displaying correctly on a bar chart using openpyxl?
76378973,2023-06,1,VER,How to fix &#39;bad interpreter&#39; error when executing pip-related commands after changing username on an M1 MacBook?
76378948,2023-06,4,GEN,alternative to use eval python eval-used / W0123
76379108,2023-06,2,VER,Module can not be imported
76378919,2023-06,2,VER,Mysterious output while recursing in python
76378873,2023-06,3,GEN,how to plot a single line in plotly with multiple colors according to a categorical variable
76378844,2023-06,3,GEN,Multi Query Attention implementation
76378818,2023-06,3,GEN,Converting formula variables to variable names with regex operations
76378796,2023-06,1,VER,"&#39;instaloader&#39; is not recognized as an internal or external command, operable program or batch file"
76378780,2023-06,1,VER,Elpy-rpc in Emacs gives &#39;exited abnormally with code 1&#39; error and unexpected output. How can I fix it?
76378770,2023-06,2,VER,Python PermissionError: [WinError 32] The process cannot access the file because it is being used by another process
76378761,2023-06,1,VER,Celery task creating duplicate queues on high load
76378700,2023-06,2,VER,Mypy complains correct protocol implementation as invalid return type
76378670,2023-06,3,GEN,pandas dataframe query not working with where
76378946,2023-06,3,GEN,Python/RegEx : Converting bad paragrapgh to good paragraph
76594306,2023-07,4,GEN,is there a way to declare a temp var in an if statement?
76594336,2023-07,4,GEN,"After not swapping an item in an insertion sort, do we move on or does that item still get compared to the others?"
76594344,2023-07,3,GEN,ElementClickInterceptedException: element click intercepted: Element is not clickable clicking on a download link
76594373,2023-07,3,GEN,Is there a way that we can increase the size of the hover label in plotly express
76594471,2023-07,3,GEN,"How to extract all available formats for a video, select a particular format and download it using yt-dlp in python?"
76594409,2023-07,4,GEN,How to create a jax array and store dictionaries inside it later?
76594423,2023-07,2,VER,Python asterisk ami
76594454,2023-07,1,VER,Azure Databricks notebook not picking the parameters passed via job api
76594405,2023-07,3,GEN,Discord bot on Disnake. How do I make the button inactive after clicking?
76594243,2023-07,3,GEN,HTML content is not same while reading from python requests library
76594025,2023-07,3,GEN,Running FastAPI server alongside Kivy application
76594173,2023-07,1,VER,How to fix the &quot;ConnectionResetError&quot; when traning BERTopic?
76594133,2023-07,3,GEN,how to reset the data frame column and in place of missing values append 0&#39;s using pandas python
76594132,2023-07,3,GEN,Tensorflow 2.0 is not detecting my GPU and pip install tensorflow-gpu won&#39;t work (legacy-install-failure)
76594121,2023-07,3,GEN,How to edit new messages before forwarding using python
76594119,2023-07,3,GEN,Python input to play again or exit not working
76594116,2023-07,3,GEN,Issues exporting a split dataframe based on each time a certain value appears
76594115,2023-07,4,GEN,How to create numpy array mask/masked array with multiple conditions?
76594086,2023-07,4,GEN,Multithreading execution starts before start() method
76594057,2023-07,2,VER,How do I return the correct name based on last in first out using a pandas df?
76594031,2023-07,4,GEN,How to distinguish between comments and notes in openpyxl?
76594535,2023-07,3,GEN,Add a whole column with values to the SQL table
76594177,2023-07,3,GEN,In python-sql interfacing how do I use string parameters properly?
76594555,2023-07,1,VER,"Heroku gdal-config missing when installing R packages (rgdal,terra)"
76594831,2023-07,1,VER,how do I fix this error in my mass dm selfbot on discord
76594567,2023-07,1,VER,SSIS execute process task error while executing python script
76594013,2023-07,2,VER,How to take image from imgur image url and the bot send it to channel by python
76595188,2023-07,1,VER,Functions are not populating database
76595131,2023-07,4,GEN,"Is there any way to edit the metadata attributes of a video with python? (mov, mp4, etc.)"
76595086,2023-07,3,GEN,How to set colorbar labeling text in the center of two tick marks?
76595077,2023-07,3,GEN,Generating an image of multi character emoji using Pillow in python
76595025,2023-07,4,GEN,I need to group a data
76595019,2023-07,4,GEN,Assign multiple variables with list values
76595013,2023-07,3,GEN,&quot;AssertionError: applications must write bytes&quot; when streaming data using Python Flask
76594968,2023-07,3,GEN,durable-rules loading ruleset from json file
76594950,2023-07,3,GEN,Matplotlib - how to align a second plot on a specific date that corresponds to a first plot
76594563,2023-07,3,GEN,How to setup django signals in django project which has multiple apps in it?
76594886,2023-07,2,VER,How to Add to Cart with Python using WooCommerce API?
76594841,2023-07,3,GEN,Why does my Discord.py Bot not recoginize ctx params for commands
76594818,2023-07,4,GEN,Indexing a SearchVector vs Having a SearchVectorField in Django. When should I use which?
76594777,2023-07,1,VER,file exists in same folder but i keep getting the error file not found in vs code
76594738,2023-07,4,GEN,Python make function available at shell launch
76594723,2023-07,2,VER,incompatible datatypes when plotting a bar chart
76594721,2023-07,3,GEN,Change style of error line (cap size and dash) in plotly
76594701,2023-07,2,VER,np.interp returning a constant array
76594689,2023-07,4,GEN,format text to limit the number of columns
76594654,2023-07,3,GEN,How Can I Use Nested Loops on Python
76594594,2023-07,3,GEN,Django search with postgres.search works incorrect and case-sensitive with Cyrillic letters
76594871,2023-07,4,GEN,How to can I make an input completely case insensitve (covering all possible variations)
76595197,2023-07,1,VER,Flask app deployed on PythonAnywhere with Machine Learning model not responding
76593959,2023-07,4,GEN,How to display a Chinese title while using TeX in Matplotlib?
76593906,2023-07,4,GEN,How to resolve &quot;cannot import name &#39;_MissingValues&#39; from &#39;sklearn.utils._param_validation&#39;&quot; is
76593239,2023-07,3,GEN,How to improve self define function PCA code?
76593203,2023-07,2,VER,POST method not working in a JSF website using Python-requests
76593169,2023-07,4,GEN,ImportError: cannot import name &#39;Annotated&#39; from &#39;pydantic.typing&#39; when using inflect library in Python
76593152,2023-07,1,VER,Round Robin using Queue
76593096,2023-07,1,VER,Why does it say module has no attribute text?
76593095,2023-07,4,GEN,Packaging python code and including accessible configuration file
76593091,2023-07,4,GEN,Is there a way to use the sep=&quot;&quot; function with an inputed string
76593080,2023-07,3,GEN,How to find overlapping rectangles in a Pandas dataframe?
76593077,2023-07,1,VER,Missing output file when using github workflow
76593068,2023-07,3,GEN,Plotly figure not rendering in ipywidgets interact function (Google Colab)
76593064,2023-07,2,VER,How to resize pygame window indefinitely
76593041,2023-07,1,VER,Pygame and Pygame_menu gives Attribute error even though the library exists
76592974,2023-07,2,VER,How to generate a scatter plot from a .csv file?
76592972,2023-07,2,VER,How to properly stop Python script that calls infinite subprocess?
76592936,2023-07,4,GEN,"python socket , communicate with other computer over the internet without port forwarding"
76592933,2023-07,2,VER,Sklearn custom scorer to calculate ROC AUC of top x% of predictions
76592932,2023-07,2,VER,"Pandas is not aggregating a simple data frame correctly. Is it a bug, or my platform?"
76592910,2023-07,3,GEN,How to plot squares using lists in python?
76592906,2023-07,1,VER,Is there a function or method to use voice response (say) in twilio inside the streaming function?
76592858,2023-07,3,GEN,How to perform a series of multiplication with one of the multiplier as the product from earlier in pandas without loopi
76592844,2023-07,1,VER,Unable to upadate combo box in tkinter python
76593245,2023-07,3,GEN,How to move the input field of an Entry() in tkinter?
76593250,2023-07,3,GEN,Optimizing Matrix Multiplication in Python
76593946,2023-07,4,GEN,Debind Tkinter Python
76593300,2023-07,3,GEN,apend method is not working in python code
76593885,2023-07,1,VER,My Chrome driver is bugged because of undetected crhome browser
76593884,2023-07,2,VER,Read .xlsx as pandas dataframe from FTP without writting to disk
76593863,2023-07,4,GEN,Add another column to a dataframe containing the name of the non-zero features
76593834,2023-07,4,GEN,need to render python in html using flask
76593825,2023-07,3,GEN,How to fix &#39;None&#39; result whilst using bs4 for web scraping
76593816,2023-07,1,VER,Airflow DB initialization on WSL
76593783,2023-07,3,GEN,Decorate main with try-except referencing to main instance
76593751,2023-07,2,VER,How to solve Django Rest Api Deployment 404 Error on Vercel
76593629,2023-07,1,VER,naive cuda kernel for ReduceL2 operator
76593621,2023-07,4,GEN,"FastAPI, SQLAlchemy Session context"
76593811,2023-07,1,VER,My code is showing &quot;ValueError: &#39;label&#39; must be of length &#39;x&#39;&quot; this error. Why?
76593542,2023-07,3,GEN,Error Handling in Python: Handling Custom Exceptions within a Decorator
76593563,2023-07,4,GEN,Redis Queue task is queued but never executed
76593312,2023-07,1,VER,Trying to compress pdf file stored in AWS S3 bucket using AWS Lambda with python but it showing Error
76593317,2023-07,1,VER,when i try to activate my Virtual Environment its trows an error
76593328,2023-07,4,GEN,Other code won’t run because webserver section is waiting for web requests
76593346,2023-07,2,VER,Trying to divide the image into two halves and compare them
76593309,2023-07,2,VER,After adding a couple packages I got this error. django.core.exceptions.ImproperlyConfigured: The INSTALLED_APPS setting
76593390,2023-07,4,GEN,GCP MetricServiceClient calls which API
76593413,2023-07,3,GEN,lineplot() takes from 0 to 1 positional arguments but 2 were given
76593524,2023-07,2,VER,how to stop selenium exiting instantly and fix not typing keys
76593377,2023-07,3,GEN,How to extract the rttm format file from .wav audio file
76593284,2023-07,2,VER,Delaunay triangulation of a Fibonacci sphere
76809660,2023-08,2,VER,How do I structure/design a multipage dash application to avoid duplicate callback errors?
76809890,2023-08,3,GEN,Why grouping on columns (axis=1) is ineffective or at least faulty?
76809889,2023-08,2,VER,Slide rearrange issue in PPT
76809852,2023-08,3,GEN,Why is my instance variable coming up as undefined when I ask for user input in my init method
76809816,2023-08,2,VER,How to use GridSearchCV to do hyperparameter tuning with a custom estimator and custom cross validation?
76809804,2023-08,3,GEN,Is there the best way to train binary classification with 1000 parquet files?
76809763,2023-08,4,GEN,&quot;None&quot; is being added at the bottom of the output
76809761,2023-08,1,VER,How to fix this problem with pip when i try to install packages? &quot;TypeError: rmtree() got an unexpected keyword arg
76809760,2023-08,3,GEN,ValueError: time data &#39;00:34 am&#39; does not match format &#39;%I:%M %p&#39; : iam getting this error while adding 
76809683,2023-08,3,GEN,Plotly Heatmap texttemplate not working with customdata
76809227,2023-08,2,VER,Like button in Django + AJAX (dubl)
76809631,2023-08,1,VER,Google Vertex AI Prediction API Prediction request error
76809593,2023-08,3,GEN,Normalizing Nmap Results from File with Python
76809520,2023-08,2,VER,Empty API response after moving from Python to Powerhsell
76809516,2023-08,2,VER,0.0 Accuracy when using KNN on extracted text features by camemBERT
76809432,2023-08,3,GEN,txt.gz file isn&#39;t in my published pypi package
76809426,2023-08,2,VER,Inceptionv4 got wrong shape from CustomDataGenerator of keras
76809394,2023-08,4,GEN,How to specify a default value for unspecified variable in Python string templates?
76809324,2023-08,3,GEN,How to extract json &lt;script&gt; elements with BeautifulSoup
76809257,2023-08,3,GEN,How to Automatically Synchronize pyproject.toml Across Multiple GitHub Repositories?
76809999,2023-08,1,VER,&quot;ModuleNotFoundError: No module named &#39;chardet&quot; - when using auto-py-to-exe
76809656,2023-08,3,GEN,Write a python function that reads content from a csv file performs some calculations then outputs the results in a html
76810019,2023-08,3,GEN,Typehints/mypy in configuration class abstraction of dict
76810276,2023-08,3,GEN,Python: an unintentional infinite loop resulting from a for loop through a set between 2 integers
76810034,2023-08,3,GEN,How to create elements with zeep from WSDL?
76810725,2023-08,1,VER,How to solve asyncio run error in DiscordBot
76810701,2023-08,1,VER,Data stream with confluent-kafka python giving error - TypeError: You must pass either str or Schema
76810696,2023-08,2,VER,Hough Gradient Method misses some circles
76810604,2023-08,3,GEN,YAPMQ (Yet Another Python Modules Question
76810581,2023-08,2,VER,How to click cookie Button with selenium?
76810565,2023-08,1,VER,Python Selenium - NoSuchDriverException: Unable to obtain chromedriver using Selenium Manager
76810522,2023-08,2,VER,histogram with different label
76810507,2023-08,3,GEN,Reduce space between subplots and colorbar
76810495,2023-08,1,VER,Newbie in Python zsh: permission denied: /Users/myName
76810488,2023-08,3,GEN,how to make discord bot disconnects the user from the room?
76810023,2023-08,4,GEN,Any way of importing module IN parent folder without using a path insert?
76810468,2023-08,3,GEN,How to play video on QPushButton by PySide6.QtMultimedia.QMediaPlayer?
76810335,2023-08,3,GEN,why am I getting &quot;string&quot; in the field when I use Query to pass multiple URL inputs?
76809221,2023-08,1,VER,Trying to launch jupyter notebook
76810268,2023-08,1,VER,tensorflow.python.framework.errors_impl.FailedPreconditionError: Attempting to use uninitialized value num_blocks_2/mult
76810215,2023-08,4,GEN,What is the difference between ItemLoader and ItemAdapter in Scrapy?
76810199,2023-08,1,VER,Unable to add mamba env to PyCharm due to OK button greyed out
76810191,2023-08,2,VER,Pandas won&#39;t recognise values in one of its columns
76810168,2023-08,3,GEN,"Python when I run my code, how can I split my screen into parts and have them print out multiple things"
76810109,2023-08,1,VER,Pandas to excel file corruption
76810100,2023-08,2,VER,How do I fix &#39;403 Forbidden&#39; error when using Tweepy to access the Twitter API?
76810069,2023-08,1,VER,Selenium and Python: AttributeError: &#39;str&#39; object has no attribute
76810452,2023-08,2,VER,How to override a function using server script ERPNext v14
76809145,2023-08,4,GEN,I want to add a string to another string with {} around that string
76809633,2023-08,2,VER,"How to submit a pyspark application using Spark API rest files passing by a collection of python files, equivalent appro"
76809165,2023-08,2,VER,How can I make my Python package available in the poetry environment?
76808166,2023-08,2,VER,Loading Large Data From Teradatasql to Databricks
76808165,2023-08,3,GEN,How can I count the number of matching values in each row?
76808151,2023-08,3,GEN,are pytorch and torch compatible in code?
76808125,2023-08,1,VER,"&quot;cannot import name&quot; error in geovoronoi.plotting, related to geopandas"
76808119,2023-08,3,GEN,create_pandas_dataframe_agent with multiple dataframes
76808074,2023-08,2,VER,Image in Tkinter lower right corner issue; need it full and centered
76808065,2023-08,3,GEN,Treemap with variable # of categories (Plotly)
76808000,2023-08,1,VER,Class calls attribute from wrong file
76807981,2023-08,2,VER,Trained LSTM model receiving 0.00 on accuracy score
76807932,2023-08,1,VER,Python Confusion with Modules not being found
76808176,2023-08,1,VER,python subprocess.call() can not run on multiple nodes in pbs system?
76807910,2023-08,3,GEN,"I have multiple, identical classes, is there a way I can edit the data of each separately?"
76807875,2023-08,1,VER,My nd array is bbeing converted to a float when passsed
76807840,2023-08,1,VER,usr/bin/ld: cannot find -lz when installing libBigWig
76807835,2023-08,2,VER,Django prefetch related used inside a serializer method making too many queries. How to use prefetch related to reduce q
76807829,2023-08,2,VER,"Stopping multiple threads on demand (e.g., with key input)"
76807810,2023-08,1,VER,Pylint complains about imports
76807795,2023-08,2,VER,How can I use a spellchecker to add back a missing &#241;?
76807787,2023-08,2,VER,Python Polars - how to build a supersession conversion table
76807756,2023-08,1,VER,Azure App Service unable to deploy Streamlit app
76807753,2023-08,3,GEN,possible to specify platform dependent package data in pyproject.toml
76809119,2023-08,2,VER,Performance of Neo4j community edition
76807884,2023-08,2,VER,Structuring Raw Clinical Trial Data into columns with pandas for Machine Learning
76808182,2023-08,2,VER,"How to read information off of website using selenium, python, and MS edge"
76807945,2023-08,2,VER,Why this recursive function doesn&#39;t always work as expected?
76808290,2023-08,2,VER,Extract all links from a list of items from a website
76808187,2023-08,4,GEN,How to write a condition that works for all probable events?
76809071,2023-08,3,GEN,python/ pandas data frame row manipulation
76808985,2023-08,1,VER,cx_Freeze with RecursionError: maximum recursion depth exceeded in __instancecheck__
76808979,2023-08,2,VER,Python: Deduct values from DataFrame based on cumulative sum
76808943,2023-08,3,GEN,Multiple APScheduler
76808907,2023-08,2,VER,How do I get it so when I double click a py file it opens up Idle to edit without a console window temporarily coming up
76808832,2023-08,2,VER,python number counter not working properly
76808786,2023-08,1,VER,Deta.space does not return login token even login successful by command &quot;deta login&quot;
76808763,2023-08,1,VER,Pillow module gives image object error when used with tkinter
76808711,2023-08,2,VER,TypeError: &#39;&gt;&#39; not supported between instances of &#39;numpy.ndarray&#39; and &#39;tuple&#39;
76808700,2023-08,1,VER,Getting an error while running an odoo-bin in odoo 15
76809118,2023-08,1,VER,"adding data to excel pivot table, that has been added to a data model"
76808579,2023-08,3,GEN,Issue with Implementing a Recursive Function in Python to Calculate Factorials
76808672,2023-08,3,GEN,How to get data from a pandas df based on condition from other df
76808353,2023-08,2,VER,Why does MatPlotLib shows loglog plots not like it is planned?
76808355,2023-08,4,GEN,Difference between Python match/case and type() command. When to use which?
76808399,2023-08,1,VER,I make a discord bot and it broke
76808413,2023-08,3,GEN,Need to do union all in Hive on all table names coming from python list
76808328,2023-08,3,GEN,Adding piecewise discount function to model in Gurobi
76808517,2023-08,2,VER,Original exception text was: &#39;AnonymousUser&#39; object has no attribute &#39;email&#39;
76808522,2023-08,3,GEN,"What Programming language should I use to build app similar to duolingo for Android, iOS, Desktop, and web"
76808552,2023-08,3,GEN,Why does my for loop always return &#39;False&#39;?
76808441,2023-08,1,VER,ModuleNotFoundError extract_msg
77021789,2023-09,1,VER,Why does my PyVista plot produce vertical lines of scalars instead of continuous data distribution on my mesh?
77021923,2023-09,3,GEN,Access / record step size in python scipy&#39;s `solve_ivp` ODE solver
77021901,2023-09,3,GEN,How to make the elements of the pydantic schema connected
77021891,2023-09,3,GEN,Parallel workers initialized with individual objects in Python
77021885,2023-09,1,VER,AttributeError: &#39;str&#39; object has no attribute &#39;is_context_set&#39;
77021872,2023-09,4,GEN,How do I find lines containing a specific string when it is not prefixed by another string with regex
77021853,2023-09,3,GEN,Grab first n rows from a streamlit Interactive Dataframe to a list back to the main programme after it is sorted from th
77022025,2023-09,2,VER,VWAP-session/Day based
77021824,2023-09,2,VER,Converting AES 256 Java Encryption in python
77021797,2023-09,3,GEN,How to bundle an FMU with a png-file that illustrates the system?
77021769,2023-09,1,VER,Pytest fixtures skipping test
77021670,2023-09,3,GEN,Storing a list of floats or integers in Redis Search
77021739,2023-09,2,VER,UnicodeDecodeError: &#39;utf-8&#39; codec can&#39;t decode byte 0xe2 in position 147: invalid continuation byte
77021698,2023-09,3,GEN,python + run sed command in python
77021676,2023-09,3,GEN,Modeling Homeostatic Regulation with Python: How to Simulate Dynamic Systems
77021631,2023-09,1,VER,When I specify user in get_context_data my context object becomes empty
77021604,2023-09,3,GEN,"How to switch between local and installed version of python package, including IDE support (PyCharm)?"
77021587,2023-09,3,GEN,How to create a video player gui that you can increase and decrease video files&#39;s audio in python?
77021583,2023-09,2,VER,Bokeh interactive scatter plot with 1M+ points
77021550,2023-09,1,VER,Problem getting widget coordinates after scrolling the canvas by a certain amount in python and customtkinter
77021545,2023-09,3,GEN,Make flask API private
77022075,2023-09,1,VER,Pyinstaller images data put in the root file but error not found
77021764,2023-09,1,VER,&quot;Error compiling Cython file &quot; when I want to convert py to apk
77022111,2023-09,4,GEN,how to call function from one of the module inside a package without mentioning modules name?
77021505,2023-09,3,GEN,Where can I get the parameters specific to each time zone to use with win32api.SetTimeZoneInformation()?
77022170,2023-09,2,VER,Odoo 15 - Redirect users to a specific form/action when they login
77022698,2023-09,1,VER,Python code with Shopify pagination stops midway
77022657,2023-09,1,VER,Installing jovian in jupyter notebook
77022613,2023-09,3,GEN,Plotly Express plots are removed when uploading to GitHub
77022606,2023-09,4,GEN,All possible summations within a list
77022582,2023-09,4,GEN,Type hint for a special argument
77022574,2023-09,1,VER,Flask is not reacting to the FLASK_ENV variable setting
77022538,2023-09,1,VER,cannot connect to chrome at 127.0.0.1:50385 .This version of ChromeDriver only supports Chrome version 114 Current brows
77022494,2023-09,3,GEN,"How to get the description and other fields from the MIB file, knowing the OID?"
77022479,2023-09,3,GEN,compare two dataframe according to the year and month
77022472,2023-09,3,GEN,stem plot is clipped on the axis
77022149,2023-09,3,GEN,Delete a variable in pulp
77022402,2023-09,2,VER,Django save() with specified psycopg connection
77022317,2023-09,2,VER,How to reproduce the heatmap implementation used in seaborn v0.11
77022302,2023-09,2,VER,Why does my for loop stop working when it shouldn&#39;t?
77022254,2023-09,1,VER,Need help to call functions in diffrent class
77022238,2023-09,2,VER,create and upload csv file from list of tuples using cloud functions - python
77022231,2023-09,2,VER,softmax is not working: i have syntax error somewhere
77022216,2023-09,2,VER,(EMpirical Mode Decomposition+CNN) for time series forecasting
77022214,2023-09,3,GEN,How to fix a &quot;stale element reference&quot; when trying to check if an element is displayed?
77022212,2023-09,3,GEN,Convert a string value in a column of a data frame into timestamp
77022209,2023-09,3,GEN,Pandas DF Conditional filtering
77022194,2023-09,1,VER,Image Upload Django with Ckeditor Failed Undefined
77022338,2023-09,3,GEN,How to create a column that counts unique instances of a another column
77022705,2023-09,1,VER,Failed to open a website by using python Selenium
77021415,2023-09,1,VER,ModuleNotFoundError: No module named &#39;pytorch3d.io&#39; in colab
77021296,2023-09,2,VER,why the subprocess.run with ssh closed parent process&#39; stdin pipe
77020548,2023-09,2,VER,LSTNet RuntimeError: Input and parameter tensors are not at the same device
77020545,2023-09,1,VER,"handshake failed; returned -1, SSL error code 1, net_error -100"
77020489,2023-09,1,VER,tkinter variable conversion on continuously changing analog values
77020475,2023-09,2,VER,Is there a way I can handle context and general questions in Langchain QA Retrieval?
77020474,2023-09,1,VER,"The bot keeps responding same message, to every text. (Discord.Py)"
77020444,2023-09,1,VER,How to manually build a nanobind extension?
77020430,2023-09,3,GEN,Logging from QueueHandler not appearing until future.result() is called
77020360,2023-09,1,VER,Seleniumbase checkout bot script isn&#39;t running fast enough
77020339,2023-09,1,VER,Import error in conda environment for GDAL
77020338,2023-09,1,VER,Robot framework keywords are showing &quot;No keyword with name xyz&quot;
77020319,2023-09,3,GEN,Having Python Files in an R package- Where do I put it?
77020313,2023-09,1,VER,Google Colab error: TypeError: WebDriver.__init__() got multiple values for argument &#39;options&#39;
77020282,2023-09,1,VER,Getting &quot;telegram.error.InvalidToken: You must pass the token you received from https://t.me/Botfather!&quot;
77020278,2023-09,3,GEN,How to load a huggingface dataset from local path?
77020275,2023-09,1,VER,ImportError: No module named schedule?
77020181,2023-09,4,GEN,Can this for loop can be converted to numpy calculation?
77020135,2023-09,3,GEN,How to create and compare syrupy snapshots in hypothesis&#39;s stateful testing?
77020108,2023-09,2,VER,Most efficient way to request data and write the response to a file using Pandas
77020014,2023-09,1,VER,How to select an option from fiba page using playwright
77019941,2023-09,2,VER,Rotate Around Multiple Axes without Parent Child Relation - OpenGL Shaders
77019925,2023-09,2,VER,Numpy vectorized logic giving unexpected output
77020549,2023-09,3,GEN,Trying to check if password contains both letters and numbers with python
77020555,2023-09,1,VER,Spectra output from conversion of matlab to python
77021379,2023-09,4,GEN,How to validate deeply nested data structures using Pydantic?
77020636,2023-09,3,GEN,How to loop through dict of list of dict kind of data using python
77021289,2023-09,3,GEN,Add a Logo to an Image
77021272,2023-09,1,VER,ERROR: bcrypt-4.0.1-cp36-abi3-manylinux_2_28_x86_64.whl is not a supported wheel on this platform
77021209,2023-09,1,VER,YOLOv5 Not Detecting Custom Data
77021203,2023-09,3,GEN,My hex values are converted to int while passing as args
77021145,2023-09,3,GEN,Migrate a django project to new server with already exists postgresql database of anotehr django project
77021140,2023-09,3,GEN,pygithub search and read specific files
77020618,2023-09,2,VER,Xampp on windows server trying php run a python script
77021026,2023-09,3,GEN,How to expand list columns into rows in polars?
77020991,2023-09,3,GEN,Why the path is different between Python terminal in code editor vs after compiled into exe
77020988,2023-09,3,GEN,Python Multiple IFs and then 1 ELSE
77020971,2023-09,3,GEN,How to properly terminate or close a background task in aiohttp application?
77021106,2023-09,4,GEN,Is there anyway to generate doc strings for Python code using Github Copilot (VS Code)
77020925,2023-09,4,GEN,"Running a for-loop for the same function several times for a filtered dataframe, pythonic way to do that"
77020917,2023-09,4,GEN,How to add a submodule to an extension with nanobind?
77020912,2023-09,2,VER,Is it possible to get a dropdown list of date just by a single click in tkcalendar of tkinter python?
77020839,2023-09,1,VER,Display page is not appearing after submitting form
77020829,2023-09,2,VER,Extract details from unstructured pdfs either in table or any other format
77020794,2023-09,4,GEN,How to get last date along with its multiple rows
77020722,2023-09,3,GEN,How to separate word in python dataframe list
77020720,2023-09,2,VER,I made a calculator in python but it is showing an error
77020703,2023-09,3,GEN,python google sheets automation
77020689,2023-09,1,VER,Unable to connect to the SYBASE Database in Docker when triggered through FASTAPI
77020961,2023-09,2,VER,Links to the pages do not work in new tabs
77210749,2023-10,4,GEN,Add layout inside QFrame()
77210750,2023-10,2,VER,In PIL getting &#39;Image&#39; object has no attribute &#39;merge&#39; error message- Jupyter Notebook
77210766,2023-10,3,GEN,Gaussian curve stays almost unchanged when outliers are removed
77210776,2023-10,2,VER,How to plot trips durations while considering their deadlines?
77210887,2023-10,2,VER,YamlSyntaxException in Rasa
77210823,2023-10,3,GEN,"With google-cloud-bigquery, how can I create table and soon after that, insert rows?"
77210829,2023-10,1,VER,Matplotlib + Tensorflow not displaying image
77210880,2023-10,2,VER,How to upload screenshots in play store listing in play console through python &amp; official APIs
77210814,2023-10,3,GEN,Cannot use multiprocessing.Pool for recursive function running in parallel
77210723,2023-10,3,GEN,Value in numpy array doesn&#39;t change when +=
77210348,2023-10,2,VER,How to change the aspect ratio of a figure in SymPy
77210663,2023-10,4,GEN,Prevent React Component From Calling API Endpoint Twice
77210616,2023-10,3,GEN,TclError: image &quot;pyimage2&quot; doesn&#39;t exist
77210615,2023-10,3,GEN,How to reproduce visual division of pages with Gtk.TextView
77210550,2023-10,3,GEN,I want to create candlestick chart from scratch which square grid (not rectangle grid)
77210527,2023-10,4,GEN,Does Langchain’s `create_csv_agent` and `create_pandas_dataframe_agent` functions work with non-OpenAl LLMs
77210441,2023-10,3,GEN,Pydantic TypeError: validate() takes 2 positional arguments but 3 were given
77210440,2023-10,3,GEN,Python3 - asyncio versus requests - performance
77210426,2023-10,1,VER,Selenium can not find Accept All cookies button
77210413,2023-10,4,GEN,Why id() returns same for different objects
77210363,2023-10,1,VER,Pip list showing random packages when Changing python versions in conda env
77210932,2023-10,1,VER,Speed Detection using TensorFlow Lite in a Raspberry pi 4B
77210676,2023-10,3,GEN,Inserting the very special unicode character &quot;Left Half Black Star&quot; (aka U+2BE8) in text
77210935,2023-10,2,VER,flask Where to place code to ping elasticsearch
77211167,2023-10,2,VER,Django nested serializer instance update issue
77210972,2023-10,3,GEN,Generating unique random numbers from non-unique random numbers
77211413,2023-10,3,GEN,Why does the range element in my code have problems when is uses the last number?
77210346,2023-10,3,GEN,Run and stop my_function() in thread_1 by pressing buttons in Beeware Toga app running in the main thread
77211410,2023-10,1,VER,Doesn&#39;t show data from database Flask sqlalchemy
77211375,2023-10,1,VER,Selenium – can&#39;t click() on this site&#39;s pop-up button
77211360,2023-10,3,GEN,How to use MongoObjectId in pydantic models
77211348,2023-10,3,GEN,Mypy and second-order decorators
77211326,2023-10,2,VER,Finding the sum of a subset
77211283,2023-10,4,GEN,"Why does Python return -1 for string.rfind(last character of string, 0, len(string) - 1)?"
77211236,2023-10,2,VER,sqlalchemy.exc.IntegrityError: (sqlite3.IntegrityError) UNIQUE constraint failed what do i do?
77211228,2023-10,4,GEN,Can a multi-threaded Python app change the CWD?
77210960,2023-10,4,GEN,Can a class in python not use its generic parameter
77211210,2023-10,1,VER,Docker Containers are not able to communicate
77211199,2023-10,1,VER,"AWS Lambda is unable to find keras when deploying image, but only sometimes?"
77211166,2023-10,2,VER,How can I use flask-ngrok with flask-socketio?
77211155,2023-10,3,GEN,"pandas groupby, transform and join"
77211149,2023-10,2,VER,Selenium getting duplicate item when use if-else to assign value to a dataclass
77211147,2023-10,3,GEN,I need to show funds according to the category selected in point 1
77211141,2023-10,3,GEN,Azure Python sdk - walk_blobs return container encoded
77211100,2023-10,1,VER,Using .so file libraries in AWS Lambda
77211096,2023-10,2,VER,Heatmap showing only one line of annotations
77211082,2023-10,1,VER,Matplotlib module not found despite being present in conda env list
77211058,2023-10,2,VER,How to get the dot product for two embedding layers in tensorflow.keras using the sequential class and set weights for t
77211206,2023-10,3,GEN,How do I keep all query parameters intact when changing page in django?
77211411,2023-10,1,VER,I implemented an OCR program using python in Godot but it doesn&#39;t work when exported
77210337,2023-10,3,GEN,Why do I get unexpected type when using None for Google BigQuery DB-API?
77210245,2023-10,3,GEN,Pandas get the combined sum of each row and colum
77209201,2023-10,2,VER,Extract required values from a text corresponding to given string matches
77209153,2023-10,4,GEN,How to dynamically create dataframes with a for loop
77209135,2023-10,1,VER,pre commit raises pylint errors on push but not when executing
77209111,2023-10,1,VER,Docker Python ENV returns sh: flake8: not found
77209093,2023-10,3,GEN,"`cv2.waitKey(7) &amp; 0xFF` always returns 225, not equal to 113 for &#39;q&#39; key press"
77209084,2023-10,4,GEN,Flask: How can I use `app` variable in the entire project?
77209024,2023-10,3,GEN,How do I take raw text and make it look like a subtitle file.srt?
77209020,2023-10,3,GEN,Using @singledispatchmethod on __eq__(): Signature of &quot;__eq__&quot; incompatible with supertype &quot;object&quot;
77208996,2023-10,3,GEN,How can I profile mypy?
77208988,2023-10,2,VER,Found dtype Double but expected Float
77208975,2023-10,2,VER,Merge 4 or more Dataframes
77208951,2023-10,2,VER,Detect page change in dash
77208922,2023-10,3,GEN,How to extract element from a numeric list which is contained in an array object
77208907,2023-10,2,VER,Database doesn&#39;t update when I edit texboxes in Tkinter. Error: sqlite3.OperationalError: near &quot;?&quot;: syntax
77208905,2023-10,3,GEN,How to create a pytest fixture to clean a database
77208902,2023-10,1,VER,Invalid data binding expression when running AzureML pipeline
77208893,2023-10,2,VER,"Expanding treeview item on single click, not double"
77208860,2023-10,1,VER,Python code with gspread takes too long (sometimes)
77208847,2023-10,3,GEN,How can I customize the placement or position of the text input window in the Turtle module of Python for more precise c
77208822,2023-10,2,VER,How do I include iteration numbering in my output
77210312,2023-10,1,VER,Docker - I have a NodeJs Server and a Flask Server that are dockerized. Fetch request from NodeJs to Flask doesn&#39;t w
77209292,2023-10,3,GEN,Why do these folders get created when I create a virtual env for python instead of just a single venv folder?
77209319,2023-10,2,VER,"Getting &quot;TypeError: the JSON object must be str, bytes or bytearray, not NoneType&quot; Error While Scraping Data w"
77209004,2023-10,2,VER,re.fullmatch doesn&#39;t recognize matching pattern
77209413,2023-10,1,VER,TensorFlow Custom Loss Function Error: Node: &#39;gradient_tape/contrastive_loss/mul/BroadcastGradientArgs&#39; Incompat
77209395,2023-10,1,VER,Deepspeech module not found while running on google colab
77210197,2023-10,1,VER,flask error with sqlalchemy when doing rollback
77210153,2023-10,1,VER,Retrieve JSON from URL with Python
77210131,2023-10,3,GEN,Can I force pip to install dependencies for x86_64 architecture in powershell to make Lambda layer?
77210091,2023-10,2,VER,How do I make the shrinking/expanding to achieve aspect ratio behave consistently in with twinx/twiny?
77210038,2023-10,1,VER,"Selenium uc, google chrome cant click button in google meet"
77209952,2023-10,4,GEN,Generate all binary strings with n-bit?
77209921,2023-10,3,GEN,How can I minimize path between two points on contour?
77209909,2023-10,4,GEN,How to add a scrollbar for Frame in tkinter python and scroll it with mousewheel?
77209906,2023-10,2,VER,String replace in python confuses . with E?
77209901,2023-10,3,GEN,how to get a list of the open windows within an application
77210230,2023-10,1,VER,Trouble using microphone on micro:bit
77209783,2023-10,3,GEN,Create single parent figure where the Y-axis represents depth
77209796,2023-10,3,GEN,putting a visualized binary tree into a tuple
77209452,2023-10,4,GEN,How to change authenticated error message in FastAPI?
77209457,2023-10,2,VER,Get attachments list of mail by mail.id from folder other than inbox exchangelib python
77209513,2023-10,2,VER,Kivy Camera rotated 90 degrees
77209520,2023-10,4,GEN,Joining 3 huge parquet files (each more than memory) using polars
77209416,2023-10,1,VER,Using Pycharm - Python 3.11 - modules like pandas and tkinter stopped working when I open multiple/previous projects
77209550,2023-10,3,GEN,Why does dividing columns by another column yield NaN?
77209564,2023-10,4,GEN,Save json request to a file
77209768,2023-10,3,GEN,How to merge pandas columns in a comma separated way
77209527,2023-10,4,GEN,Plotly box plot: remove transparency
77401402,2023-11,4,GEN,Which calls in Python may not call `__call__`?
77401727,2023-11,3,GEN,How to add brightness to a colorwheel
77401719,2023-11,1,VER,Why is my python executable crashing but runs fine prior to building?
77401664,2023-11,3,GEN,How to merge duplicate columns with different values in pandas before exporting to SQL?
77401642,2023-11,1,VER,"Can`t load valid .json file, json.decoder.JSONDecodeError: Expecting value: line 1 column 1 (char 0)"
77401626,2023-11,2,VER,GTK+3 combobox on touchscreen workaround
77401730,2023-11,3,GEN,ModuleNotFoundError: No module named &#39;imp&#39;
77401594,2023-11,3,GEN,remove mixed new line characters and digits
77401497,2023-11,3,GEN,python color reduction quantization
77401390,2023-11,1,VER,Why does using torch.normal().to(&#39;cuda&#39;) give an error RuntimeError: CUDA error: an illegal memory access was en
77401255,2023-11,4,GEN,Sort a 2-dimensional array diagonally with a column of values in Python
77401350,2023-11,1,VER,ModuleNotFoundError: No module named &#39;moviepy&#39; although it is installed
77401319,2023-11,4,GEN,Unit-test for python3 script using unittest
77401316,2023-11,1,VER,Why am I getting double labels?
77401278,2023-11,1,VER,ValueError: Data cardinality is ambiguous; Python; Model Comparison for Vulnerability Detection dataset
77401247,2023-11,3,GEN,"How to type annotate optionally parametrized decorator, which use third party decorator inside"
77401243,2023-11,2,VER,task(function) not working(while using asyncio)
77401182,2023-11,4,GEN,how to get the relative path of a jar file from outside in python
77401175,2023-11,3,GEN,How to make Flake8 ignore syntax within strings?
77401164,2023-11,2,VER,OpenCV: Detection of clearly delineated object boundary failing
77401775,2023-11,2,VER,"TypeError: Invalid argument, not a string or column: 23.254945875326612 of type &lt;class &#39;numpy.float64&#39;&gt;"
77401357,2023-11,3,GEN,The chromedriver version cannot be discovered selenium python
77401863,2023-11,3,GEN,The output only one number in if statment
77401162,2023-11,3,GEN,Add text on image in python
77401910,2023-11,3,GEN,How to assign a list of colors to a specific bar in a stacked bar chart
77402704,2023-11,3,GEN,search two lists and fill with None for each pair in correct order
77402675,2023-11,1,VER,Runas python subprocess
77402636,2023-11,4,GEN,Cython fastest way to handle arrays
77402633,2023-11,3,GEN,"PDB won&#39;t stop inside pytest code, will stop in first function call"
77402612,2023-11,3,GEN,How to concatenate two dataframes in pandas correctly
77402608,2023-11,2,VER,Error in running the pytorch model: Missing key(s) in state_dict
77402540,2023-11,3,GEN,Getting real-time or delayed data of brokers into Flutter app
77402460,2023-11,2,VER,download csv file via a website in pyhton
77402426,2023-11,3,GEN,How to style plotly dash border so they don&#39;t overlap anymore?
77402411,2023-11,4,GEN,Find common multipler to convert array of decimals as close as possible to a whole number
77401881,2023-11,1,VER,Cannot install pytorch3d using conda or pip on windows 11
77402394,2023-11,3,GEN,How do i get the href links when they are invisible from a website?
77402235,2023-11,1,VER,Jupyter traceback (most recent call last)
77402221,2023-11,2,VER,Improving Deployment Time for Django Project on Azure Web App
77402209,2023-11,2,VER,Overriding dbt source function with a basic passthrough macro fails
77402165,2023-11,3,GEN,For handling the idxmax in xarray
77402092,2023-11,2,VER,openapi_core validate_request really poor error description
77402021,2023-11,3,GEN,map by searching in two lists
77402006,2023-11,4,GEN,Smooth clamping a tensor
77401990,2023-11,2,VER,"How can I solve this error (object of type &#39;float&#39; has no len()), please?"
77401977,2023-11,1,VER,I get KeyError for model.fit() fed with timeseries data
77401947,2023-11,3,GEN,Find the last (rightmost) non-null value on each row
77402348,2023-11,2,VER,"countdown_clock timer with python containing Start, Stop, Pause and Resume button"
77401153,2023-11,3,GEN,How to read a jpeg from disk and instantiate it as &#39;werkzeug.datastructures.FileStorage&#39;?
77402707,2023-11,1,VER,"TeleBot: &quot;Infinity polling exception: (&#39;Connection aborted.&#39;, RemoteDisconnected(&#39;Remote end closed con"
77400962,2023-11,1,VER,Python showing white color for variable names in VS Code
77400100,2023-11,2,VER,data processing with pandas
77400079,2023-11,2,VER,How to programmatically download CSV files from Google Play Developer Console using Python?
77400073,2023-11,2,VER,Specifying known_first_party and src_path still causes Isort to group my own module with third party imports
77400070,2023-11,3,GEN,Add missing value of pair
77400051,2023-11,1,VER,Why the map function cant recognize these 3 inputs
77399997,2023-11,3,GEN,Fill NA in pandas series with matching value from another pandas series
77399990,2023-11,2,VER,How do I print each result in each row separately?
77399936,2023-11,2,VER,Simulating Conway&#39;s game of life but struggling to update initial conditions
77399922,2023-11,1,VER,Why am I receiving an Exception has occurred: keyerror &#39;original&#39; using SerpApi Google Images scraper after runn
77399910,2023-11,3,GEN,Why does this multithreaded sample program not work?
77400104,2023-11,1,VER,"How can I download a PyPI repository which only contains packages for Python 3.6.8, 3.8.6, 3.10.6 with Bandersnatch to h"
77399900,2023-11,2,VER,Web-scraping JSON loaded site in python
77399845,2023-11,3,GEN,Pytest decorator for fixture maker pattern
77399834,2023-11,4,GEN,Pandas Dataframe Splitting YYYYMM Format into to columns
77399830,2023-11,3,GEN,Python script is unable to see environment variable injected by Docker
77399828,2023-11,2,VER,How to fix edge width not properly working
77399751,2023-11,3,GEN,Groupby with multiple conditions and count
77399743,2023-11,4,GEN,Splitting a data set for CNN
77399713,2023-11,2,VER,Custom Slot decorator not working in PySide6 when connecting inherited event
77399698,2023-11,1,VER,Python &quot;setuptools&quot; build with C++ files in higher directory
77399685,2023-11,1,VER,Weird results when subtracting a mask from a contour in OpenCV
77399677,2023-11,2,VER,Scraping of fortune 500 company list for 2023 using Python
77399890,2023-11,2,VER,Axes.boxplot() got an unexpected keyword argument &#39;fill&#39;
77400110,2023-11,3,GEN,python cmd2 using the first command that contains a hyphen
77401110,2023-11,3,GEN,Remove duplicate variables declaration in xslt using Python
77400193,2023-11,1,VER,AttributeError: &#39;NoneType&#39; object has no attribute &#39;to_capabilities&#39;
77400181,2023-11,2,VER,How to serve RTSP multicast server with gstreamer and OpenCV?
77400929,2023-11,3,GEN,CS50P problem set 3 questtion not getting the proper result
77400918,2023-11,3,GEN,How to check if multiple variables are of a certain type
77400895,2023-11,4,GEN,"Numpy&#39;s frompyfunc passed with array of shapes (2,4) and (2,1) executes 8(2*4) times, instead of 2 times"
77400886,2023-11,2,VER,Python CustomTkinter CTKButton change of state not taking effect?
77400828,2023-11,3,GEN,How to Log Machine Learning with Azure Functions
77400737,2023-11,2,VER,Broken Pipe in Infinite Loop
77400697,2023-11,1,VER,restricted groups from odoo15 to odoo16
77400639,2023-11,4,GEN,"How to run a script or a ipython notebook running based on a repository of codes that is cloned from github, rather than"
77400589,2023-11,4,GEN,What is the reason for MultiHeadAttention having a different call convention than Attention and AdditiveAttention?
77400576,2023-11,1,VER,error: (-215:Assertion failed) samples.cols == var_count &amp;&amp; samples.type() == CV_32F in function &#39;cv::ml::SV
77400724,2023-11,4,GEN,How to evaluate every element of a list with Sympy?
77400516,2023-11,1,VER,Scrapy Splash with xpath not returning any results
77400502,2023-11,3,GEN,DuckDB export / import for a subset of tables
77400488,2023-11,1,VER,window made by python selenium disappears immediately
77400211,2023-11,4,GEN,Does vscode deactivate the virtual environment when vscode is closed?
77400426,2023-11,4,GEN,re.findall()&#39;s behavior for patterns with a single capturing group followed by a quantifier
77400420,2023-11,2,VER,Segmentation of shiny objects touching each other using OpenCV
77400393,2023-11,4,GEN,How to subset a dataframe iteratively based on all unique values within a column?
77400294,2023-11,3,GEN,Impute date value from minimum date in other column based on a condition
77400236,2023-11,3,GEN,Converting from list of very small floats to a PyTorch tensor gives a TypeError because PyTorch interprets scientific no
77400214,2023-11,4,GEN,Python: Elapsed time without using system clock
77400539,2023-11,2,VER,Finding the Null Space
77584782,2023-12,2,VER,Function handler does not throw exception and program is stuck
77584799,2023-12,2,VER,social-auth-app-django. Associate a social account by custom field in UserModel
77584834,2023-12,2,VER,MissingGreenlet: greenlet_spawn has not been called; can&#39;t call await_only() here. Was IO attempted in an unexpected
77584949,2023-12,3,GEN,How to Implementing x * dA/dx Terms in FiPy for Coupled PDEs
77584854,2023-12,2,VER,JPype and robotframework custom keywords
77584908,2023-12,3,GEN,The view account.views.user_login didn&#39;t return an HttpResponse object. It returned None instead
77584918,2023-12,4,GEN,How can I access output of previous Ptransform in next step
77584759,2023-12,3,GEN,Tkinter Scrollbars with Custom Class
77584837,2023-12,4,GEN,Get python object using its data
77584747,2023-12,3,GEN,Comparing 2 markdown files in python
77584384,2023-12,3,GEN,Axios POST causes CORS error despite enabling CORS in Flask
77584671,2023-12,4,GEN,Inserting hyphen in between strings as per the given format
77584648,2023-12,4,GEN,Is there any way or method to compute the similarity between two meshes
77584629,2023-12,2,VER,VerifyEmailError not defined after installing verify_email library (Python 3.11.5)
77584591,2023-12,2,VER,"Python: setting queue with threading, how to?"
77584588,2023-12,1,VER,faiss-gpu installation unsuccessful for python 3.8 version
77584556,2023-12,4,GEN,Selecting permutationally-unique elements of a symmetric tensor
77584481,2023-12,1,VER,zeep.exceptions.Fault: service not found
77584444,2023-12,4,GEN,How to send requests back and forth between 2 servers?
77584424,2023-12,3,GEN,How to mock or ignore validation errors raised while instansiating settings object for optimization in fastapi
77585069,2023-12,4,GEN,"How to generate all possible 3x3 matrices with fixed first row and column with entries from 0,1,2"
77584718,2023-12,3,GEN,Socket server displaying wrong IP
77585112,2023-12,4,GEN,How to pass the file path command line arguments to check code is working fine or not in Python jupyter notebook
77585519,2023-12,4,GEN,Best way to run several heavy processes in python
77585240,2023-12,3,GEN,Calculate % in Pandas pivot_table?
77584351,2023-12,1,VER,Unable to call method from Parent Class in Google colab
77585820,2023-12,2,VER,Pygame &quot;fnaf&quot; moving method
77585792,2023-12,4,GEN,What is the difference between a SubQuestionQueryEngine and a MultiStepQueryEngine?
77585752,2023-12,1,VER,ImportError: cannot import name &#39;object_detector&#39; from &#39;mediapipe_model_maker&#39; during initial import
77585720,2023-12,4,GEN,How to decrease saturation of the bands in seaborn.lineplot?
77585703,2023-12,1,VER,Selenium: For loop stopping after first iteration
77585659,2023-12,3,GEN,How do I crawl sites that I can&#39;t access when I crawl Python?
77585655,2023-12,1,VER,Control over browser lost when executable path is specified
77585645,2023-12,1,VER,Testcases skipped:Issue on applying Pytest-dependency and Pytest-Ordering
77585613,2023-12,4,GEN,How to sort a list in Python?
77585138,2023-12,3,GEN,Parabolic connection graph using Matplotlib
77585608,2023-12,3,GEN,Proper way of exporting TF models to TFLite to work with different input sizes
77585597,2023-12,4,GEN,How can I have an optional TypeVar in a Generic class in Python?
77585477,2023-12,2,VER,Passing OOP Tests in Python
77585434,2023-12,1,VER,Python PyQt6 DLL load failed
77585373,2023-12,3,GEN,Writing to Google sheet from CSV add single quote in beginning
77585364,2023-12,1,VER,how to install Cloupy on Mac within a Conda envirnoment
77585352,2023-12,4,GEN,Change batch size using a list of Pytorch&#39;s data loader
77585320,2023-12,1,VER,Point `apk` to install packages to correct `site-packages`
77585292,2023-12,1,VER,ModuleNotFoundError: No module named &#39;openai.util&#39;
77585278,2023-12,1,VER,PyVISA error reading from TCP/IP unless exact number of incoming bytes is specified
77585253,2023-12,4,GEN,Optimizing Nested Loop Performance for Large Dataset Processing in Python
77585606,2023-12,3,GEN,How to demote an Endorser from Hyperledger Indy?
77584308,2023-12,3,GEN,How could I scrap the data from any website like an AI using python
77585832,2023-12,1,VER,MoviePy failing to execute because it cannot find ffmpeg on my macOS
77584201,2023-12,3,GEN,Why the Json module cannot serialize date object in python?
77582815,2023-12,3,GEN,How to randomly map a proportion of data value to a specific category?
77582809,2023-12,2,VER,Google Authentication API not refreshing after a couple d
77582801,2023-12,4,GEN,how to create a postgresql database that can storage data from a exceed 10000 columns csv table?
77582784,2023-12,3,GEN,Pysimplegui - highlight on mouse hover
77582760,2023-12,3,GEN,How to fill missing values in dataframe sequentially?
77582747,2023-12,2,VER,How to use tabula to extract the table more details by using python script?
77582739,2023-12,4,GEN,RMSE of a multi-output regression model (using sklearn mean_squared_error)
77582651,2023-12,1,VER,Why doesn&#39;t numpy support PEP517 builds?
77582649,2023-12,1,VER,"Unable to execute chromeDriver -v in Linux debian, is this an installation issue? Chromedriver error in digital ocean ap"
77582620,2023-12,1,VER,Tensorflow _pywrap_tf2 ImportError: DLL load failed
77582955,2023-12,3,GEN,How can I separate two pydantic models into different files when these models have a relationship?
77582592,2023-12,2,VER,Unable to remove or hide button border in tkinter
77582507,2023-12,3,GEN,Can one setup automatkc commit (using Subclipse) on save?
77582486,2023-12,1,VER,Text based game won&#39;t output what&#39;s desired
77582477,2023-12,1,VER,What can I do about Jupyter returning error for no clear reason?
77582468,2023-12,1,VER,How to use PyInstaller to create an executable when VSCode is telling me &quot;pyinstaller is not recognized&quot;
77582460,2023-12,1,VER,AWS App runner - Django - migrations after deploy fails
77582449,2023-12,1,VER,Ebay Api description field not returning a value
77582446,2023-12,2,VER,"detect when mouse hovers/leaves a tkinter canvas element that moves by itself, because the canvas element moved, not the"
77582439,2023-12,2,VER,How to animate the particles at each timestep instead of their orbits in my simulation?
77582391,2023-12,1,VER,ImportError: cannot import name &#39;NUMPY&#39; from &#39;openpyxl.compat.numbers&#39;
77582351,2023-12,1,VER,first steps with selenium dont work properly
77582522,2023-12,3,GEN,Using PyPDF Rect as area input to Tabula
77582993,2023-12,2,VER,Pytorch Normalize() receiving torch.float32 tensor but recognising it as torch.int32
77584244,2023-12,1,VER,discord authorization token is not working properly
77583140,2023-12,1,VER,Problem installing GeoIP on my NetHunter with pip 23.3 an python 3.11.6
77584165,2023-12,2,VER,Sphinx autosummary only adding __init__ methods for classes
77584118,2023-12,4,GEN,Python FastAPI: How to return a Response with Unicode or non-ASCII characters encoded into JSON or CSV data?
77584055,2023-12,2,VER,Detecting Acute Angle Lines in a Masked Image using opencv
77584036,2023-12,2,VER,PyWinAuto: How to interact with a dynamically found an application (Window Form) as another Window applicaton?
77583949,2023-12,1,VER,"How to fix &quot;TypeError: code() argument 13 must be str, not int&quot; in fine-tuning Yolov8"
77583913,2023-12,2,VER,Title: TypeError: can only join an iterable - Face Recognition Application
77583096,2023-12,1,VER,python virtual environment can&#39;t find pip module
77583878,2023-12,4,GEN,"Conventions for property method, &lt;&gt;.setter and setter method names"
77583736,2023-12,4,GEN,Ignore extras during model_dump
77583719,2023-12,1,VER,Poetry error on install - SecretStorage required
77583716,2023-12,1,VER,pyqt6-tools installation error caused by pyproject.toml
77583899,2023-12,4,GEN,"XGBoost Classification, Different AUC score for XGBClassifier vs xgb.train Even After Rounding Prediction Probabilities"
77583685,2023-12,4,GEN,Python: regex number with different cases
77583617,2023-12,3,GEN,How to embed Python in MFC with embeddable package
77583549,2023-12,2,VER,Steaming LLM response with flask
77583545,2023-12,4,GEN,How to get the difference in days between two dates excluding only Sundays in a pandas dataframe?
77583506,2023-12,4,GEN,manipulating pandas dataframe to add new column
77583456,2023-12,3,GEN,Iterate over rows and update column values based on conditions in Python Pandas DataFrame
77583454,2023-12,2,VER,Pip install pycryptodome returns: Is not a supported wheel on this platform
77583298,2023-12,3,GEN,Small changes in bounds changes the curve fit for scipy.optimize.curve_fit
77583227,2023-12,3,GEN,PyQt5 QLabel setWordWrap doesn&#39;t work when labels text contains only letters
77583167,2023-12,1,VER,"py4j.Py4JException: Method sql([class java.lang.String, class [Ljava.lang.Object;]) does not exist"
77583699,2023-12,4,GEN,"Optimize search of a point(latitude,longitude) in a set of polygon(state polygon)"
77742393,2024-01,1,VER,AttributeError: module &#39;tensorflow&#39; has no attribute &#39;keras&#39; error
77742406,2024-01,2,VER,Celery gracefull shutdown
77742419,2024-01,3,GEN,How to update the value in a xml with sub child elements
77742431,2024-01,4,GEN,Function that takes either a single argument or a tuple treated as multiple arguments
77742521,2024-01,3,GEN,call python class method from c++ in pybind11
77742475,2024-01,1,VER,I can find environment variables in my path
77742479,2024-01,2,VER,Python opencv mp4 processing on gpu
77742505,2024-01,2,VER,"Improve speed, Python script to extract Gmail labels from messages"
77742445,2024-01,1,VER,FileNotFoundError: [Errno 2] No such file or directory: &#39;corpus.txt&#39;
77742344,2024-01,3,GEN,Creating a matrix which stacks the contents of matrices from nested loops
77742164,2024-01,3,GEN,Migrating Django Project with reversion Library to Golang (Gin) - Implementation Query
77742335,2024-01,3,GEN,wasserstein_distance for multidimesional data
77742314,2024-01,3,GEN,How to add description in FastApi Using Pydantic Model
77742313,2024-01,1,VER,zeromq failing after running for a bit
77742298,2024-01,3,GEN,Where should I store a bunch of strings I intend on using in a single feature (for a short amount of time)?
77742292,2024-01,1,VER,NoReverseMatch when adding comments section in Django
77742285,2024-01,3,GEN,how to mock a class during a unittest - in the factory method?
77742274,2024-01,3,GEN,Is there any way to not track a object after it has been recognized once in YOLOv8?
77742185,2024-01,2,VER,Trouble having my RPS game show up with onClick button
77742175,2024-01,1,VER,PIL does not visualise FITS files
77742165,2024-01,4,GEN,"3 O(n) operations consecutively nested, but still a total Big O of O(n^2). Why?"
77742544,2024-01,1,VER,Maximize daily profit problem using Python and Pulp
77742336,2024-01,2,VER,Serialize SqlAlchemy query across process boundary
77742568,2024-01,3,GEN,Percent change projected on a single columns
77742692,2024-01,3,GEN,Float column width are not same like other column using tabulate
77742572,2024-01,3,GEN,int.to_bytes equivalent for Decimals
77742157,2024-01,1,VER,Python Gymnasium Render being forced
77743028,2024-01,1,VER,Why Scapy changes last bytes?
77742999,2024-01,3,GEN,How to get a text value from HTML form by pressing a button
77742996,2024-01,1,VER,Flask Filter Drop Down Not Returning Data
77742952,2024-01,3,GEN,Can I convert the mathjax data/text to simple text in python
77742927,2024-01,1,VER,Selenium chromedriver not able to download file on virtual machine but downloading on local in headless mode using googl
77742867,2024-01,3,GEN,How to save multiple files uploaded using FileInput in Python Panel?
77742827,2024-01,2,VER,How to print/export a series of strings to csv via Panda from a Selenium scraped loop in Python
77742824,2024-01,1,VER,How to fix the &quot;.proto&quot; error | &quot;_pb2.py&quot; files
77742763,2024-01,3,GEN,Copy TEMPFILE in python
77742571,2024-01,2,VER,Plotting Himawari-8 NetCDF data - Axes don&#39;t match array shape
77742745,2024-01,1,VER,Why doesn&#39;t VS Code&#39;s Pylance show function descriptions for OpenCV?
77742718,2024-01,2,VER,how to scrape website with dynamic class names?
77742657,2024-01,2,VER,Python - Plotly - Range sliders only work on top figure in vertically stacked graphs
77742640,2024-01,1,VER,"MoviePy: CompositeVideoClip generates blank, unplayable video"
77742635,2024-01,4,GEN,mypy type hint for function that returns both None and string
77742634,2024-01,1,VER,Python: interpolate.UnivariateSpline package &#39;error: (xb&lt;=x[0]) failed for 2nd keyword xb: fpcurf0:xb=3.78832&#39
77742624,2024-01,3,GEN,How to group items of a list based on their type transition?
77742619,2024-01,4,GEN,Finding the depth of an element in a binary tree of tuples
77742615,2024-01,4,GEN,How to easily get these values from a 2d matrix using numpy?
77742587,2024-01,1,VER,Articles matching query does not exist
77742586,2024-01,3,GEN,"What is the django-method of fetching the instance in a OneToOneField, accesed from a ManyToManyRelatedManager?"
77742733,2024-01,1,VER,Cannot install discord.py using pip
77743056,2024-01,2,VER,Python OSError: [Errno 22] Invalid argument for datetime.timestamp()
77742140,2024-01,4,GEN,Using multiple assignment to update linked list pointers
77742122,2024-01,3,GEN,Compression of randomly ordered non-repeating incremental integers
77741227,2024-01,2,VER,Issues with performance while porting from async model to multiprocessing model in python
77741201,2024-01,3,GEN,Check if a child element is present and non empty in XML file
77741143,2024-01,3,GEN,"matplotlib, ticks are overlapped when hspace=0"
77741075,2024-01,3,GEN,Merge dfs but avoid duplication of columns and maintain the order in Pandas
77741069,2024-01,1,VER,How do i know if Yolov8 training working correctly? i don&#39;t know if cuda is working correctly or using cudnn
77741036,2024-01,2,VER,Multiple user inputs Python GUI using Tkinter
77740923,2024-01,3,GEN,Replacing a value with its previous value in a column if it is greater
77740909,2024-01,4,GEN,Python - Set first and last words of permutations
77740864,2024-01,3,GEN,How to generate unique sequences?
77740852,2024-01,2,VER,Retrieving the current font definition of a tkinter.ttk.Label widget
77740851,2024-01,3,GEN,get the child element of from the xml
77740831,2024-01,2,VER,Dataframe list to array comma delimited by value and semicolon delimited by line
77740806,2024-01,1,VER,Invalid URL Format For Media Streaming - Why? What could I be doing wrong?
77740795,2024-01,1,VER,I have encountered with this issue and I have correct gui elements
77740785,2024-01,3,GEN,Trying to write a python function with a default sympy symbol
77740738,2024-01,1,VER,Django value has an invalid format. It must be in YYYY-MM-DD HH:MM[:ss[.uuuuuu]][TZ] format.&#39;]
77740729,2024-01,3,GEN,how can I further optimize this Python code to make it fit into the time limit?
77740727,2024-01,4,GEN,A probabilistic data structure based on flipping bits with probability `1/2^x` for counting
77740695,2024-01,2,VER,Include old pandas dataframe after merging
77740674,2024-01,1,VER,Pandas Groupby - Run Self Function - Then Transform(Apply)
77742134,2024-01,3,GEN,"xlsx or csv file to generate likert-scale Python (Column is questions, Row is answers)"
77741314,2024-01,1,VER,No module named keras error when I use from keras.models import load_model
77741382,2024-01,3,GEN,How to make a column with data type Bit and lenght 4 in sqlalchemy for mariadb or mysql
77740893,2024-01,3,GEN,Using pytest to check the input prompt
77741434,2024-01,1,VER,my site is showing me integrity error something regarding POST
77741417,2024-01,1,VER,How to really completely completely remove pgadmin4 web version from ubuntu (nothing works)
77742064,2024-01,2,VER,"Progress Bar in moviepy, for a discord bot"
77742058,2024-01,1,VER,why the same functions with same querys gives a result while another not in sqlite?
77742055,2024-01,3,GEN,NLP data maintain frequency of word
77742043,2024-01,2,VER,python trying to import after installing fails
77742010,2024-01,1,VER,Bad Request received in trying to get Flask form to display
77741969,2024-01,3,GEN,SQLAlchemy access session within Base class method?
77741925,2024-01,4,GEN,Does python expose an interface for parsing package metadata?
77741921,2024-01,3,GEN,Migrating a Django Project using the reversion library to Golang
77741916,2024-01,3,GEN,Get object by id of OneToOne related object in DRF
77741913,2024-01,2,VER,attribute error in Django while making a urls.py file under my app
77742085,2024-01,2,VER,PyQt5 Change progress bar backround of Cells to transparent and adjust text properties
77741714,2024-01,3,GEN,Extract an element that does not have an xml:lang attribute
77741749,2024-01,1,VER,TimeoutError when using smtplib
77741470,2024-01,1,VER,Why cannot import `dotenv-python` module when the python file runs from Java?
77741487,2024-01,2,VER,Beginner Level - Python Pandas query working with Pokemon DB
77741503,2024-01,1,VER,Why Scrapy keeps showing the error message of &quot;Loading scrapy.core.downloader.handlers.http.HTTPDownloadHandler&quo
77741590,2024-01,3,GEN,How to display information in a PyQT Widget imported from Qt Designer
77741457,2024-01,2,VER,Button Hovering Effect Working whereas Menu-Button Hovering not working
77741608,2024-01,3,GEN,How to I pass the data back to the main function for yielding?
77741625,2024-01,2,VER,Measuring the width of each part of a mask in an image which has a circular shape
77741639,2024-01,3,GEN,Converting pandas df.duplicated function into Polars equivalent
77741601,2024-01,3,GEN,"How to detect user&#39;s reaction such as &quot;thumbs up&quot;, &quot;like&quot;, &quot;dislike&quot; on the message of"
77918877,2024-02,2,VER,Adding watch to Python project in Debug mode
77919126,2024-02,2,VER,Having issues with importing model to another app in order to use model there
77919089,2024-02,1,VER,Is there a way to check the toggle status of an object that has no control_type=&quot;CheckBox&quot;)
77919054,2024-02,3,GEN,How to do not run some of Playwright tests in certain browsers?
77919015,2024-02,4,GEN,How do I get Seaborn Barplot bars&#39; colors darker as they become greater/smaller?
77918933,2024-02,3,GEN,How to parallel unpickleable object processing?
77919134,2024-02,2,VER,Run Boruta on Weighted Dataset
77918920,2024-02,2,VER,Find if the matching date exists
77918908,2024-02,3,GEN,Inherit class docstrings when generating documentation using Sphinx
77918871,2024-02,3,GEN,How do I sum all values in one column based on values from range of another column
77918656,2024-02,1,VER,Struggling with handling downloads from a custom browser made with PyQt6
77918809,2024-02,4,GEN,Convert timezone of datetimes in a Pandas dataframe
77918804,2024-02,4,GEN,How to avoid circular imports in Python without merge into a single file
77918750,2024-02,4,GEN,How can I optimize a search over two sets of files to merge them?
77918729,2024-02,1,VER,Trouble using python environment
77918648,2024-02,3,GEN,"Can I use AES Encryption in Django + MySQL? If yes, will it affect the use of Django&#39;s ORM and other features?"
77918644,2024-02,3,GEN,python module multi-version
77918623,2024-02,4,GEN,read and output data from string on python
77918600,2024-02,0,VER,Irreproducible crash/behaviour of pyinstaller executable on different PCs
77918540,2024-02,3,GEN,Map the upper group to the column in pandas
77919305,2024-02,4,GEN,Find all duplicates in a list and populate them in same order in a new list
77918815,2024-02,1,VER,Getting ssl.SSLError: [X509V3: INVALID_CERTIFICATE] when trying to send email
77919317,2024-02,2,VER,How to define a ListView model depending on the value from parent ListView model
77918537,2024-02,2,VER,"Play Developer Api, edits.tracks.update not work"
77919370,2024-02,2,VER,Unexpected behaviour when applying rolling operation on a dataframe with no data
77920150,2024-02,1,VER,Unable to get a handle on the auto-suggestion dropdown in an angular based website using python selenium
77920123,2024-02,1,VER,Using starlette TestClient causes an AttributeError : &#39;_UnixSelectorEventLoop&#39; object has no attribute &#39;_com
77920104,2024-02,3,GEN,How to speed up the code for k-max subarray sum
77920093,2024-02,4,GEN,"Python 3.12: Correct typing for list[list[int,str,list[list[str]]]]?"
77920089,2024-02,4,GEN,Passing multiple functions as arguments to another function anonymously Python
77919979,2024-02,2,VER,Solve the packing error on peer handshake protocol
77919954,2024-02,3,GEN,FastAPI overwrite pydantic model during startup
77919947,2024-02,3,GEN,"Is the time complexity for pandas inner, left and right joins O(n)?"
77919936,2024-02,1,VER,DNEG xStudio Build unable to install packages
77919918,2024-02,1,VER,Missing center point in scatter plot on matplotlib PolarAxes
77919364,2024-02,3,GEN,"Building a dictionary in Python value per value, What&#39;s the best data structure to achieve this and end up with a li"
77919909,2024-02,1,VER,boto3 delete_object after get_object leads to : botocore.exceptions.ReadTimeoutError: Read timeout on endpoint URL:
77919836,2024-02,1,VER,Error when trying to install DeepFace on Python 3.9
77919739,2024-02,4,GEN,Filtering nested dictionary based on filter condition passed as dict
77919730,2024-02,4,GEN,vectorize numpy array multiplication
77919633,2024-02,1,VER,"python smtplib , Problems when try to send email with python script"
77919632,2024-02,4,GEN,How to find the indexes of the first $n$ maximum values of a tensor?
77919560,2024-02,3,GEN,Log errors from a Python Azure Function App?
77919480,2024-02,1,VER,"Nginx + Gunicorn: Django Application Not Loading on Domain, But Works on IP and Port"
77919456,2024-02,3,GEN,How to implement in Python Flet a BottomAppBar
77919397,2024-02,3,GEN,Polars: create an integer column from another one by computing the difference with the largest smaller value from a list
77919392,2024-02,3,GEN,Python updated xml file different form the original file
77919908,2024-02,4,GEN,How to use the filename from the function outside it in Tkinter?
77918532,2024-02,4,GEN,How to overload class member type depending on argument?
77920171,2024-02,3,GEN,How can I return the subarrays in my max k-subarray sum code?
77918487,2024-02,3,GEN,Python: Magic method for when the object&#39;s reference count changes?
77917588,2024-02,4,GEN,I need a function for a contiguous sub array that has a runtime complexity of n polylog n (Algorithm)
77917586,2024-02,1,VER,I want to send data from Modbus TCP to Modbus RTU in Python 3
77917582,2024-02,3,GEN,Picking an area on a grid
77917567,2024-02,2,VER,Attribute Error for compare_metadata with multiple schemas
77917508,2024-02,1,VER,Miniconda tensorflow package versions are outdated
77917446,2024-02,1,VER,Get image or screen capture in PyWinAuto
77917438,2024-02,2,VER,Multithreading/processing for loop not working or slower than original def
77917429,2024-02,4,GEN,Indexing multiple elements in a muldimensional numpy array
77917402,2024-02,4,GEN,When does Python require parentheses around &quot;not x&quot;?
77917342,2024-02,3,GEN,How do I protect my FastAPI REST-ful services by making sure request are coming from only a certain domain (front-end ap
77917599,2024-02,1,VER,Zope 5 Log To Error Log From Python Script
77917339,2024-02,1,VER,Python Import Module fails using C API if more than one subinterpreter import a module that imports some specific module
77917321,2024-02,2,VER,How to sequentially run a single pipeline in apache beam that write and read data
77917313,2024-02,4,GEN,Would a class iterating over a file system be a good or bad candiate for Pythons Iterator protocal?
77917297,2024-02,1,VER,Create a python script to compile and run a Fortran program
77917266,2024-02,4,GEN,pyspark splitting words into rows
77917257,2024-02,1,VER,Python SQLite database is locked in a single-thread interactive process despite closing all SQLAlchemy sessions/engines/
77917251,2024-02,3,GEN,Using Python to match records across 2 files with many-to-many relationship - Part 2
77917202,2024-02,4,GEN,Tensor power of 1D numpy array
77917146,2024-02,1,VER,Failure in converting the SparkDF to Pandas DF
77917101,2024-02,4,GEN,Python decorator&#39;s wrapper as class looses self when applied to object method
77917091,2024-02,3,GEN,unique melt and pivot crosstab format with a groupby using pandas
77917330,2024-02,1,VER,Selenium Webdriver doesn&#39;t work properly on pyt
77917623,2024-02,1,VER,AWS preassigned url as eks token is giving unauthorized
77918504,2024-02,1,VER,Error installing tbb on MacOS using homebrew
77917692,2024-02,3,GEN,How to monitor Celery worker and return the task back to the queue if the worker dies or is killed?
77918360,2024-02,1,VER,Maximizing TCP/IP speed with python driver
77918290,2024-02,4,GEN,How to test if an object is Annotated in Python?
77918221,2024-02,4,GEN,Why won&#39;t Pydantic print the id as &quot;_id&quot;?
77918172,2024-02,2,VER,seaborn error &#39;Input data must be a pandas object to reorder&#39;
77918159,2024-02,2,VER,How to fetch Speech Result text from twilio call logs using python
77918150,2024-02,2,VER,which DataIdentifier (DID) I need to get the voltage from ECU?
77918063,2024-02,3,GEN,How to get numeric data from the &quot;object&quot; data type and make it &quot;int&quot; in a dataframe?
77918029,2024-02,2,VER,recursive DataFrame query
77918027,2024-02,2,VER,TypeError: __init__() missing 2 required positional arguments: &#39;stdout&#39; and &#39;stderr&#39;
77918018,2024-02,2,VER,pytelegrambotapi(telebot) pagination buttons
77918080,2024-02,3,GEN,parse json and add fields to Data frame in Python
77917971,2024-02,1,VER,ModuleNotFoundError: No module named &#39;ultralytics&#39; even after installing it
77917982,2024-02,1,VER,Django &quot;Failed to establish a new connection: [Errno 111] Connection refused&quot; error when connecting to django 
77917717,2024-02,2,VER,How does one create a HF tokenizer with only a fraction of the vocabulary but without changing the model?
77917734,2024-02,1,VER,No module named &quot;Image&quot; for fastai
77917778,2024-02,4,GEN,Change value of a dataframe column based on the column names present in another dataframe
77917829,2024-02,2,VER,Stripe Proration Webhook Interception on Downgrades
77917705,2024-02,1,VER,SSL Verification blocking API query for no good reason
77917904,2024-02,1,VER,Pycharm debugger console not autocompleting variables created in the debugger console
77917935,2024-02,2,VER,Advice to connect remote VM using python/selenium
77917969,2024-02,4,GEN,Persist Package Installations in Python-based Docker Container
77917840,2024-02,4,GEN,How to translate PySpark res = notesCollege.select(*[f.mean(c).alias(c) for c in notesCollege.columns]) into Java Spark?
77917641,2024-02,3,GEN,How can I calculate percentile for every single data inside an xarray dataset
78087152,2024-03,3,GEN,pandas compare dataframes and write/read result to/from excel - how to get the compare format back into a dataframe
78087355,2024-03,3,GEN,Sum up tensor of different shape
78087339,2024-03,2,VER,Cannot POST request without cookie header in Python
78087247,2024-03,2,VER,Fontsize in xticks not responding correctly
78087243,2024-03,1,VER,Problems creating a transformer for a pipeline
78087232,2024-03,2,VER,Return REGEX values in the right order
78087223,2024-03,2,VER,&quot;psycopg.OperationalError: sending query and params failed: another command is already in progress&quot; when tryin
78087188,2024-03,4,GEN,Is Python&#39;s copyreg supposed to be used in regular Python code?
78087177,2024-03,1,VER,Azure User Assigned ManagedIdentity authentication with Auzre DataBricks
78087166,2024-03,2,VER,Update value on df based on two conditions
78086687,2024-03,3,GEN,NotSupportedError: Python value of type numpy.int32 not supported. ORACLE DB
78086989,2024-03,3,GEN,"Calculating error of linear regression coefficient, given errors of y"
78086982,2024-03,3,GEN,How can I compile Python projects into .pyd files?
78086980,2024-03,3,GEN,Merging multiple dataframes (time series)
78086953,2024-03,1,VER,Flask OIDC with Keycloak - Login isnt registered?
78086896,2024-03,2,VER,SHA1 implementation differs from builtin SHA1
78086853,2024-03,1,VER,python P8000 unable to connect: no pg_hba.conf entry for host
78086836,2024-03,1,VER,AttributeError: module &#39;jwt.algorithms&#39; has no attribute &#39;hashes&#39;
78086745,2024-03,3,GEN,pypdf: arrange pages of different pdfs in a single page as a grid
78086715,2024-03,3,GEN,How to check a character is belong or not belong to specific code page?
78087364,2024-03,1,VER,Reloading modules in JupyterLab doesn&#39;t work until I restart the server
78087131,2024-03,2,VER,Plot scatter data and create a heatmap using Python
78087381,2024-03,1,VER,"Windows cannot access the specified device, file... error when running exe made using PyInstaller"
78087811,2024-03,1,VER,Unable to deploy function on Azure Function App requiring pytorch
78087400,2024-03,3,GEN,Does snakemake lock output directories
78088169,2024-03,1,VER,Excel not formatting dates on csv file
78088133,2024-03,4,GEN,All columns to uppercase in a DataFrame?
78088123,2024-03,1,VER,tesseract opens console with pyinstaller
78088072,2024-03,2,VER,"Using self.canvas.coords(polygon, position) in tkinter causes the polygon to dissapear"
78088064,2024-03,3,GEN,Push a dataframe on dynamodb without having duplicates errors
78088040,2024-03,2,VER,Python PIL deteriorates image when converting to RGBA
78088036,2024-03,1,VER,Metatrader 5 closes after initialization
78088032,2024-03,3,GEN,Is it possible to take arbitrary number of elements from array in PySpark?
78088011,2024-03,1,VER,_tkinter.TclError: can&#39;t find package tkdnd when running python script after using pyinstaller
78088003,2024-03,4,GEN,How to get IDEs (VS Code) to work with syntax highlighting with Protobufs (Python)
78087383,2024-03,2,VER,index out of range question during recursion in python
78087961,2024-03,3,GEN,How exactly can I debug Cython with breakpoints?
78087857,2024-03,1,VER,Encountering file not found error in production
78086632,2024-03,2,VER,File not found in a created directory
78087806,2024-03,3,GEN,Unexpected numpy image reshape into grid problem
78087641,2024-03,2,VER,NameError: name &#39;(function)&#39; is not defined
78087630,2024-03,4,GEN,Are there conventional UDF in Spark 3.5.0 not using arrow?
78087614,2024-03,2,VER,Rewrite pd.corrwith with or without numpy
78087560,2024-03,2,VER,Selenium in a for loop reuses first value
78087546,2024-03,4,GEN,Type hint a Python dictionary having integers as keys
78087517,2024-03,4,GEN,Is this the most performant way to rename a Polars DF column?
78087513,2024-03,2,VER,Opening a photo from a directory
78087955,2024-03,2,VER,"Key Error when slicing in Pandas, but column exists?"
78086596,2024-03,1,VER,"When double click exe file generate by pyinstaller, it give an error IndexError: list index out of range but work fine w"
78087040,2024-03,1,VER,Debugging why some requests are unexpectedly not satisfied in pyomo
78086542,2024-03,1,VER,Docker compose/ failed to create task for container
78085526,2024-03,3,GEN,Simulate stdout in fake subprocess.Popen
78085478,2024-03,4,GEN,What&#39;s different between df.iloc[0][&#39;column_A&#39;] vs df[&#39;column_A&#39;][0]
78085464,2024-03,3,GEN,Getting public key BIT STRING in python
78085448,2024-03,4,GEN,what&#39;s the time complexity of this code with sliding window?
78085442,2024-03,3,GEN,Dynamic Assignment of Variables from One File in Another File [Python]
78085365,2024-03,3,GEN,How to implement a periodically executed function in a Python web application?
78085363,2024-03,2,VER,The same variable obtained using round function different results when printed twice
78085355,2024-03,1,VER,Turtle graphics lag over time
78085327,2024-03,1,VER,Remove links using myjdapi
78085281,2024-03,2,VER,Need to remove plates in function in python
78085543,2024-03,3,GEN,Python&#39;s requests is not working as expected
78085183,2024-03,3,GEN,Select hidden element to upload file with selenium and python
78085129,2024-03,4,GEN,Installing Python BeautifulSoup package with Homebrew on macOS
78085119,2024-03,2,VER,How can I pre-warm a Python azure function or set up pre-warmed instances?
78085089,2024-03,1,VER,Antlr Python error processing simple PLSQL
78085079,2024-03,1,VER,Why does my dash app break when I add a second drop down?
78085054,2024-03,2,VER,Why does calling random.random() LESS OFTEN make my program slower?
78085020,2024-03,3,GEN,Packaging with pyproject.toml that will include other multi level directories
78085015,2024-03,4,GEN,How to Create a Bash Script to Remove .config/nvim Based on User Input in Python
78084971,2024-03,1,VER,Opencv VideoCapture() for Raspberry Pi cam working with Python 3.6 but not with Python 3.7
78084959,2024-03,2,VER,Count Unguarded Cells in the Grid (recursion)
78084945,2024-03,1,VER,Reading PDF file with Azure Synapse Notebooks
78085138,2024-03,1,VER,Tie window that pops up when the game is tied
78085586,2024-03,3,GEN,"Regular expression for identifying only special characters, if special character is between/behind/front of words then i"
78086553,2024-03,1,VER,symbol lookup error: undefined symbol: __pow_finite
78085642,2024-03,4,GEN,Is there a way to access and change variables in a list?
78086541,2024-03,3,GEN,Pandas resample behaves differently with SUM and MEAN
78086517,2024-03,3,GEN,Drop columns in Pandas dataframe based on row values
78086474,2024-03,2,VER,Recursive matrix construction with numpy array issues (broadcasting?)
78086386,2024-03,2,VER,missing 1 required positional argument: &#39;out&#39; (Tkinter start and stop screen recording with buttons and class fu
78086357,2024-03,3,GEN,Sum cell values below until a blank cell with Python
78086289,2024-03,2,VER,Convert PDF to PDF/A using python
78085597,2024-03,1,VER,"processing hundreds of csv files one row at a time for embedding, upload to pinecone using OpenAI embeddings"
78086241,2024-03,1,VER,Why am I not getting the audio file form the front end react to python server
78086235,2024-03,3,GEN,"Using exclamation followed by command in jupyter cell and directly using command in terminal has different result, windo"
78086220,2024-03,3,GEN,Expand a grouped value in pandas
78086191,2024-03,2,VER,How to manage delay in loading from kafka topic into table using table api in pyflink
78086248,2024-03,2,VER,make a choice list from a field into other field through the Foreign key Django
78086056,2024-03,2,VER,How can I fix JupyterNotebook not printing my outputs when dealing with a large number of files?
78085996,2024-03,1,VER,import error on transformers and tenserflow
78085989,2024-03,2,VER,Deprecation warning: explicitly call ax.remove() as needed
78085938,2024-03,3,GEN,Pandas pd.read_csv() using single quote as quotechar throws SyntaxError: incomplete input
78085909,2024-03,2,VER,How can I see past versions of a Google sheet when I update it via the API
78085881,2024-03,1,VER,504 Deadline Exceeded: BigQuery to Firestore Collection using Python in Batch Writes Mode
78085849,2024-03,1,VER,Failure to find table in SQLite database using SQLAlchemy
78085841,2024-03,3,GEN,How to reduce mean ignore padded rows in 3D tensor
78085766,2024-03,2,VER,Trouble with DummyVecEnv constructor with gym_super_mario_bros
78085652,2024-03,1,VER,having problrm running a flask
78086132,2024-03,1,VER,authlib for linkedin and fastapi
78255586,2024-04,1,VER,Python 3.12.2 can&#39;t install Selenium 4.19 distribution package
78255628,2024-04,3,GEN,Scrape Google Search Results Python BeautifulSoup
78255709,2024-04,4,GEN,Chi-square goodness of fit test Python SciPy
78255788,2024-04,2,VER,python lambda function works in colab but not in jupyter for loop
78256116,2024-04,1,VER,I have problem uploading files to minio bucket using python app
78255915,2024-04,1,VER,&quot;Pip install -r /code/requirements.txt&quot; inside docker raises error
78255992,2024-04,2,VER,"PyTorch Geometric SAGEConv - Expected scalar type Long, but found Float?"
78256090,2024-04,4,GEN,What exactly is recursion depth in Python?
78255846,2024-04,3,GEN,Solving Constraints with Closed World Assumption in Z3 Solver
78255527,2024-04,1,VER,Can&#39;t get sc.read_10x_mtx to read my data
78254889,2024-04,3,GEN,how to use asyncio.serve_forever() without freezing GUI?
78255426,2024-04,3,GEN,How To Make Custom Loss Function in Keras/Tensorflow
78255340,2024-04,4,GEN,How to identify the attribute and dunder method in python object since they both start with double underscore?
78255277,2024-04,2,VER,RandomForest project
78255236,2024-04,1,VER,Page.rect isn&#39;t the real page dimension with PyMuPDF 1.24
78255143,2024-04,4,GEN,Ambiguous output with python and files
78255117,2024-04,2,VER,Getting Assertion Error: col should be column while assigning a value to pyspark df
78255078,2024-04,3,GEN,How can I customize django TextField for Inline Editor
78255053,2024-04,2,VER,My Skribbl.io inspired Game Is giving me an error on the console
78254993,2024-04,3,GEN,How can I send TOO MANY requests to DIFFERENT sites and get responses?
78254902,2024-04,0,VER,Raspberry Pi 3b solid freezes whilst compiling new version of python
78256137,2024-04,3,GEN,Keep websocket alive
78255509,2024-04,2,VER,Python Multiprocessing with mp.Manager().dict() is giving runtime error when constructed using class
78256155,2024-04,3,GEN,Mismatch in pytorch Hubber Loss calculation
78256333,2024-04,2,VER,Protecting workbook using openpyxl
78256167,2024-04,3,GEN,Indexing into torch tensor with variable length indices along an axis
78254766,2024-04,3,GEN,multiple locks in Python
78256688,2024-04,4,GEN,Python to sort nested XML alongside unsorted siblings
78256679,2024-04,3,GEN,Why does Python&#39;s multiprocess use all cores if I am telling it not to?
78256632,2024-04,1,VER,Using python to query splunk and get SID - error 404
78256629,2024-04,3,GEN,Apply style on different columns from different rules through a for loop
78256627,2024-04,1,VER,Firestore .get() Method Times Out in Firebase Function Despite High Resources
78256623,2024-04,3,GEN,Is there an option to deploy streamlit application without using any cloud platform?
78256559,2024-04,2,VER,AttributeError: module &#39;flax.traverse_util&#39; has no attribute &#39;unfreeze&#39;
78256542,2024-04,1,VER,How to solve the problem &quot;Insufficient privileges to complete the operation.&quot; calling Azure API with a token (
78256497,2024-04,3,GEN,Using already deployed Snowflake UDF from snowpark
78256159,2024-04,3,GEN,How can I make CTRL+C interrupt the script without closing Selenium WebDriver?
78256468,2024-04,1,VER,Directory PermissionError: [Errno 13] Permission denied - Python
78256362,2024-04,1,VER,"When run onnx with CUDAExecutionProvider, it raise &quot;FAIL : Failed to load library libonnxruntime_providers_cuda.so "
78256329,2024-04,4,GEN,What is the correct syntax for a Python function/method argument when it has more than one possible type hints?
78256304,2024-04,3,GEN,Why is apache-tvm available for python 3.10 but not python 3.12?
78256263,2024-04,3,GEN,How to load the RetrievalQA model from a file?
78256241,2024-04,3,GEN,Cannot find a solution for the CodeHS Phone Book Problem
78256240,2024-04,3,GEN,How to specify path in import_module function to dynamically import modules?
78256229,2024-04,2,VER,AttributeError: &#39;NoneType&#39; object has no attribute &#39;next&#39;; looked through multiple articles with the sam
78256223,2024-04,2,VER,"How, in Python 3, can I have a client open a socket to a server, send 1 line of JSON-encoded data, read 1 line JSON-enco"
78256202,2024-04,2,VER,Stored procedure asynchronous execution: NotImplementedError: Async query is not supported in stored procedure yet
78256183,2024-04,3,GEN,Whether the missing value depends on other feature/variable or not
78256389,2024-04,2,VER,Chromadb from_documents function giving error
78256773,2024-04,3,GEN,No overlapping Scheduling using CP-SAT in OR-Tools
78254765,2024-04,1,VER,Django custom user admin not reflected in admin site
78254737,2024-04,1,VER,I get invalid token error when trying to verify id token with firebase
78253818,2024-04,4,GEN,How to specify column data type
78253797,2024-04,2,VER,Copying data between tables in same SQL Server DB using Python is too slow
78253728,2024-04,3,GEN,How to fix issue with column alignment when printing pandas dataframe with emojis?
78253711,2024-04,2,VER,Django is not raising validationerror
78253702,2024-04,1,VER,Raspberry Pi transmitting CSV files using scp not working when in crontab?
78253701,2024-04,2,VER,Python &quot;Illegal instruction (core dumped)&quot; when importing certain libraries (beautifulsoup4. yfinance)
78253579,2024-04,2,VER,No response from inline buttons of a pyrogram based telegram bot
78253564,2024-04,1,VER,sway exec doesn&#39;t do the same as the same command in cli
78253553,2024-04,2,VER,removing item from list of list is removing entire list not just item
78253534,2024-04,4,GEN,Why does np.exp(1000) give an overflow warning but np.exp(-100000) not give an underflow warning?
78253503,2024-04,1,VER,Installing libpostal in Databricks
78253459,2024-04,2,VER,"TypeError: argument 1 must be pygame.surface.Surface, not str"
78253456,2024-04,1,VER,I want to generate heatmaps from clip model (contrastive learning)
78253436,2024-04,3,GEN,How to impute missing values in electricity time series data considering the previous and next 2 values on the same day 
78253290,2024-04,3,GEN,StaleElementReferenceException: Message: stale element reference: stale element not found. Error while iterating through
78253278,2024-04,1,VER,my PyTorch machine learning program for regression is not learning
78253266,2024-04,1,VER,Old python program no longer works after updating from Pi3 to Pi4 - reworked question
78253263,2024-04,1,VER,flask something wrong with create_app()
78253231,2024-04,1,VER,How to run llama-cpp-python in a Docker Container?
78253210,2024-04,2,VER,How to make this while loop to stop?
78253200,2024-04,2,VER,Evaluating the goodness of a fit with uncertainties
78253842,2024-04,2,VER,Clipping raster by bounding box with gdal
78253860,2024-04,3,GEN,Asynchronous scraper + Django
78254757,2024-04,3,GEN,Create a Job in UC4 (Automic Workload Automation) scheduler to execute python script
78253997,2024-04,2,VER,vision transformers: RuntimeError: mat1 and mat2 shapes cannot be multiplied (32x1000 and 768x32)
78254706,2024-04,2,VER,’Certificate is missing required extension‘ error when using module cryptography.x509
78254631,2024-04,2,VER,How do I move the next line (line 1125) separated from the preceding line (line 1124) in a csv file using python pandas?
78254582,2024-04,3,GEN,Correct matrix multiplication and 2D affine mapping using scipy
78254579,2024-04,2,VER,Import trained LSTM model on Streamlit
78254555,2024-04,3,GEN,RuntimeWarning: invalid value encountered in arcsin
78254529,2024-04,3,GEN,How to setup datadog alerts without time intervals
78253976,2024-04,4,GEN,Why do not some code change the dtype of the pandas column?
78254501,2024-04,4,GEN,How to disable application/json in Swagger UI autodocs of a FastAPI application?
78254492,2024-04,2,VER,&#39;Image&#39; object has no attribute &#39;shape&#39;
78254479,2024-04,2,VER,"Running 10,000 SELECT queries against SQLite takes hours"
78254422,2024-04,2,VER,PermissionError: [Errno 13] Permission denied in a python program
78254516,2024-04,2,VER,Plane bestfit only gives parabola over scatterplot?
78254412,2024-04,3,GEN,I want to extract only the graph parts from this image in python how do i go about it?
78254396,2024-04,4,GEN,How do I choose individual colors for contours in matplotlib
78254374,2024-04,1,VER,Why is python running in 3.8.5 if I&#39;m using a Python 3.10 SDK?
78254372,2024-04,1,VER,colab-error: subprocess-exited-with-error
78254332,2024-04,4,GEN,In python how to share a large data structure across modules (no copies)
78254310,2024-04,3,GEN,what would happen if the &quot;signal.signal&quot; function call is removed
78254250,2024-04,1,VER,Connection error while using requests module in PyCharm
78254249,2024-04,3,GEN,How to solve a system of linear equations in Python with an iterative method?
78254057,2024-04,2,VER,@Class needs function but when add more than 0 parameters crashing
78254013,2024-04,4,GEN,How to use SpaCy NER?
78254414,2024-04,2,VER,"How to solve this simple python problem, I don&#39;t know how to fix. There&#39;s some error I can&#39;t debug"
78413244,2024-05,3,GEN,How to get data from a webpage that does not respond to GET
78413255,2024-05,1,VER,opencv annotation tool loading image partially
78413287,2024-05,2,VER,Unable to interact with google maps with selenium to get route details
78413299,2024-05,2,VER,"Unable to start Django app, error related to what seems like a circular import?"
78413409,2024-05,1,VER,"I&#39;m trying to fine tune a model for a question-answer task, but I keep encountering errors. Why?"
78413313,2024-05,3,GEN,Is there a way to get a static graph output from litstudy?
78413392,2024-05,2,VER,Why is canvasx(winfo_x()) returning incorrect values when the widget is not visible on the screen in customtkinter in py
78413403,2024-05,3,GEN,Python/Pandas: Shuffle data within one column within multiple grouped pandas columns
78413301,2024-05,1,VER,Out of memory while running MIP model in Python with Gurobi package
78413233,2024-05,3,GEN,How to parallelize a for-loop within a defined function using Ray in Python
78412846,2024-05,1,VER,Issues processing XML files using Saxonica(saxonche) with Python
78413126,2024-05,3,GEN,How to drop first n rows in pandas based on condition leaving the rest of dataframe intact
78413120,2024-05,3,GEN,Logging Exceptions with Custom Traces in Python
78413084,2024-05,1,VER,I&#39;m making a Django website using restapi ecommerce website during create subcategory I&#39;m facing problem
78413065,2024-05,3,GEN,Selection sort for linked list by swapping nodes
78413057,2024-05,1,VER,probleme install nuitka in my python download in web
78413025,2024-05,1,VER,ERROR while getting api_id and api_hash in Telegram API development tools
78412990,2024-05,3,GEN,Getting the status code of 2000 URLs and storing them as a dictionary output in a fast way
78412978,2024-05,3,GEN,Mypy + FlaskSQLAlchemy + model multiple inheritance =&gt; has no attribute
78412917,2024-05,1,VER,GraphQL mutation for updating products is not working
78412912,2024-05,1,VER,Showing that the sum of exponentials is gamma distributed using the fourier transform
78413431,2024-05,3,GEN,"Using the library of python &quot;BeautifulSoup&quot;, but can not print out the data on the website that I scrapied"
78413131,2024-05,2,VER,Can&#39;t get attribute &quot;Preset&quot; (custom class) on &lt;module &#39;__main__&#39; from &quot;/path&quot;
78413504,2024-05,2,VER,Swagger&#39;s requestInterceptor with Python (FAST API)
78413917,2024-05,1,VER,"Django URL 404 - 1 week spent debugging with GPT4, Claude luck. One specific function is just NOT resolving"
78413592,2024-05,3,GEN,How to get device Bluetooth addresses in Python Bleak
78414268,2024-05,4,GEN,How to properly count operations (time complexity) in a bubble sort algorithm in Python
78412812,2024-05,2,VER,Trouble cropping objects using YOLOv8 bounding boxes in custom object detection project
78414227,2024-05,4,GEN,Difference in implementation based on whether a calculated expression is returned directly or first stored in a variable
78414216,2024-05,3,GEN,vs code setting to load env file for jupyter notebook
78414211,2024-05,3,GEN,Import Error while using python manage.py migrate command
78414193,2024-05,3,GEN,"aiogram, python. how to get the invitation link that a user used to join a group"
78414110,2024-05,4,GEN,Python assign inherited class
78414094,2024-05,3,GEN,Draw a outline mask based on image shape - Using Canny edge - updated
78414084,2024-05,2,VER,Disappearing Data when adding annotations - Plotly
78414044,2024-05,1,VER,Dockerfile python building fail
78413575,2024-05,1,VER,installing plugins through pip correctly
78413936,2024-05,1,VER,Python requests put to update image always give a 400. Im following the documentation
78413927,2024-05,1,VER,Xlwings.LicenseError couldn&#39;t find an xlwings license key
78413915,2024-05,1,VER,A &quot;django.core.exceptions.SuspiciousFileOperation&quot; error is occurring despite setting everything up correctly
78413885,2024-05,1,VER,401 unauthorized Django Rest API Login
78413842,2024-05,4,GEN,How can i remove only single lines between text to chunk it up?
78413787,2024-05,1,VER,"ValueError: No chrome executable found on PATH, chromedriver_autoinstaller.install"
78413784,2024-05,3,GEN,How to make the unit show up at the result after square root calculation using handcalcs and forallpeople Python librari
78413739,2024-05,3,GEN,make authenticated and login work for multiple table other then auth User table django?
78413728,2024-05,4,GEN,Integral form of cdf in Python
78413671,2024-05,3,GEN,DuckDB insert the hive partitions into parquet file
78413655,2024-05,4,GEN,Pydantic ConfigDict(use_enum_values=True) has no effect when providing default value. How can I provide default values?
78413931,2024-05,1,VER,undefined reference to ‘OpenSSL_version’ when intalling uwsgi on CentOS
78414237,2024-05,2,VER,I try to use scrapy playwright to scroll through a web shop in order to scrape all products but it doesn&#39;t work
78412774,2024-05,1,VER,Win error 126 while trying to import aitextgen
78412744,2024-05,3,GEN,Running cqlsh returns &quot;ModuleNotFoundError: No module named &#39;six.moves&#39;&quot;
78411945,2024-05,3,GEN,Reading and getting sets of data from a file with numbers and words
78411884,2024-05,0,VER,SLAM feature extraction does not generate map-database(*.msg)
78411879,2024-05,4,GEN,Why mock.patch works on attribute of object that is already imported
78411878,2024-05,3,GEN,df[&#39;articleID&#39;] = df.astype({&#39;articleID&#39;: int}) when I am using this query getting error as ValueError: 
78411867,2024-05,1,VER,Issue with webcam - blurry background (MacOS)
78411847,2024-05,1,VER,Python not buffering audio correctly
78411784,2024-05,3,GEN,SQLAlchemy: Confused with many-to-many relationship for the same table and additional data
78411768,2024-05,2,VER,Boost Python C++ boost::python::list input Python argument types did not match C++ signature
78411725,2024-05,3,GEN,How to parse nested dictionaries into Pandas DataFrame
78411723,2024-05,4,GEN,Large array average
78411721,2024-05,4,GEN,How to make recursive functions in python?
78411719,2024-05,1,VER,How to build an executable with PyInstaller that is works with WSLg
78411698,2024-05,1,VER,Spotify API repeated http 429 error using spotipy
78411683,2024-05,3,GEN,How to specify which schema i want to use using Langchain&#39;s SQLDatabase.from_uri?
78411675,2024-05,3,GEN,"I need help on searching a list of values on pandas Dataframe, and then separating the row the value is found"
78411570,2024-05,3,GEN,Implementing custom lasso regression with fixed features in sklearn pipeline for variable selection
78411556,2024-05,1,VER,Unable to reproduce python cdk layer zip
78411542,2024-05,2,VER,Arcpy- How do I add a list of data onto a boundary
78411534,2024-05,1,VER,Web Server Socket Programming Only Work 80 porty
78411502,2024-05,1,VER,Plotly won&#39;t produce a graph on python spyder/anaconda IDE
78412765,2024-05,1,VER,Mobile net high accuracy but val_accuracy is plateauing
78411983,2024-05,3,GEN,Log into website via Discord API and store session
78412008,2024-05,4,GEN,Python multiprocessing apply_async with callback does not update the dictionary data structure
78411726,2024-05,2,VER,Excel named range creation using xlwings workbook.names.add() generates extra quotes
78412032,2024-05,1,VER,UncaughtPromiseError &gt; TypeError Uncaught Promise &gt; Failed to fetch Odoo
78412019,2024-05,2,VER,Python PIL renders broken Bengali Characters on railway.app
78412680,2024-05,1,VER,Error while initializing SparkSession in Windows
78412664,2024-05,2,VER,Dropdown menu in folium doesn&#39;t work (Python code)
78412623,2024-05,1,VER,Error converting .py file into .exe using pyinstaller
78412608,2024-05,4,GEN,How can I immediately hide the window made by tkinter?
78412601,2024-05,2,VER,Get podcast episode information from spotify
78412576,2024-05,4,GEN,How to remove new line(s) from the long string
78412549,2024-05,3,GEN,How to perform matthews_corrcoef in sklearn simultaneously between every column using a matrix X and and output y?
78412491,2024-05,1,VER,Cannot run Custom batch service in Azure Data Factory - User configuration issue Error code 2500
78412463,2024-05,4,GEN,Is it possible to change proxy &quot;on fly&quot; with python playwright?
78412450,2024-05,1,VER,Python Azure: ssl.SSLEOFError: EOF occurred in violation of protocol (_ssl.c:2427)
78412742,2024-05,2,VER,&quot;java.lang.NoSuchMethodError: &#39;scala.collection.JavaConverters$AsJava scala.collection&quot; error when I strea
78412402,2024-05,2,VER,I got `usecols` to select a subset and avoid this error problem
78412441,2024-05,2,VER,"PyQt6 Delegate class to show combo boxes in tableView cells, doesn&#39;t update model on selection. It has to be clicked"
78412108,2024-05,1,VER,Multiprocessing error after trying to train with YOLOv8
78412160,2024-05,4,GEN,Polars - with_columns on columns that end in a &quot;D&quot; and are of type datetime
78412195,2024-05,4,GEN,how does this code work? all balanced permutations from codewars
78412205,2024-05,3,GEN,How to realize tsaregular function of Matlab in python?
78412053,2024-05,2,VER,Publish a python project via github
78412286,2024-05,2,VER,dmc card responsivity - plotly dash
78412316,2024-05,4,GEN,Execute third function after the completion of first two functions run concurrently
78412322,2024-05,4,GEN,How to make a Protocol that inherits methods and attributes from a concrete class
78412276,2024-05,4,GEN,How to fetch all the API urls from django project in Python?
78564460,2024-06,3,GEN,Why do I get different testing result using the same Q-value table
78564605,2024-06,3,GEN,How to check the output of pandas add() on large dataframes is correct?
78564587,2024-06,2,VER,manim - Can&#39;t animate a 3D Coin Flip
78564581,2024-06,1,VER,"Error on griddb-python installation through Anaconda, Jupyter Notebooks, &amp; pip in MacOS"
78564550,2024-06,2,VER,Redirect/confirm not working for django web app registration
78564523,2024-06,1,VER,Unable to mock awsglue module via tox
78564655,2024-06,3,GEN,Show an image at some location on a point cloud using Open3D
78564505,2024-06,3,GEN,How do I fill missing values in a dataframe with the values found in another dataframe using a lookup value?
78564461,2024-06,4,GEN,How to remove tzname string from tzinfo?
78564459,2024-06,2,VER,Python script opens empty cmd windows
78564261,2024-06,2,VER,"Gemini API: cURL command successfully calls API, but my program does not"
78564399,2024-06,1,VER,python script runs in wordpress
78564333,2024-06,2,VER,"How to init Pool() inside child daemonic, but only once?"
78564293,2024-06,2,VER,FastAPI SSE split responses between two clients
78564282,2024-06,1,VER,How to solve python numpy error while executiong code
78564241,2024-06,1,VER,Problem with loading .h5 weights into modellib.MaskRCNN model
78564238,2024-06,2,VER,Retrieve bbox of AnchoredOffsetBox in Matplotlib before rendering
78564233,2024-06,1,VER,Issue with Transformer-based Chatbot Generating Incoherent answers
78564217,2024-06,2,VER,starting container process caused: exec: &quot;fastapi&quot;: executable file not found in $PATH: unknown
78564196,2024-06,3,GEN,How can I match ID# from my date dataframe to match with the date&#39;s in my main dataframe?
78564669,2024-06,2,VER,ValidationError (Django)
78564413,2024-06,3,GEN,How can I wait for a command over serial in python?
78564699,2024-06,1,VER,Why is LlamaCPP freezing during inference?
78564184,2024-06,2,VER,Telethon: Unable to Retrieve Text for Message (Album)
78564771,2024-06,4,GEN,"Alternative to df.rename(columns=str.replace(&quot; &quot;, &quot;_&quot;))"
78565260,2024-06,2,VER,How do I integrate my Tkinter code with the rest of my Python code?
78565243,2024-06,3,GEN,How to return NaN if all values are NaN using the agg() function specifying aggregation output columns
78565234,2024-06,1,VER,Python API - Access token is not working and is giving me &quot;Invalid access token&quot; error
78565231,2024-06,3,GEN,"Pydanyic V2: how to write more intelligent `created_at`, `updated_at` fields"
78565203,2024-06,4,GEN,List of lists (double [[) in Python
78565192,2024-06,3,GEN,What is causing this code to output &quot;Unreachable&quot; and &quot;continue and break not in the loop&quot;?
78565191,2024-06,2,VER,ITK ERROR: MaskNegatedImageFilter(000001D7CB479830): Inputs do not occupy the same physical space
78565188,2024-06,2,VER,Getting data into a manager.dict and sharing it between processes
78565180,2024-06,3,GEN,docutils traverse sections and create list of subsections with their paths
78565137,2024-06,2,VER,".txt file being created, but file is blank without invert_dictionary contents (python)"
78564718,2024-06,1,VER,How to make a request to the OpenAI API?
78565132,2024-06,2,VER,form.is_valid() returns an error which I have not defined
78565064,2024-06,3,GEN,Avoid doubling every rule for NEWLINE vs DOUBLE_NEWLINE
78565013,2024-06,1,VER,Using llama3 model to parse markdown data
78564999,2024-06,1,VER,Improper Token Passed while logging in discord with discord.py
78564958,2024-06,3,GEN,How to find deprecated APIs
78564945,2024-06,3,GEN,Pandas adding last row of previous group
78564920,2024-06,4,GEN,Function not being mocked unless full path is called
78564877,2024-06,2,VER,MiddlewareMixin.__init__() missing 1 required positional argument: &#39;get_response&#39;
78564789,2024-06,3,GEN,How do I center the caption of an Pygame Window?
78564783,2024-06,1,VER,When i try to run model.fit() i face this error. how do i solve it
78564778,2024-06,1,VER,Pytesseract OCR always fail to recognize the text isinde the image
78565125,2024-06,1,VER,Encountering issue with installing tensorflow-text in Both Jupyter Notebook and Google Colab
78564068,2024-06,4,GEN,why does jupyter notebook print such an output?
78565377,2024-06,3,GEN,How to customize Form Validation error message for Password Confirmation Field
78563997,2024-06,3,GEN,Converting numpy arrays of coordinates of different configuration of molecules to an xyz.file efficiently
78562976,2024-06,4,GEN,Python - Attribute Lookup without triggering `__getattribute__`?
78562951,2024-06,3,GEN,My regex in python doesn&#39;t match using re.search()
78562910,2024-06,3,GEN,Getting access to a protected member warning shown by pycharm in descriptor get method
78562866,2024-06,3,GEN,Simple function to check whether a word is palindrome or not
78562854,2024-06,1,VER,TA-lib installation conflicts with Conda
78562724,2024-06,2,VER,Python creating file outside of Working Directory
78562717,2024-06,1,VER,Can&#39;t load plugin: sqlalchemy.dialects:postgresql
78562705,2024-06,3,GEN,I want to divide different index
78562673,2024-06,3,GEN,Hyperparameter tuning data output to table in excel
78562666,2024-06,3,GEN,replace() and if/else in list comprehension to create a new list
78562982,2024-06,3,GEN,How count adjacent points with the same values and label them according to the count in Python
78562653,2024-06,1,VER,Internal Server Error when hosting flask web app
78562632,2024-06,3,GEN,Using sympy to solve an inequality with two variables
78562611,2024-06,1,VER,Not able to use pickle load() with Keras 3
78562591,2024-06,3,GEN,Export animation with bokeh
78562590,2024-06,3,GEN,Symbolic Array of Symbolic Size in SymPy
78562545,2024-06,2,VER,How can I install Jython in Sketchware?
78562542,2024-06,3,GEN,"In Python, how to compare the value to each subsequent value in a row until a condition is met"
78562537,2024-06,3,GEN,How to save numpy.ndarray in static or thread local variable in python extension written in Rust with PyO3?
78562519,2024-06,2,VER,Why isn&#39;t my function giving the desired number of decimal digits for PI?
78562518,2024-06,3,GEN,parsing json into rows in Python pandas dataframe
78562481,2024-06,2,VER,How to close multiprocessing pool inside process?
78562640,2024-06,4,GEN,How to filter polars dataframe by first maximum value while using over?
78563021,2024-06,2,VER,can I run my python script using gunicorn and wsgi
78564000,2024-06,2,VER,How to Run a Python File on a Specific Virtual Desktop Only?
78563126,2024-06,1,VER,online experiment in Psychopy/Javascript - character limit on user input results in weird bug
78563984,2024-06,3,GEN,Trying to make an Isometric game without isometric tile rendering
78563975,2024-06,1,VER,FastAPI singleton dependency
78563971,2024-06,3,GEN,Retrieve the Boolean network specification in SBML Qual
78563960,2024-06,3,GEN,How to implement Many to Many relationship between users and comments?
78563894,2024-06,2,VER,SQLite same-table ON DELETE CASCADE not working
78563873,2024-06,3,GEN,How to Exclude Custom Exception Classes from pytest-cov
78563834,2024-06,1,VER,Tesseract not recognising digits correctly
78563796,2024-06,3,GEN,How to add a scrollbar to python plotly long title
78563786,2024-06,3,GEN,python compile with multiple functions
78563675,2024-06,4,GEN,Reading sequence of values from list in Python
78563585,2024-06,4,GEN,Where should data validation happen? - Model or Serializer?
78563023,2024-06,2,VER,How do I increase the timeout for my Vercel Flask Python app serverless function?
78563535,2024-06,1,VER,Multithreading stuck at last future
78563532,2024-06,2,VER,How do I set up Baserow to migrate data from one table to another?
78563412,2024-06,2,VER,Specify custom errorbar values in Seaborn
78563396,2024-06,2,VER,How can I use decimal in my schema for FastAPI mongo?
78563354,2024-06,1,VER,options.platform_name = &#39;Windows&#39; not working selenium python
78563348,2024-06,2,VER,Calculate mean value from serie of arrays
78563286,2024-06,2,VER,arrows disappeared in plt.savefig()
78563282,2024-06,2,VER,"Python tkinter gif too fast, large and oly shows small portion of center of image"
78563210,2024-06,2,VER,adjustText for Categorical Y axis plots
78563199,2024-06,1,VER,Google&#39;s Meeting API does not seem to work for server to server calls
78563561,2024-06,0,VER,ModuleNotFoundError: No module named &#39;mmcv.parallel&#39;
78692193,2024-07,3,GEN,PySpark Production Container based best practices
78692212,2024-07,1,VER,Custom GUI app for hotspotshield issue on Linux
78692222,2024-07,4,GEN,Is it possible to change the return value of a function with pdb?
78692380,2024-07,3,GEN,Python: How to slice a 2d array to specified range of x and y values? Also how to improve this code?
78692260,2024-07,1,VER,sktime and pycaret conflict: AttributeError: &#39;NoneType&#39; object has no attribute &#39;copy&#39;
78692274,2024-07,4,GEN,How to remove the title bar of a tkinter application without making it full-screen or removing the taskbar icon?
78692333,2024-07,3,GEN,Fetch and Store Airflow Logs
78692165,2024-07,3,GEN,Send list of lists of floats in request body
78692255,2024-07,2,VER,Merge Dataframe based on substring column labeld while keep the original columns label
78692139,2024-07,2,VER,Sum multiple rows from multiple columns in a dataframe for a group
78691822,2024-07,2,VER,How can I prevent a PermissionError when I try to delete a .GIF previously &#39;started&#39; in a PySide6 QLabel?
78691957,2024-07,3,GEN,Parse temperature string in pint
78691919,2024-07,4,GEN,Importing Python modules from a subdirectory
78691873,2024-07,1,VER,&quot;Import &quot;tensorflow.models&quot; could not be resolvedPylance&quot;
78691826,2024-07,1,VER,chaquopy and android: interactive dialog
78691658,2024-07,2,VER,Inconsistent output in reading numbers from file to get an average
78691652,2024-07,3,GEN,"Applying an affine transformation using OpenCV, skimage, and scipy returns different results"
78691628,2024-07,2,VER,Impossible to send a message using the Microsoft Graph API
78691625,2024-07,4,GEN,From Excel to JSON convert an empty string to null using Python
78691616,2024-07,2,VER,Cannot extract the penultimate layer output of a vision transformer with a Pytorch
78692403,2024-07,3,GEN,ElementTree.find() seems to miss recently appended elements
78692134,2024-07,4,GEN,Narrowing down type hints in children
78692438,2024-07,3,GEN,"Remove all characters between two sets of strings, the first being a name-pair (Python-Pandas)"
78692811,2024-07,1,VER,Why numba doesn&#39;t calculate after a number of index?
78692537,2024-07,3,GEN,Prefill modelform based on url
78693056,2024-07,1,VER,How do I accurately represent the input of any key from the keyboard using Python?
78693052,2024-07,3,GEN,How to efficiently calculate the share of an aggregated column
78693033,2024-07,4,GEN,Alternative ways of counting lines in a file
78693027,2024-07,2,VER,Abort progress bar in tkinter
78693026,2024-07,3,GEN,Django subquery with static VALUES expression
78693024,2024-07,3,GEN,"I&#39;m using Python (and BeautifulSoup) to convert XML into HTML. Can I get just what&#39;s inside an XML tag, skipping the tag&#39;s own attributes?"
78693015,2024-07,1,VER,Heroku not installing packages on deploy from requirements.txt
78692959,2024-07,4,GEN,Polars truncates decimals
78692950,2024-07,3,GEN,Why is no warning thrown for indexing a Series of values with a bool Series that&#39;s too long?
78692910,2024-07,2,VER,Pymongo: automatic IP
78692458,2024-07,4,GEN,Extract the closest two numbers that multiply to create a given number
78692863,2024-07,2,VER,Python Function Losing List Element After Recursion?
78691597,2024-07,2,VER,SOLVED! TypeError: MeComCommon._set() missing 1 required positional argument: &#39;self&#39;
78692798,2024-07,4,GEN,How to extract dynamically generated links from a website using Python?
78692744,2024-07,3,GEN,Docker compose how to start a service after one is terminated
78692726,2024-07,1,VER,Why importing openpyxl and docx take so much time in compiled Tkinter?
78692719,2024-07,3,GEN,How can I add a string on pdf file with shipping label layout using python?
78692707,2024-07,2,VER,ValueError: The filepath provided must end in `.keras` (Keras model format). Received: filepath=model/keypoint_classifier/keypoint_classifier.hdf5
78692641,2024-07,3,GEN,Hide injected parameter by a decorator from function parameter hinting in PyCharm
78692640,2024-07,3,GEN,Convert Data from .TXT file to YAML format using Python?
78692559,2024-07,1,VER,Problems using tensorflow
78692552,2024-07,1,VER,Python requests/urllib not returning status 200 when in production
78692844,2024-07,2,VER,How can I remove duplicate filenames from different directories in a list and use them once as xml tag text?
78691574,2024-07,3,GEN,Roboflow Vs. Darknet for generating weight file and creating the model
78692083,2024-07,4,GEN,How to run an executable Python script packaged in a wheel?
78691539,2024-07,2,VER,Prevent pdoc from leaking environment variables of pydantic-settings
78690669,2024-07,1,VER,Maximum recursion depth exceeded issue in Postman
78690602,2024-07,1,VER,Failed to import the required Python library (suds) on hosts&#39;s Python /usr/bin/python3
78690589,2024-07,1,VER,"Thread long running python task, doesn&#39;t work inside Docker"
78690568,2024-07,2,VER,openpyxl delete_rows doesn&#39;t completely remove rows if row height is set
78690529,2024-07,3,GEN,Send images to Whatsapp in Python using the Cloud API
78690407,2024-07,1,VER,SAM build can&#39;t resolve dependencies for &#39;onnxruntime&#39;
78690406,2024-07,1,VER,Selenium: &#39;stale element not found in the current frame&#39; after run execute_script
78690388,2024-07,2,VER,Python3.8 cannot import name &#39;windowed_complete&#39;
78690334,2024-07,2,VER,How can I load copied Libraries to Anaconda packages
78690291,2024-07,2,VER,How to correctly measure time complexity of sorting algorithms (Python)
78690671,2024-07,1,VER,AttributeError: &#39;NoneType&#39; object has no attribute &#39;selectExpr&#39; | PySpark
78690284,2024-07,2,VER,oobabooga-textgen-web-ui how to get authorization to view model list from port 5000 via the ooba&#39;s api-key in python
78690267,2024-07,3,GEN,How to add a column with JSON representation of rows in Polars DataFrame?
78690264,2024-07,4,GEN,How to find the longest subsequence containing all vowels in order in a string in Python?
78690234,2024-07,2,VER,How to mass request branches from git with individual file as comparison with a reasonable execution duration?
78690229,2024-07,2,VER,How to mock sqlalchemy&#39;s async session?
78690213,2024-07,1,VER,How to Enumerate Threads using CreateToolhelp32Snapshot and Python ctypes?
78690210,2024-07,2,VER,Invalid Token error when using Fernet(Python)
78690204,2024-07,1,VER,How to Fix &quot;TypeError: getattr(): attribute name must be string&quot; when multiple optimizers are GridSearched for GaussianProcessRegressor?
78690154,2024-07,1,VER,"Pytorch, Can&#39;t find the inplace operation that&#39;s preventing my network from calculating gradient"
78690101,2024-07,3,GEN,Do PyPy int optimizations apply to classes subclassed from int?
78691556,2024-07,2,VER,Stream camera feed from one Pi 4 to another using Tkinter
78690274,2024-07,2,VER,How to install gdal using conda?
78690700,2024-07,2,VER,How to include .env file in my python package using pyproject.toml?
78690099,2024-07,1,VER,Reading telegram messages using Python
78690772,2024-07,1,VER,.join with a query
78690704,2024-07,3,GEN,Rolling Kurtosis with Group_by in Polars
78691459,2024-07,2,VER,Version dependency conflicts when adding langchain-google-genai to poetry project
78691438,2024-07,3,GEN,Trying to get dict[k] from a dict in a list of dicts for k in list or string
78691402,2024-07,3,GEN,Automatically expanding and contracting `QTextEdit` for PyQt5
78691340,2024-07,1,VER,Trying to access Dynamo from AWS ECS - botocore.exceptions.NoCredentialsError: Unable to locate credentials
78691335,2024-07,2,VER,How to calculate the correct persistence diagram from a binary-mask-png using GUDHI
78691288,2024-07,2,VER,How to save python script output in GitHub Actions running on windows-latest?
78691274,2024-07,3,GEN,Is there a way to clear a label that is inside an if statement
78691202,2024-07,2,VER,Azure Open AI - very different results on gpt4o between Python and Java API
78691141,2024-07,1,VER,Azure Python Function app fails to import packages when deployed via Azure DevOps
78691120,2024-07,1,VER,The issue of bitsandbytes package supporting CUDA 12.4 version
78691479,2024-07,3,GEN,Find time stamp from which a dataset becomes monotonic
78691107,2024-07,3,GEN,Regex to substitute the next two words after a matching point
78691081,2024-07,1,VER,ipywidgets Vbox not visible in the Binder Deployment using Voila
78691077,2024-07,1,VER,Unable to execute batch file by Python program
78691053,2024-07,1,VER,Databricks Cluster &quot;file not found&quot; when accessing Volumes
78691039,2024-07,4,GEN,Is there a shorter/more pythonic way of writing the 2nd line of this python code?
78691036,2024-07,2,VER,Dynamically passing Turtles to onkeypress() binds always only one of them
78691025,2024-07,2,VER,Parsing .targets file with ElementTree does not find specified tag
78691009,2024-07,3,GEN,jax.lax.cond executing both branches instead of just the True branch
78690926,2024-07,1,VER,My Selenium seesion using python is not able to click on a button
78690847,2024-07,2,VER,How do I reference meshes in Rhino Python for a boolean difference operation?
78690837,2024-07,1,VER,Received Import Error while importing an existing function
78821083,2024-08,3,GEN,How to set up PIV authentication in Python Flask API
78821089,2024-08,2,VER,aiohttp freeze in ClientSession()
78821121,2024-08,1,VER,OpenAI API return 400 Error: cannot transcribe ogg file
78821187,2024-08,2,VER,RecursionError: maximum recursion depth exceeded with pickle package with Python pickle
78821132,2024-08,2,VER,How do I get the AWS Glue Job CDK construct to update the script asset?
78821149,2024-08,2,VER,Formatting strings in Dask/DuckDB
78821184,2024-08,1,VER,issues putting/copying local file to hdfs in docker
78821056,2024-08,2,VER,Python unit testing with patch not working for s3.head_object
78821122,2024-08,1,VER,Client Fails to Connect to Server on Initial Attempt but Succeeds After Restart ( when the computer is first turned on )
78821050,2024-08,1,VER,"Comparing specific linear regression functions in numpy, scipy, and sklearn: Differences in pre-processing and penalty functions"
78820861,2024-08,3,GEN,Fold or &quot;unpivot&quot; similar column names (with matching prefix) into structs using Polars
78820996,2024-08,3,GEN,litestar How to combine query parameters with API documentation
78820957,2024-08,3,GEN,Understanding File Access in Databricks File System (DBFS) versus Volumes with Python and Spark
78820951,2024-08,1,VER,EasyOCR inconsistent in recognizing letter &quot;e&quot; when by itself
78820748,2024-08,1,VER,A lot of incorrect detection using YOLOv8
78820860,2024-08,3,GEN,How to count string&#39;s length in Python (if the string includes character escaping)?
78820798,2024-08,2,VER,Decimal separator not changing when importing data from excel and when applying mean to groupby
78820768,2024-08,3,GEN,Python Selenium: Scroll inside an element until element is found
78820763,2024-08,2,VER,Add metadata to stripe Subscription.resume in python SDK
78820758,2024-08,3,GEN,Regex consonant mismatch
78821190,2024-08,2,VER,Diffrent hex dump values of function for C and Python code
78821982,2024-08,2,VER,Unable to parse the results from a webpage using the requests module
78821193,2024-08,3,GEN,Is it possible to perform lattice attack on LCG equation?
78821675,2024-08,3,GEN,"os.mkdir(directory,title) TypeError: &#39;str&#39; object cannot be interpreted as an integer"
78821355,2024-08,3,GEN,Clone git repository and install python packages in a shared folder path
78820700,2024-08,2,VER,How to use magic function in PyCharm project?
78821975,2024-08,3,GEN,Can non-displayed fields of a Django model be altered during custom form validation but before committing model&#39;s data?
78821963,2024-08,2,VER,Moving Average Conditioned by another columns&#39; values
78821942,2024-08,2,VER,How can I resolve the Yolov8 Frame rate on real time camera video feed?
78821850,2024-08,2,VER,How do I get performance logs in a specific tab?
78821837,2024-08,3,GEN,Why does my Python/C++ code using Pybind11 for multi-threading result in a deadlock?
78821828,2024-08,1,VER,Intellisense issue when importing requests module in vscode
78821823,2024-08,1,VER,Python arrow_odbc issue with mysql odbc drivers libmyodbc9
78821753,2024-08,3,GEN,pd.to_datetime() with the same arguments returns error when Pandas is updated from 1.5.3 to 2.2.2. What exactly changed?
78821744,2024-08,3,GEN,How to Scale YOLOv8 Inference using Databricks
78821292,2024-08,1,VER,something is blocking the streaming print command - it appears when I end the bot
78821738,2024-08,2,VER,pytestarch rule fails saying that &quot;moduleA&quot; which is imported by &quot;moduleB&quot; using as an aliased relative import is not imported
78821677,2024-08,1,VER,Second instance of Python application does not commit to MariaDB table
78821660,2024-08,2,VER,avoid error 429 while sending request to specifically &quot;Google&quot;
78821557,2024-08,3,GEN,Assigning an Attribute to a @staticmethod in Python
78821544,2024-08,3,GEN,How to implement bind_tools function for custom LLM in langchain
78821465,2024-08,3,GEN,how do you performn division calculation on number of columns over a common column in pandas
78821461,2024-08,2,VER,Arrow outside polar plot matplotlib
78821429,2024-08,3,GEN,Diagonal line from start to endpoints in log x-scale matplotlib
78821424,2024-08,1,VER,Django `Not Found: /payment_getway/` Error - URL Path Not Resolving
78821389,2024-08,2,VER,Animating a cluster column and line chart with matplotlib
78821371,2024-08,3,GEN,Django query to sum the n largest related values
78821687,2024-08,3,GEN,How to message using zmq with remote machines
78820601,2024-08,1,VER,Python data scrapping from Truecaller
78821038,2024-08,2,VER,Colab: not enough RAM to load Llama 3
78820362,2024-08,1,VER,VSCode quick fix does not suggest imports from a Python package in the same workspace
78819636,2024-08,2,VER,Closing a custom pop-up menu In Justpy
78819559,2024-08,1,VER,Obtain point coordinates using PyCatia
78819386,2024-08,3,GEN,Python docker: remove unused dependencies to reduce image size
78819380,2024-08,2,VER,How do I use a loop to update the progress of my entire code in python using a progress bar
78819376,2024-08,4,GEN,How to perform a left shift of discrete signals via convolution operation in python?
78819334,2024-08,3,GEN,How compute correlation between images
78819173,2024-08,1,VER,Python to Pyspark migrated code is running too long
78819169,2024-08,3,GEN,Comparing different methods of rolling back database changes in pytest tests for SQLAlchemy
78819158,2024-08,2,VER,Analytical solution suffering from lack of precision
78819087,2024-08,2,VER,How to use mouse left button drag to pan on matplotlib&#39;s polar coordinate axis
78819645,2024-08,1,VER,llama_index.indices.list.retrievers import error
78819066,2024-08,1,VER,How do I fix this aspose-pdf-cloud-python script to successfully download a processed PDF file from aspose storage?
78819007,2024-08,2,VER,Unable to send a POST form data in python
78818979,2024-08,1,VER,Watchdog: Change Schedule after start
78818920,2024-08,3,GEN,How to generate when-then constructs in polars dynamically?
78818919,2024-08,2,VER,How to create a relationship between two tables while joining to another table in sqlalchemy?
78818917,2024-08,2,VER,Sphinx doc toctree click &quot;jumps&quot; to nav anchor instead of top
78818794,2024-08,2,VER,How would one access an Inner class from outside of all classes?
78818782,2024-08,1,VER,Django error while creating the blog web application
78818773,2024-08,1,VER,Python and Selenium web scraping error : OSError: [WinError 193] %1 is not a valid Win32 application
78818769,2024-08,1,VER,Cannot load model from model registry in MLFlow by raise different directory
78818768,2024-08,2,VER,Dividing QImage into sub-images in PySide2
78819017,2024-08,2,VER,Justify text within dbc card - plotly dash
78819711,2024-08,3,GEN,Pandas: Combine 2 Rows If a Key Column is Empty
78820475,2024-08,1,VER,Cannot import OllamaEmbedding from llama_index.embeddings.ollama
78819757,2024-08,1,VER,Why spdlog not print in async function
78820328,2024-08,3,GEN,How to add the instana span context to HTTP headers?
78820308,2024-08,2,VER,How can I call a Java class method from Python?
78820267,2024-08,1,VER,Python Text-To-Speech Logic making weird pronunciations
78820258,2024-08,2,VER,How to run gdal_polygonize.py?
78820256,2024-08,2,VER,how to rotate and pad huge numpy arrays without consuming too much memory?
78820222,2024-08,3,GEN,How can I terminate threads without waiting for them to finish?
78820110,2024-08,1,VER,How do I find number of screws in this image?
78820102,2024-08,3,GEN,how to plot a function with a condition on the output?
78820096,2024-08,3,GEN,How to add authentication to a Django custom admin view?
78820057,2024-08,3,GEN,How can I find the maximum value of a dynamic window and the minimum value below it?
78820126,2024-08,1,VER,Can&#39;t run python code with external libraries from docker container - &quot;No module named&quot; error
78820017,2024-08,3,GEN,simpler method for finding word associations?
78820055,2024-08,4,GEN,Why is attn_mask in PyTorch&#39; MultiheadAttention specified for each head separately?
78819839,2024-08,1,VER,Stripe Webhook timeout on localhost with FastAPI
78819843,2024-08,2,VER,Changing Default generation_config of Huggingface Transformer Model without getting UserWarning
78819883,2024-08,3,GEN,Adding two pandas dataframes together - Specific Columns
78819922,2024-08,2,VER,"How can I improve on this flask, sqlalchemy, jwt file in python?"
78819832,2024-08,3,GEN,What to use as a worker for deferred tasks?
78819939,2024-08,3,GEN,How does Django know that it needs to slugify title field?
78819975,2024-08,3,GEN,How to Generate Detailed Logs for All Requests in Locust Stress Testing?
78820013,2024-08,2,VER,"spacy tokenizer breaking 6M into 6 and M, similar to 6G, 6K, 6T"
78819924,2024-08,3,GEN,How to convert HSV Values to Hexcode Format
78819716,2024-08,2,VER,How to cplot() a conditional function
78938539,2024-09,2,VER,Using Matplotlib&#39;s AuxTransformBox to Rotate Artists Leading to Unexpected Behavior
78938754,2024-09,3,GEN,Set x-axis scale for Altair bar chart
78938725,2024-09,2,VER,How to include C libraries in cibuildwheel Github Action for Cython module?
78938723,2024-09,1,VER,"pandas_gbq upload dataframe error: Error while reading data, error message: CSV processing encountered too many errors, giving up"
78938722,2024-09,4,GEN,What are valid assignment targets in Python?
78938692,2024-09,1,VER,Reconciling disparity between test-accuracy and confusion matrix in tensorflow
78938691,2024-09,1,VER,Running a python script with a Azure SQL connection on Heroku
78938653,2024-09,2,VER,Having trouble with super()
78938611,2024-09,3,GEN,Plot with Arrows in the X and Y axes
78938589,2024-09,3,GEN,Is there a way to shorten this code to two lines maybe three?
78938302,2024-09,1,VER,GradCam returns different results for each approach
78938507,2024-09,3,GEN,How to make combobox in flet?
78938487,2024-09,1,VER,How to stop Selenium from automatically clicking an element?
78938440,2024-09,3,GEN,Using Regex to Split Subsections With Unique Titles
78938424,2024-09,2,VER,Why the Airflow dag is not getting triggered?
78938398,2024-09,3,GEN,Find a fragment in the whole image
78938395,2024-09,1,VER,Matplotlib broke after Ubuntu update
78938390,2024-09,2,VER,How to simply send an mp3 from current directory to user? JavaScript/Flask
78938324,2024-09,2,VER,"The screen is white for a few seconds when I open the window of my application, written in Python using the &quot;arcade&quot; library"
78938312,2024-09,4,GEN,The difference between math.trunc() and int() in python
78938772,2024-09,2,VER,`scipy.optimize.minimize` gives different results on GCP and Mac
78938529,2024-09,2,VER,Loss becomes Nan after attention_mask is added to the model while fine-tuning gemma2
78938784,2024-09,3,GEN,How to override the help text of a shared python click option?
78939368,2024-09,2,VER,Model inheritance with existing DB models. Migration issue with “_prt” field
78938799,2024-09,2,VER,How to read responses from request in Robot Selenium
78939773,2024-09,1,VER,Snake drawn twice
78939768,2024-09,3,GEN,How do I find the length of one word in Python and output it?
78939731,2024-09,3,GEN,Beautify seaborn graph of temporal data
78939671,2024-09,3,GEN,Format a SELECT query that avoids SQL injection taking multiple parameters
78939633,2024-09,3,GEN,Tuple iteration failed : TypeError: cannot unpack non-iterable int object
78939613,2024-09,3,GEN,How do I delete all rows that have non-integer values in a panda dataframe?
78939607,2024-09,3,GEN,Generic `NamedTuple`
78939606,2024-09,2,VER,Monte Carlo Method for Blackjack: strange Q-values table
78939597,2024-09,1,VER,"error: COMError: (-2147220992, None, (None, None, None, 0, None))"
78939571,2024-09,1,VER,the kernel for desktop appears to have died. it will restart automatically. [JupyterLab][Matplotlib]
78938798,2024-09,4,GEN,How to get the IP address location from using Python?
78939534,2024-09,2,VER,How to get LinkedIn API via Python to work so I get number of followers?
78939475,2024-09,1,VER,Can&#39;t download last 10 minutes of data from yfinance
78938295,2024-09,2,VER,Why inplace masking doesn&#39;t work when dataframe columns are referenced using loc like this?
78939286,2024-09,2,VER,Page not found error using Django urlconfig
78939233,2024-09,3,GEN,match columns from column list in a dataframe and rename them in python?
78939142,2024-09,2,VER,How to connect to existing logged in chrome instance in Playwright on MacOs?
78939116,2024-09,1,VER,Invalid Value when using the subscriptionv2 api
78939020,2024-09,1,VER,How do I fix the layout of this application?
78938955,2024-09,1,VER,Problems in classroom.yml file where no marks displayed at github classroom after running github action for autograding Python tests
78938890,2024-09,1,VER,Anaconda Navigator Cannot initalize GLX
78938875,2024-09,3,GEN,Fix wrong spelling after a run of correct spellings in a sorted dataframe in pandas
78939502,2024-09,1,VER,I want to use list in Processing Python
78938285,2024-09,4,GEN,Should authentication_classes and permission_classes in Django REST Framework Views Be Defined with Lists or Tuples?
78938508,2024-09,1,VER,python swifter rolling() runtime error &quot;__init__() got an unexpected keyword argument &#39;axis&#39;&quot;
78938211,2024-09,3,GEN,Computing cross-sectional rankings using a tidy polars dataframe
78937094,2024-09,2,VER,How can I assign a new column that is equal to the mean of the rows of another dataframe which fall in a range?
78937042,2024-09,3,GEN,"Create alias for a parametrized column in the Cosmos DB NoSQL dynamically instead of the name $1,$2,etc"
78936933,2024-09,1,VER,MongoDB-Docker - How to insert item into mongo-express
78936892,2024-09,2,VER,Langchain create_react_agent stream stopped on the very first AIMessage and doesn&#39;t provide the full answer
78936857,2024-09,3,GEN,Count NaNs in window size and min_periods of rolling Pandas function
78936830,2024-09,1,VER,Errors while working with QMediaPlayer in PySide6
78936816,2024-09,3,GEN,Python: how to run the equivalent of the entry_point `foo.bar:baz` during development?
78936755,2024-09,1,VER,How do I fix broken pip installation
78936643,2024-09,3,GEN,Comparing 4 variables in one graph using Python
78936607,2024-09,2,VER,python: NameError: name &#39;first&#39; is not defined when I import the whole package
78937119,2024-09,2,VER,The DataLoader in PyTorch modifies my data
78936557,2024-09,1,VER,Why are there 2 outputs?
78936535,2024-09,2,VER,scrape a dropdown list using playwright
78936530,2024-09,3,GEN,Can cython detects if certain C header exists and compile conditionally?
78936509,2024-09,1,VER,Deltakernel FFI Error while DuckDb Reading Delta
78936484,2024-09,1,VER,How do I get the entire list from the database in the bot?
78936478,2024-09,2,VER,Python Subprocess Catch STDIN Input and Wait
78936473,2024-09,3,GEN,3d array operations in numpy
78936446,2024-09,3,GEN,Count values greater than row value in all previous rows in each group
78936422,2024-09,1,VER,I want to take output from a function to use in a IF statement in another function
78936404,2024-09,2,VER,How to ignore `ModuleNotFoundError` when using mypy for github actions?
78936335,2024-09,1,VER,How can I properly utilize seaborn with matplotlib
78936548,2024-09,3,GEN,How to write a while loop that iterates through a range until break condition is met
78937146,2024-09,2,VER,query with jsonb filed of array of json elements
78938260,2024-09,3,GEN,Passing Exception type and type hinting
78937182,2024-09,3,GEN,hadoop-azure with DefaultAzureCredential
78938209,2024-09,4,GEN,Whats the difference between asyncio and multithreading in python?
78938115,2024-09,3,GEN,Python (pyparsing): parsing legacy curly braces file format
78938085,2024-09,2,VER,Making a user-friendly input for subdividing a square into coordinates
78938073,2024-09,4,GEN,Why doesn&#39;t the &quot;repeated&quot; number go up in the traceback as I increase the recursion limit?
78937986,2024-09,3,GEN,How to return DataFrame from flask view function and to another python request
78937962,2024-09,4,GEN,How to catch a repeating pattern with regex in a string?
78937157,2024-09,1,VER,ModuleNotFoundError: No module named &#39;lib_resume_builder_AIHawk&#39;
78937912,2024-09,4,GEN,is there a better (?) way to maintain a bidirectional mapping of strings
78937907,2024-09,1,VER,ffmpeg command problem in python to remove silences at the beggining and end. error: returned non-zero exit status 4294967274
78937897,2024-09,3,GEN,Confirm if Python script process is running
78937823,2024-09,2,VER,How to extract crack contours from binary images?
78937921,2024-09,3,GEN,Unable to convert cuda:0 device type tensor to numpy
78937753,2024-09,3,GEN,How to define a channel-wise finite-differencing kernel in tensorflow
78937726,2024-09,4,GEN,Explanation of code sequence in &quot;Murach&#39;s Python for Data Science&quot;
78937724,2024-09,4,GEN,Python: why list*2 and list+list sometimes (but not always) return the same list?
78937663,2024-09,2,VER,Poetry is not installing packages in Docker image
78937655,2024-09,3,GEN,How to get text in beautifulsoup as .innerText and not as .textContent in JS
78937533,2024-09,1,VER,fmin (scipy) and understanding parameter passing of the function in python
78937395,2024-09,2,VER,why i can&#39;t use float in in integrer
78937366,2024-09,4,GEN,Search for a specific tuple in a list of tuples sorted by their first element?
78937235,2024-09,4,GEN,How to break the loop if iteration is between two members of a list
78937209,2024-09,2,VER,JSONDecodeError: Extra data: line 1 column 2 (char 1)
78937759,2024-09,2,VER,Pytorch `DataSet.__getitem__()` called with `index` bigger than `__len__()`
79043871,2024-10,2,VER,How to prevent big sklearn random forest model from overloading the CPU core?
79043944,2024-10,2,VER,Why is SQLAlchemy / Pydantic auto-loading relations only sometimes and not always?
79043973,2024-10,3,GEN,How to send a python script as a string to function? (Unreal Engine 5 Python Editor Script Plugin)
79043974,2024-10,2,VER,Raspberry Pi not decoding base 64 encoded data sent over BLE using Nordic UART service from a React Native app
79044230,2024-10,2,VER,pandas.style.apply .to_excel is throwing keyerror
79044131,2024-10,1,VER,Unable to properly install Python 3.7.0 on a Ubuntu 22.04 LTS VBox machine
79044145,2024-10,4,GEN,What do ** (double star/asterisk) and * (star/asterisk) inside square brakets mean for class and function declarations in Python 3.12+?
79044153,2024-10,2,VER,How to best solve partial differential equations in Python accurately but quickly
79044058,2024-10,2,VER,Taking a Screenshot of the Desktop while program runs
79043862,2024-10,3,GEN,Need help in fixing regex pattern to find strings which contains invalid escape sequence but not defined as raw string
79043468,2024-10,2,VER,Flet mobile application client side storage
79043806,2024-10,3,GEN,How to change parent class from models.Model to PolymorphicModel
79043777,2024-10,3,GEN,How to extract arguments from call with ast python
79043775,2024-10,1,VER,numerapi python crypto signals submission
79043708,2024-10,1,VER,"Azure Web App Deployment Shows 503 Error, but Flask App Works Fine Locally"
79043704,2024-10,4,GEN,Efficiently simulating many frequency-severity distributions over thousands of iterations in numpy
79043698,2024-10,2,VER,Is there way to inject mouse actions inside a browser with no relying on cdp or js or sys wide solutions
79043689,2024-10,3,GEN,python re identifiers not working with lookahead and lookbehind
79043611,2024-10,2,VER,Unable to generate the combination x and combination y using python
79043588,2024-10,1,VER,Using Haystack and Ollama . ModuleNotFoundError: No module named &#39;ollama&#39;
79043541,2024-10,1,VER,Python SSH Paramiko set_keepalive not working on Linux
79044256,2024-10,1,VER,Accessing camera on Chromebook
79043808,2024-10,2,VER,"mssql, SqlAlchemy, and &quot;ForeignKeyConstraint with duplicate source column references are not supported.&quot;"
79044306,2024-10,2,VER,"does not switch between screens in the file .kv, Kivy"
79044503,2024-10,4,GEN,Can Pyright/MyPy deduce the type of an entry of an ndarray?
79044320,2024-10,3,GEN,Passing in arguments to Dependency function makes it recognized as a Query Parameter
79043331,2024-10,2,VER,Fill a field inside dialog after return of method call
79044714,2024-10,1,VER,Trying to setup Eclipse/PyDev to debug application that must run as root
79044711,2024-10,2,VER,Django post comments not working correctly
79044704,2024-10,4,GEN,How to add each item in a list to the end of each dictionary item in a list of dictionarys
79044695,2024-10,3,GEN,Interpolate among Groups in pandas DataFrame
79044650,2024-10,2,VER,Print playwright browser in pytest terminal header
79044648,2024-10,3,GEN,How to efficiently keep a stable frame rate video stream in a PyQt application?
79044611,2024-10,1,VER,OpenSearch python client authentication error
79044593,2024-10,3,GEN,Confusing behaviour of scipy.stats.ttest_ind
79044584,2024-10,1,VER,PyInstaller temporary files error when updating
79044310,2024-10,1,VER,Page translate feature is not working as expected in Python using Selenium automation script
79044553,2024-10,1,VER,Jupyter opening to and gets stuck on a local file instead of localhost
79044512,2024-10,1,VER,Py4JJavaError when trying to create SparkSession in Jupyter notebook
79044501,2024-10,2,VER,ImportError: cannot import name &#39;Settings&#39; from &#39;settings&#39; python
79044500,2024-10,2,VER,How do I add share drive access to a google service account
79044482,2024-10,2,VER,How do I fill out a PDF form containing text and dropdown fields using Python&#39;s pypdf module?
79044434,2024-10,2,VER,Importing modules from specific folder in Blender python script (MacOS)
79044369,2024-10,4,GEN,Mathematical expression possible instead of using a (while) loop
79044359,2024-10,3,GEN,How to return results from COPY INTO from scripting block in Snowflake
79044352,2024-10,1,VER,OpenCV High Res Image Capture Broken in Raspberry Pi
79044350,2024-10,2,VER,Issue with datetime after updating packages
79044322,2024-10,4,GEN,Conditionally slice a pandas multiindex on specific level
79044519,2024-10,3,GEN,How can I make a nested Serializer available inside the create() of a ModelSerializer without making the nested Serializer read_only=False
79044764,2024-10,3,GEN,How do I call async code from `__iter__` method?
79043241,2024-10,3,GEN,How to Customize Validation Error Response in Django REST Framework?
79043118,2024-10,4,GEN,Python help: I have a exe file that takes two arguments and generates an output I would like to run a script that calls the exe file hundreds of times
79042289,2024-10,4,GEN,"How to reformat strings, replacing first instance of character with set number of blanks"
79042253,2024-10,3,GEN,How do I speed up querying my &gt;600Mio rows?
79042252,2024-10,2,VER,Telegram bot doesn&#39;t work anymore. RuntimeWarning: coroutine &#39;Bot.send_message&#39; was never awaited
79042248,2024-10,1,VER,Error when trying to install MetaGPT in editable mode using pip
79042204,2024-10,1,VER,PySide6.QMediaPlayer Cannot play audio on Windows 11
79042189,2024-10,2,VER,How to debug asyncio warning in base_events.py:1931?
79042155,2024-10,1,VER,How to call a Python script using several modules from a Bash script?
79042147,2024-10,3,GEN,Handling on/off behavior in MILP optimization problems in GEKKO
79042135,2024-10,3,GEN,The regular expression for parsing Telegram usernames stops parsing valid usernames if there is an invalid username in the same line
79041942,2024-10,2,VER,How to call an async function from a child thread using asyncio.run_coroutine_threadsafe() and the main thread&#39;s loop?
79041699,2024-10,1,VER,How can I make a Roblox friend request?
79041684,2024-10,2,VER,Adding videos to playlist - YouTube API SERVICE_UNAVAILABLE error during execution of a Python batch HTTP request
79041647,2024-10,2,VER,&quot;TypeError: &#39;tuple&#39; object is not callable&quot; in Python while drawing a function and its derivative?
79041633,2024-10,1,VER,ERROR SparkContext: Failed to add file java.io.FileNotFoundException: Jar to Spark not Found
79041578,2024-10,1,VER,RuntimeError on windows multiprocessing trying YOLOv8 python
79041573,2024-10,2,VER,Hw can I close a session using Python aiohttp?
79041540,2024-10,3,GEN,Substitute to pvlib.forecast?
79041490,2024-10,2,VER,byte like object error when checking encrypted passwords (Python)
79041361,2024-10,2,VER,How can I find lengths of all elements of the dataframe?
79041358,2024-10,4,GEN,When (and why) did Python2&#39;s built-in `file()` get deprecated?
79041308,2024-10,4,GEN,pandas version 2.1.4 method mad()
79042321,2024-10,0,VER,Windows Defender asks to exclude PyCharm projects each and every time
79042347,2024-10,3,GEN,How can I make a heatmap with density-variable cell size?
79043163,2024-10,1,VER,"Not able to take screenshots with python, if the python app is run in background"
79042421,2024-10,1,VER,Rundeck commands no longer working after upgrading nodes to Ubuntu 24.04
79043042,2024-10,4,GEN,speeding up loop calculation of an integral
79043026,2024-10,3,GEN,Github API to encrypt new token and update a secret with encrypted token in Github Workflow yaml script
79043011,2024-10,2,VER,holoviews/panel plot not updated when executed in Jupyterlab
79043009,2024-10,3,GEN,How do I update a package on conda forge?
79042968,2024-10,2,VER,How to get through human verification while web scraping?
79042960,2024-10,3,GEN,RegEx to differentiate chemical compound names from pattern
79042915,2024-10,3,GEN,collect duckdb query into two dataframes?
79042908,2024-10,3,GEN,How to upload file to google chat with service account credential
79042837,2024-10,3,GEN,automatically add fields_validators based on hint type with pydantic
79042822,2024-10,3,GEN,Invalid xml characters &lt;&gt; in tag
79042937,2024-10,1,VER,When status of Airflow Neptune task is `LOAD_IN_QUEUE` Airflow tries to retry
79042708,2024-10,3,GEN,How to forward OpenAI&#39;s stream response using FastAPI in python?
79042776,2024-10,1,VER,Trouble creating a dataset from h5 file
79042426,2024-10,4,GEN,Pure polars version of safe ast literal eval
79042456,2024-10,2,VER,TypeError: IB.reqTickByTickData() got an unexpected keyword argument &#39;handler&#39;
79042519,2024-10,4,GEN,default class representation in REPL/Python
79042560,2024-10,2,VER,How to show styled dataframe in tkinter console
79042424,2024-10,2,VER,"A section of code runs much faster in Conda environment, Why?"
79042588,2024-10,2,VER,Non determinism problem in TensorFlow 2.16.1
79042646,2024-10,3,GEN,Dynamically handling multiple CSV files with unknown schemas using Pydantic and FastAPI
79042666,2024-10,4,GEN,"Please, help me access the return value of a function in Python"
79042577,2024-10,2,VER,Getting Google site reviews with Python
79042388,2024-10,2,VER,"Navigate to the next page, scrape data, and return to the first page"
79149222,2024-11,1,VER,Can&#39;t install Python Pylint on Windows 10
79149427,2024-11,1,VER,Real Time resnet prediction
79149425,2024-11,3,GEN,Plotly: How to make subplots with multiple traces
79149378,2024-11,3,GEN,How to Change Header Color in Streamlit DataFrame Display?
79149341,2024-11,3,GEN,How to store streaming messages from openai to chat history database?
79149294,2024-11,1,VER,How to fix llvmlite and numba error for Python 3.11?
79149293,2024-11,3,GEN,Calling Numba cfunc from njitted function with numpy array argument
79149274,2024-11,2,VER,Why Google Translator API is not outputting accurate translation
79149262,2024-11,2,VER,How to troubleshoot when pip does not show all package versions
79149260,2024-11,1,VER,Python - SQL Alchemy - Closing Program Error
79148747,2024-11,3,GEN,How to draw a circle or ellipse on a map (via matplotlib and Cartopy)?
79149164,2024-11,2,VER,How can I avoid a memory leak when force killing PowerShell?
79149147,2024-11,3,GEN,Prepend and append characters to all string columns in Polars dataframe
79149108,2024-11,2,VER,Ollama with Python - Chat is stuck on the first prompt
79149103,2024-11,1,VER,Django background task not runnng
79149035,2024-11,1,VER,Ryu controller not forwarding packet after changes in mininet topology
79148948,2024-11,2,VER,rdflib 7.1.1 namespace bindings not being serialized in turtle file
79148924,2024-11,3,GEN,How to Replace XML Special Characters From Text Within HTML Tags Using Python
79148802,2024-11,2,VER,Values aren&#39;t matching a list (python)
79148781,2024-11,2,VER,spider_closed signal not handled when interrupted
79149431,2024-11,0,VER,PyDev debugger running under Eclipse shows message &quot;suicide_when_without_parent&quot;
79149175,2024-11,2,VER,Extremely high RMSE In Testing For Linear Regression
79149448,2024-11,3,GEN,Find a specific group of 3 amino-acid letters in a sequence. If either one is at that location print 1 if not print 0. Print under the names
79149716,2024-11,2,VER,Pandas memory_usage inconsistent for in-line numpy
79149485,2024-11,1,VER,Can&#39;t install tensortrade on M2 mac
79150176,2024-11,1,VER,CalledProcessError: Command &#39;[&#39;ninja&#39;]&#39; returned non-zero exit status 1
79150136,2024-11,3,GEN,NetworkX: getting arrows/edges to point right
79150108,2024-11,1,VER,How do I import custom Python module into Brython?
79149972,2024-11,3,GEN,How do I await a Timer coroutine that necessitates being async in discord.py?
79149930,2024-11,1,VER,Eye landmark model in Tensorflow not tracking with unseen data
79149913,2024-11,1,VER,Cannot install Python packages because of urllib3
79149846,2024-11,2,VER,"Python behave test is failing, but code working by itself"
79149829,2024-11,1,VER,Magic line %sql
79149825,2024-11,4,GEN,Enumerated dataclass types: subclass or custom constructors?
79149821,2024-11,1,VER,Python Package Bug on installing via conda
79149449,2024-11,3,GEN,&quot;OpenAI Python API Key Error: &#39;The api_key client option must be set&#39;
79149811,2024-11,3,GEN,how to provide aws glue job parameters via terraform?
79149745,2024-11,3,GEN,"Use pl.when to create a list with same number of elements, but different content"
79148736,2024-11,3,GEN,Fetch Page Content from Common Crawl
79149709,2024-11,3,GEN,Efficient way to delete columns and rows from a numpy array using slicing and not np.delete
79149707,2024-11,3,GEN,How to obtain n-th even triangle number using recursive algorithm
79149657,2024-11,3,GEN,issue with a for loop and a function
79149627,2024-11,3,GEN,How detect frequency and duration of beeps in wav files?
79149626,2024-11,3,GEN,How to fold python code using sed and/or awk?
79149558,2024-11,2,VER,Python Pandas division incorrect number
79149547,2024-11,2,VER,"Python PyQt6 can&#39;t set exact pixel size, can&#39;t set absolute positions either"
79149521,2024-11,2,VER,Python Cross table count Issue
79149763,2024-11,3,GEN,Python 3.13 REPL with vim or emacs key bindings?
79148625,2024-11,2,VER,Pandas and SQL Summing Dollar Amounts Differently
79149172,2024-11,3,GEN,Python replace period if it&#39;s the only value in column
79148697,2024-11,1,VER,Gradio &amp; Blender Python API Conflict?
79147500,2024-11,1,VER,&#39;GLXPlatform&#39; object has no attribute &#39;OSMesa&#39;
79147445,2024-11,2,VER,"pandas pivot data, fill Mult index column horizontally"
79147443,2024-11,4,GEN,Is it more efficient to highlight cells in QAbstractTableModel&#39;s data method or QItemDelegate&#39;s paint method?
79147385,2024-11,3,GEN,Running unit tests during pip install when using scikit-build-core with pyproject.toml
79147359,2024-11,3,GEN,How to convert a convolutional to a fully connected ones in PyTorch with integrated bias
79147288,2024-11,1,VER,"Trying to scrape the google map links inframed on dynamic web pages, successful in some of them but fail in others"
79147234,2024-11,3,GEN,How to correctly do consolde overwrites for hydra
79147084,2024-11,2,VER,How to make MDDialog in kivymd 2.0.1 bigger in height
79147042,2024-11,3,GEN,Data cleaning using pandas
79147019,2024-11,2,VER,Flask session variable not persisting between Ajax requests
79147597,2024-11,2,VER,Pytesseract wrong text recognition when word are close to each other
79146976,2024-11,3,GEN,How to Run Specific Python Scripts in a Docker Container without Default Command?
79146953,2024-11,0,VER,No output in flask web page
79146896,2024-11,1,VER,RuntimeError: NotImplementedError [while running &#39;BatchElements(messages)&#39;] while running streaming apache beam pipeline using to_dataframe
79146880,2024-11,2,VER,How to prevent python run program at import?
79146851,2024-11,4,GEN,"When using pip install and pip uninstall, is the package name always the same?"
79146802,2024-11,2,VER,Adding Lists to DataFrame as rows
79146794,2024-11,1,VER,CORS error on Azure Storage calls from Javascript to commit chunked uploads
79146738,2024-11,3,GEN,How do I animate a point moving over a grid without it becoming a line?
79146729,2024-11,3,GEN,Airflow DAG to retry if any of the Airflow Tasks fails
79146647,2024-11,1,VER,Can&#39;t install TTS on AWS instance t3-large
79148566,2024-11,3,GEN,"With Python, how to apply vector operations to a neighborhood in an n-D image?"
79146969,2024-11,3,GEN,func to return value from key in dictionary - python
79147643,2024-11,4,GEN,How do i print nested list with new row on each nested list within the main list
79147028,2024-11,3,GEN,TypeError: conlist() got an unexpected keyword argument &#39;min_items&#39;
79147681,2024-11,4,GEN,How to separate the string by specific symbols and write it to list?
79147645,2024-11,2,VER,I am getting a type error when trying to return count along with the sorted lost
79148525,2024-11,2,VER,Nodriver - Detecting Download events at browser level rather than in tabs using cdp events
79148483,2024-11,3,GEN,Automatic detection of FFT peaks in image: Python
79148385,2024-11,3,GEN,How to implement a Monte Carlo Tree Search?
79148366,2024-11,3,GEN,Maintaining Consistency Between Python (e.g. Polars) Functions and SQL (e.g. Redshift) UDFs
79148347,2024-11,3,GEN,Class as dictionary key not recognizing duplicates
79148292,2024-11,2,VER,Sqlalchemy select AttributeError: &#39;dict&#39; object has no attribute
79148243,2024-11,3,GEN,transposing within a Polars df lead to &quot;TypeError: not yet implemented: Nested object types&quot;
79148210,2024-11,1,VER,EndpointConnectionError using Localstack with Django
79148178,2024-11,3,GEN,How do I change the tiling of hatch applied to a patch in matplotlib?
79148175,2024-11,1,VER,When I try to install tensorflow in Jupyter I keep getting the error &quot;Could not find a version that satisfies the requirement tensorflow&quot;
79148560,2024-11,1,VER,Polly boto3 exception: The security token included in the request is invalid
79148054,2024-11,1,VER,MySQL connect pycharm: Process finished with exit code -1073741819 (0xC0000005)
79148114,2024-11,2,VER,"How to properly fill entry fields, and how to make the root appear just when is asked for"
79147700,2024-11,1,VER,VS Code Sending Over 100 lines of Python to Interpreter
79147705,2024-11,3,GEN,How can I redirect `prompt_toolkit` `prompt` output to standard error?
79147836,2024-11,2,VER,Property has no setter
79147837,2024-11,2,VER,Why is my async code no faster than synchronous?
79147692,2024-11,2,VER,Unresolved reference &#39;load_model&#39; with Keras 3.6 and TensorFlow 2.18
79147876,2024-11,1,VER,Skopt does not create the skopt.bat File in a windows environment
79147896,2024-11,2,VER,Not able to execute before_all and after_all method only once
79148025,2024-11,3,GEN,Create random partition inside a pandas dataframe and create a field that identifies partitions
79147875,2024-11,2,VER,How to get the log and result of websocket async_to_sync calling
79242930,2024-12,1,VER,Last Scheduled File Not Loading into Redshift from AWS
79243133,2024-12,1,VER,402 Error processing the post response from the API
79243117,2024-12,1,VER,MoviePy SubtitlesClip will not accept any provided font (Python)
79243106,2024-12,3,GEN,How to extract the parent JSON property name using JSONPath?
79243094,2024-12,1,VER,error 111- Connection refused for cassandra
79243015,2024-12,2,VER,"Pythonanywhere and flask app requiring Playwright, does not install"
79243003,2024-12,2,VER,Web scrapping profootballreference in JupyterLite
79243206,2024-12,3,GEN,Worries about break of Computational graph and not supported for autograd
79242984,2024-12,2,VER,"I want to loop through column and add filtered df into template with same format, delete extra rows from the workbook"
79242938,2024-12,2,VER,How to Load a Custom-Trained ResNet50 Model with ImageAI in Python?
79242887,2024-12,3,GEN,How do I make alterations to this shapefile in python with geopandas or cartopy?
79242639,2024-12,1,VER,Google DV360 Reporting - Error while fetching performance metrics
79242788,2024-12,1,VER,Python ibm_db says no method called cursor exists for conn
79242702,2024-12,4,GEN,How to dynamically import functions from a file in a subdirectory?
79242651,2024-12,2,VER,TypeError: Technician.__init__() missing 1 required positional argument: &#39;specialization&#39;
79242610,2024-12,3,GEN,Implementing sklearn.ensemble.GradientBoostingRegressor with sklearn.multioutput.MultiOutputRegressor and sklearn.model_selection.RandomizedSearchCV
79242582,2024-12,1,VER,ModuleNotFoundError: No module named &#39;box.exceptions&#39;
79242541,2024-12,4,GEN,"In Polars, how do you create a group counter / group ID?"
79242476,2024-12,2,VER,Optimising requests in my Python code using asynchronicity
79242472,2024-12,1,VER,AWS Cognito with Apache Superset on Docker: &quot;Error Invalid login. Please try again&quot;
79242440,2024-12,3,GEN,Is it feasible to generate a separate table for each entity in the database using a single ORM class?
79243222,2024-12,3,GEN,How to type hints class property with mypy
79242841,2024-12,2,VER,My class doesn&#39;t generate a Fibonacci sequence properly
79243311,2024-12,1,VER,Unable to get changes in General Model Change Events
79242432,2024-12,2,VER,await asyncio.to_thread blocks complete event loop?
79243345,2024-12,2,VER,"Linking Python to C#, something not shown on the console of C#"
79244250,2024-12,3,GEN,How can I convert a TypeVarTuple to a ParamSpec?
79244221,2024-12,3,GEN,Feature Importance with ColumnTransform and OneHotEncoder in RandomForestClassifier
79244168,2024-12,3,GEN,Order pandas dataframe rows with custom order defined by list
79244162,2024-12,1,VER,"Spyder ctrl+i, ctrl+click, &quot;go to definition&quot; not working"
79244132,2024-12,2,VER,Placing label next to a slider handle
79244131,2024-12,2,VER,How can I get Selenium to read my open page in Python?
79244109,2024-12,2,VER,Worker thread is started multiple times when running Dash App
79244106,2024-12,1,VER,Pyinstaller: ModuleNotFoundError: No module named &#39;gradio_rangeslider&#39;
79244095,2024-12,3,GEN,Extract parts from sql sentences with pyhton script
79244083,2024-12,4,GEN,Use case of python decimal module VS float comparison
79243340,2024-12,3,GEN,Why is my MNIST-trained model misclassifying a custom image?
79244000,2024-12,1,VER,"Getting unexpected poor performance in influxDB with 17,280,000 records"
79243860,2024-12,2,VER,Flask-Login does not set authentication cookies after successful login
79243808,2024-12,2,VER,Python Tkinter Grid Column width Not expanding need First row not Scorallable
79243713,2024-12,4,GEN,How to replace multiple special chars in a string
79243681,2024-12,3,GEN,"How to have multiple submit buttons in one line even if they are different form submissions, using Python Django?"
79243594,2024-12,2,VER,import pandas error when running cron job
79243483,2024-12,2,VER,Is it possible to make arrays equal after update_many in mongodb?
79243452,2024-12,1,VER,YOLOV11 No Labels found in cache
79243356,2024-12,3,GEN,How do I convert a csv file to an apache arrow ipc file with dictionary encoding
79243355,2024-12,2,VER,Oauth2 flow / State validation with redirect endpoint on the frontend side
79243348,2024-12,3,GEN,How to connect to an Oracle7 database
79243949,2024-12,1,VER,Connection error from GCP Composer (Airflow) to GCP PubSub
79244267,2024-12,4,GEN,Python code to get all the subclass objects of a given base class and call the function defined in the base class
79242374,2024-12,4,GEN,io.BytesIO does not have a peek method. What alternative solution can be used?
79242279,2024-12,3,GEN,Is there a way to convert from instances of sympy.core.numbers classes to python&#39;s native classes
79241455,2024-12,4,GEN,How to find the exact function annotations of Python&#39;s builtin `collections.abc` Protocol types?
79241406,2024-12,3,GEN,Simplify expected value expression in Simpy
79241329,2024-12,4,GEN,Any difference between await asyncio.Task and asyncio.Task.result()?
79241319,2024-12,2,VER,Autoflake prints unused imports/variables but doesn&#39;t remove them
79241313,2024-12,1,VER,Why does it take a long time to receive requests when using a local proxy in python?
79241291,2024-12,3,GEN,How to save a matplotlib figure with automatic height to pdf
79241278,2024-12,2,VER,Merge K Sorted Lists - Maximum Recursive Depth Reached
79241244,2024-12,1,VER,Query on snowflake sparks connector return error
79241191,2024-12,1,VER,Adding a scrollbar to a column in Flet Python
79241135,2024-12,1,VER,Pydantic vs. Python 3.13.0: No module named &#39;typing_extensions&#39;
79241088,2024-12,3,GEN,Update installed version of python
79241077,2024-12,2,VER,How to get data from post request?
79241075,2024-12,1,VER,Unable to use parameters value from command line to Quarto file while rendering Quarto document in python
79241070,2024-12,3,GEN,Python tkinter treeview and MySQL queries
79241034,2024-12,3,GEN,How to maintain synchronization between distributed python processes?
79240944,2024-12,1,VER,NoReverseMatch at /cms-admin/ Reverse for &#39;wagtailadmin_sprite&#39; not found. &#39;wagtailadmin_sprite&#39; is not a valid view function or pattern name
79240885,2024-12,2,VER,How can I reduce the spacing between vertical lines (vlines) in Matplotlib?
79240870,2024-12,2,VER,Repeated wandb.init() in parallelized wandb sweeps
79240851,2024-12,4,GEN,Plotly add_image vs add_layout_image
79240830,2024-12,3,GEN,Conditionally color dataframe cells in python terminal
79240720,2024-12,2,VER,FastAPI with Pydantic and Typing Literal throws literal_error (422 Unprocessable Entity)
79241472,2024-12,4,GEN,Why does closing a client socket connection raise two epoll events?
79241502,2024-12,1,VER,Python error trying to install gensim on MacOS
79242289,2024-12,1,VER,"Azure Container-App Post-Request with PDF-Upload returns &quot;502 Bad Gateway&quot;, &quot;507 Insufficient Storage&quot; or &quot;503 Service Unavailable&quot;"
79241543,2024-12,1,VER,Scraping encoded data from Oddsportal
79242239,2024-12,1,VER,How do I fix an error when trying to pip install cbpro?
79242220,2024-12,3,GEN,Python Scrapy Import ItemLoader Issue
79242209,2024-12,3,GEN,How to detect Video Input Static with OpenCV
79242191,2024-12,2,VER,Langflow file storage
79242142,2024-12,3,GEN,How can I create a stylized tree chart?
79242121,2024-12,3,GEN,How to rewrite a DataFrame-based grouped rolling aggregation function to use Polars Expressions?
79241507,2024-12,1,VER,"Quickfix Unable to receive 35=8, message"
79242048,2024-12,3,GEN,Left and Right Contest Question TLE Kattis
79242041,2024-12,3,GEN,How to Write a Pandas DataFrame to CSV With Strings Quoted and Integers/Empty Cells Unaltered Without Adding Escape Characters for Commas?
79241977,2024-12,1,VER,Python code to download hls stream to mp4
79241969,2024-12,2,VER,Using Python in Excel and trying to insert value from Python into cell
79242086,2024-12,2,VER,How to Search with DataType.BINARY_VECTOR in Milvus
79241910,2024-12,1,VER,"Suddenly got Spotipy exception, HTTP status 403, reason: None"
79241909,2024-12,1,VER,Failed to build installable wheels for some pyproject.toml based projects (PyQt6-sip)
79241894,2024-12,1,VER,timesfm module - TypeError: TimesFmBase.__init__() got an unexpected keyword argument &#39;context_len&#39;
79241871,2024-12,1,VER,Not table able to load html page with table using post method - https://cestat.gov.in/casestatus
79241786,2024-12,1,VER,Sveltekit app hosted in Flask does not render
79241768,2024-12,1,VER,Importing cryptography Issue
79241735,2024-12,2,VER,unexpected transformer&#39;s dataset structure after set_transform or with_transform
79241645,2024-12,2,VER,Flask &quot;TemplateNotFound&quot; Error for index.html Despite Correct Folder Structure
79241634,2024-12,2,VER,TensorFlow does not accept list type for dataset generator
79241613,2024-12,4,GEN,Filter series in method chain
79241946,2024-12,1,VER,Getting access denied error while scraping API data using Python and Selenium
79323215,2025-01,3,GEN,How to combine columns with extra strings into a concatenated string column in Polars?
79323230,2025-01,3,GEN,How to update detached objects efficiently
79323267,2025-01,3,GEN,How to add dict to QuerySet
79323285,2025-01,1,VER,Executorch installation issue
79323660,2025-01,3,GEN,Can someone explain how this attribute self.keep_alive works and being applied in ServiceBusSender?
79323468,2025-01,1,VER,SMTP mail failing on AWS EC2
79323513,2025-01,2,VER,speech_recognition and gtts don&#39;t understand numbers lower than 11
79323626,2025-01,1,VER,Indexing excel files in Azure
79323434,2025-01,2,VER,&quot;TypeError: Incorrect Argument Count in ImageGeneratorUI Constructor&quot;
79323172,2025-01,2,VER,Django request.GET adds and extra quote to the data
79322620,2025-01,3,GEN,How to make the exe file created by Nuitka contain icons for tkinter?
79323140,2025-01,4,GEN,Suggestion of sub files type for calculation
79322918,2025-01,3,GEN,why is my python3 code logic not working?
79322900,2025-01,1,VER,Flask writing to file on built-in server but not on remote server
79322812,2025-01,2,VER,uv run -m pydantic_ai_examples.pydantic_model error: unexpected argument &#39;-m&#39; found
79322796,2025-01,3,GEN,activate javascript to render Next page on website using selenium
79322685,2025-01,2,VER,How to Install Python 3.9 in Azure Webjobs?
79322651,2025-01,2,VER,How to remove the ocean with OpenStreetMap?
79322646,2025-01,2,VER,Problems obtaining an intersected linestring using GeoPandas
79322639,2025-01,3,GEN,Matching a QListView&#39;s background color to the window color
79322625,2025-01,3,GEN,Exectuting external python file from gui button and redirecting output into gui text widget
79323666,2025-01,2,VER,Python multiprocessing semaphore files pile up overtime
79323147,2025-01,2,VER,"Integrating Chaquopy 16.0 in kotlin multiplatform&#39;s shared module, Can not access Python in shared module"
79323742,2025-01,3,GEN,Using Python with Beautiful Soup and/or Selenium to scape CSRF token for login
79324114,2025-01,2,VER,"Data is not being rendered in the frontend, Flask"
79323752,2025-01,3,GEN,Numpy multivariate_normal function generated different values of the same seed in python3.7 and python 3.10
79324831,2025-01,2,VER,"Syntax error at &#39;,&#39; in PLY Pascal-like interpreter"
79322608,2025-01,2,VER,Unable to load resnet18 model from .pth file
79324706,2025-01,3,GEN,What happens with ContextVar if don&#39;t reset it?
79324668,2025-01,4,GEN,How to get only the first occurrence of each increasing value in numpy array?
79324635,2025-01,3,GEN,"How can i make this default value work, since the value is a view with data being requested from the user?"
79324608,2025-01,3,GEN,IPv6 Hop-by-Hop Scapy: ValueError: Missing &#39;dst&#39; attribute
79324524,2025-01,2,VER,"AttributeError with instance of model with Generic Foreign Field in, created by post_save signal"
79324481,2025-01,1,VER,Installing pydantic-core (2.16.3): Failed while executing &quot;poetry install -E sam&quot;
79324475,2025-01,3,GEN,capture file name as variable based on substring in python
79324436,2025-01,1,VER,Verify an App Store receipt always staus code 21003
79323746,2025-01,3,GEN,Why keep NumPy RuntimeWarning
79324398,2025-01,2,VER,Custom implementation of Python http.server doesn&#39;t work properly when HTTPS is enabled
79324137,2025-01,3,GEN,Why is Python&#39;s IsolatedAsyncioTestCase so slow?
79324075,2025-01,3,GEN,MSAL Package for FastAPI
79324073,2025-01,2,VER,Python Round Robin Scheduling Simulation: Unexpected Output
79324053,2025-01,1,VER,Specific Pykd API cannot work on my platform and work on another
79324043,2025-01,2,VER,Layout issue with &#39;label.grid&#39;
79323979,2025-01,2,VER,Saving a website screenshot with pyqt6 / QtWebEngineView is always empty
79323814,2025-01,3,GEN,Handling Pagination in LLM-based Scraping
79323808,2025-01,1,VER,LSTM model prediction does not change with different inputs
79323799,2025-01,4,GEN,How to convert matrix to block matrix using Numpy
79323765,2025-01,4,GEN,Create native picture embeddings and then make a similarity search with text
79324334,2025-01,1,VER,get request only returning half the data is should
79324718,2025-01,2,VER,autoencoder.fit() raises &#39;KeyError: &#39;Exception encountered when calling Functional.call()&#39;
79322606,2025-01,2,VER,Text Prints in front of Command Prompt
79322598,2025-01,1,VER,Could not create share link. Missing file: …\gradio\frpc_windows_amd64_v0.3
79321937,2025-01,3,GEN,Confusion Matrix not showing numbers in every portion of Heat Map
79321826,2025-01,3,GEN,Seleniumbase CDP mode opening new tabs
79321760,2025-01,3,GEN,Adjust the position of the gridlayout in kivy
79321755,2025-01,3,GEN,Select TruncYear start with specific year
79321741,2025-01,1,VER,How to intercept a captcha on request sent to an API (specifically TikTok Mobile Api)
79321647,2025-01,3,GEN,Can discord bots create polls? (discord.py)
79321570,2025-01,2,VER,Why is my Telegram Bot callback query handler not working?
79321551,2025-01,2,VER,getting an error: object of type &#39;float&#39; has no len()
79321347,2025-01,2,VER,Python pynput Listener doesn&#39;t have permissions
79321289,2025-01,3,GEN,How to show dedicated progress bar in each tab in a Gradio app?
79321224,2025-01,1,VER,cpython/pyatomic_gcc.h is not a file or a directory
79321189,2025-01,4,GEN,Why closure works like this in Python?
79321112,2025-01,1,VER,&quot;Can&#39;t Open This Page&quot; when printing jupyter notebook
79321029,2025-01,2,VER,Python Unit test Get Requests Assertion Error not picking up call
79321028,2025-01,2,VER,Convert i32 to i8* using sprintf using Python llvmlite
79321016,2025-01,1,VER,"Traceback (most recent call last): File &quot;&lt;string&gt;&quot;, line 1, in &lt;module&gt; error with download_images(dest, urls=search_images(f&#39;{o} photo&#39;))"
79321012,2025-01,1,VER,Incorrect RMSE value for SARIMA model with wrong value for only one column in python
79321001,2025-01,2,VER,Word vectors trained from word2vec have very small value in all dimension for all words
79320984,2025-01,2,VER,Telegram bot responds to all group messages instead of only when mentioned
79320980,2025-01,1,VER,Loss Function Too High and Accuracy 0.0000e+00 for Recognition model Using ResNet50 + BiLSTM
79322605,2025-01,2,VER,Best/right way to confirm a Solana transaction in Python?
79321947,2025-01,1,VER,Python Light Weight Charts Ticker Update Problem
79322010,2025-01,3,GEN,How to make mypy correctly type-check a function using functools.partial?
79321489,2025-01,2,VER,LinkedIn API: Error 400 &quot;Organization permissions must be used when using organization as author
79322044,2025-01,2,VER,How to use SQL Stored Procedures for dynamic tables in sqlalchemy with psycopg2
79322039,2025-01,2,VER,Pytorch: RuntimeError: Numpy is not available
79322580,2025-01,2,VER,Calling huggingface APIs fails
79322565,2025-01,3,GEN,import modules from external directories
79322543,2025-01,4,GEN,Find the closest converging point of a group of vectors
79322531,2025-01,1,VER,Selenium WebDriver Click Leads to White Page Instead of Expected Content
79322530,2025-01,1,VER,Unable to run a simple python application in AWS App Runner
79322529,2025-01,2,VER,tokenizer.train_from_iterator throwing TypeError: expected string or buffer
79322486,2025-01,3,GEN,Pyre: `Invalid class instantiation` on a factory pattern with ABC type hint
79322421,2025-01,1,VER,"I cannot add &#39;pillow&#39; to pycharm python projects on windows 11 pro x64. PIP install does the work, but pycharm ADD PACKAGE FAILS"
79322394,2025-01,2,VER,"PLY Error: Symbol &#39;NOT&#39; used, but not defined as a token or a rule"
79322300,2025-01,2,VER,Selenium Webdriver cannot input text into field by XPATH in TinyMCE
79322581,2025-01,3,GEN,Is this a false positive [override] error? &quot;Signature of (method) incompatible with supertype&quot;
79322284,2025-01,3,GEN,How to override inherited Odoo method?
79322295,2025-01,2,VER,TMDb Movie Dataset - Data Visualization (EDA)
79322098,2025-01,3,GEN,Using Python in RStudio
79322117,2025-01,1,VER,I can&#39;t break terrain generated block in my mincraft clone
79322130,2025-01,3,GEN,Adjusting Python script to add data to Excel table
79322153,2025-01,3,GEN,How &quot;unpythonic&quot; is it for an exception to be the expected outcome?
79322091,2025-01,1,VER,Unable to acquire impersonated credentials
79322235,2025-01,4,GEN,Standard behavior of the method &#39;getattr( )&#39;
79322243,2025-01,2,VER,Neo4j Connection Refused in Docker Compose Setup with LangChain Integration
79322253,2025-01,3,GEN,How to restrict float arithmetics in pulp or pyomo to specifically use float32
79322184,2025-01,2,VER,Converting tensorflow model using tensorflowjs
79406441,2025-02,4,GEN,Iterable[str] vs [str]
79406524,2025-02,1,VER,Why values ​in the second row of the confusion matrix plot are missing?
79406522,2025-02,1,VER,Please how do I compile a wxpython app that runs a flask server?
79406511,2025-02,3,GEN,Calculate cumulative sum of time series X for time points in series Y
79406498,2025-02,1,VER,TypeError raised when importing fbprophet
79406476,2025-02,2,VER,Why doesn&#39;t pagination work in this case using Selenium?
79406551,2025-02,3,GEN,two if or more with one ELSE
79406471,2025-02,2,VER,GridDB_Python - unable to get row count on griddb table
79406461,2025-02,2,VER,Navigate Firefox with Selenium
79406428,2025-02,2,VER,Error &#39;FastaIterator&#39; object has no attribute &#39;records&#39; in Biopython 1.85
79406167,2025-02,3,GEN,How do i execute the python function using decorator metadata without calling original function. is it possible?
79406394,2025-02,3,GEN,How to save checkpoint in tensorflow format in ver 2.18?
79406346,2025-02,2,VER,PyCharm type hinting for generic type concludes property instead of property&#39;s return type
79406233,2025-02,2,VER,Identical tkinter text widgets when font style and size is changed
79406202,2025-02,3,GEN,how to access copied content in python UIAutomator2
79406154,2025-02,3,GEN,How to render raw html in the PyHTML library
79406133,2025-02,2,VER,How should I implement Fuzzing techniques presented in &quot;The Fuzzing Book&quot;?
79406056,2025-02,3,GEN,Script works with error line but won&#39;t run corectly when bad line is removed
79406013,2025-02,3,GEN,Skip reading line if next line has a particular string
79406005,2025-02,3,GEN,How to pass `self` into RunnableLambda?
79406608,2025-02,3,GEN,Pandas datetime index empty dataframe
79406419,2025-02,1,VER,Molecular dynamic simulation using velocity verlet in Python
79407330,2025-02,2,VER,I want to see if my turtle position is in my dictionary
79405991,2025-02,4,GEN,Does `.all()` in Django re-query the Database or use the cache?
79406779,2025-02,4,GEN,Creating a stoppable background task in Python
79407324,2025-02,3,GEN,PIL vs OpenCV Affine Transform: why does the image turn upside down?
79407317,2025-02,4,GEN,How to create possible sets of n numbers from m-sized prime number list?
79407284,2025-02,2,VER,How do I avoid duplicate `:id` with FastAPI and Pydantic?
79407250,2025-02,3,GEN,Variable value in function assigned in subfunction
79407242,2025-02,2,VER,How do I make FastAPI URLs include the proxied URL?
79407233,2025-02,2,VER,How do I store Decimal() values coming from SQL in CSV file with Python?
79407219,2025-02,3,GEN,Optimizing Assembly Code with Z3 Solver While Handling Unknown Initial CPU State
79407210,2025-02,2,VER,A simple checkbox selection problem in streamlit
79407189,2025-02,1,VER,"Pymodbus, TypeError ⸺ too many positional arguments"
79407184,2025-02,1,VER,Selenium cannot find class for car brands and prices and post it on a local html
79406743,2025-02,1,VER,QuickUMLS Always Returns &quot;UNK&quot; for Any Input Text
79407173,2025-02,1,VER,FastAPI Background Task Bad Gateway on Elastic Beanstalk
79407097,2025-02,4,GEN,How to make a non-blocking Websocket endpoint in FastAPI?
79407087,2025-02,3,GEN,How do I log when a function is called using counter and python logging?
79407071,2025-02,4,GEN,Understanding descriptor protocol for &#39;wrapper-descriptor&#39; itself
79407057,2025-02,1,VER,I can&#39;t see if my python-mysql connection is active
79406955,2025-02,2,VER,Generate a token using Python requests vs mc binary?
79406917,2025-02,3,GEN,How can I accurately count tokens for Llama3/DeepSeek r1 prompts when Groq API reports “Request too large”?
79406912,2025-02,3,GEN,How is the thread to be executed selected by the OS?
79406869,2025-02,4,GEN,Why do these two lists become the same (python)?
79406858,2025-02,3,GEN,Passing a NumPy 3d array to a C function with a triple pointer as an argument
79406782,2025-02,1,VER,mysql.connector.connect failing to connect
79407124,2025-02,2,VER,Python 3.13.1 Breaks Indentation When Pasting Code in Terminal
79405989,2025-02,4,GEN,All possible decision paths / outcomes given multiple choices at each decision
79406663,2025-02,4,GEN,Chess FEN in python chess and chess js
79405965,2025-02,3,GEN,How can I implement user authentication in a GridDB application?
79405014,2025-02,2,VER,How put an algorithm drafted on paper into a working C code?
79404982,2025-02,2,VER,Restart python thread with os.execl method
79404973,2025-02,4,GEN,Purpose of @classmethod decorator in Pydantic validators
79404925,2025-02,2,VER,cropping a gif file by removing the white spaces
79404917,2025-02,2,VER,Raise a window using tkinter on kde?
79404824,2025-02,4,GEN,Are file handles in Python copied when added to a list? Is there a better way to ensure multiple files are closed?
79404786,2025-02,4,GEN,"How to understand this code all(y for y in [1,0])"
79404607,2025-02,2,VER,Children not indenting using Tkinter Treeview
79404581,2025-02,2,VER,Python SqlManagementClient Azure MSAL Login: Add Firewall Rules Programmatically Not Working
79404539,2025-02,2,VER,NoReverseMatch URL using Django
79405028,2025-02,1,VER,I tried scraping a website using selenium but I was unsuccessful due to its inability to detect its web element
79404534,2025-02,1,VER,How to set up Crawl4AI with managed browser
79404509,2025-02,1,VER,"Python, Tkinter, trying to pull random numbers from a list based off user input for number and have results open in mew window"
79404494,2025-02,1,VER,PyQt6 - setSourceDevice() does not work with a QBuffer
79404481,2025-02,2,VER,Bundling Jinja2 temlate with UV
79404453,2025-02,1,VER,How do I circumvent the delay when loading a browser for the first time with the browser module?
79404450,2025-02,1,VER,Twilio python sms ( not receiving any message on my phone number)
79404435,2025-02,1,VER,Error when scraping data on selection of date
79404376,2025-02,3,GEN,os.symlink fails when directory exists and when directory doesn&#39;t exist
79404365,2025-02,3,GEN,Is there a way to merge Pandas DataFrames on a condition other than key equality?
79404340,2025-02,1,VER,Inverse Transform ValueError: operands could not be broadcast together
79404210,2025-02,2,VER,How to cancel trigonometric expressions in SymPy
79404513,2025-02,3,GEN,Fast loading of a Solr streaming response (JSON) into Polars
79405056,2025-02,2,VER,move an image between two canvases in python
79405988,2025-02,3,GEN,How do I connect my pre-exisiting html-css webpages to a python code using Flask?
79405200,2025-02,3,GEN,Using named columns and relative row numbers with Pandas 3
79405943,2025-02,1,VER,2 timers at the same time
79405928,2025-02,1,VER,cannot import name &#39;_imaging&#39; from &#39;PIL&#39; in AWS Lambda
79405879,2025-02,1,VER,Unable to create &quot;clean&quot; conda environment
79405875,2025-02,1,VER,Did I incorrectly install ESP-IDF on Mac Os?
79405874,2025-02,1,VER,Android Chrome doesn&#39;t forget user even after Flask logout_user when using remember cookie
79405867,2025-02,3,GEN,Change value in Ini to empty using Python configparser
79405079,2025-02,4,GEN,Properties vs. generic setter/getter and descriptor
79405792,2025-02,3,GEN,Correct use of psycopg3
79405770,2025-02,1,VER,I am trying to add variables into a new DB row using Python. The code I have written gets no error but doesn&#39;t write the new row. into the table?
79405672,2025-02,2,VER,&#39;IterQueue&#39; object has no attribute &#39;not_full&#39;
79405614,2025-02,3,GEN,Slicing netCDF4 dataset based on specific time interval using xarray
79405832,2025-02,1,VER,mariadb.OperationalError: Access denied for user... but credentials are correct
79405520,2025-02,1,VER,MD simulation using velocity verlet in Python
79405506,2025-02,2,VER,How about login processing when using crawl4ai
79405487,2025-02,1,VER,How to view data and preform actions on a Solana Program with an IDL?
79405483,2025-02,1,VER,Why are all attachments is empty when using Discord.py?
79405481,2025-02,2,VER,Python Image Analysis: Combined Blue Coverage and Intensity Score Not Prioritizing True Blue Areas
79405471,2025-02,2,VER,Fitting Honeycomb Template to Grid of Detected Honeycomb Points (Different Number of Points in Each)
79405385,2025-02,1,VER,Why is my code rendering curves rotated 90 degrees?
79405384,2025-02,2,VER,inverse laplace transform in Sympy
79405304,2025-02,4,GEN,Open CV cv2.bitwise_and() function
79405222,2025-02,2,VER,pwntools [Errno 24] Too many open files [-] Starting local process
79405537,2025-02,2,VER,Adding a Scrollbar in Tkinter
79479227,2025-03,4,GEN,Replace repeated characters with the number of times repeated
79479289,2025-03,2,VER,Creating an exponential moving average using StatefulDoFns in apache-beam but keep running into TypeError: &#39;float&#39; object is not iterable
79479347,2025-03,2,VER,Is it possible to increase the space between trace lines that are overlapping on the X-axis and Y-axis in Plotly?
79479368,2025-03,1,VER,Pycharm remote debugger is stuck on waiting for connection when running from Pycharm `Cloud Code: Kubernetes` run configuration
79479491,2025-03,2,VER,3D reconstruction from multiple depth maps
79479376,2025-03,3,GEN,How to output an empty attribute in FastHTML?
79479405,2025-03,1,VER,Why is my virtual environment not working?
79479426,2025-03,3,GEN,Create a function to use elimination logic to split a list of strings into substrings
79479370,2025-03,3,GEN,Ensure correct dimensionality with meshgrid combined with dot product
79479213,2025-03,4,GEN,How to efficiently exclude already assigned objects in a Django QuerySet?
79478793,2025-03,2,VER,Change placeholder based on latest chat input streamlit
79479096,2025-03,3,GEN,Submitted number does not register with random number?
79479038,2025-03,4,GEN,Masked aggregations in pytorch
79479015,2025-03,3,GEN,How to compute Scalar Measurement Invariance in Pythons semopy.multigroup()
79478980,2025-03,3,GEN,Use Flask-SocketIO to send messages continuously
79478924,2025-03,3,GEN,drf permissions&#39; depending serialization
79478900,2025-03,3,GEN,Update an array value in document with Pymongo
79478895,2025-03,3,GEN,How can i use multiprocessing in python for performing millions of comparisons?
79478857,2025-03,1,VER,Pillow Installation Windows 11
79478834,2025-03,1,VER,ModuleNotFoundError: No module named &#39;bs4&#39; but in pip list is already installed
79478810,2025-03,3,GEN,How Come Memory Footprint of a Tensorflow Model is Increasing After tflite Conversion?
79479529,2025-03,2,VER,how can I close a lingering API connection?
79479136,2025-03,2,VER,Program runs only once even after using loop
79479543,2025-03,1,VER,How do I change the Base path and executables for poetry env
79480013,2025-03,1,VER,Implement Python dependency injector library in Azure Functions
79479618,2025-03,3,GEN,Fourier Series Approximation Becomes Unstable for Large N Instead of Converging
79478781,2025-03,3,GEN,CocoTB: How to test interaction between two Verilog modules
79480437,2025-03,4,GEN,Find column name with highest value
79480411,2025-03,2,VER,External API call in async handler
79480319,2025-03,3,GEN,Access scipy differential evolution object through custom strategy
79480260,2025-03,2,VER,TA-lib is not properly detecting Engulfing candle
79480218,2025-03,1,VER,Python Package Installation Fails: &#39;Getting requirements to build wheel did not run successfully&#39;
79480205,2025-03,1,VER,403 Forbidden error when using Google Classroom Studentsubmission.patch
79480151,2025-03,3,GEN,efficient frontier plotting in python
79480121,2025-03,2,VER,Bitunix API Signature Failure with Python
79480120,2025-03,3,GEN,why result of scaling each column always equal to zero?
79479599,2025-03,4,GEN,How to add an attachment to a python email script used for sending mass emails to clients off a csv list
79480096,2025-03,2,VER,Collecting metadata of the reels/ posts sent to yourself from instagram
79480032,2025-03,4,GEN,In numpy find a percentile in 2d with some condition
79479998,2025-03,1,VER,ModuleNotFoundError: No module named &#39;backend&#39; when running my make seed data script in django-admin
79479963,2025-03,3,GEN,How to include image as part of user prompt in haystack 2.X?
79479946,2025-03,2,VER,How can I store the value of a Dash slider component?
79479888,2025-03,4,GEN,How to initialize dict cursor in mysql.connector
79479870,2025-03,4,GEN,Return a single row and reference that row from a dataframe in python like mysql
79479781,2025-03,1,VER,Jupyter Interactive Notebook Not Running Python Visualizations in vscode
79479725,2025-03,3,GEN,Specify model related fields for selection with only function
79479705,2025-03,2,VER,How to make a custom diagram with python for data analysis
79479653,2025-03,1,VER,Pulumi Snowflake GrantPrivilegesToAccountRole Error
79480081,2025-03,1,VER,Getting Numpy error on VSCode (Windows11) even though numpy is installed
79478757,2025-03,3,GEN,"First python program, cannot understand error &quot;takes 4 positional arguments but 5 were given&quot;"
79478750,2025-03,3,GEN,How to delete records that are being selected at the same time using Flask-SQLAlchemy
79478724,2025-03,4,GEN,"Confused with scoped_session, async_scoped_session from SQLAlchemy"
79477786,2025-03,2,VER,Selenium Webdriver for Chrome slows down with each loop iteration in Python
79477752,2025-03,4,GEN,Subclass that throws custom error if modified
79477745,2025-03,3,GEN,BM25Retriever + ChromaDB Hybrid Search Optimization using LangChain
79477700,2025-03,4,GEN,How to select from index[3] to the index[8] on a list on python?
79477693,2025-03,2,VER,"LibreOffice UNO API: Column Page Breaks Not Resetting, Unlike Row Breaks"
79477634,2025-03,4,GEN,Explain taking multiple lines of input in python - example from hackerrank
79477616,2025-03,3,GEN,Why is there an error when I use the capitalize function?
79477586,2025-03,2,VER,How to Convert &#39;data.ilearner&#39; Model to &#39;model.pkl&#39; in Azure ML?
79477559,2025-03,4,GEN,Eliminating list elements having string from another list
79477398,2025-03,4,GEN,How does numpy handle array and tuple addition？
79477395,2025-03,3,GEN,Getting count of unqiue column values based on another column in df
79477348,2025-03,1,VER,How to handle onchange in owl odoo 18
79477310,2025-03,3,GEN,Is initializing the model class in an MVC app in python necessary?
79477304,2025-03,2,VER,i can not find the solution with this task (fastapi and sql)
79477286,2025-03,1,VER,scVI (single-cell Variational Inference)
79477253,2025-03,1,VER,Tweepy - Your media IDs are invalid
79477248,2025-03,4,GEN,How to rasterize an implicit function
79477078,2025-03,3,GEN,How to modify the Hugging Face transformers library to ensure all internal calls point to the files under a custom directory?
79477070,2025-03,2,VER,"How do I get or create a launch.json file in Visual Studio Code, when using Python? It&#39;s not being created by default"
79477010,2025-03,3,GEN,Find the equation of a line with sympy (y=mx+b)
79476989,2025-03,1,VER,Azure Functions silently stops during execution
79477824,2025-03,2,VER,"pycharm erroneously marks seemingy undefined variable as &#39;error&#39; (unresolved reference), no error upon execution"
79477889,2025-03,1,VER,No module named &#39;pywintypes&#39;; seemingly problem with virtual environment
79477454,2025-03,4,GEN,Why is the greyscale &amp; B&amp;W images created by Pillow giving a numpy.ndarray that has a 3D shape?
79477980,2025-03,1,VER,How can I install PyQt5 in python venv?
79477947,2025-03,3,GEN,Removing list duplicates given indices symmetry in python
79478703,2025-03,2,VER,Rect not working with screen.draw.filled_rect in pygame zero
79478682,2025-03,3,GEN,How to write parquet file of size 1GB in python databricks
79478658,2025-03,2,VER,Python(flask) PUT TypeError: Todo.put() got multiple values for argument &#39;todo_id&#39;
79478562,2025-03,4,GEN,Polars import from list of list into Colums
79478558,2025-03,3,GEN,Unable to write lookup output to Pandas dataframe using append loop
79478541,2025-03,3,GEN,Longest palindrome substring algorithm not working properly for even palindromes
79478526,2025-03,2,VER,"Kivy: RecycleView calls __init__ before data is set, and seems to reset size to default values"
79478514,2025-03,1,VER,pipx installed xlwings module not found
79478383,2025-03,2,VER,"Trying to implement tic-tac-toe using minimax algortighm, but getting not optimal moves"
79478360,2025-03,2,VER,SeleniumBase disable download notifications
79478715,2025-03,2,VER,pytorch after load model state_dict training loss keep increasing
79477988,2025-03,1,VER,ROS2 ModuleNotFoundError “No module named ‘configs’”. Cannot import modules into node
79478323,2025-03,1,VER,Failed loading libmpg123-0.dll
79478318,2025-03,4,GEN,Finding an element in the matrix with a least amount of steps
79478307,2025-03,1,VER,Issue with partial code block being executed
79478223,2025-03,1,VER,Kivy and RecycleView
79478111,2025-03,2,VER,How do I use the rect?
79478068,2025-03,2,VER,issues with themed styles with tkinter ttk
79478051,2025-03,3,GEN,Xpath on 20gb xml file
79478025,2025-03,2,VER,ActiveMQ Artemis with STOMP: Same message from a queue is consumed by two consumers
79478019,2025-03,3,GEN,Python Tkinter Change Colour of Tile Bar
79478331,2025-03,4,GEN,"What does matrix[True, False] do in numpy?"
79549767,2025-04,3,GEN,"Create a new file, moving an existing file out of the way if needed"
79549771,2025-04,3,GEN,Efficiently Filter List of Permutations
79549787,2025-04,2,VER,Why does Presidio with spacy nlp engine not recognize organizations and PESEL while spaCy does?
79549802,2025-04,3,GEN,Python PuLP sorting 2D results
79549986,2025-04,4,GEN,Raise an error in file B that takes me back to specific point in file A in python
79549881,2025-04,3,GEN,How to resample a dataset to achieve a uniform distribution
79549907,2025-04,2,VER,Can I use an objective function that uses multiple functions in binary programming in gekko?
79549916,2025-04,4,GEN,What is the advantage of debugging using launch.json in VS Code in particular with Python?
79549763,2025-04,4,GEN,Locking a json file across 2 independent processes - a comparison of two methods
79549847,2025-04,3,GEN,How to run apscheduler app on multiple workers without jobs triggering more than once after each interval?
79549759,2025-04,2,VER,PyIceberg with AWS Glue Creates Unwanted Nested Directories in S3 Tables
79549541,2025-04,2,VER,How to control Windows 11 Media Controls with Pywinauto?
79549737,2025-04,2,VER,SQLAlchemy - disable SSL for MySQL
79549687,2025-04,4,GEN,How to optimize this algorithm to find the longest substring without any duplicate characters
79549626,2025-04,3,GEN,Why does sort() with key function not do anything while sorted() is working?
79549595,2025-04,1,VER,pip install crawl4ai Error: SetuptoolsDeprecationWarning: License classifiers are deprecated
79549461,2025-04,3,GEN,best practice for splitting a tuple output when using map in pandas?
79549451,2025-04,1,VER,Problems downloading files with Selenium + Scrapy
79549407,2025-04,1,VER,Get Exception after submit the pyFlink Job
79549268,2025-04,4,GEN,How best to insert a separator between list elements (but not at the beginning or end) in Python?
79549259,2025-04,3,GEN,Importing multiple modules containing identically named class in python
79549249,2025-04,3,GEN,Mysql server has gone away and connection won&#39;t close
79549742,2025-04,3,GEN,Solving a PDE backwards with FiPy
79550040,2025-04,2,VER,Why is Jax treating floating point values as tracers rather than concretizing them when nesting jitted functions?
79550798,2025-04,3,GEN,Load key from file using Python from import clause
79550116,2025-04,3,GEN,Keep value which looks like number as TEXT in openpyxl
79549235,2025-04,3,GEN,Reading str from binary file given length in bytes
79550795,2025-04,2,VER,Python DataFrame structure breaks when appending the File
79550761,2025-04,2,VER,Cognite Data Fusion Python SDK - how to delete edges that lead to a node with a specific target_edge_id?
79550730,2025-04,1,VER,vscode (vscodium) - Python cannot import packages from venv
79550724,2025-04,1,VER,Error in calculating bbox coordinate Y when uploading a background image
79550674,2025-04,2,VER,how to request for read device identification in pymodbus 3.2.2
79550639,2025-04,3,GEN,pandas 2.2.3: `astype(str)` returns `np.str_`
79550627,2025-04,3,GEN,How do I select a recursive entity in sqlalchemy
79550546,2025-04,2,VER,Azure Function App using python: how to get the principal name and ID information
79550486,2025-04,2,VER,Poetry: Lock Hash Mismatches with Local Wheels
79550092,2025-04,3,GEN,Time limit exceeded on Leetcode 128 even for optimal time complexity
79550452,2025-04,1,VER,Error using Cbc solver with pyomo: &#39;ERROR: Solver log: Error: cbc 2.10.12: invalid option &#39;-printingOptions&#39;&#39;
79550367,2025-04,2,VER,Snakemake in cluster different ways
79550361,2025-04,2,VER,Connect to postgresql using Python from a remote desktop/cloud PC environment
79550320,2025-04,4,GEN,Default of an argument in two different spots
79550295,2025-04,3,GEN,How to write large Parquet files (20GB+) to SQLite in batches using Polars?
79550287,2025-04,3,GEN,Python descriptors on Readonly attributes
79550279,2025-04,1,VER,import numpy failed after upgrading MacOS to 15.4
79550276,2025-04,3,GEN,How to load a PDF from bytes instead of file in Pyside6?
79550273,2025-04,1,VER,Azure function with decorator based model not recognizing functions
79550272,2025-04,1,VER,Using PyInstaller to create exe including local package
79550255,2025-04,2,VER,Pandas - custom duplicate comparison method
79550403,2025-04,3,GEN,Get a row subset of a Pandas Dataframe based on conditions with query
79549219,2025-04,4,GEN,Does the way you numerically encode data for a regression matter?
79549124,2025-04,1,VER,UnicodeDecodeError: &#39;utf-8&#39; codec can&#39;t decode byte 0xf3 in Django connection with PostgreSQL in Docker
79549115,2025-04,4,GEN,How to correctly implement the multiplication function used by GHASH function in AES-256-GCM?
79548159,2025-04,3,GEN,Proper way of building a package with tox
79548120,2025-04,1,VER,Pyserial communication issue
79548083,2025-04,1,VER,sqlite table does not exist within gradio blocks or GradioUI even after creating said table
79548081,2025-04,2,VER,How to call AzureOpenAI API with PyRIT?
79548070,2025-04,4,GEN,Why does Python pass an instance to a class attribute that is a function?
79547994,2025-04,2,VER,sqlite3.OperationalError: unknown function: CONCAT_WS() when querying a virtual column with SQLiteODBC
79547856,2025-04,3,GEN,How to apply multiple methods sequentially to class arguments
79547850,2025-04,2,VER,Why is the bounding box not aligned to the square?
79547849,2025-04,2,VER,Session state is not respected when the options are not identical
79547780,2025-04,2,VER,How to add a dash component as a dash-leaflet custom control?
79547762,2025-04,1,VER,Why isn&#39;t my react front end displaying anything?
79547736,2025-04,2,VER,How to extract particular tags from soup using python?
79547724,2025-04,3,GEN,Downsampling spectra with Pandas
79547703,2025-04,1,VER,Django OpenTelemetry Logging Error: &#39;ProxyLogger&#39; object has no attribute &#39;resource&#39; Azure application insights
79547639,2025-04,2,VER,Larger-than-memory dataset with polars
79547588,2025-04,1,VER,uv pip install fails for multiple packages
79547571,2025-04,1,VER,LLM caused VS Code to be suddenly closed
79547567,2025-04,2,VER,"Creating a child table record, when a new parent table record is created"
79547515,2025-04,3,GEN,AttributeError When Updating Learning Rate in Keras Using K.set_value
79547496,2025-04,4,GEN,Use greater/equal/less comparison result as dictionary key
79547495,2025-04,2,VER,`ResolutionFailed: Could not resolve ... to a strategy; consider using register_type_strategy` when registering generic type with handler
79548185,2025-04,3,GEN,Propagate assertion type check to caller
79548219,2025-04,3,GEN,Using `setattr` to decorate functions from another module
79547465,2025-04,3,GEN,Parallel processing with arguments to modify
79548304,2025-04,1,VER,How to get the alignment in Python Codes accurately in Visual Studio
79548243,2025-04,2,VER,How to do a groupby on a cxvpy Variable? is there a way using pandas?
79549110,2025-04,2,VER,Huggingface tokenizer: &#39;str&#39; object has no attribute &#39;size&#39;
79549057,2025-04,3,GEN,How can I implement uploading multiple files at once in aiogram?
79549008,2025-04,1,VER,"Unable to upload images in Django Project on AWS S3, despite configuring ImageField and storages"
79549000,2025-04,3,GEN,Pydantic object self-validation
79548968,2025-04,3,GEN,In Airflow 2.10 can I use dynamic task mapping with BranchPythonOperator?
79548908,2025-04,3,GEN,How can I apply a JSON-&gt;PySpark nested dataframe as a mapping to another dataframe?
79548793,2025-04,2,VER,Python with directory to exe
79548754,2025-04,4,GEN,Reshape 4D array to 2D
79548741,2025-04,3,GEN,Optimization of LEDs for uniform light on surface
79548638,2025-04,1,VER,Selenium script for Amazon UK postcode entry triggers CAPTCHA and fails to apply zip code
79548889,2025-04,4,GEN,Sharing projects with API Secrets
79548554,2025-04,3,GEN,Is it possible to increase precision in scipy&#39;s least squares optimization?
79548523,2025-04,2,VER,Calling windows-targeted .NET dll using pythonnet
79548517,2025-04,2,VER,How to use RedMon for generating multiple outputs? TSPL and PDF
79548332,2025-04,1,VER,"sqlAlchemy to_sql with azure function returning collation error, but work without issues if executing just the python file"
79548494,2025-04,2,VER,Locust distributed mode: &quot;Unknown message type &#39;_distributor_request&#39; from worker..&quot; warning halts users
79548492,2025-04,1,VER,Can&#39;t install numpy with PyPy 7.3.19
79548423,2025-04,2,VER,Can custom headers be added to automatically generated Cloud Logging logs in Cloud Run?
79548408,2025-04,1,VER,How to show a figure by matplotlib which is added by uv onto a tmpfs/ramdisk?
79548391,2025-04,3,GEN,Matplotlib Table - long text overlaps over multiple cells
79548363,2025-04,3,GEN,Hyperparameter Optimisation
79548581,2025-04,3,GEN,JWT Token Expiration Handling Causing 500 Error in Flask-JWT-Extended and Flask-Restful
79604001,2025-05,2,VER,pandas memory issue when apply list to groupby
79604038,2025-05,3,GEN,"How do I create a Bar Plot using CSV file, Pandas &amp; Plotly or any other method that looks like this?"
79604094,2025-05,2,VER,How can Windows 10/11 influence raw sockets?
79604226,2025-05,4,GEN,Performance of list.extend slice vs islice
79604132,2025-05,2,VER,PIL image by writing a matplotlib figure to BytesIO buffer not working
79604183,2025-05,3,GEN,Pandas time series dataframe take random samples by group (date) ignore missing dates
79604220,2025-05,2,VER,How to programmatically zoom in on a webpage and improve &lt;canvas&gt; resolution (like Ctrl + does)?
79603977,2025-05,1,VER,Details about mid-execution python process
79604129,2025-05,4,GEN,"How can I annotate a function that takes a union, and returns one of the types in the union?"
79603806,2025-05,3,GEN,tkinter loop for getting user input in entry boxes
79603555,2025-05,4,GEN,How to set a fixed random state in RandomizedSearchCV?
79603748,2025-05,3,GEN,XGBoost GPU version not outperforming CPU on small dataset despite parameter tuning – suggestions needed
79603745,2025-05,2,VER,Why is reshape/ravel in NumPy faster (or about as fast) than explicit flat indexing for 2D PDE solvers?
79603739,2025-05,2,VER,pyvespa: what is efficient efficient way to retrieve all document ids
79603730,2025-05,4,GEN,How to type hint overload Callable and type differently?
79603725,2025-05,2,VER,Using numpy tile to group rows by column in a python data frame
79603715,2025-05,3,GEN,ssl socket without certificates
79603699,2025-05,3,GEN,How can I apply side effects to a function of an instance that is created in a function that is tested?
79603624,2025-05,3,GEN,Discrepancy between C++ FFTW and pyFFTW
79603558,2025-05,4,GEN,How to set an index URL for &#39;uv&#39;-like pip configurations
79604283,2025-05,4,GEN,Palindromes and string slicing. Performance
79603754,2025-05,3,GEN,Is it possible to implement parallel timer in python for async task?
79604302,2025-05,3,GEN,Check if Azure Blob is directory from azure.storage.blob.ContainerClient.list_blobs
79604815,2025-05,4,GEN,Creating a list of integer lists that have a fixed length and contain integers that increase by one or remain the same in python
79604400,2025-05,1,VER,Why do AWS Lambdas created from a non-Amazon image fail to return a dictionary?
79603504,2025-05,3,GEN,Django JSONFIeld&#39;s widget for data input in format: forms.Select (key) - forms.TextInput (value)
79605299,2025-05,1,VER,Bitunix API returns &quot;Signature Error&quot; (code 10007) when placing an order using aiohttp client in Python
79605214,2025-05,2,VER,Frida: How to send byte[] array from JavaScript to Python
79605208,2025-05,2,VER,Running Python Modules (-m) - Relative Path Error - Python 3.12.8
79605191,2025-05,3,GEN,Running pdb on python uv single file scripts?
79605163,2025-05,1,VER,AssertionError: IPython must be installed to use initjs()! Run `pip install ipython` and then restart shap
79605098,2025-05,3,GEN,Cross-validation with PyTorch
79605058,2025-05,3,GEN,Problem faced in CP-SAT when using OnlyEnforceIf
79604986,2025-05,1,VER,Python telebot inline buttons do not response for some reason. Button handlers not responsing
79604966,2025-05,3,GEN,How to modify the color of an input_slider?
79604384,2025-05,2,VER,memory leak in prediction tensorflow
79604901,2025-05,2,VER,Surrounding whitespace-separated URLs with quotes using sed
79604826,2025-05,3,GEN,"Why does the output is 4 seconds, but real time of work is less?"
79604798,2025-05,4,GEN,How does the Tensorflow Gradient Tape calculation work at a low level?
79604797,2025-05,2,VER,Why does PyQt6 leave large gap between dock widgets after docking them?
79604777,2025-05,2,VER,How to fix Pycharm code inspection giving false positives with qtpy?
79604732,2025-05,1,VER,Scrapy Crawlspider does not work with 507 status code
79604724,2025-05,3,GEN,RandomForest Classifier Takes Forever
79604608,2025-05,3,GEN,"Error type hinting when passing generic class itself as value, did I code something wrong?"
79604500,2025-05,1,VER,&quot;Pop-up&quot; Not Closing Using Normal Click Methods
79604458,2025-05,4,GEN,what is the maximum length possible of a hashset in python?
79604417,2025-05,1,VER,Apicurio Schema Registry 3.0.7 - unable to update multiple versions of schema for artifactId
79604883,2025-05,2,VER,Is there anything I need to do to make session data persistent across routes in Flask
79603499,2025-05,3,GEN,Training a custom tokenizer with Huggingface gives weird token splits at inference
79603438,2025-05,3,GEN,Python script to loop through column to select specific cell ranges and paste special transpose on next sheet
79601257,2025-05,2,VER,ZMQ Dynamic Discovery with XPub-XSub
79602106,2025-05,1,VER,Trying to get the CPU temperature using several libraries returns wrong results
79602076,2025-05,2,VER,Python MoviePy 2 rendering super slow when using Loop/TimeSymmetrize/TimeMirror
79602026,2025-05,3,GEN,Unexpected failed assert when changing order of python mocks when mocking function that imports other mocked function
79602019,2025-05,1,VER,Can&#39;t see color in Visual Studio Code
79602017,2025-05,4,GEN,Correct type annotations for generator function that yields slices of the given sequence?
79601938,2025-05,1,VER,Conda Installed Scipy v1.15.2 Does not contain Gaussian function
79601928,2025-05,4,GEN,do i need to scale the rf model while creating voting ensemble model?
79601906,2025-05,2,VER,How can I integrate LangSmith for observability in a multi-agent Autogen (AG2) GroupChat setup?
79601886,2025-05,3,GEN,Produce a heatmap plot using seaborn with specific color mapping for values within and outside a given range
79601835,2025-05,3,GEN,How to inject a global httpx.AsyncClient session in FastAPI using dependency injection?
79602162,2025-05,3,GEN,How to add a validation to a model serializer so that it ensures at least one of two fields are passed for sure?
79601812,2025-05,3,GEN,Python: columns must be same length as key when splitting a column
79601755,2025-05,3,GEN,Equivalent to Case when (SQL) in Python
79601719,2025-05,2,VER,AttributeError: Messagebox can&#39;t take multiple functions?
79601644,2025-05,3,GEN,How to await messages and not affect the main event loop?
79601530,2025-05,3,GEN,How can I change the language of a QFileDialog to French in a PySide6 project?
79601521,2025-05,3,GEN,ImportError: cannot import name &#39;executor&#39; from &#39;aiogram.utils&#39;
79601482,2025-05,3,GEN,2 Laser beams number of intersections in a mirror problem
79601344,2025-05,3,GEN,How to get the key and values from a dictionary to display them on a Django page?
79601335,2025-05,2,VER,Does the outlines python library work in a streaming context yet?
79601293,2025-05,2,VER,How do I use the python support in DigitalMicrograph to save a color image as PNG file
79603426,2025-05,2,VER,Tkinter program does not place text
79601766,2025-05,2,VER,How to select python interpreter for .ipynb file while using uv for python environment creation?
79602177,2025-05,3,GEN,GUI on top of all windows in windows that does not interfere with clicking on other windows
79601846,2025-05,3,GEN,Unable to Add Columns to Existing Container in GridDB Python Client
79602244,2025-05,3,GEN,How to return combobox item to main window when item is selected
79602223,2025-05,2,VER,Long import time of pybind11 extension
79603404,2025-05,4,GEN,Why does RandomizedSearchCV sometimes return worse results than manual tuning in scikit-learn?
79603298,2025-05,4,GEN,What is the oldest leap year in pandas?
79603293,2025-05,3,GEN,Python Pandas Interpolate nan columns with respect to the column values
79603275,2025-05,1,VER,msvcp140.dll conflict with SciPy
79603221,2025-05,3,GEN,"subclass numpy arrays: when using resize, how to re-attach the view to sliced children arrays"
79603209,2025-05,2,VER,Privategpt listing ingested document filenames
79603177,2025-05,1,VER,Python does not detect a package in Windows
79603047,2025-05,1,VER,ray.tune: Tracked actor is not managed
79602850,2025-05,1,VER,Amazon SP-API sandbox Orders API returns 403 Unauthorized despite LWA token and SigV4 signing
79602820,2025-05,2,VER,Error handling with the fitdecode library to read fit files in python
79603414,2025-05,3,GEN,unexpected keyword in createsuperuser django
79602705,2025-05,3,GEN,Why is DecisionTree using same feature and same condition twice
79602749,2025-05,3,GEN,Changing the page numbering index in reportlab
79602285,2025-05,2,VER,Django&#39;s Password Reset Email is not rendering the CSS properly but grabbing the HTML content
79602340,2025-05,2,VER,Why is my Python parser method returning empty strings?
79602397,2025-05,1,VER,Use snowflake-connector-python in AWS Lambda
79602421,2025-05,1,VER,Why can&#39;t I implement ENERGYM?
79602247,2025-05,2,VER,How to call a SymForce auto-generated function with a user defined type?
79602482,2025-05,3,GEN,How to create an &quot;Open file&quot; dialog box in Python for a GIMP 3 plugin with GIMP 3 style/colors?
79602585,2025-05,3,GEN,Why doesn&#39;t exec() create objects in local/global scope?
79602606,2025-05,3,GEN,How to check the response type in the middleware?
79602424,2025-05,1,VER,AWS Lambda: Unable to decrypt RDS Activity Stream using KMS (InvalidCiphertextException)
79650461,2025-06,2,VER,Python save TemporaryFile read as &quot;w+b&quot; to compressed tarfile
79650769,2025-06,4,GEN,Want to convert degrees to radians and have the answer output symbolically
79650697,2025-06,3,GEN,Tkinter threading with music
79650652,2025-06,3,GEN,Python Django Admin Form: show inline without rendering a form
79650615,2025-06,3,GEN,Using array indices to address another array
79650567,2025-06,2,VER,Django-allauth - Make phone number optional for SocialLogin
79650535,2025-06,3,GEN,How to let Python runtime load its own Library ZIP file from memory during the initialization
79650773,2025-06,2,VER,Memory overhead while using SQL/snowflake connectors
79650499,2025-06,1,VER,Model ouput of Android(Kotlin) tflite model not matching Python output for same input
79650470,2025-06,1,VER,Can when changing song position qdbus6/bluez does not update position metadata
79650402,2025-06,3,GEN,Resolving $ref $defs to get properties from Pydantic model_jason_schema
79650348,2025-06,4,GEN,Tuple comprehension creates generator; List comprehension evaluates all elements right away
79650393,2025-06,3,GEN,Is there a way to pre-define validators that can be used multiple times?
79650360,2025-06,3,GEN,Image detection with rotation (2D)
79650354,2025-06,3,GEN,End Python script when all apps that it has opened are closed
79650316,2025-06,2,VER,mpi4py deadlock with scipy.minimize
79650301,2025-06,3,GEN,Is it sound to use a slice of numpy::PyReadonlyArray inside pyo3::allow_threads()?
79650291,2025-06,2,VER,How to structure a Serverless Framework project with a root serverless.yml and function-level serverless.yml files?
79650281,2025-06,2,VER,How can I create graph Projections in Neo4J for a very large graph
79650165,2025-06,1,VER,Getting Azure Credentials from Hybrid Worker in Azure Automation with Python
79650102,2025-06,1,VER,PyPI publishing GitHub Action works with token but not trusted provider
79650791,2025-06,1,VER,Custom embedder and Custom knowledge source in CrewAI - getting KeyError: &#39;OPENAI_API_KEY&#39;
79650396,2025-06,3,GEN,How to limit matplotlib button_press_event to a single axis?
79650971,2025-06,4,GEN,Achieving Grouping to Make the Sum of Each Group&#39;s Data Equal
79650046,2025-06,2,VER,Using openai python api to upload a file to a chatgpt assistant
79650986,2025-06,3,GEN,How to store and retrieve complex JSON documents in GridDB using Python Client?
79651863,2025-06,3,GEN,Cleanup after waiting for first asyncio task to complete: Is it safe to swallow CancelledError when raised by task.get_exception()?
79651861,2025-06,2,VER,How to extract intraday stock data from onvista with python and playwright/selenium?
79651859,2025-06,2,VER,mpi4py: only rank 0 participating in scipy minimize after first iteration
79651690,2025-06,3,GEN,@cached decorator breaks method signature inheritance in subclass
79651688,2025-06,2,VER,pickle a pyhanko signers object
79651651,2025-06,4,GEN,Strange behavior when partitioning list of tuples into different lists
79651536,2025-06,1,VER,Why is Categorial parameter empty in GFS
79651525,2025-06,2,VER,Freshdesk API Trying to get Username for a hierarchy field
79651501,2025-06,3,GEN,Django POST error: response variable not associated with a value error
79651402,2025-06,3,GEN,Looking for method of extracting stripes from image
79650982,2025-06,1,VER,Projected surface area of CatiaV5 part (Using silhouette)
79651358,2025-06,3,GEN,Python type-hinting: a Tkinter Event
79651262,2025-06,2,VER,Python Django Error during rendering &quot;template&quot;
79651249,2025-06,3,GEN,logger from Jupyter notebook: does not work unless calling the root logger at least once
79651165,2025-06,4,GEN,Is there an equivalent of Python&#39;s argsort function in DolphinDB?
79651164,2025-06,3,GEN,Why did the mocking API failed?
79651160,2025-06,2,VER,&quot;Getting 401 Unauthorized when calling Paytrail API with HMAC authentication – How to troubleshoot?&quot;
79651124,2025-06,2,VER,Missing data when calling an API
79651121,2025-06,2,VER,"In Tksheet cell editing, is it possible to extend the cell instead of adjusting column width?"
79651120,2025-06,3,GEN,Formatting integers in pandas dataframe
79651091,2025-06,1,VER,Resolve infinite time for parquet file loading in pandas
79651081,2025-06,2,VER,Multivalued column cannot be transformed
79651328,2025-06,2,VER,How do I render images sharp in Jupyter notebook with VScode when Windows scaling is enabled?
79650039,2025-06,3,GEN,How to dynamically render tables in Taipy app
79650026,2025-06,3,GEN,How to create a multi-line chart title with different colors per line in openpyxl
79650016,2025-06,2,VER,Neural Network model in PyTorch prediction problem for anomaly detection in a simulated irrigation system
79647877,2025-06,3,GEN,Appending list for NLP (stopwords)
79647875,2025-06,1,VER,scipy curve_fit fails on specified function
79647823,2025-06,3,GEN,osmnx detect road intersections with osm data
79647808,2025-06,2,VER,Cannot use local user data for Chrome while running Selenium
79647730,2025-06,2,VER,"Matplotlib on Arch Linux (KDE) shows QFont::fromString: Invalid description warnings, but fonts render correctly"
79647719,2025-06,1,VER,Netmiko - Script terminates before finish&#39;s the command
79647709,2025-06,4,GEN,Splitting a mathematical string into a list while keeping everything in matching brackets together
79647655,2025-06,1,VER,Why does Spotify return {&quot;error&quot;:&quot;errorUnknown&quot;} when submitting login credentials with a valid ReCaptcha token and flow_ctx?
79647650,2025-06,2,VER,Cannot import Python modules from sibling directory in Jupyter Notebook running in VS Code (os.chdir and sys.path.append do not work)
79647627,2025-06,1,VER,grid_search.fit() report exception with RAPIDS api
79647615,2025-06,3,GEN,How to sort files inside a directory to follow order by file size?
79647601,2025-06,1,VER,Python script triggers an unexplained fetching operation on every run
79647350,2025-06,4,GEN,Looking for an efficent JAX function to reconstruct an image from patches
79647470,2025-06,3,GEN,Is there a way to turn off Python&#39;s &quot;Did you mean...?&quot; guessing feature appended to error messages?
79647209,2025-06,2,VER,New columns added to dataframe are not saved in xlsx file
79647185,2025-06,3,GEN,Llama_cookbook: why are labels not shifted for CausalLM?
79647158,2025-06,2,VER,"django problem, when I pass product id by get method"
79647152,2025-06,2,VER,AttributeError: module &#39;torch&#39; has no attribute &#39;get_default_device&#39; when using SentenceTransformer
79647131,2025-06,4,GEN,How to split NumPy array with dimensionality reduction?
79647107,2025-06,2,VER,Trouble extracting class/interface names from DreamBot JavaDocs using BeautifulSoup
79647093,2025-06,3,GEN,Inheritance with multiple constructors and type annotations
79647894,2025-06,3,GEN,Is it possible to name nested dict keys as SQL parameter?
79647899,2025-06,3,GEN,How to order functions to avoid NameError &quot;x is not defined&quot;?
79647636,2025-06,3,GEN,How to get formula of matrix product from formulas of matrices?
79648080,2025-06,2,VER,How to use browser-use to make screenshots for each step and video recording for the whole session?
79647982,2025-06,1,VER,TwoQubitWeylDecomposition:failed to diagonalize M2
79649982,2025-06,2,VER,Flask helper function not saving files to app.config[&#39;UPLOAD_FOLDER&#39;] path
79649970,2025-06,4,GEN,contextlib.contextmanager does not raise exceptions if return is in finally clause
79649941,2025-06,3,GEN,Get order of nodes in DiGraph networkx
79649939,2025-06,2,VER,Missing &#39;numpy._core.numeric&#39; when loading pandas df from pickle
79648852,2025-06,2,VER,Optimizing Flush: Single Multi-Row INSERT per Table Despite cascade=&#39;all&#39;
79648767,2025-06,2,VER,Interactive Broker API wih ib_async: catch erro on callback function
79648735,2025-06,4,GEN,Optional field in Pydantic v2
79648663,2025-06,3,GEN,Why does &#39;undetected_chromedriver&#39; stop working when a new version is released?
79648646,2025-06,2,VER,Orthogonal Distance Regression (ODR) convergence on valid data
79648605,2025-06,2,VER,How to define nullable fields for SqlTransform
79650011,2025-06,3,GEN,"Scaling RAG QA with Large Docs, Tables, and 30K+ Chunks (No LangChain)"
79648091,2025-06,3,GEN,"Pausing, unpausing, and stopping threads in python"
79648524,2025-06,2,VER,ValueError: zero-size array to reduction operation maximum which has no identity in SVAR Mode
79648453,2025-06,2,VER,&quot;Out of Memory Error: Failed to allocate block of Bytes&quot; using DuckDB
79648428,2025-06,3,GEN,Alternative to pystray module in python script
79648421,2025-06,2,VER,pymodbus: ID mismatch exception
79648388,2025-06,4,GEN,Problem with umlauts when writing with Python and opening with Excel?
79648275,2025-06,4,GEN,Convert JSONC to JSON via regex
79648240,2025-06,1,VER,pip 报错 Could not install packages due to an OSError
79648218,2025-06,4,GEN,How can I efficiently parallelize and optimize a large-scale graph traversal algorithm in Python to handle millions of nodes?
79648121,2025-06,0,VER,MVP(Masked Visual Pre-training for Robotics) pretrained model link is broken – any backup available?
79648539,2025-06,2,VER,Avoid PicklingError using multiprocessing in Python 3.8 libreoffice macro
79687678,2025-07,3,GEN,How can I display a table in a template with additional category/section rows?
79687705,2025-07,2,VER,How do I sucessfully stop TCPDump recording?
79687721,2025-07,4,GEN,How do AI Agent workflows (langgraph) know what tools to use?
79687735,2025-07,2,VER,Numba cfunc factory with numpy arrays
79687995,2025-07,1,VER,Index not found. (Exception from HRESULT: 0x80131124)
79687815,2025-07,1,VER,Cython Multiple Definitions of Function
79687851,2025-07,2,VER,CGAL python bindings: Triangulations with vertex info
79687897,2025-07,3,GEN,How do I get Plotly to work well with NiceGUI?
79687632,2025-07,2,VER,Can you override the &quot;This file is in use&quot; message from excel when interacting with it from vscode (python)
79687761,2025-07,3,GEN,How to get slice of list which is in a pandas series
79687615,2025-07,2,VER,Intelligent Processing of AutoSys Error Data
79687525,2025-07,3,GEN,Field validator calls a parser - how to save the parsed value?
79687609,2025-07,1,VER,&quot;The kernel appears to have died. It will restart automatically. &quot; Error that appeared when I tried to connect Jupyter notebook with MySQL workbench
79687592,2025-07,2,VER,merge sorted array wrong result not sure why?
79687578,2025-07,1,VER,Inheritance from Python turtle screen
79687543,2025-07,2,VER,How to call Microsoft 365 Copilot API to perform web search using Python?
79687500,2025-07,4,GEN,Can label or button act as parent in tkinter?
79687471,2025-07,2,VER,I tried to implement custom validation error in django
79687461,2025-07,3,GEN,How to prevent black adding parentheses for chain of code
79687355,2025-07,3,GEN,How to make the LLM call MCP functions hosted on Google Cloud Run with Python
79687351,2025-07,2,VER,Multiclass focal loss in xgboost doesn&#39;t train
79687251,2025-07,3,GEN,How to create an OpenAI Assistant using Responses API
79687611,2025-07,3,GEN,Matplotlib yticks are not rising consecutively
79688005,2025-07,1,VER,AWS Transfer Family: start_remote_delete not recognized in boto3 Lambda function (v1.35.92)
79689043,2025-07,1,VER,Python NetExtender CLI
79688052,2025-07,1,VER,Failed to create virtualenv with pyenv virtualenv
79687167,2025-07,4,GEN,What does Python do with incorrect type hinting in global scope?
79688998,2025-07,1,VER,Access an excel file in sharepoint using python to ingest into SQL sever using a dataframe - Access has been blocked by conditional access policies
79688966,2025-07,1,VER,ValueError: Eigenvalues did not converge
79688939,2025-07,3,GEN,TypeError: descriptor &#39;append&#39; for &#39;list&#39; objects doesn&#39;t apply to a &#39;type&#39; object
79688933,2025-07,4,GEN,How can I create a column that is the result of replacing values in two or more other columns?
79688908,2025-07,3,GEN,Track columns in pandas dataframe transformations
79688808,2025-07,3,GEN,"Using Python Plotly library, how to trigger callback when user click on empty space?"
79688778,2025-07,2,VER,Moving from a pool of excel instances to dynamic creation of instances
79688733,2025-07,2,VER,Vivado Block Memory Generator IP not accepting COE file
79688723,2025-07,1,VER,How to get the records in an ordered way as it is stored in memory from elastic search
79688026,2025-07,3,GEN,Is there a way to execute code from a sh when the shell gets force closed
79688697,2025-07,1,VER,Python hvac implementation to retrieve secrets
79688583,2025-07,4,GEN,How do I process CSV files from S3 using pandas without loading the entire file?
79688562,2025-07,3,GEN,Send messages to Qt GUI from a process pool. PySide6
79688542,2025-07,1,VER,Cython no module named error of own module
79688514,2025-07,4,GEN,Why are type-checkers fine with covariant method parameters when they are in a union?
79688468,2025-07,2,VER,Why does pytrends return different values than Google Trends UI even after normalization?
79688461,2025-07,2,VER,Arguments Not Reaching Plugin Methods When Invoked via Kernel in Semantic Kernel (Python)
79688448,2025-07,1,VER,LeRobot SO101 Camera getting ConnectionError when trying to connect
79688445,2025-07,3,GEN,Removing rows from pandas if they match multiple column of other row of same dataframe
79688390,2025-07,1,VER,In Airflow getting NotRegistered error on simple Celery task despite [celery] imports configuration
79688126,2025-07,3,GEN,How can I update a Plotly Map in NiceGUI with new coordinates?
79688618,2025-07,1,VER,Can not save spark 4.0 sql dataframe into redis database (Connection reset by peer)
79687131,2025-07,3,GEN,How to get branches instead of git.Head &quot;ref/head/dev&quot;?
79687094,2025-07,2,VER,How to set up authorization with OAuth2 (React + FastAPI)
79687065,2025-07,3,GEN,How can I convert a QuerySet list to a list or a dataset for the choices field?
79686262,2025-07,3,GEN,PCA with direction arrows showing genes associated with samples
79686222,2025-07,3,GEN,How to set up shiv to properly use an existent .venv site-packages and not redownload packages?
79686185,2025-07,2,VER,Optimizing Hierarchical Address Similarity Calculation on Large DataFrame with Dask
79686145,2025-07,4,GEN,PowerShell equivalent of Linux `nohup command &amp;` - Run processes that survive terminal closure
79686084,2025-07,2,VER,Alembic: &quot;Can&#39;t locate revision&quot; error after deleting migration file and recreating migration
79685952,2025-07,3,GEN,flatten/transpose data using pandas
79685872,2025-07,1,VER,Python script for SOLIDserver DNS: IP/hostname update successful but &quot;shortname&quot; persists in Advanced Properties
79685861,2025-07,2,VER,Weird characters in Shell after importing seleniumbase
79685831,2025-07,3,GEN,How to share a field between FastAPI body model and dependency without duplicating or coupling
79685823,2025-07,2,VER,Is there a way to mimic pip --extra-index-url functionality for transitive dependency resolution?
79685782,2025-07,1,VER,softmax functions always outputing garbage numbers that don&#39;t add up to one
79685744,2025-07,1,VER,"cv2 findChessboardCornersSB not working, detects only some corners"
79685715,2025-07,2,VER,Kivy converted Android App enabling remote control
79685701,2025-07,2,VER,How to call a python MCP tool hosted on Google Cloud Run
79685633,2025-07,3,GEN,Replace incorrect timestamp
79685618,2025-07,2,VER,Checking for Missing Signatures in Uploaded PDF Using Python
79685558,2025-07,2,VER,imaplib2 | Is this behavior correct? The .uid() method returns different values ​in the tuple
79685528,2025-07,3,GEN,"When using asyncio, how can I throttle the rate of a dependent sequence of web requests without blocking responses to these requests?"
79685480,2025-07,1,VER,Python Windows UI Automation to click &quot;close other tabs&quot; button in Microsoft Edge browser
79685448,2025-07,1,VER,Request for Hyperledger Aries framework persistent askar wallet
79685420,2025-07,1,VER,Unable to access oracledb package using python in ODI14c Marketplace
79686304,2025-07,3,GEN,How do I make an index to combination script closed form in python?
79686326,2025-07,3,GEN,Creating seaborn histplot with dates instead of data&#39;s default dates
79685396,2025-07,3,GEN,Extracting lines from two files where there is a match of value in specific columns
79686337,2025-07,1,VER,Dataset from generator in tensorflow error GetNextFromShard
79686332,2025-07,3,GEN,np.random() is getting treated as module
79687032,2025-07,3,GEN,How do I parameterize a list of URL&#39;s for Selenium tests using PyTest?
79687024,2025-07,2,VER,Neural Network built from scratch using numpy isn&#39;t learning
79687800,2025-07,4,GEN,Python doubt in simple class object
79686944,2025-07,0,VER,The Vs code extension is not downloaded
79686908,2025-07,2,VER,"In GA4 API, how do you get page referral information? All queries are coming up null"
79686870,2025-07,1,VER,Square Webhook doesn&#39;t give confirmation if the payment is done or not to Python-django
79686767,2025-07,3,GEN,How to use Python to download a pdf file from a link (not button!)
79686733,2025-07,2,VER,Generate high Quality Python Type Stubs from DLL file for Linting Purposes?
79686671,2025-07,2,VER,Why is pylance not able to statically determine Literal Union type in dictionary value
79686669,2025-07,1,VER,PyInstaller Imports Outside of Runner Script not Found
79686864,2025-07,2,VER,S3 Torchconnector loads data as a list of tensors
79686564,2025-07,1,VER,Cannot send a request through FastAPI in Python (Failed to connect to localhost port 8000 after 0 ms: Couldn&#39;t connect to server)
79686537,2025-07,3,GEN,ctypes.ArgumentError passing a const char * from Python 3 to C function in Windows DLL
79686497,2025-07,2,VER,Matplotlib compiled .pgf output blurry
79686359,2025-07,3,GEN,in kdb how do you save a 2d matrix into a binary format such that it can be read in python using numpy.fromfile or numpy.memmap?
79686447,2025-07,3,GEN,Picking N largest from a group in Pandas
79686433,2025-07,4,GEN,How are Python 3.14 t-strings different than f-strings
79686423,2025-07,3,GEN,Passing Numeric Arrays to Python via ctypes Without Prior Knowledge of Array Length
79686410,2025-07,4,GEN,What is scipy&#39;s rotation function as_matrix from quaternion based on?
79686388,2025-07,2,VER,Leetcode Python 208 -- memory not clearing from previous test case?
79686384,2025-07,1,VER,Pymongo and Beanie Incompatibility issues
79686607,2025-07,3,GEN,How do I make mypy treat my class as not being a subtype of object?
79724845,2025-08,4,GEN,Convert Decimal values to float64 when creating a Pandas DataFrame
79724874,2025-08,2,VER,Am I correctly generating a list of randomly assigned pairs with exclusions in python?
79724877,2025-08,3,GEN,polars implementation for creating objects selecting specific attributes
79725054,2025-08,1,VER,RuntimeError in torch.cat during VACE-Wan2.1 inference: mask and video tensor shape mismatch
79724922,2025-08,3,GEN,What is the most efficient way to check if a Polars LazyFrame has duplicates?
79725017,2025-08,2,VER,"ttk.Combobox selected text vanishes when focus is lost (clam theme, readonly)"
79725035,2025-08,2,VER,fvcore multiple arguments forward modules?
79724820,2025-08,1,VER,Django does not automatically create test database
79724899,2025-08,1,VER,Running Visual Studio Code Python debugger in Pixi shell
79724774,2025-08,1,VER,How to download protected PDF (ViewDocument) using Selenium or requests?
79724307,2025-08,3,GEN,inconsistency in RSA algorithm when using pycryptodome
79724694,2025-08,2,VER,How to step into C++ code from Python using pybind11 in VSCode when using Python C++ Debugger?
79724676,2025-08,1,VER,Generate Python wheels with conan
79724652,2025-08,1,VER,Segmentation Error when Creating Charuco Board with Custom Ids
79724535,2025-08,3,GEN,The result obtained from the OpenCV-Python cv.add() function differs from the official documentation
79724473,2025-08,2,VER,Xlsxwriter custom data labels with custom data label positions
79724468,2025-08,3,GEN,Pytorch compute graph don&#39;t release as expected
79724451,2025-08,3,GEN,Value to use for smoothing for RBFInterpolator from scipy.interpolate
79724387,2025-08,2,VER,pandas pivot_table: can aggfunc work over a different grouping period from the table?
79724319,2025-08,1,VER,Python can&#39;t execute PowerShell command in GitHub workflow
79725066,2025-08,2,VER,How to use the default value of a param when import a rule in Snakemake?
79724772,2025-08,3,GEN,How to set starting condition for airflow task group
79725131,2025-08,2,VER,Build the multipage taipy application with login page
79725444,2025-08,3,GEN,How to create a numpy dtype object array from a python list without copying data?
79725186,2025-08,2,VER,How do I filter out audio spillage from audio extraction?
79724253,2025-08,3,GEN,How can I keep distincts data points with similar X value?
79725843,2025-08,4,GEN,Is L[a:b]=L[c:d] optimized in Python to avoid creating a new list?
79725763,2025-08,3,GEN,How to export all data from a Milvus collection?(~3 million records)
79725756,2025-08,4,GEN,How to avoid double checks with asyncio.Lock
79725721,2025-08,1,VER,Input audio from microphone not collected when audio is reproduced
79725715,2025-08,3,GEN,Why does not sympy simplify &quot;Abs(cos(inc))/sqrt(cos(inc)**2)&quot; as 1?
79725691,2025-08,4,GEN,Convert an LDIF file to a tabular DataFrame with Python Polars
79725686,2025-08,2,VER,Refresh token being passed in response body in registration but not login in Django
79725680,2025-08,1,VER,Module loading logistics failed: file logistics/security/ir.model.access.csv could not be processed:
79725626,2025-08,2,VER,Does sqlparse.token.keyword recognize Top as a keyword?
79725144,2025-08,2,VER,The conditional edge in LangGraph causes the reduce function to be invoked twice
79725584,2025-08,1,VER,GPS satellite position calculation from RINEX navigation file produces unexpected ECI/ECEF plots
79725556,2025-08,2,VER,What is wrong with this Python variable NameError: name &#39;thetas&#39; is not defined
79725442,2025-08,2,VER,Why am I getting this RecursionError?
79725440,2025-08,4,GEN,Convert (many) integer-valued rows into binary indicator columns using Pandas
79725439,2025-08,1,VER,"Python packages not autocompleting in Pycharm for one project, but works fine for another"
79725340,2025-08,3,GEN,Order of columns in a plotnine bar plot using a polars dataframe
79725338,2025-08,2,VER,What am I missing to create a loop that works?
79725307,2025-08,2,VER,How to pass vector from Python to Duckdb for vector similarity search
79725298,2025-08,1,VER,SAM CLI Lambda container cannot connect to LocalStack Secrets Manager on macOS:
79725287,2025-08,2,VER,Horizontal cumulative sum + unnest bug in polars
79725199,2025-08,2,VER,Why does ffmpeg command work in terminal but not subprocess.call
79725576,2025-08,3,GEN,Advice on how to handle KeyError occurring when using map Lambda and slicing for dictionary lookup
79724193,2025-08,2,VER,Get bounding box of all the articles in a newspaper PDF file
79724176,2025-08,2,VER,how to use grid with textbox? my textsize seems to impact my grid but I don&#39;t want it to
79721938,2025-08,4,GEN,How to shuffle inner dimensions /axis of an array without disturbing the internal structure/data?
79722764,2025-08,2,VER,Polars bug using windowed aggregate functions on Decimal type columns
79722758,2025-08,2,VER,How does Django support asynchronous operations
79722748,2025-08,1,VER,Extracting Non-Settlement Days from Bloomberg Using xbbg and Calendar Overrides
79722736,2025-08,4,GEN,"Why does mypy error on returning list[str, int] + list[int]?"
79722654,2025-08,2,VER,Is there a way to download DEM data of Geo-Referenced .tif satellite imagery tiles?
79722645,2025-08,2,VER,How to decode a tfrecord based on the available meta data
79722617,2025-08,3,GEN,pd.api.types.is_string_dtype() is misleading
79722606,2025-08,2,VER,Get an output from a Python function in Snowflake SQL
79722555,2025-08,2,VER,How to reliably download 1969 “Gazzetta Ufficiale” PDFs (Italian Official Gazette) with Python?
79722528,2025-08,2,VER,How to add a relationship to a GeneratedField in Django
79722771,2025-08,2,VER,Using a model property (list of dictionaries) as an input to django&#39;s format_html_join() yields KeyError
79722449,2025-08,1,VER,Python gpt4all gives error for libllama.so python:3.12-slim image
79722422,2025-08,3,GEN,Multinomial regression with statsmodels.formula.api is not working for me
79722386,2025-08,1,VER,Pip install gensim is not working. Error in generation metadata for scipy
79722358,2025-08,2,VER,altair mark_area() with unexpected behaviour of y2
79722289,2025-08,2,VER,"Issue with sympy solver, giving different results based off order"
79722280,2025-08,3,GEN,Turning off constructor addition reordering b+a =&gt; a+b
79722131,2025-08,2,VER,How to properly escape UNC paths for string literals in Python while avoiding double prefixes?
79722099,2025-08,1,VER,Starting django with python manage.py runserver and getting ModuleNotFoundError: No module named &#39;_msi&#39;
79722098,2025-08,2,VER,How do I align the nodes in a Sankey Diagram in Python?
79722075,2025-08,1,VER,Error after importing auto_arima from pmdarima in Google Colab w/ time series analysis
79722074,2025-08,1,VER,MNIST multi digit prediction
79722429,2025-08,3,GEN,Limit number of stack levels shown
79722798,2025-08,2,VER,putting looped API Call results into a dataframe in Python
79724168,2025-08,2,VER,Create Action Button in Open edx Admin panel using tutor plugins
79722891,2025-08,1,VER,Not all files have gcno with bazel --coverage
79724122,2025-08,3,GEN,Modifying timestamps on Windows reparse points
79724070,2025-08,2,VER,Interpolating with Hydra
79724059,2025-08,3,GEN,Robocopy algorithm for /FFT and /DST options
79723986,2025-08,2,VER,How can I correctly detect the character display width of a string in a shell script?
79723981,2025-08,2,VER,Bytes type is required
79723930,2025-08,3,GEN,Issue with Handling Union Types in Generic Class Properties
79722812,2025-08,1,VER,Changing button&#39;s look by state; Only works while debugging
79723815,2025-08,3,GEN,How to use python to extract files from folder base on the first 7 digits file name
79723724,2025-08,2,VER,Apache Flink sinkfunction python code throws exception
79723653,2025-08,3,GEN,Pygame image not facing the mouse
79723552,2025-08,3,GEN,How to use index to find position of JSON record
79723871,2025-08,4,GEN,What is the PEP-8 guideline for a default parameter with a union type?
79723508,2025-08,1,VER,RuntimeWarning: coroutine &lt;aiortc&gt; was never awaited
79723468,2025-08,1,VER,Selenium Headless vrs Non Headless. I can&#39;t get Selenium to set a field while using headless mode
79723457,2025-08,2,VER,Is this Sumtracker API request correct?
79723447,2025-08,3,GEN,How to add automatic attributes to the Python Markdown library
79723352,2025-08,3,GEN,Close terminal window opened by .command Python script
79723313,2025-08,1,VER,gdal2tiles.py hangs when run in Conda Docker environment
79723215,2025-08,1,VER,Pylance in devcontainer is loading forever
79723058,2025-08,1,VER,OSError: Can&#39;t synchronously read data (can&#39;t open directory) when trying to index retrieve values from a hdf5 file
79723041,2025-08,4,GEN,Find roman numerals case-insensitively in regular text
79722918,2025-08,3,GEN,Python Selenium: How can I specify a &quot;no timeout&quot; WebDriverWait?
79723518,2025-08,2,VER,How to set up a simple hello-world example where a C function calls a Cython function calling a Python function?
79755293,2025-09,2,VER,"Having issues with openpyxl library of Python, when formating cell as number"
79755340,2025-09,3,GEN,How to retrieve the current conversation ID inside a tool function in LangGraph?
79755351,2025-09,3,GEN,How to have a parent terminal view and pilot a child pseudo-terminal
79755358,2025-09,2,VER,How to deploy a Databricks App with tesseract-ocr
79755630,2025-09,4,GEN,Add a byte after every n-th byte in a bytearray
79755527,2025-09,3,GEN,How to merge many nearly parallel line segments into a single density-weighted segment (Python/Shapely)?
79755548,2025-09,4,GEN,Why only creating a task will run the coroutine in python?
79755606,2025-09,4,GEN,Syntactically required and semantically relevant tokens in Python grammars
79755416,2025-09,3,GEN,Filter Parent class object based on list of child class values in Python | FastAPI | SQLAlchemy
79755216,2025-09,3,GEN,Threading or asyncio for serial communications?
79754732,2025-09,1,VER,Why my Transformer model did not work well when dealing with single cell multi-omic data
79755156,2025-09,3,GEN,Using multiple masks based on ID
79755132,2025-09,3,GEN,Create recursive TypeAlias at runtime
79755107,2025-09,1,VER,"KeyError: &#39;Cache only has 0 layers, attempted to access layer with index 0&#39;"
79755062,2025-09,3,GEN,Best method to create generator for TensorFlow with list of array inputs
79754943,2025-09,2,VER,SqlAlchemy: Any way to rewrite models metadata?
79754938,2025-09,4,GEN,Is there a pure numpy way of performing an operation such as np.min over variable-size bins?
79754896,2025-09,2,VER,Modal Popup - Selenium/Python
79754864,2025-09,1,VER,Redis OM persistent data issue
79754860,2025-09,4,GEN,Is it possible to force scipy.optimize.minimize_scalar to look only in the specified interval
79754854,2025-09,1,VER,I can&#39;t upload an image via InputStoryContentPhoto to aiogram3
79755653,2025-09,2,VER,TELETHON Server sent a very old message with ID
79755165,2025-09,2,VER,Problems handling SSRF vulnerability on api rest request
79755665,2025-09,1,VER,Selenium select from dropdown menu
79756154,2025-09,2,VER,FastAPI route works locally with `/` but not on Vercel (and vice versa)
79755800,2025-09,2,VER,Downloading &quot;BigQuery_Helper&quot; wheels locally results in error &quot;Multiple top-level modules discovered in a flat-layout&quot;
79754631,2025-09,1,VER,ModuleNotFoundError: No module named &#39;pandas&#39; on Raspberry Pi even after installing from requirements.txt
79756612,2025-09,3,GEN,Mark resources as external/internal with x-tagGroups using python-restx
79756594,2025-09,3,GEN,How do I capture missing nan values from Pandas 2.3.0 using Pydantic 2.11.7
79756578,2025-09,3,GEN,"Docling Hyperlink Extraction Issue : I am using docling to convert pdf to markdown file, but hyperkink not preserved in markdown file after conversion"
79756546,2025-09,3,GEN,Pydantic Model with exactly one input out of two optionals
79756507,2025-09,4,GEN,PySpark ArrayType usage in transformWithStateInPandas state causes java.lang.IllegalArgumentException
79756496,2025-09,2,VER,How to rename a dictionary key and keep the order in python?
79756468,2025-09,3,GEN,Pade Approximation in python with symbolic computation
79756455,2025-09,2,VER,Encountering problems while making a sorting algorithm in python 3
79756402,2025-09,4,GEN,vobject.readcomponents(...) : Is it a generator or does it *return* a generator?
79755748,2025-09,4,GEN,Is iteration order of a set in Python preserved until that set is modified?
79756369,2025-09,1,VER,ModuleNotFoundError: No module named &#39;google&#39; in WSL
79756233,2025-09,1,VER,`google.auth` python SDK not reading granted scopes from credentials file
79756149,2025-09,3,GEN,"Pandas does not fail, warn, or skip when rows have more columns than the header"
79756115,2025-09,2,VER,Installing python package from zip file offline
79756105,2025-09,3,GEN,Pause loop to make a certain action then continue where you left off inside of it
79756072,2025-09,1,VER,AI Foundry - Remote MCP Server - Failure: Error - RequiresAction on ToolCall
79756066,2025-09,1,VER,Constant 503 502:Bad Gateway Exception During Audio Syntheses
79756013,2025-09,3,GEN,"turn Python float argument into numpy array, keep array argument the same"
79755952,2025-09,3,GEN,How to print the tuples in a more user-friendly way
79755894,2025-09,4,GEN,Can I find out if an instance of a SQL Alchemy Model meets the filter requirements without scanning the entire table?
79755885,2025-09,2,VER,printf (inside C code) called from python in google colab. (no output)
79756235,2025-09,2,VER,Why doesn&#39;t MCP server expose my resources?
79754606,2025-09,2,VER,TensorFlow data loader from generator error &quot;Dataset had more than one element&quot;
79754148,2025-09,2,VER,How should I install CUDA dependencies in readthedocs build with apidoc autodoc
79754605,2025-09,2,VER,Python ElementTree returning empty attributes
79753309,2025-09,1,VER,Confusion about virtual environment and kernels in jupyter notebook
79753276,2025-09,4,GEN,Understanding numpy._core module: multiarray
79753263,2025-09,2,VER,Pytest-django database not rolled back with pytest-asyncio
79753253,2025-09,2,VER,Where should I allocate the pool in Python multiprocessing?
79753173,2025-09,1,VER,Python dev for motion-sensing game using Intel Realsense
79753068,2025-09,4,GEN,Which way is faster way to create Decimal?
79753057,2025-09,1,VER,How can I mask unwanted data for a display_bins() function (using pPXF data)?
79753050,2025-09,4,GEN,How to enforce abstract method implementation in chain derived classes?
79753007,2025-09,2,VER,High RAM usage when using Datashader with dasked xarray
79754617,2025-09,1,VER,Pyside environment variable doesn&#39;t apply in Pycharm&#39;s run configuration
79753328,2025-09,2,VER,Is there a substitute for ttkbootstrap.Style()?
79752854,2025-09,2,VER,need help Replicating Stellarium-Style Constellation Maps with Python (Skyfield + Gaia) for given place time and date
79752664,2025-09,1,VER,Error when opening Jupyter notebook from cmd/power shell (Windows)
79752604,2025-09,3,GEN,Pandas continous time periods
79752550,2025-09,3,GEN,Splitting text by new line: &quot;NameError: name &#39;split&#39; is not defined&quot;
79752526,2025-09,3,GEN,Shallow copying enumeration iterator behavior in Python
79752359,2025-09,1,VER,vscode breakpoints in an imported module do not work suddenly
79752353,2025-09,2,VER,Prepared statements not working with Psycopg3 + PgBouncer (transaction pooling)
79752301,2025-09,2,VER,Getting &quot;Container not found&quot; error when trying to modify GridDB container column definitions at runtime
79752222,2025-09,4,GEN,How to pretty-print a tuple of NumPy scalars?
79752205,2025-09,1,VER,How can I align numpy array outputs from PDFium and stb_image when rendering identical content?
79752184,2025-09,1,VER,How can I resolve this Django TemplateDoesNotExist error?
79752709,2025-09,3,GEN,How to enforce per-passenger maximum ride time as a soft constraint in OR-Tools VRP?
79753356,2025-09,3,GEN,mypy fails with mixed types in variable length tuple
79752914,2025-09,4,GEN,How can I make all attributes in a Python dataclass optional without rewriting each one?
79753458,2025-09,3,GEN,Configure ruff to ignore environment-provided globals
79753424,2025-09,2,VER,Is it necessary to recreate conda environments for python on a different version of Linux-64?
79754563,2025-09,2,VER,How to use a filter expression in PIconnect summary in python
79754535,2025-09,4,GEN,Permutation of list in python with one or multiple fixed items
79754470,2025-09,3,GEN,"Is it possible to test concurrent HTTP calls and Firestore side effects in Firebase Cloud Functions (Python, Gen 2)?"
79754447,2025-09,1,VER,Cannot import `QwenForCausalLM` after installing `v4.51.3-Qwen2.5-Omni-preview` tag; pip installs 4.52.0.dev0 instead
79754395,2025-09,2,VER,In PySide6 how to set the QTableView cell font color when in edit mode?
79754358,2025-09,3,GEN,pylance reports access attribute warning while it&#39;s checked
79754286,2025-09,1,VER,ModuleNotFoundError: &#39;triton.ops&#39; when loading 4-bit quantized model with bitsandbytes on Kaggle
79754246,2025-09,4,GEN,Rotation with Pytorch Torchvision but from two specific angles
79754233,2025-09,3,GEN,How to change order and number of tasks to be executed in airflow
79754208,2025-09,2,VER,Dismiss a kivy popup thats created outside the function thats dismissing it
79754304,2025-09,3,GEN,How do I compute validation loss for a fine-tuned Qwen model in Hugging Face Transformers during evaluation?
79754004,2025-09,1,VER,VSCode could not find conda environment: .conda
79753551,2025-09,2,VER,Why is Airflow Bash operator not passing XCom to another operator?
79753560,2025-09,2,VER,PySide6 QThread with Worker never emits finish signal
79753597,2025-09,3,GEN,Python 3.13.5 sqlite3 DeprecationWarning persists despite registering custom date adapter
79753764,2025-09,4,GEN,Find ternary relationships with no duplicates for game scheduling algorithm
79753483,2025-09,1,VER,Autodesk APS/Forge OAuth Token Request always returns 404 with both v1 and v2 endpoints (client_credentials grant)
79753835,2025-09,2,VER,How can I match the token count used by BGE-M3 embedding model before embedding?
79753854,2025-09,3,GEN,Trying to loop through a str array and convert elements to integers
79753957,2025-09,1,VER,Jupiter lab doesn&#39;t show the image from a jpg file
79753801,2025-09,3,GEN,Pyparsing ParseResults attributes type hinting
79782321,2025-10,2,VER,Multi-file and multi-threaded copy in python affects network speed
79782632,2025-10,4,GEN,Query Django Users by get_username method
79782616,2025-10,1,VER,"TypeError: layer_norm(): argument &#39;input&#39; (position 1) must be Tensor, not BaseModelOutput"
79782555,2025-10,2,VER,tqdm progress bar in PyTorch training loop does not advance or update .set_postfix() in Jupyter
79782535,2025-10,2,VER,Why is my parameter seen as a NoneType when I set it as an integer?
79782403,2025-10,2,VER,Why does this Qt program that creates multiple QApplication objects crash unless I reset a dead local variable?
79782389,2025-10,1,VER,Listing root child controls from uiautomation GetRootControl() stuck after the last item for 3+ minutes
79782339,2025-10,1,VER,pyexiv2 blocks on some images
79782333,2025-10,4,GEN,Will file logging race conditions in multi-process Flask app crash the Python script?
79782328,2025-10,3,GEN,How can I use web search with GPT on Azure using Python?
79782313,2025-10,3,GEN,Display all compatible versions of a package
79781756,2025-10,2,VER,Ignore specific dependencies in requirements file during GAS ADS
79782279,2025-10,1,VER,Not able to call tool in Agno Agent run mode
79782221,2025-10,1,VER,"Error while deploying, but not in local: &quot;crewai Failed to upsert documents: &quot;Expected IDs to be unique, found 28 Duplicate IDs&quot;"
79782209,2025-10,3,GEN,FancyArrowPatch in 3D with curve (connectionstyle)
79782196,2025-10,2,VER,Can&#39;t get the x axis tick label to appear
79782187,2025-10,3,GEN,Variable modification within a function
79782149,2025-10,3,GEN,Does flask dev server normalize paths?
79781979,2025-10,3,GEN,Poker all existing flops generation using Python
79781841,2025-10,1,VER,boto3 S3 SSL validation failed in docker swarm but working locally
79781778,2025-10,3,GEN,Use decorator to remove await prefix
79782638,2025-10,1,VER,Grayskull slow in GitLab CI with local sdist
79782307,2025-10,4,GEN,What does the uvw command do?
79783635,2025-10,1,VER,Azure deployment works for frontend but backend keeps failing (F1 free tier)
79781718,2025-10,3,GEN,How to make a python typechecker point to a correct function signature
79782729,2025-10,3,GEN,error raised from solve when using Q but not for q
79783603,2025-10,2,VER,Websocket communication between server and client in python
79783536,2025-10,2,VER,"Class declaring error when the code is run, not sure what is the issue"
79783418,2025-10,4,GEN,Is going from pyarrow chunkedarray to pyarrow table a zero-copy operation? How to check?
79783362,2025-10,4,GEN,How to stream responses token-by-token from OpenAI ChatGPT API using Python?
79783318,2025-10,2,VER,Plotly - add dropdown list or buttons to OHLC / Candlestick graph
79783308,2025-10,3,GEN,Jump to single link from Python traceback
79783307,2025-10,3,GEN,uv is building projects without a [build-system] definition in the pyproject.toml
79783265,2025-10,1,VER,psycopg3 + PyInstaller: cannot import name _uuid
79783246,2025-10,4,GEN,How to slice first char from all iterable records in a string (converted from list)
79783245,2025-10,1,VER,Google Cloud Run error with OpenTelemetry CloudMonitoringMetricsExporter: &quot;One or more points were written more frequently than the maximum sampl...&quot;
79782708,2025-10,1,VER,How to properly install llama-cpp-python on windows 11 with GPU support
79783219,2025-10,2,VER,TexStudio macro running python script but writing return string in message box
79783199,2025-10,1,VER,Weird errors while trying to connect to Mega.NZ from Python via https://pypi.org/project/mega.py/
79783126,2025-10,3,GEN,Get spaces count between nearest non-space character and given index
79783011,2025-10,1,VER,Kohya-SS SDXL LoRA Training Resets Steps Despite Successful State Loading
79783003,2025-10,3,GEN,Shape of tree_.value
79783001,2025-10,3,GEN,Unable to install ssdeep on Windows: &quot;Cannot open include file: &#39;fuzzy.h&#39;&quot;
79782867,2025-10,2,VER,What is missing in selenium code to get complete html code to use with beautifulsoup?
79782858,2025-10,1,VER,Unable to connect to GridDB Cloud using Python requests (Web API)
79782850,2025-10,1,VER,How to install Miniconda or switch Python version (3.12 → 3.11) in Modal Notebooks?
79782765,2025-10,1,VER,Python 3.13 cuda Pytorch 2.8 support
79782764,2025-10,1,VER,MCP Inspector Throw File Not Found
79783212,2025-10,3,GEN,How to view the scene from a given pose (4x4 transformation matrix) in Matplotlib
79781709,2025-10,3,GEN,How to enforce consecutive hours constraint for school timetable in Google OR-Tools CP-SAT?
79780657,2025-10,2,VER,vector field vortices location
79781647,2025-10,4,GEN,Change behavior of function depending on type
79780338,2025-10,2,VER,Why does my system message content contain &quot;image&quot;: None when mapping conversation dataset?
79780334,2025-10,2,VER,"How can I create a Python venv within a Bash script and then activate it immediately, all from a VS Code profile&#39;s settings.json?"
79780301,2025-10,3,GEN,Avoiding importing the same function twice
79780282,2025-10,1,VER,Installing Onnx package broke all python dependencies
79780256,2025-10,4,GEN,Overhead of instantiating a flax model
79780254,2025-10,1,VER,BehaveX parallel is running my after_all after every feature/scenario
79780187,2025-10,2,VER,Holoviz panel notification width
79780171,2025-10,4,GEN,Different Date Formats In Same Column
79780104,2025-10,2,VER,Time interval between frames on facial landmarks extraction
79780080,2025-10,2,VER,"telnetlib3, StreamReader/Writer vs. TelnetReader/Writer"
79779991,2025-10,2,VER,Python static code analysis complains about kw argument &#39;font&#39; in Event.widget.configure
79779946,2025-10,3,GEN,python REPL: is it possible to combine -i and -m asyncio?
79779933,2025-10,1,VER,Jedi unable to resolve the root directory of the vscode workspace as a python module
79779898,2025-10,3,GEN,How do I fix this error with the walrus operator?
79779897,2025-10,3,GEN,Get AWS API Gateway API keys that don&#39;t match nameQuery parameter in get_api_keys() boto3 AWS SDK
79779874,2025-10,3,GEN,Downgrading OpenAPI 3.1 generated by FastAPI to 3.0 for Azure API Management
79779794,2025-10,1,VER,PyInstaller doesn&#39;t include numpy for Plotly Express
79779783,2025-10,3,GEN,"PCA with arpack returns different values when the order of observations change, but why?"
79779732,2025-10,2,VER,Python gdal open layer from bytes
79779724,2025-10,3,GEN,Order of execution in FastAPI async generators
79781671,2025-10,3,GEN,Reconstructing a 2D grid graph from an unordered adjacency list
79780349,2025-10,4,GEN,I need to sort a list of coordinate pairs by y decreasing then x increasing
79780371,2025-10,3,GEN,Pandas dataFrame standard deviation issue
79780088,2025-10,3,GEN,How do I completely remove the border from a Tkinter Button with an image on macOS?
79780701,2025-10,1,VER,PyInstaller build on Jenkins: ValueError: Invalid async_mode specified with Flask-SocketIO + gevent
79780565,2025-10,1,VER,Python cannot install torch
79781489,2025-10,1,VER,Deploying a Python HTTP function to Google Cloud run from source
79781395,2025-10,4,GEN,list.pop(&#39;name&#39;) results in error: &quot;str object cannot be interpreted as an integer&quot;
79781331,2025-10,4,GEN,How to plot the smooth graph on matplotlib like MS-Excel?
79781320,2025-10,1,VER,Weird failure in Selenium
79781281,2025-10,1,VER,Unable to load an hdf5 model file in TensorFlow / Keras
79781245,2025-10,1,VER,Error while loading conda entry point: codad-libmamba-solver
79781244,2025-10,1,VER,LangFuse: Using `CallbackHandler` with custom OpenAI Base URL throws SSL Error
79781221,2025-10,4,GEN,Variadic tuple type parameter
79781203,2025-10,3,GEN,How to iterate over python dictionary in C#
79781113,2025-10,3,GEN,Gunicorn with worker 1 not able to call local API
79781493,2025-10,3,GEN,How to display a single deterministic output of a Bayesian regression model using ArviZ
79780750,2025-10,4,GEN,How to add a border to tkinter frame?
79781057,2025-10,2,VER,How to get the list of dates or global min/max timestamp from an openEO DataCube without downloading all data?
79781054,2025-10,1,VER,"Multimodal embedding requires video first, then image - why?"
79780994,2025-10,3,GEN,How to efficiently handle lookups between resampled and original DataFrames in Pandas?
79780944,2025-10,2,VER,How to create test cases in Polygon for Python program with random values?
79780905,2025-10,1,VER,"Django Registration View Not Rendering Template, Returns Minimal Response (71 Bytes)"
79780819,2025-10,3,GEN,How do I make a Qt5 queued connection in a way that mypy will accept?
79780815,2025-10,3,GEN,Forward fill using values from rows that match a condition in Polars
79780798,2025-10,3,GEN,"How to select joined columns with structure like namespaces (a.col1, b.col2)?"
79780792,2025-10,1,VER,How can I update the capacity of a finetuned GPT model on Azure using Python?
79781068,2025-10,1,VER,Unable to scrape product price from Shein ShareJump links in Laravel/Python
79809196,2025-11,3,GEN,Interpreting YAML parameters in ROS2 as dict
79809226,2025-11,4,GEN,Pythonic way to obtain dictionary keys with desired property
79809239,2025-11,3,GEN,Executing an external python file with one out of several possible options
79809266,2025-11,1,VER,Installing OMPL on Anaconda in Windows
79809411,2025-11,2,VER,Deserializing msgpack_numpy array in browser
79809303,2025-11,3,GEN,I cannot set tkinter frame width
79809305,2025-11,2,VER,Find differing rows between two Polars DataFrames based on ID and multiple columns
79809407,2025-11,3,GEN,My random dialogue generated between a couple options only does option one
79809182,2025-11,2,VER,multi output forcast shape prob. with keras.preprocessing.timeseries_dataset_from_array
79809286,2025-11,3,GEN,How to modify an array for a specific purpose
79809179,2025-11,3,GEN,Concatenate Tables Based on Column Information in Python
79808954,2025-11,3,GEN,Why does a class attribute named `type` make `type[Foo]` fail?
79809124,2025-11,2,VER,Does BucketBy clause while writing Pyspark dataframe shuflle the data
79809086,2025-11,2,VER,Plotting linear regression for geometric intuition
79809062,2025-11,2,VER,How to find a common value using if statement
79808955,2025-11,3,GEN,How do I convert .py file to a .pyd properly?
79808944,2025-11,3,GEN,I am having problems trying to install opencv-python
79808907,2025-11,1,VER,Can&#39;t see my_project settings in PyCharm Community Edition 2025.2.3
79808804,2025-11,4,GEN,How to adjust vector length in quiver plot?
79808776,2025-11,3,GEN,"How to modify a Python function to handle one, several, or all parameters in a dictionary"
79808761,2025-11,3,GEN,How to set extra index with credentials for uv like pip configuration
79808718,2025-11,1,VER,Transformers &#39;could not import module pipeline&#39; to jupyter notebook
79809157,2025-11,2,VER,Permission denied when trying to rewrite files
79809415,2025-11,3,GEN,Tuple constructor without using a comma
79810820,2025-11,2,VER,Machine Learning Project using Multidimensional Array Input/Outputs
79809514,2025-11,3,GEN,Replace value by condition across entire polars df
79808597,2025-11,3,GEN,Python Module or Library with multiple Thermal printer support
79810818,2025-11,2,VER,how can I rotate at the center of the reportlab.graphics.shapes.Drawing
79810649,2025-11,2,VER,Trying to do FFT on a CSV with known data
79810618,2025-11,3,GEN,"Filter a pandas df: per group, keep only non-null rows if we have them, else keep a single null row"
79810613,2025-11,2,VER,How to measure plant length in pixels using PlantCV
79810595,2025-11,3,GEN,How to retrieve a figure title from a Figure or FigureCanvas?
79810510,2025-11,0,VER,Gemini API RPD Limit Not Resetting After Upgrading to Paid Tier (Rate Limit Stuck)
79810195,2025-11,1,VER,contextlib tries to change a &quot;frozen&quot; exception
79810063,2025-11,2,VER,Tkinter window shrinks after embedding Matplotlib canvas — how to prevent it?
79810057,2025-11,1,VER,How to get project key and project secret id for dev?
79809432,2025-11,3,GEN,Is it possible to create lists of a union type using the multiplication operator?
79810049,2025-11,3,GEN,Sympy : Problem with simplifying a Sympy vector from user-defined transformation
79809939,2025-11,1,VER,The Pyrogram client does not recognize the id of the channel it created
79809924,2025-11,1,VER,Python SSH automation. Child process communication issues with /dev/tty
79809789,2025-11,1,VER,Panel: StaticText value update not appearing on/updating user interface
79809781,2025-11,2,VER,How to emit keyed records for a compacted topic (SimpleStringSchema ClassCastException)?
79809778,2025-11,3,GEN,"What is the ideal production-grade infrastructure to deploy a Python FastAPI service for computing option Greeks (e.g., Black–Scholes)?"
79809773,2025-11,3,GEN,Finding the previous keyframe in a video using Ffmpeg
79809768,2025-11,1,VER,Unable to post mp4 video on x/twitter using API
79809686,2025-11,4,GEN,How does Python differentiate between async function calls and actual I/O operations?
79809523,2025-11,1,VER,AttributeError: module &#39;mysql.connector&#39; has no attribute &#39;CMySQLConnection&#39;
79809520,2025-11,2,VER,Import error on Flask CRUD App from import Modus from and url_decode
79809980,2025-11,2,VER,Turn off Gemini&#39;s reasoning in DSPy
79808489,2025-11,4,GEN,What is the difference between a newline character and actually writing something in a newline?
79808472,2025-11,2,VER,Curl completing too late for following instruction
79808417,2025-11,1,VER,Fetch data from https://www.sofascore.com/?
79807259,2025-11,2,VER,Implementing TTL-based in-memory cache for macOS activity tracking
79807233,2025-11,3,GEN,Python - Should VTK be mocked in unit tests?
79807201,2025-11,2,VER,There is a problem with the SymPy trigsimp function when it is used to simplify an expression involving sums of products of trigonometric functions
79806992,2025-11,4,GEN,Is it a good practice to import libraries inside function bodies?
79806989,2025-11,2,VER,Implementing a LoRA wrapper for Conv2D in Tensorflow
79806945,2025-11,1,VER,Jupyter notebook refusing to recognize matplotlib installation
79806886,2025-11,3,GEN,Writing an addOrUpdate method that can update some parameters but leave others as-is
79806845,2025-11,3,GEN,How do I fix this output &lt;coroutine object TIMER at 0x000001941051A5A0&gt; from the bot?
79806821,2025-11,1,VER,h3.cells_to_h3shape ValueError(&#39;Non-empty LatLngPoly loops need at least 3 points.&#39;)
79806769,2025-11,1,VER,How to extract table from PDF with boxes into pandas dataframe
79806767,2025-11,3,GEN,"Getting the list of arguments passed into the current function, while allowing keyword argument default values"
79806751,2025-11,0,VER,Jupyter notebook stuck in [*] for a day
79806610,2025-11,3,GEN,How much longer will an asyncio task sleep?
79806571,2025-11,1,VER,No route to host Error 65: Python not able to fetch frame from Reolink IP camera
79806553,2025-11,2,VER,How to fix this：Type alias is not generic or already specialized
79806540,2025-11,1,VER,Error message when scraping website via selenium
79806539,2025-11,3,GEN,Identifying an event from a big Python list efficiently
79806536,2025-11,1,VER,&quot;RuntimeError: PdhAddEnglishCounterW failed&quot; in python psutil module
79806527,2025-11,2,VER,how to check if pid has rolled over?
79806408,2025-11,1,VER,BPTK-Py: base ** variable_exponent in equation returns 1.0; np.power/np.log not supported on Converter
79806406,2025-11,1,VER,How to handle aiokafka getmany() exceptions in case of stopped kafka
79807277,2025-11,3,GEN,How to improve query performance on large time-series container in GridDB Cloud?
79807312,2025-11,3,GEN,GridDB Cloud Python client: How to handle connection timeout and auto-reconnect?
79806333,2025-11,3,GEN,How can I update values in a nested JSON file using Python?
79807389,2025-11,2,VER,"Rotating an image, how to fix &quot;Index Error: image index out of range&quot;?"
79807372,2025-11,3,GEN,What is the documented behaviour (if any) when someone imports `pkg.__init__[ as pkg]` instead of `import pkg`?
79808393,2025-11,2,VER,Slicing pandas dataframe with a value from a Jupyter widget raises an error
79808362,2025-11,1,VER,Brightway &#39;bw2io.import_ecoinvent_release()&#39; failing unless I disable multiprocessing
79808354,2025-11,1,VER,How to correctly set PyCharm &#39;Sources Root&#39; when having few &#39;src&#39; folders for few packages
79808283,2025-11,2,VER,ConnectionResetError when creating paramiko SFTP connection using SSHClient but not Transport
79808277,2025-11,3,GEN,Calculate byte positions to split ndjson files into chunks
79808233,2025-11,3,GEN,How to use Pandas style objects to format values with a hyperlink based on the index?
79807856,2025-11,2,VER,ValueRangeProvider on the Planning Entity
79807844,2025-11,3,GEN,Will tf.keras.Sequential containing multiple custom layers be correctly fully serializable and deserializable in my case?
79807825,2025-11,2,VER,Passing the font-size to Quarto
79807775,2025-11,1,VER,Why does appending data with PySpark raise a &quot;SQLServerException: CREATE TABLE permission denied&quot; exception?
79808094,2025-11,1,VER,ModuleNotFoundError: No module named &#39;kiwisolver&#39; -- yet Requirement already satisfied: kiwisolver in /usr/lib/python3/dist-packages (1.3.2)
79807764,2025-11,2,VER,How to maintain multiple selected regions in PyVista interactive mesh picking
79807739,2025-11,4,GEN,How to plot unit tangent and unit normal vectors on a parameterized curve?
79807713,2025-11,2,VER,Using member functions of a class as LangGraph tools
79807418,2025-11,1,VER,Kivy RecycleView generates more and more objects that are not collected by Garbage Collector
79807712,2025-11,2,VER,Why does the pivoted dataframe contain information about columns that weren&#39;t included in the pivot?
79807638,2025-11,3,GEN,Slice a Pandas dataframe at specific index points
79807627,2025-11,3,GEN,TypeError when calculating loan amount in my Python script
79807616,2025-11,2,VER,Generate NI AO signals based on value stored in multiple files
79807535,2025-11,1,VER,Awswrangler: Parquet read into multiple of expected space
79807460,2025-11,3,GEN,Rename temporary file after closing its file descriptor in Python
79807773,2025-11,3,GEN,Using create_retrieval_chain due to RetrievalQA deprecation
79837467,2025-12,1,VER,"&quot;...SSH Permission denied (publickey,password,keyboard-interactive)&quot; when running python script as service on raspi"
79837512,2025-12,2,VER,Forecasting : FB Prophet function doesn&#39;t start from last datapoint in python
79837533,2025-12,3,GEN,Reading desktop notifications from the command line. Debian/Ubuntu
79837717,2025-12,2,VER,Installing GitLab dependency without username/token
79837650,2025-12,2,VER,Turn off gpt-5-nano reasoning
79837659,2025-12,4,GEN,"Why does using Python’s print() function cause a rendering error in Django, and what should be passed to render() instead?"
79837684,2025-12,1,VER,Calling the Remove() method on a Newtonsoft.Json.Linq.JObject in IronPython app throws a &#39; NoneType is not callable&#39; error
79837428,2025-12,1,VER,FIX connection stop error when sending logon
79837569,2025-12,2,VER,How to make hatch test install the whl instead of directly using project dir?
79837366,2025-12,2,VER,get the DB insert statement to preserve column casing by quoting the column names
79837011,2025-12,3,GEN,Analyze a directory in a performant (cross-platform) way for what file types (file extensions) it (recursively) contains?
79837346,2025-12,4,GEN,How to find max value within a specific range
79837301,2025-12,3,GEN,Propagate correctly unions across containers with pyright
79837276,2025-12,2,VER,Utilizing a loop or automated approach to join all possible elements in one dataframes together based on defined criteria
79837275,2025-12,1,VER,Managing environments with Python installation manager
79837134,2025-12,2,VER,Integrate a chart into Kivy
79837092,2025-12,2,VER,Why doesn&#39;t Whisper fully transcribe my audio?
79837076,2025-12,1,VER,Quality of curve not preserving in output font using fontTools and PyMuPDF in Python
79837071,2025-12,2,VER,Keras: only display NN-architecture without model memory allocation
79837059,2025-12,4,GEN,&quot;TypeError: &lt;class&gt; is not reversible&quot; -- what does it mean?
79837737,2025-12,3,GEN,How to merge pandas dataframes with MultiIndexes on the columns
79837363,2025-12,3,GEN,"How can I use polars to convert all, or most, columns from one type to another?"
79837782,2025-12,2,VER,"Python tarfile produces &quot;Cannot create symlink: Permission denied&quot; on extraction,"
79838108,2025-12,2,VER,Making an Ollama Model read dict/json data properly
79837813,2025-12,2,VER,TokenizationError when loading h5py dataset as dask dataframe
79837003,2025-12,1,VER,Getting Polymarket OO proposed value
79838505,2025-12,1,VER,llama_index Ollama misloading model issue
79838462,2025-12,2,VER,Service Account Not able to create Google Calendar event with Attendees
79838353,2025-12,2,VER,Incorrect IP when running app via Docker Compose
79838348,2025-12,3,GEN,Using the query plan (lazy frame) as a cache key
79838308,2025-12,2,VER,Is there a way to pull web data with python requests on a link guarded by edgepilot?
79838297,2025-12,3,GEN,How to correctly handle no network access when using Python requests.get()
79838295,2025-12,2,VER,InfluxDB3 Enterprise: fastest way to get oldest and youngest datetime rows
79838259,2025-12,1,VER,Code says &#39;pkt&#39; is not defined but the tutorial I&#39;m following doesn’t have this issue
79838243,2025-12,1,VER,Saving matplotlib figures when running multiple subsequent python files via a .bat file on Windows
79837806,2025-12,2,VER,Including an executable python package into an uv project
79838136,2025-12,1,VER,raspberry pi zero installs old version of pymodbus
79838117,2025-12,3,GEN,Different formulas for quaternion computation from Matrixes using scipy
79838103,2025-12,4,GEN,What signs indicate that Python&#39;s dataclasses are NOT a good fit for a particular use-case?
79838096,2025-12,1,VER,Error while deploying python code to linux based azure function
79838094,2025-12,2,VER,Unable to select inserted value in sqlalchemy
79838089,2025-12,3,GEN,"Python, $PYTHONPATH, sys.path.add()"
79837984,2025-12,3,GEN,List numbering through loop
79837960,2025-12,2,VER,FastAPI: Not able to use AsyncMock to fetch mock rows from aiosqlite (async sqlite3 library) while testing the endpoint
79837925,2025-12,1,VER,Local package randomly becomes unimportable when using `uv run` in a project created with `uv init --package`
79837855,2025-12,1,VER,Error with Brightway2 + Premise. &quot;ValueError: Could not find equivalent for ENTSO-E&quot; on NewDatabase.update_all()
79837831,2025-12,1,VER,Dash Plotly Flask Application randomly hangs for 1 minute
79838126,2025-12,2,VER,two sources and two destinations in dbt
79836939,2025-12,2,VER,Why is html files not being generated
79836922,2025-12,1,VER,Selenium/Python - cannot find an element
79834259,2025-12,1,VER,install error on Mac OS: &#39;ios&#39; file not found ... failed building wheel for pandas
79835734,2025-12,2,VER,Performance problem with automatic parallelization in `pytorch`
79835714,2025-12,1,VER,inject use python/c++ has a different result
79835504,2025-12,1,VER,X-forwarded PyQt application hanging due to separate UHD application
79835498,2025-12,4,GEN,How do I sort a Pandas DataFrame using a column name stored in a variable?
79835431,2025-12,3,GEN,NumPy generate a 2d linear array using multiple values
79835404,2025-12,3,GEN,Logger Configuration for Python Projects
79835365,2025-12,2,VER,"In GeoPandas, list of latitude and longitude points not being classified into a boundary area"
79835345,2025-12,3,GEN,Implement a Sentinel Flag without an Arbitrary Value
79835314,2025-12,1,VER,Creating a full screen compatible overlay for MacOS
79835227,2025-12,2,VER,Implement STL flexi toy maker / add hinges to STL files programmatically
79835774,2025-12,3,GEN,pip install: multiple indexes contain same package version - which one is used?
79835202,2025-12,3,GEN,Create mask from array based on threshold
79835091,2025-12,3,GEN,How to navigate to domain (not url) in Python Playwright?
79835026,2025-12,2,VER,Can we edit .py files in VSCode and use Google Colab extension to run them on Google servers like Jupyter Notebooks?
79834996,2025-12,1,VER,Numpy importing error in mod_wsgi app on Fedora 43
79834873,2025-12,4,GEN,What is the Pythonic way to handle invalid user input in a while loop?
79834695,2025-12,1,VER,Polars lazyframe update() silently failing in a serverless Cloud Function (OOM error)
79834656,2025-12,1,VER,Why different files produce same GNSS plots in my Python code?
79834523,2025-12,2,VER,How to install locally built package with uv
79834382,2025-12,2,VER,Displayed data disappears after successfully adding data to sqlite database
79834334,2025-12,2,VER,How to setup the QPlainText line-height in Python
79834278,2025-12,2,VER,Subclass of Generic fails with AttributeError: object has no attribute &#39;__parameters__&#39; - using Generic when superclass does forward __init_subclass__
79835136,2025-12,3,GEN,Convert this date/time format into pandas datetime
79835808,2025-12,1,VER,Flask publish on different local ip than the machine it deployed on inside a docker
79836759,2025-12,3,GEN,How can I use multiple optional parameters?
79835877,2025-12,2,VER,InvalidOperation Error with Decimal Module
79836716,2025-12,2,VER,Why does Polars run OOM while trying to read a compressed CSV file while Pandas is able to do it?
79836638,2025-12,1,VER,Strange error when attempting to install pytables library: &quot;ValueError: invalid literal for int() with base 10: &#39;1.dev&#39;&quot;
79836492,2025-12,3,GEN,String print format specifier does not work for numpy string array
79836488,2025-12,2,VER,Error running Python script: &#39;utf-8&#39; codec can&#39;t decode byte 0xed in position 79: invalid continuation byte
79836447,2025-12,3,GEN,Unable to access ContextVar in sub function
79836409,2025-12,1,VER,redirect() method is failing
79835823,2025-12,2,VER,Unable to execute INSERT FROM SELECT statement with bindparam
79836341,2025-12,2,VER,GreatExpectations; ExpectColumnValuesToBeIncreasing; &#39;&gt;=&#39; not supported between instances of &#39;Timedelta&#39; and &#39;int&#39;
79836317,2025-12,1,VER,Nanobind throws bad_cast after dolfinx and nanobind update
79836295,2025-12,1,VER,have problem in swapping with web3.py in uniswap sepolia testnet by eth/usdc pool
79836234,2025-12,4,GEN,Why does asyncio.gather() not cancel pending tasks when one task fails?
79836360,2025-12,1,VER,CS50 Little Professor problem &#39;Time out while waiting for program to exit&#39;
79836176,2025-12,1,VER,ipython gives wrong traceback when error in a .py file
79836150,2025-12,2,VER,"The Azure Databricks api /api/2.0/pipelines, couldn&#39;t get the &quot;pipeline_type&quot;: &quot;DBSQL&quot; pipelines"
79836122,2025-12,3,GEN,How do I set validate_by_alias only at model_validate() time?
79836112,2025-12,4,GEN,Compare DataFrames by headers vs using merge
79836108,2025-12,2,VER,Pyproject.toml: declare a Github artifact as build dependency
79836074,2025-12,3,GEN,asyncio freezes when spawning multiprocessing process on Windows but works fine on Linux
79836054,2025-12,2,VER,FastAPI: /v1/modules returns {&quot;detail&quot;: &quot;Not Found&quot;} even though router is defined
79836040,2025-12,1,VER,Compile python object detection app relying on OpenCV with PyInstaller
79836029,2025-12,3,GEN,How can I implement continual (incremental) learning in a face-recognition model without retraining from scratch?
79836025,2025-12,3,GEN,Externally provided method not receiving self
79836211,2025-12,1,VER,Failed import for drf_nested_routers
79861926,2026-01,3,GEN,Why does python seem to handle strings with escaped quotes differently?
79861996,2026-01,2,VER,python requests XHR - get response 405
79862013,2026-01,4,GEN,Python -&gt; YAML: the strings yes and no get quotation marks (but shouldn&#39;t)
79862127,2026-01,3,GEN,How to use AWS user role on ECS to access datafusion S3 object store instead of passing keys explicitly
79862248,2026-01,2,VER,"Django sign up page shows alert &quot;Something went wrong, try again&quot; instead of success message"
79862199,2026-01,1,VER,Packaging Edge Sealing Defect Detection
79862217,2026-01,1,VER,Gemini Live API SessionResumptionUpdate Returning None for new_handle - Session Resumption Not Working
79862232,2026-01,1,VER,"Buildozer seems to download very old Kivy-Package during build, how do i force it to use the version i want?"
79862160,2026-01,3,GEN,Python libraries or APIs for high-quality raster image to CorelDRAW (.cdr) conversion?
79861916,2026-01,1,VER,Python win32com Outlook.Application fails with “Server execution failed”
79860774,2026-01,3,GEN,How does TensorFlow handle backpropagation through mixed real and complex functions?
79861598,2026-01,3,GEN,Generate Regex based on Input String and also known output
79861471,2026-01,1,VER,pycuda._driver.Error: cuInit failed: unknown error
79861393,2026-01,3,GEN,What is the most reliable face liveness detection model and dataset for real-world mobile apps?
79861318,2026-01,0,VER,DotNet in Arize for LLM Observability
79861270,2026-01,3,GEN,Copy uv-installed tool to next stage of Docker build
79861196,2026-01,3,GEN,Google Cloud Monitoring API: How to query Distance Matrix &quot;elements&quot; instead of &quot;requests&quot;?
79861070,2026-01,3,GEN,typing.overload based on presence of keyword arguments
79861016,2026-01,3,GEN,How can I give order to a drone with a raspberry pi?
79861004,2026-01,2,VER,Google OR-Tools CP-SAT: Slot Rotation constraint bypassed by parallel assignments in Roster
79860982,2026-01,1,VER,Why can&#39;t I install Jupyter in a conda environment running Python 3.14?
79862254,2026-01,3,GEN,Get unique elements in multiple List columns
79861671,2026-01,1,VER,Onvif device manager crash
79862281,2026-01,3,GEN,Is there a way for python to notify that you are overriding non existant method?
79862693,2026-01,2,VER,Real-time streaming lags at high data rates even with scrolling X-axis
79862285,2026-01,3,GEN,Replace elements in a List column with multiple other elements
79860752,2026-01,1,VER,&quot;ModuleNotFoundError: No module named &#39;pandas&#39; &quot; but is present in the python package list and in software manager
79863316,2026-01,1,VER,Homebrew: formula fails to run with error ZIP does not support timestamps before 1980
79863288,2026-01,3,GEN,Tkinter - Column grouping in Treeview
79863218,2026-01,3,GEN,How to run Pyspark UDF separately over dataframe groups
79863193,2026-01,2,VER,Disabling Numpy Array Helper in Spyder
79863122,2026-01,3,GEN,json.loads() fails with JSONDecodeError: Extra data when parsing LLM output (Ollama router)
79862964,2026-01,3,GEN,ChArUco markers color inversion
79862878,2026-01,4,GEN,Efficiently generate all unique 4-integer ratios within a range up to scaling
79862867,2026-01,1,VER,How do I print dynamically generated QR codes from python code on a raspberry pi to a Brother QL 800 label printer?
79862860,2026-01,2,VER,Not finding Module in non child folder in Python
79862282,2026-01,2,VER,Python OCR Tesseract: Extraction of time stamps and coordinates from video frames
79862797,2026-01,3,GEN,How can I convert .sto to .csv with pandas?
79862696,2026-01,3,GEN,"How to suppress the execution of the currentTextChanged in an editable QComboBox widget, when I change the selected item?"
79862631,2026-01,2,VER,Problem with DWT3D with Custom Keras Layer
79862629,2026-01,3,GEN,Cumulative sum with group_by
79862585,2026-01,2,VER,Reading multiple GRIB files using Xarray with cfgrib engine with index files in custom location
79862581,2026-01,3,GEN,Can someone help explain Python&#39;s mypy issue with Incompatible return value type due to covariance when returning a sub type of a union
79862560,2026-01,3,GEN,Awaiting a coroutine through button &#39;on_press&#39; in kivy (kv lang)
79862465,2026-01,3,GEN,How to use pydantic evals to test prompts
79862438,2026-01,3,GEN,Vectorise coincidences lookup between numpy arrays
79862309,2026-01,2,VER,How to show the actual viewport of the camera feed without cropping?
79862288,2026-01,2,VER,Why do the Centroid function and centroid method return (slightly) different results
79862746,2026-01,1,VER,Polars (Python) is unable to read Unicode character U+2019
79860696,2026-01,1,VER,Screen reader fails to read correct list entries in Python textual app
79860100,2026-01,1,VER,NeMo ASR: ModuleNotFoundError &#39;ctc_decoders&#39; when changing decoding strategy to Beam Search in Google Colab
79860690,2026-01,1,VER,No print output after calling CpSolver.Solve() in OR‑Tools
79859306,2026-01,2,VER,how to increase line width in Scrapy logs
79859287,2026-01,3,GEN,How do transactions with FastAPI Depends() work?
79859269,2026-01,1,VER,LangGraph seems to ignore tool outputs with Gemini models
79859255,2026-01,2,VER,How to consume messages routed from rabbitmq mqtt plugin through rabbitmq streams
79859237,2026-01,3,GEN,I have 3 different account types in a Django project. Should I use 1 or 3 apps?
79859176,2026-01,4,GEN,Retrieving private attributes from a class
79859119,2026-01,3,GEN,Place a &lt;link&gt; tag in the HTML &lt;head&gt; tag
79859099,2026-01,2,VER,Get the HMENU of a tk Menu on Windows
79859000,2026-01,3,GEN,"What scipy function to use to estimate this 2D problem with rotation, translation and scale"
79860726,2026-01,2,VER,How to preserve all digits when reading Excel number with Polars when casting to String (Utf8)?
79859443,2026-01,2,VER,Custom FlaskWTF form errors not showing in template even with validate_on_submit()
79858834,2026-01,1,VER,Failure to build docker image for micromamba
79858827,2026-01,3,GEN,Is it possible to twist the `xml.etree.ElementTree` parser to accept WebForms .aspx syntax?
79858798,2026-01,3,GEN,Is it correct to use build() in Keras to create internal layers that depend on input_shape?
79858789,2026-01,2,VER,How to ergonomically perform matrix multiplication inside Polars streaming engine?
79858762,2026-01,1,VER,PySide6 Timing differences
79858728,2026-01,1,VER,Error in taskiq python while executing dynamic interval schedules
79858666,2026-01,2,VER,What-if analysis using Python or Excel
79858654,2026-01,1,VER,Why isn&#39;t this emitting the message?
79858562,2026-01,1,VER,PySide6 QOpenGLWidget flickers even with minimal example inside a layout
79858534,2026-01,3,GEN,lambda boolean equality operator usage without outer triger mechanism
79858533,2026-01,1,VER,ADK Google Gemini: &quot;Session not found: default when&quot; using InMemoryRunner with LlmAgent
79858829,2026-01,2,VER,"How to write binary bytes to file, NOT ASCII"
79859523,2026-01,3,GEN,Count intersections of an Android swipe code
79858891,2026-01,2,VER,"tkinter, Selecting multiple using arrows+shift (or ctrl)"
79859608,2026-01,2,VER,High Risk Segment Customers
79859541,2026-01,2,VER,Reading in XML data in python
79860671,2026-01,1,VER,How to export connections results in Plaxis Output with Python
79860592,2026-01,1,VER,plotly express trendline cannot import name &#39;_lazywhere&#39; from &#39;scipy._lib._util&#39;
79860536,2026-01,1,VER,Keras to_categorical results in different memory allocation error every re-run
79860485,2026-01,4,GEN,Why does modifying a list while iterating over it in Python skip elements?
79860470,2026-01,3,GEN,Sending a one-way live stream of the computer screen on startup to a web app via WebRTC
79860469,2026-01,3,GEN,"max-request, reload-on-rss are applicable only for workers. Then how to avoid memory leaks in mules?"
79860242,2026-01,3,GEN,How to set journaling mode in Python 3.12 and Sqlite3 with autocommit=False
79860235,2026-01,1,VER,Locust webui is not overriding the default values if any defaults are provided (Locust 2.43.0 / Python 3.14.2)
79860131,2026-01,3,GEN,Why should I set the parent of a widget to the canvas when placing it as window item?
79860107,2026-01,1,VER,Problems using local OLLAMA during embedding to ChromaDB
79860334,2026-01,1,VER,Tkinter does not display Frames correctly after grid_remove() under macOS
79860071,2026-01,1,VER,"Debugging problems with uv, Polars, and Visual Studio Code"
79859774,2026-01,3,GEN,How to configure PyCharm for a monorepo with separate Django and Next.js project roots?
79859815,2026-01,3,GEN,Launch suprocesses in Python by chunks and wait until end for start the next chunk
79859865,2026-01,1,VER,&quot;django.db.utils.NutSupportedError: extension &#39;postgis&#39; not available&quot; error being thrown despite having postgis installed in Python virtualenv
79859898,2026-01,3,GEN,How to generate __slots__ based on annotations in Python 3.8-3.14
79859731,2026-01,3,GEN,binary string code note working with condition
79859979,2026-01,4,GEN,Keras Conv3D input shape clarification: spatial dimensions vs width/height/depth
79859983,2026-01,3,GEN,Is using setattr + list to create a variable number of sublayers serializable?
79860056,2026-01,2,VER,Why doesn’t linting appear in VS Code after installing the Python extension?
79859902,2026-01,2,VER,"In Gimp 3, how to use `curves_spline` and `HISTOGRAM_VALUE` in Python-Fu plug-ins?"
79883562,2026-02,1,VER,jinja2.exceptions.TemplateNotFound: Abi-10-100m-Back.html
79883927,2026-02,2,VER,Install Python Package with *portable* Microsoft C++ Build Tools
79883915,2026-02,2,VER,How to generate the checksum in threadedComment hyperlink extension?
79883908,2026-02,3,GEN,Using advisory locks to coordinate database activity
79883874,2026-02,3,GEN,How do I embed a FigureCanvasTkAgg in a class?
79883804,2026-02,3,GEN,How to sync a Python List of Canvas IDs with canvas.delete(&quot;all&quot;) to avoid errors in an Undo function?
79883792,2026-02,2,VER,How to properly handle LSTM states during training with SliceSampler in TorchRL?
79883776,2026-02,2,VER,Str() function being treated as a class object; Seems to be clashing with pylance
79883703,2026-02,2,VER,parse_latex() incorrectly parsing Latex to Sympy
79883573,2026-02,4,GEN,Why does Python attempt item assignment after in-place += on a mutable element inside a tuple?
79883504,2026-02,4,GEN,How to apply numpy vectorization to a function with optional arguments?
79882958,2026-02,2,VER,Pillow is inverting colors on images
79883470,2026-02,3,GEN,How can I save an image after altering its color?
79883442,2026-02,3,GEN,"Plot time evolution of a function y(x, t) in matplotlib (Python) where y and x are parameterized"
79883287,2026-02,3,GEN,"Merging 2 dataframes using ffill, but finally only retaining the rows from the first dataframe"
79883275,2026-02,1,VER,Getting an TypeError when trying to use parse_latex()
79883151,2026-02,4,GEN,Extract nested dictionary values into flat data for dataframe
79883128,2026-02,3,GEN,How to find children of each node using git log
79883038,2026-02,1,VER,Shelve sqlite3.OperationalError: disk I/O error
79883033,2026-02,3,GEN,How to check if 1000+ Twitter users have tweeted a specific keyword without using the paid API?
79882976,2026-02,3,GEN,Set status RUNNING for default automation condition sensor
79885268,2026-02,1,VER,How do I upload a domain contact photo in Google Workspace?
79883495,2026-02,3,GEN,Type-hint variable/argument that itself is a type but should allow Unions
79884041,2026-02,4,GEN,How to match noisy GPS data to a known route?
79882944,2026-02,2,VER,Halide python API - interleaved image format support
79884126,2026-02,2,VER,SWIG wrapped C++ object deleted prematurely
79885139,2026-02,3,GEN,Creation of large Numpy tables with broadcasting - how to speed-up
79885116,2026-02,3,GEN,PyQt: how to view stdout and stderr in real time without the possibility of accidentally closing the terminal
79885104,2026-02,2,VER,Python Input Queue Issue
79885063,2026-02,1,VER,GluonTS DeepAREstimator fails to load checkpoint in PyTorch 2.6
79885047,2026-02,1,VER,&quot;from torch_geometric.data import Data&quot; throwing an error
79885044,2026-02,2,VER,How to implement loglikelihood() for an MLX-based lm-evaluation-harness using mlx_lm?
79884940,2026-02,2,VER,"How can I make an autoclicker start on a physical mouse press and stop on release, when its simulated events override the real button state?"
79884930,2026-02,3,GEN,How to safely quote a fully qualified table name as a string literal for casting in psycopg2 / psycopg?
79884849,2026-02,1,VER,Problem with vectorization of non-broadcastable inputs
79884813,2026-02,2,VER,Fetching large datasets from SAP HANA using hdbcli in Python is very slow
79884111,2026-02,2,VER,Query executed with PyMySQL resulting in copies of column names
79884665,2026-02,4,GEN,How to use numpy.where on non-broadcastable arrays?
79884645,2026-02,1,VER,"A fatal error occurred: python-security-extended.qls is not a .ql file, .qls file, a directory, or a query pack specification"
79884588,2026-02,3,GEN,How can I use Python to get the selected joint in Maya&#39;s weight paint menu?
79884564,2026-02,2,VER,PaddleOCR predict() method throws NotImplementedError
79884485,2026-02,2,VER,Training Tesseract to decode the Epstein Files
79884426,2026-02,1,VER,conflict between tensorflow and pyopengl
79884369,2026-02,1,VER,post training quantized model gets the error &quot;Copying from quantized Tensor to non-quantized Tensor is not allowed&quot; even though I&#39;m not copying tensor
79884362,2026-02,4,GEN,What is the rationale for having two distinct operators (*args and **kwargs) for arbitrary arguments in Python?
79884360,2026-02,2,VER,Calling `input()` just before termination gives ValueError: I/O Operation on closed file
79884292,2026-02,3,GEN,Colour code a variable where the value is dependent on previous user input
79884198,2026-02,3,GEN,"Transform points from one coordinate system into another, given only two poses"
79884657,2026-02,4,GEN,"In Python 3.14 free threading, is list.pop() thread-safe?"
79882907,2026-02,3,GEN,Improving lookup time on Python dictionaries with string keys
79881972,2026-02,1,VER,Python logging error: Unexpected error occurred: cannot schedule new futures after shutdown
79882683,2026-02,1,VER,Telegram OAuth with django
79881685,2026-02,1,VER,PyTorch and NVIdia Flare is taking all computing resource on machine learning experiments
79881680,2026-02,1,VER,Getting 404 not found when I make a post request to flask + nginx
79881660,2026-02,2,VER,How to get coordinates of picked points with open3D?
79881625,2026-02,2,VER,Is there a different way to get the menu in this simple Open3D Python script?
79881611,2026-02,2,VER,Issues with hyphenated variable in dictionary
79881411,2026-02,3,GEN,How do you retry Playwright tests in Python?
79881410,2026-02,1,VER,ODBC Driver crash when connecting to Access 2010 database in PyQt5 thread
79881313,2026-02,2,VER,Alembic Multitenant Aws
79881256,2026-02,2,VER,unable to import local package when renaming in setup.py
79881189,2026-02,2,VER,Dash Plotly charts axis labels shows scientific values for small numbers
79881186,2026-02,3,GEN,Pillow rendering multiline text for typewriter overlay
79881063,2026-02,2,VER,pyqt ROI position depends on zoom
79880863,2026-02,2,VER,Is this BLE Advertisement packet out of spec? How can I emulate it?
79880732,2026-02,1,VER,Freecad python script to create puzzle - fuses work but cuts only partially work
79880701,2026-02,1,VER,Python script for automating the extraction of document links from a comapany network and writing to an Excel file
79880560,2026-02,2,VER,matplotlib axes3d how to use all window space plotting
79880532,2026-02,4,GEN,Best practices for structuring Django REST APIs for maintainability and scalability
79880521,2026-02,3,GEN,How to conditionally constrain Union types in Python?
79880487,2026-02,1,VER,Undo doesn&#39;t emit `notified_changed` signal in a GTK/Python application
79880442,2026-02,2,VER,Silencing NumPy Divide-by-Zero Warning while maintaining bit-for-bit parity with F77 Double Precision
79880338,2026-02,3,GEN,Is it possible to provide manually-calculated percentages to tqdm?
79881766,2026-02,3,GEN,Generate peanut-shaped 3D volume mesh in GMSH
79881832,2026-02,3,GEN,Does it make sense for pathlib PurePath objects to contain glob-style asterisk patterns?
79882743,2026-02,3,GEN,Wrap lines in Spyder 6 editor
79881964,2026-02,2,VER,Python Matplotlib: Animation does not update plot alongside series of images
79881923,2026-02,2,VER,clone metadata in deepstream pipeline in python
79882503,2026-02,4,GEN,Automating Image Classification for Website Content Using Computer Vision
79882494,2026-02,1,VER,"GitLab CI: Unable to download job artifact from another project – CI_JOB_TOKEN returns 404, private token returns 401"
79882492,2026-02,4,GEN,Most efficient way to merge two lists of dictionaries by a shared key in Python?
79882457,2026-02,4,GEN,Python Call Base Class Stringification
79882413,2026-02,2,VER,Cannot resolve circular reference between two models
79882369,2026-02,4,GEN,How do I properly import a self-written module which depends on a third-party module within a program?
79882294,2026-02,1,VER,"is_dir() returns False for relative path, but True for resolved path"
79882282,2026-02,3,GEN,Why does .view() fail after permuting dimensions for a GRU?
79882256,2026-02,4,GEN,How do I extend my Python cash machine program to handle multiple accounts?
79882253,2026-02,2,VER,Is there a way to use sc.exe create instead of NSSM for a Uvicorn/FastAPI application?
79882296,2026-02,2,VER,Trying to write a Python plug-in for Gimp version 3.0.8 that selects a polygon
79882200,2026-02,2,VER,cupy kernel template for elementwise reductions
79882192,2026-02,2,VER,Selenium nested for loop iteration in iteration over urls
79882176,2026-02,2,VER,OTEL Auto Instrumentation for Python Logging
79882004,2026-02,2,VER,Writing grammar and token output
79882152,2026-02,4,GEN,"How to build crash-resumable, deterministic workflows in Python without a full workflow engine"
79882151,2026-02,3,GEN,Getting mypy to recognize tuple of certain length
79882150,2026-02,3,GEN,Multiple buttons to call the same function
79882101,2026-02,2,VER,Selenium can extract button text but can&#39;t click it
79882097,2026-02,3,GEN,Keras Loss from multiple output layers
79882058,2026-02,3,GEN,Injecting .pth file for auto instrumentation
79882231,2026-02,1,VER,I&#39;m tying to combine Excel files from two different years of labor costs. One of the files numerical data is doubling and I can&#39;t find the reason
79901739,2026-03,4,GEN,Advice for setting up the environment of a python project
79901763,2026-03,2,VER,Making a 2D data table in Flask/Python/SQLAlchemy
79901911,2026-03,2,VER,Disable VSCode Debugging Info In Editor
79902182,2026-03,3,GEN,How to best organise python dependencies for Linux /usr/local/bin scripts
79901940,2026-03,3,GEN,Data visualization with clear bars on a histogram?
79902015,2026-03,1,VER,Troubleshooting KeyError: &#39;font_color_row_striping_background_color&#39; with python&#39;s Great Tables package
79902161,2026-03,2,VER,How to avoid X11 race condition when multithreading with PyAutoGUI?
79901699,2026-03,3,GEN,"What do you do when you want to split column but your dataframe was fused and transposed, and that column is now an index?"
79901927,2026-03,2,VER,PYTHONHISTORY doesn&#39;t do anything
79901639,2026-03,2,VER,Row filtering a QTableWidget in PyQt5
79901060,2026-03,1,VER,Why I am unable to close the A Tkinter frame and create another one?
79901558,2026-03,4,GEN,Is it possible to pass in the base object when calling a sub function?
79901507,2026-03,3,GEN,Running a Python script echoing the command that is run
79901475,2026-03,2,VER,How to not get Invalid Date after inserting into snowflake DB
79901234,2026-03,3,GEN,Automatic Data Sending
79901226,2026-03,2,VER,Copying a list using [:}. and trying to make everything in the new list lower case using lower()
79901202,2026-03,3,GEN,"Python gcode simulation (x,y,z vs time)"
79901200,2026-03,4,GEN,Why does this assignment fail but not cause an error?
79901198,2026-03,3,GEN,Automatically fail all tests that write to stdout or stderr
79901132,2026-03,3,GEN,Python 3.10+ equivalent to `distutils` package
79902222,2026-03,4,GEN,Unescape string to get special character from user input
79901629,2026-03,3,GEN,Transforming TypeVarTuple in Python
79902227,2026-03,4,GEN,Is using Singleton pattern in Python viable for global Configuration object?
79902760,2026-03,4,GEN,How can I host a Jupyter Notebook (.ipynb)
79902404,2026-03,2,VER,"NL-to-SQL pipeline with PostgreSQL — join path selection, reserved word errors, and query accuracy"
79900921,2026-03,4,GEN,Which Python GUI frameworks expose native Windows UI Automation properties correctly?
79903290,2026-03,2,VER,"Show class summary, but hide attributes"
79903170,2026-03,1,VER,AsyncHtmlLoader not fetching the Wikipedia page
79903103,2026-03,1,VER,Setting postToAts in Interactive Brokers Python API
79903031,2026-03,3,GEN,How can I make methods of a subclass of Python numeric class return instances of the subclass?
79903012,2026-03,3,GEN,How to make Django Models store `DateTimeField` without microseconds?
79903003,2026-03,2,VER,Detecting a face with OpenCV
79902880,2026-03,4,GEN,StopIteration error when calling next() on a Python generator multiple times
79902878,2026-03,4,GEN,Is it possible to get a programming job with just a certificate
79902845,2026-03,4,GEN,What exercises improve problem-solving skills in programming?
79902274,2026-03,2,VER,Developer python environments including DLLs
79902827,2026-03,4,GEN,Ways to loop through list of dictionaries containing a known pair of keys
79902793,2026-03,3,GEN,How can I shorten this border checking code?
79902744,2026-03,1,VER,PyQt - QTabWidget - Tabtext font when moving tabs
79902736,2026-03,3,GEN,Django version upgrade while using Django River 3.3.0
79902571,2026-03,4,GEN,Data science hw problem that i cant solve
79902556,2026-03,1,VER,Having troubles with mask collision in Pygame
79902546,2026-03,2,VER,Cannot Read Data from Nested Serializer in Django REST Framework
79902534,2026-03,3,GEN,Update Pandas Series with Multiindex
79902528,2026-03,3,GEN,Creating a python script that calculates large permutations
79902489,2026-03,2,VER,Airflow task_group conditional logic always enters else block even when env is &quot;PROD&quot; or &quot;STAGE&quot;
79902424,2026-03,3,GEN,How can I make my tangent numbers generating class resumable?
79902824,2026-03,3,GEN,What would be the best way to drop pandas dataframe rows based on an index condition with a MultiIndex?
79900876,2026-03,4,GEN,What is the actual difference in using composition versus inheritance?
79900825,2026-03,4,GEN,How to build strong fundamentals of programming without using AI
79898663,2026-03,2,VER,Terminal closing after outputting code result
79899534,2026-03,3,GEN,How should the settings priority system work?
79899514,2026-03,3,GEN,What kind of audio mixing and audio manipulation should my discord like voice communication program do?
79899422,2026-03,1,VER,CompositeVideoClip Error - Python 3.14 - moviepy 2.2.1
79899392,2026-03,1,VER,Pymodbus library communication delay
79899371,2026-03,1,VER,Unity: ML-Agents training freeze with RenderTexture on Unity 6.3 LTS and ML-Agents 4.0.2 (eventually resumes)
79899362,2026-03,3,GEN,Forcing widget to the bottom of a vertical box
79899359,2026-03,1,VER,Warning and visual glitch on a simple ColumnView
79899300,2026-03,2,VER,Annotation of getter/setter methods in stub files
79899247,2026-03,1,VER,Direct Collocation Oscillating Reconstructed State Trajectory
79899165,2026-03,2,VER,"Using matplotlib to build report of survey responses, what is the most efficient way to tally likert scores?"
79899547,2026-03,3,GEN,Flatten multindex column in a pipe in pandas
79899066,2026-03,1,VER,SQLite doesn&#39;t see all columns of my table
79898994,2026-03,2,VER,Scrolling secondary scrollbars in webpage using Python Playwright
79898983,2026-03,3,GEN,Compile list with more than one argument
79898958,2026-03,2,VER,How to make my code less messy and more readable?
79898950,2026-03,4,GEN,How can I connect HTML and Python without using any libraries or frameworks?
79898910,2026-03,3,GEN,Faster way to apply a function across rows?
79898900,2026-03,3,GEN,How to apply a mask row by row in polars?
79898762,2026-03,4,GEN,How initializing weights with large value causes vanishing gradient problem in neural network
79898673,2026-03,1,VER,Distributed computing with Ray/Python has no parallelism at all on GCP
79898671,2026-03,4,GEN,Namespace tracking best practices
79900801,2026-03,3,GEN,How to improve the text retrieval accuracy from the image
79899009,2026-03,1,VER,Member permissions must be used when using member as author - LinkedIn API
79899551,2026-03,2,VER,"Remove library without removing source, to reflect changed dependencies of the library"
79899178,2026-03,4,GEN,Unique combinations of length 2^N of four elements with constraints
79899625,2026-03,3,GEN,Creating a custom mock object with internal state in Python
79899563,2026-03,1,VER,Ray scheduler isn&#39;t getting assigned any tasks/actors
79900760,2026-03,2,VER,dict to dataframe to export in Excel
79900718,2026-03,3,GEN,How to annotate a function that takes a type annotation as an input and apply it to the output?
79900624,2026-03,2,VER,How to delay code? I need my program to wait until first code finish and run next one step by step
79900588,2026-03,4,GEN,Resources to learn coding
79900580,2026-03,4,GEN,Private AI Chatbot
79900562,2026-03,1,VER,Using Dynaconf&#39;s @get with a list produces an unexpected nested dict/map
79900558,2026-03,1,VER,Issue with image on tooltip Plotly/Dash
79900523,2026-03,3,GEN,Best practices to apply pytest-recording @pytest.mark.vcr to tests in a large test suite?
79900482,2026-03,1,VER,Difference in Measuring Latency of (torch.)Multiprocessing.Queue
79900473,2026-03,4,GEN,I am learning the Python programming language
79900764,2026-03,1,VER,"Teams OAuthPrompt Inconsistent Behavior – Sometimes Works Without Magic Code, Sometimes Returns CancelledByUser and Requires Manual Code"
79900405,2026-03,1,VER,Spotipy: playlist_add_items() returns 403 error
79900434,2026-03,3,GEN,pattern recognition with times series
79899804,2026-03,1,VER,Jupyter kernel crashes when loading local HuggingFace .safetensors model with AutoModelForCausalLM
79899823,2026-03,2,VER,How to meaningfully represent unseen but defined data in AI?
79899979,2026-03,3,GEN,Efficiently processing 1 year of daily historical files using dataflow
79900053,2026-03,2,VER,Multiple QHBoxLayouts don&#39;t line up when using weights
79899633,2026-03,4,GEN,Floor of Natural Logarithm
79900176,2026-03,2,VER,How to maintain feature alignment when passing a custom model wrapper to SHAP KernelExplainer?
79900315,2026-03,1,VER,Data Wrangler in Jupyter Notebook is not displaying
79900348,2026-03,1,VER,Cannot create already existing resource – when creating a ContainerApp in 2 steps (bootstrap + final) with system-assigned managed identity
79900081,2026-03,1,VER,Hashicorp Vault OSS: cannot login with python hvac library but ok with Curl
79921779,2026-04,3,GEN,"Remesh a surface while preserving exact boundary vertex positions and count in Python (preferably PyVista / trimesh), open to alternate libs"
79922248,2026-04,3,GEN,Type narrowing a generic sequence argument in python
79922241,2026-04,1,VER,Django multitenancy
79922227,2026-04,3,GEN,Is train_test_split always necesary to Principal Component Analysis?
79922109,2026-04,3,GEN,Design of Child classes inheriting function from parent with minor differences in params (API Requests)
79922076,2026-04,2,VER,vtkSampleFunction normals using a mask
79921992,2026-04,1,VER,Odoo 18: How to filter analytic accounts in analytic_distribution widget programmatically?
79922249,2026-04,2,VER,How to test langgraph Functional API entrypoints
79921981,2026-04,1,VER,How to resolve the error &#39;Failed to build &#39;protlib&#39; when getting requirements to build wheel&#39;
79921931,2026-04,4,GEN,Type of the Variable to Store a Type Information of Another Variable
79921748,2026-04,3,GEN,Is it okay to poll every second?
79921190,2026-04,3,GEN,Refactoring OOP methods with exec()
79921515,2026-04,2,VER,How to change QML&#39;s import directory when in a Python based QtQuick project?
79921476,2026-04,3,GEN,Building a process with ProcessBuilder from a .py script?
79921445,2026-04,1,VER,Trying to connect Claude desktop MCP to Home Assistant - Error: pywin32-311.data locked
79920989,2026-04,2,VER,QSqlQueryModel is returning the right number of rows but they are all blank
79920823,2026-04,2,VER,Multiple workers using the same log file
79920736,2026-04,3,GEN,How to safely remap (resize) mmap in Python while other threads are reading?
79920733,2026-04,1,VER,Failing to check
79920702,2026-04,4,GEN,How to properly use the Decorator pattern to add Memoization to recursive algorithms in Python?
79920675,2026-04,3,GEN,Water sewage demand
79923862,2026-04,3,GEN,"Programmer owns the architecture, AI implements crate-level modules in Rust — how does this compare to other languages?"
79921609,2026-04,3,GEN,How can I write this code in a more professional way?
79922267,2026-04,4,GEN,"Why does pandas apply return NaN when function lacks return statement, instead of keeping original value?"
79920650,2026-04,2,VER,WTF Flask dynamically built forms. How to deal with name attribute
79922319,2026-04,3,GEN,How to print multiple Database tables one by one?
79923826,2026-04,3,GEN,Infinite sum involving a parameter
79923665,2026-04,3,GEN,How to convert query results into dict using Python?
79923659,2026-04,3,GEN,Coding parts of a 61131-3 source Program in an external language: one that 61131 does not define
79923606,2026-04,3,GEN,First text based game
79923563,2026-04,2,VER,How to add string signal to mdf file asammdf python
79923258,2026-04,1,VER,Why does PyQt5 block write access to another program (&quot;server-based&quot;)?
79923241,2026-04,3,GEN,"How to visualize a dense, gappy time series with spikes in Python?"
79922985,2026-04,3,GEN,How to do a multiline merge-request-description from the commandline
79922950,2026-04,4,GEN,What is the easiest way to convert nested JSON to Python dataclasses automatically?
79922929,2026-04,2,VER,Missing minus signs in symlog scale
79922292,2026-04,3,GEN,How to make a 3D plot from a 3D numpy array
79922888,2026-04,2,VER,How to read custom extras / user data from a GLB file using pythonOCC
79922800,2026-04,3,GEN,Solving maximal set packing using OrTools in Python
79922713,2026-04,3,GEN,OCR output contains “garbage” characters after special symbols (mojibake / control chars) — how to reliably clean before returning from LLM?
79922675,2026-04,3,GEN,How to implement real-time file scanning with FastAPI and background workers?
79922604,2026-04,3,GEN,Pandas isn&#39;t showing all the rows I have set with max_rows
79922555,2026-04,4,GEN,How to paginate and process large JSON API responses in Python without hitting errors or duplicates?
79922538,2026-04,3,GEN,Subtracting a blank spectrum from a sample in Raman spectroscopy data
79922469,2026-04,2,VER,How to remove the white background of a symbol when outputting using OpenCascade&#39;s AIS_Textlabel?
79922356,2026-04,4,GEN,How do I check against multiple values in an if statement?
79922348,2026-04,2,VER,How can I format a private SSH key as an environment variable for an Azure Function?
79922326,2026-04,2,VER,How to make a 2 Label Confusion Matrix and exporting into a json file?
79922871,2026-04,2,VER,Rotating NumPy indices to produce a rotated image works only in two of four segments
79920642,2026-04,2,VER,How to secure encryption key
79919655,2026-04,3,GEN,How to create dynamically-named objects in a for loop in Python where the name is based on the items in the list that you are iterating through?
79920454,2026-04,2,VER,"Stitching image slices using x,y,width,height results in misalignment – what am I missing?"
79919401,2026-04,3,GEN,Why do i get &quot;maximum recursion depth exceeded&quot; in my code for the Collatz sequence?
79919400,2026-04,1,VER,Handling Unexpected Disconnects in DLMS
79919352,2026-04,2,VER,Exceeded max user connections in python / flask / mysql
79919245,2026-04,1,VER,Flask redirect causes session details not modified
79919189,2026-04,1,VER,Custom PyEnvironment time_step and time_step_spec do not match
79919186,2026-04,1,VER,Problem printing an image on a zebra printer
79919173,2026-04,2,VER,Pandas IndexError: DataFrame indexer is not allowed for .iloc
79918995,2026-04,4,GEN,How should beginners approach learning Python development?
79918782,2026-04,2,VER,How to do 32 byte Extended Read CRC16 on DS28EC20 20Kb 1-Wire EEPROM
79918666,2026-04,2,VER,Why is my Perlin Noise algorithm not blending in between grid cells?
79918462,2026-04,2,VER,Pandas aggregate() creates weird DataFrame
79918442,2026-04,3,GEN,How to validate attribute relative to another when instantiating class
79918389,2026-04,2,VER,"Sklearn Pipelines, adding features and column transformers"
79918351,2026-04,4,GEN,How should we interpret this function signature?
79918340,2026-04,1,VER,Extracting skills and professional experience from career networking platform profiles
79918326,2026-04,2,VER,PyDirectInput hotkey(Win+D) outputs &#39;d&#39; instead of showing desktop
79918324,2026-04,3,GEN,`dnf provides` for `pip`
79918294,2026-04,3,GEN,Can I create a layer in Keras that de-scales my output?
79918291,2026-04,2,VER,Python treemap with first level as color and legend rather than labels
79918243,2026-04,2,VER,Intersection of PolyData and ImageData in VTK Python
79920617,2026-04,4,GEN,Create a book manager with a json file using python
79919502,2026-04,2,VER,Camera with Isaac Sim 5.1
79919524,2026-04,2,VER,Trying to import numpy inside custom library
79918923,2026-04,3,GEN,Can this Python logical expression be replaced with a Numpy one?
79919651,2026-04,1,VER,Pycharm: UnicodeDecodeError: &#39;utf-8&#39; codec can&#39;t decode byte 0xce in position 1023
79919603,2026-04,4,GEN,Why does a function seem to be executed more times than the number of elements passed to np.vectorize(function)?
79920405,2026-04,2,VER,Get Citation Count of Paper From Last 12 Months
79920382,2026-04,1,VER,New conda enviornment for mpv still ModuleNotFoundError
79920353,2026-04,3,GEN,Static verification of type compatibility across Python + YAML + JSON Schema pipeline stage boundaries
79920334,2026-04,4,GEN,How to refactor multiple if-elif statements into a Strategy pattern in Python?
79920283,2026-04,3,GEN,Free Python TTS libraries that won&#39;t fail after deployment
79920255,2026-04,2,VER,"Querying pandas with SQL, not returning new dataframe"
79920153,2026-04,2,VER,python-semantic-release + Woodpecker CI: How to support RC builds and keep a grouped changelog for the final release?
79920136,2026-04,2,VER,python trying to plot a DFA with networkx and matplotlib
79920096,2026-04,2,VER,Wake-on-lan script working but browser jumps to 404 after execution
79920013,2026-04,2,VER,Drawing LaTeX image in pyside6 using TextObject
79920233,2026-04,2,VER,Player passes through walls in Panda3D — collision boxes created from mesh bounds seem ignored
79920409,2026-04,4,GEN,How to implement a Strategy pattern for different pathfinding algorithms in Python?
79919975,2026-04,4,GEN,Why does removing elements from a list in a for loop in Python skip values?
79919706,2026-04,2,VER,escape circular imports with fastapi
79919712,2026-04,4,GEN,Why does np.vectorize(function) avoid an integer overflow which the function itself encounters when not wrapped in np.vectorize?
79919746,2026-04,4,GEN,"Why does numpy warn me about overflow in scalar subtract if it happens with an np.uint8-typed int, but not when the same value is part of a 0-d array?"
79919789,2026-04,2,VER,python imported variables working for some functions only
79919695,2026-04,3,GEN,Styling widgets inheriting from ttk.Frame or ttk.Labelframe - ok to add your own custom options?
79919837,2026-04,3,GEN,Pseudocode / flowchart help needed! (Python Coding Class)
79919883,2026-04,1,VER,Azure Document Intelligence begin_analyze_document error: Connection string is either blank or malformed
79919891,2026-04,4,GEN,"Why does np.vectorize promotes np.uint8 elements of a 1-d array to int, but leaves types of list elements unchanged?"
79919811,2026-04,4,GEN,Why does summing a complex and a np.float64 value give a complex value instead of a np.complex128 value suggested by the Numerical promotion rules?
79937810,2026-05,4,GEN,How to Schedule Weekly Asyncio Tasks
79937978,2026-05,3,GEN,"Flask: Dynamically update HTML view when Excel data changes (reload-based, no JS polling)"
79937971,2026-05,3,GEN,Screenshot a specific widget in tkinter
79937962,2026-05,3,GEN,cosine but with little distance duplication at radius_neighbors
79937938,2026-05,0,VER,VBA Macro migration tool into Python
79937914,2026-05,4,GEN,How to optimize BFS for “Minimum Jumps to Reach End via Prime Teleportation” (LeetCode 3629)?
79937884,2026-05,2,VER,"implement case when statement with dict items and two column values, return true if match"
79937863,2026-05,3,GEN,Using pandas shift and rolling for ML model
79937846,2026-05,2,VER,JSONRPC Validation Error from Python FastMCP
79937763,2026-05,3,GEN,"Using MONAI sliding_window_inference with multi-output model, how to use predictor for only one output?"
79937273,2026-05,2,VER,How to keep the native &quot;Leave a comment&quot; button in a Telegram Channel or maintain the native Thread View when adding an Inline Keyboard via Bot API?
79937573,2026-05,4,GEN,How do I create an authentication feature with FastAPI and React?
79937550,2026-05,3,GEN,Tkinter frame placement
79937545,2026-05,1,VER,Elasticsearch reindex with ELSER pipeline succeeds but only generates embeddings for fraction of documents - no failures reported
79937514,2026-05,2,VER,Plotly creating multiple duplicate graphs
79937471,2026-05,3,GEN,How to force SMS verification code instead of Telegram app notification using Telethon?
79937386,2026-05,1,VER,Conda install pip does not show up in venv in ubuntu
79937362,2026-05,4,GEN,How to parse fuzzy text descriptions into structured time-series data in Python?
79937333,2026-05,0,VER,Got error code `TNBHSUR_7331` when setup python workspace
79937320,2026-05,2,VER,DDBDataLoader raises SQL parse error when where sym in list exceeds ~130 elements
79938010,2026-05,2,VER,How reload plugin automatically after installing in the startup.py script
79937601,2026-05,3,GEN,How to plot PCoA ellipsoids in Python?
79938052,2026-05,2,VER,Trouble with bounding box collisions in pygame
79939025,2026-05,1,VER,"Cannot open google drive folders in a colab notebook, even though It&#39;s the correct path"
79938169,2026-05,4,GEN,Configure cv2.imshow() window to show image only
79937124,2026-05,3,GEN,Detecting audio transcoding with ffmpeg
79938961,2026-05,4,GEN,Remove metadata using pyton
79938907,2026-05,4,GEN,How to call a *.py from within Python along with a variable?
79938879,2026-05,3,GEN,Applying a specific condition for a total in python
79938829,2026-05,2,VER,Why does trying to call this external program from a Python script result in errors?
79938816,2026-05,1,VER,To store bootstrap folder terraform state to S3 backend with migration approach
79938797,2026-05,3,GEN,Best Synchronization Method Between REAPER and grandMA3 Using OSC and Timecode
79938784,2026-05,3,GEN,How to conditionally change table row background color using docxtpl?
79938737,2026-05,3,GEN,Recommended languages/APIs/frameworks for an online turned based word game
79938693,2026-05,2,VER,Why can&#39;t I turn off legend warnings in Matplotlib?
79938130,2026-05,2,VER,Epic FHIR OAuth2 `client_credentials` with JWT returns `invalid_client` — what am I doing wrong?
79938669,2026-05,3,GEN,Substituting values for variables in an expression does not give the expected result
79938463,2026-05,2,VER,Tracking Pymc progress in streamlit
79938439,2026-05,3,GEN,Manage context memory and Document retrieval in AI Agent
79938428,2026-05,3,GEN,Add character to value in Pandas Dataframe column if value is specific length
79938420,2026-05,4,GEN,SettingWithCopyWarning when filtering and updating a Pandas DataFrame?
79938405,2026-05,3,GEN,grpc.aio + uvloop raises BlockingIOError: [Errno 35] Resource temporarily unavailable
79938386,2026-05,2,VER,Nested pie chart with variable number of subsections per section
79938339,2026-05,3,GEN,cv2.fillPoly shift parameter has no effect at all
79938214,2026-05,0,VER,What Udemy Self Learning Courses Do You Suggest?
79938182,2026-05,3,GEN,Inconsistent nonzero: pandas sparse and dense arrays
79938176,2026-05,2,VER,Is it possible to change - for example the logo or text - on the FastMCP auth pop up page
79938654,2026-05,3,GEN,Typing a restricted wrapper of isinstance
79937087,2026-05,3,GEN,Double digit subscripts in Python output?
79935914,2026-05,4,GEN,Python enum.Flag : best practice for creating &quot;empty&quot; and &quot;full&quot; flags
79937075,2026-05,3,GEN,Guidance on Training an AI Connect 4 Bot
79935518,2026-05,1,VER,Creating a conda env within windows subsystem for linux
79935469,2026-05,2,VER,Problem Flet Python code : expand option not working
79935417,2026-05,4,GEN,How does BaseHTTPRequestHandler send HTTP headers and JSON response body in Python?
79935400,2026-05,2,VER,KDTree 2d index searching based on pivot_table vector error
79935335,2026-05,4,GEN,Python re.compile and REGEX patterns to clean-up name variations
79936872,2026-05,2,VER,Intercepting a TLS connection and serving a different certificate based on hostname
79935230,2026-05,2,VER,A python beginner needing help to set up python
79935096,2026-05,0,VER,How should I be fluent in python in 2 weeks?
79935088,2026-05,3,GEN,Detect 2 XML files
79934947,2026-05,1,VER,How to install pygame on Mac
79934876,2026-05,1,VER,Workaround for VS Code Flake8 linting failed with KeyError
79934842,2026-05,2,VER,Tkinter Label Class not placing label on window
79934840,2026-05,1,VER,bash kernel dies in jupyter notebook
79934819,2026-05,3,GEN,Protobuf compiler that injects deprecation warnings for `[deprecated = true]` fields
79934792,2026-05,2,VER,What is the best way for a django application to query a remote noise meter and update the live data in a users browser?
79934736,2026-05,2,VER,what is the best way to produce a dynamic dictionary
79934606,2026-05,1,VER,RAG pipeline returns correct answers but wrong page citations and occasional hallucinations (LangGraph + cross-encoder)
79934592,2026-05,2,VER,Loading pytest fixtures from separate Poetry package
79934545,2026-05,3,GEN,Python code in train.py how to update it into confusion matrix
79934522,2026-05,3,GEN,"One aync lock call or multiple async lock calls, what is better and safer in Python?"
79939072,2026-05,2,VER,In Pythonista how do you change to background colour of a button by tapping on it
79935672,2026-05,2,VER,Input validation error: &#39;1.57&#39; is not of type &#39;number&#39; from langchain_mcp_adapter
79935775,2026-05,2,VER,Access non-Iceberg Glue tables cross-account from Spark (Glue job) using AssumeRole
79935804,2026-05,2,VER,How to send multiple email attachments with the exact same filename without renaming in Python?
79935886,2026-05,3,GEN,How do I display an image using Tkinter Canvas?
79937049,2026-05,1,VER,YOLO11m fine-tuned on SKU dataset hallucinating and missing DuoPack detections
79936934,2026-05,4,GEN,Try adding star borders on the sides
79936904,2026-05,1,VER,&quot;exclude-newer&quot; does not respect duration
79936900,2026-05,4,GEN,Python `.split()` for Bash?
79936748,2026-05,3,GEN,How can I get multiple website team page data through automation
79936742,2026-05,2,VER,Image won&#39;t update despite variables being updated properly
79936685,2026-05,3,GEN,Proper unit testing of a project built using scrapy that is supposed to make many network requests and database operations
79936596,2026-05,3,GEN,Best practices for scaling LangChain agent architecture in FastAPI
79936578,2026-05,2,VER,Write multi-columns to CSV with for loop
79936577,2026-05,2,VER,Issues with Roll/Pitch/Yaw Calculation for ArUco Marker on 6DOF Robot Arm
79937078,2026-05,3,GEN,How to parse audio.cdindex
79936555,2026-05,2,VER,Python Request returns error: Basic Constraints of CA cert not marked critical
79936344,2026-05,1,VER,Struggling to get ML models to capture rare but dominant extremes
79936223,2026-05,2,VER,How to group connected materials and aggregate stocks in PySpark/SQL on Databricks
79936199,2026-05,3,GEN,Huggingface. Passing data to multimodal chat bot without having to save to files
79936126,2026-05,4,GEN,How to remove items from a list that contain special characters while iterating
79936102,2026-05,2,VER,Inconsistent result with tokenization
79936100,2026-05,4,GEN,How to store array references in a python list
79936041,2026-05,3,GEN,Adding together different numbers with respect to their units
79935974,2026-05,3,GEN,plt.savefig() truncates the image
79935956,2026-05,3,GEN,Optimizing dev-to-prod workflow for processing 38M+ rows with DuckDB and Polars on AWS Graviton3
79935906,2026-05,2,VER,PyCharm 2026: code inspection for extended regex features
79936481,2026-05,1,VER,All functions dissapearing as soon as I add eventHubTrigger?
79939094,2026-05,4,GEN,How Do Machine Learning Algorithms Improve Accuracy Over Time?
