question_id,ym,score,label,title
67781580,2021-06,1,VER,ASTVisitor class definition not found in Eclipse
67781607,2021-06,2,VER,How to throttle http connection
67781668,2021-06,2,VER,Identical java functions one errors
67781895,2021-06,4,GEN,Java String Array Iteration: Is there any way to make this simpler?
67781941,2021-06,3,GEN,Dynamic Bean configuration &amp; loading in spring boot
67782017,2021-06,2,VER,Spring Data JPA - Specification query
67782021,2021-06,3,GEN,Hibernate many-to-many infinite recursion
67782058,2021-06,3,GEN,Get absolute path to Java in Java programs
67782076,2021-06,3,GEN,More concise way of grouping characters in a String
67782113,2021-06,4,GEN,What does &lt;&lt;= or &gt;&gt;= mean in Java?
67782141,2021-06,4,GEN,What data type do I use for a MYSQL column to connect it to a Java List&lt;String&gt;?
67782148,2021-06,1,VER,Why is my program not running? I am in eclipse ide and its not running
67782192,2021-06,4,GEN,How to cube a squared answer using Java inheritance
67782208,2021-06,4,GEN,How do two lists share the same object？
67782370,2021-06,2,VER,A short Java program that uses multiple threads
67782405,2021-06,4,GEN,Array declaration and initialization in Java
67782420,2021-06,1,VER,I am getting this error while implementing cuberto liquid swipe animation -Could not GET &#39;https://maven.pkg.github.c
67782435,2021-06,3,GEN,How to connect to mulitple couchbase clusters from spring application
67782517,2021-06,3,GEN,"Apache Beam , mock external Clients initialized in @Setup Lifecycle method of DoFn"
67782524,2021-06,3,GEN,Migration when the structure of the data class changes
67782606,2021-06,2,VER,Adding Number Seperator to an Expression having operator and functions in java
67782689,2021-06,2,VER,How to get my desired results in Android Sqlite Search LIKE % where search key word in bangla language
67782697,2021-06,2,VER,How to get dll equivalent file in macos from the installed application
67782746,2021-06,1,VER,OpenJDK 16 shows as 17 on MacOS Apple Silicon when installed with Homebrew
67782815,2021-06,3,GEN,Android Studio create vector asset with only outside the image transparent
67782954,2021-06,3,GEN,Abstract properties in an abstract class
67782964,2021-06,3,GEN,Set three parameters for progress bar in android studio
67782975,2021-06,3,GEN,How to fix the &#39;&#39;module java.base does not &quot;opens java.io&quot; to unnamed module &#39;&#39; error in Andro
67783203,2021-06,3,GEN,Get the list of String from a HTTP response in JAVA
67783205,2021-06,3,GEN,Log4j2 Can I include users&#39; name in pattern layout of log4j2?
67783280,2021-06,2,VER,How to fix &quot;Required request part is not present&quot; in a Spring Boot multipart upload
67783281,2021-06,3,GEN,Why is scanner reading no input and exiting function?
67783313,2021-06,3,GEN,How to better structure the artifacts of a java library with plugins
67783328,2021-06,2,VER,Servlet context isn&#39;t set only when building a WAR
67783489,2021-06,2,VER,"Using REST Assured, how can I validate the data type in an array of Json object"
67783506,2021-06,2,VER,Android smooth audio waveform
67783555,2021-06,2,VER,PLS-00306 with SimpleJdbcCall calling function
67783580,2021-06,3,GEN,LocalDateTime to milliseconds difference in Java 8 and Java 11
67783747,2021-06,3,GEN,Spring Boot + k8s - autodiscovery solution
67783754,2021-06,2,VER,how to Compare list element in order to get the maximum value?
67783866,2021-06,4,GEN,AP CS Practice Question about Inheritance
67783918,2021-06,3,GEN,Vaadin Refer to mainLayout from RouterLayout
67783936,2021-06,2,VER,"Android web view is not loading, from asset folder"
67784020,2021-06,3,GEN,"How to cache a List&lt;Object&gt; in Java such that the elements in list are cached as a single entry each, using Spring"
67784079,2021-06,3,GEN,How to differentiate between the automatic reply and the normal mail received
67784157,2021-06,2,VER,Find Bugs Plugin Bug type NP_NULL_ON_SOME_PATH_FROM_RETURN_VALUE
67784245,2021-06,1,VER,Jenkins failing while compiling
67784253,2021-06,2,VER,Problem writing on a .txt file using user input
67784270,2021-06,3,GEN,Java Wild card to search for directory
67784441,2021-06,3,GEN,How to input new line string using java-util-scanner in this situation?
67784544,2021-06,2,VER,Failed to build request: attribute named is defined
67784565,2021-06,3,GEN,JPackage update &quot;PATH&quot; environment variable
67784572,2021-06,3,GEN,Reference Queue is Always Empty
67784611,2021-06,3,GEN,How Can I use Google OR Microsoft Push Notification for 2 factor authentication in my JAVA based web app
67784644,2021-06,3,GEN,How to prevent unintended default values from MyBatis queries?
67784799,2021-06,2,VER,Concat speed of String is reduce after migrating to java11
67784839,2021-06,1,VER,Not able to get JSON Data from API URL using Rest Assured and JAVA
67784892,2021-06,2,VER,InvalidDefinitionException with jackson-datatype-jsr310 version 2.12.3
67784900,2021-06,2,VER,move element to end of java array
67784911,2021-06,4,GEN,Sum of elements of two integer array in a single string array in Java
67784921,2021-06,3,GEN,Vertically Space &quot;Weight&quot; between Linear Layout Buttons
67784939,2021-06,2,VER,Spring boot 2.2.6 application with apache axis Issue
67784944,2021-06,3,GEN,Support multiple content type for @RequestPart
67784954,2021-06,4,GEN,Is there a simple way to deploy a Java web app in tomcat on linux on the port 80 ( not 8080)
67784967,2021-06,1,VER,failed to run grails cmd
67785195,2021-06,4,GEN,Can I store an XML file inside a jar file?
67785275,2021-06,3,GEN,How to combine two attribute from a json to create json predicate with in clause in Java?
67785318,2021-06,2,VER,How to move from Activity to Fragment in ViewPage? No view found for id for fragment
67785338,2021-06,1,VER,Iam using android studio and firestore. In my application when admin adds details it is successfully added but it doesn&
67785343,2021-06,4,GEN,Set an Image as a Node to create a Path Transition JAVA/JAVAFX
67785349,2021-06,2,VER,ValueAnimator getAnimatedValue not working as expected
67785416,2021-06,1,VER,"after update firebase I got on real device error in android error message &gt; zzdk: keyset not found, will generate a n"
67785572,2021-06,2,VER,"Item position in RecyclerView only changing when dragging list, while being wrong too"
67785681,2021-06,2,VER,Can&#39;t add a data from ArrayList to a jtable
67785809,2021-06,4,GEN,Throw exception if an ID is repeated in a list using a Java lambda expression
67785856,2021-06,3,GEN,Open an specific activity when I click an item from an recyclerView
67785950,2021-06,2,VER,Getting duplicated cardviews using SwipeRefresh Layout
67785969,2021-06,2,VER,Android: Dynamic Textview (Linear Layout) doesn&#39;t show up on runtime
67786080,2021-06,3,GEN,How to call different hosts at runtime in spring cloud gateway
67786206,2021-06,4,GEN,How can i convert int to char? as in guess in my question
67786251,2021-06,4,GEN,How to get ResulSet multiple values into Java objects
67786321,2021-06,3,GEN,SpringBoot: How to send an Object via RestTemplate HttpMethod GET?
67786361,2021-06,2,VER,Cannot Resolve symbol &#39;BottomSheetDialog&#39;
67786385,2021-06,3,GEN,Object is not updated (by Lambdas filter) when passing it (by reference) to a method
67786404,2021-06,2,VER,The value for property &#39;resValues&#39; cannot be changed any further. after upgrading gradle from 4.1.3 to 4.2.1
67786429,2021-06,2,VER,PackageInfo giving NameNotFoundException
67786463,2021-06,3,GEN,java TitledBorder with empty title has a slightly larger border
67786543,2021-06,1,VER,RMALLET java.lang.NoSuchMethodError: Ljava/io/File;.&lt;init&gt;([Ljava/lang/String;)
67786578,2021-06,2,VER,I tried several options but this error still occurs: org.testng.TestNGException: Check to make sure it can be instantiat
67786587,2021-06,4,GEN,incrementing/updating a value in a row in MySQl Table
67786634,2021-06,2,VER,java.lang.Exception: Apparent connection leak detected Error
67786659,2021-06,3,GEN,I would like to work on a efficient way to find a list of elements in a page having id attribute ( can have any value ) 
67786713,2021-06,3,GEN,How to select items in date range in DynamoDB
67786844,2021-06,3,GEN,"SpringBoot: How to send and access HashMap &lt;String,String&gt; passed through a RestTemplate HttpGet Request?"
67786859,2021-06,3,GEN,Disable GraphiQL playground on production in spring boot application
67786895,2021-06,4,GEN,What&#39;s the proper way to migrate from Date to LocalDate in Java 8?
67786901,2021-06,2,VER,Not able to locate an element using By.xpath
67786931,2021-06,1,VER,How can I fix this &#39;int android.content.SharedPreferences.getInt error?
67786937,2021-06,2,VER,JCheckBox[x] is null?
67786990,2021-06,2,VER,StackOverflowError on certain size of input array passed to my method?
68202817,2021-07,1,VER,How can I put a fragment inside of a tab?
68202866,2021-07,1,VER,Update method not saving changes Sqlite Database (Android Studio)
68203158,2021-07,3,GEN,Android Volley: How to parseNetworkResponse large response in small batches?
68203169,2021-07,1,VER,Bitbucket Pipeline CLI command return &quot;the trustAnchors parameter must be non-empty&quot;
68203179,2021-07,4,GEN,Start the KafkaListner (topic 1) after another KafkaListner (Compacted topic 2) finished reading messages
68203228,2021-07,3,GEN,ConstraintLayout with Button State Pressed
68203287,2021-07,3,GEN,Selenium Webdriver with Eclipese IDE - Element should have been &quot;select&quot; but was &quot;span&quot;
68203334,2021-07,1,VER,How to make Dynamic Spinner inside RecyclerView?
68203407,2021-07,3,GEN,How can I have a button on the Anylogic simulation experiment page that will run the model and show the main page?
68203427,2021-07,3,GEN,How to order router mapping pattern to be last java spring boot
68203449,2021-07,3,GEN,else if statement doesn&#39;t work when i put it in while loop
68203452,2021-07,4,GEN,Java interface generics where implementing classes define the type
68203483,2021-07,4,GEN,Java add bean to different list based on null check
68203490,2021-07,1,VER,How to insert image in SQLite database from gallery?
68203615,2021-07,1,VER,AccessDeniedException WatchService android studio
68203653,2021-07,3,GEN,can i hide button untill the user click on another button in android java
68203682,2021-07,2,VER,Swagger schema validation fails to read swagger spec from custom folder
68203794,2021-07,4,GEN,Replace a nth character using regex in Java
68203909,2021-07,4,GEN,Why we cannot populate a non-static collection outside of a method?
68203910,2021-07,2,VER,It&#39;s taking one hour to upload 60MB document in Sharepoint using Java. How can I find the cause for delay?
68203944,2021-07,3,GEN,Manage memory while creating and returning collection
68203972,2021-07,1,VER,Android toolchain - X Android license status unknown. showing error caused by: java.lang.ClassNotFoundException:
68203979,2021-07,3,GEN,Possible to apply a shared resources file for multi-module gradle?
68204000,2021-07,2,VER,How to do REST Template third API call?
68204013,2021-07,3,GEN,How to get datasource while MyBatis executing a SQL?
68204134,2021-07,4,GEN,How to allow all ssl serficates in Apache Camel?
68204135,2021-07,2,VER,How to get URL parameter in prepare method of action class in Struts 2
68204185,2021-07,1,VER,Android Studio searchiew icon not appearing
68204245,2021-07,2,VER,Getting NullPointerException while trying to deserialize json
68204299,2021-07,4,GEN,Converting 0x1 to 1 in java
68204320,2021-07,1,VER,JavaFX Installation Issues: Error initializing QuantumRenderer
68204467,2021-07,4,GEN,Order a list based on another list Java
68204593,2021-07,2,VER,Split In Java with condition
68204607,2021-07,2,VER,How to set JTable on JFrame?
68204687,2021-07,4,GEN,Get k8s namespace inside spring boot application?
68204711,2021-07,4,GEN,"Java 8, how to add filtering and mapping into Collectors.toMap()"
68204722,2021-07,2,VER,java.lang.Error: Invalid memory access on 32 bit Windows
68204788,2021-07,2,VER,Java implement cross correlation 2d image
68204807,2021-07,2,VER,Jenkins - Regex to match / not match words from logs in postbuild not working
68204865,2021-07,2,VER,Springboot adding a &quot;_class&quot; field in POST Request
68204891,2021-07,3,GEN,How to let AJAX read python render variable to HTML?
68204895,2021-07,4,GEN,why it is giving run time exception as Exception in thread &quot;main&quot; java.lang.StackOverflowError
68204910,2021-07,2,VER,Spring boot Junit Test ResttemplateBuilder build method gives null point Exception
68204936,2021-07,1,VER,How do I send emails through Outlook using R?
68204946,2021-07,2,VER,Java heap space error at large files with string.split
68204989,2021-07,1,VER,Not able to insert data in MSSQL using r2dbc (non spring)
68205160,2021-07,2,VER,Issue while replacing common-collections-3.2.1.jar with common-collections4-4.3.jar in classpath
68205199,2021-07,2,VER,How to add custom method in a java code for event listener code in jbpm
68205237,2021-07,4,GEN,Is there some kind of &quot;hidden @Ignore&quot; for Java Tests
68205260,2021-07,3,GEN,While statement isn&#39;t excuting inside if statement?
68205319,2021-07,2,VER,Can not send mail via SMTP yandex error 553
68205321,2021-07,3,GEN,Spring batch - easiest way to get number of total records in CSV?
68205412,2021-07,4,GEN,Setting JAVA_HOME for JDK 11 in Ubuntu for VSCODE
68205415,2021-07,1,VER,How to fix the code this QR Code Scanner?
68205631,2021-07,4,GEN,Optional @PathVariable in Spring based rest call
68205646,2021-07,3,GEN,LDAPS Implementation with Spring Boot
68205782,2021-07,3,GEN,Unable to Insert image from classpath into PDF using PDFBox
68205800,2021-07,3,GEN,Powermock throws InvalidUseOfMatchersException when mocking private method
68205837,2021-07,2,VER,Spring boot doesn&#39;t receive request headers added from Angular client
68205970,2021-07,4,GEN,Which Datastructure can i use for the boardgame Nine men&#39;s morris?
68206069,2021-07,4,GEN,Generic Method Type Argument Inference Issue
68206171,2021-07,2,VER,Spring Boot service shuts down automatically in idle or after service too many requests
68206176,2021-07,1,VER,"Random character generating instead of GS character, in swing when scanning GS1 data matrix barcode with a small delay"
68206180,2021-07,3,GEN,Convert AES-128-CBC PHP to JAVA
68206238,2021-07,2,VER,Remove &quot;_class&quot; from MongoDB - Springboot
68206264,2021-07,3,GEN,How to do JPQL with JOIN FETCH to collect the multiple JOINs in one query
68206330,2021-07,2,VER,website not displaying in processing program
68206333,2021-07,1,VER,Is there a way to use rosjava in ROS noetic
68206401,2021-07,2,VER,Problem when migrate from ViewPager to ViewPager2
68206438,2021-07,3,GEN,Foreign key constraints not working in sqlite android studio
68206446,2021-07,2,VER,How to get extra content in a running activity?
68206552,2021-07,4,GEN,How to count particular pattern in a string?
68206578,2021-07,3,GEN,Java do-while loop doesn&#39;t see closing statement
68206623,2021-07,2,VER,Spring Data Elasticsearch 4.2.x : DateFormat throws null Pointer
68206647,2021-07,2,VER,Error in taking input from the BufferedReader
68206739,2021-07,3,GEN,Noname module issue with gradle dependency (Java 9)
68206774,2021-07,3,GEN,Case when statement within HQL query
68206842,2021-07,3,GEN,PNG file size increases when saving to storage
68206923,2021-07,3,GEN,Pushing multiple files to smb share jcifs from local folder
68206948,2021-07,3,GEN,how to keep the graphic2D shape to stay for a period time in java?
68207065,2021-07,4,GEN,Selenium with Java modules
68207083,2021-07,3,GEN,Getting and modifying value from Object with LinkedHashMaps
68207156,2021-07,2,VER,unable to reach request mapping endpoint so im getting 404 error
68207182,2021-07,1,VER,"I&#39;m having this error when I try to update/edit the Sqlite database java.lang.IndexOutOfBoundsException: Index: 0, S"
68207226,2021-07,4,GEN,Java Stream: Filter list 1 based on the objects present in list 2
68207306,2021-07,4,GEN,Is there a difference in speed between sending a texture atlas vs single images to the GPU?
68207322,2021-07,4,GEN,CMake/CMakeLists.txt: how to list files explicitly (to avoid the use of GLOB)
68207358,2021-07,1,VER,Not able to send broadcast to another mobile in android app
68207463,2021-07,3,GEN,MethodArgumentTypeMismatchException - custom error message?
68207585,2021-07,3,GEN,Get property programmatically and evaluate it with SPEL
68207639,2021-07,3,GEN,"loesung.charAt(i) gives Error: unexpected type expected: variable, found value"
68207665,2021-07,4,GEN,How to fetch a number from specific position in a string?
68207809,2021-07,3,GEN,"OpenCV in Java: how can I output all kind of symbols? (Chinese, Japanese, Accents, etc...)"
68207811,2021-07,4,GEN,"How to convert List&lt;MyObject&gt; to Map&lt;MyObject.someField, MyObject.someField&gt; using Collectors.toMap()?"
68207839,2021-07,1,VER,Power BI integration with Azure AD B2C
68207838,2021-07,3,GEN,Load and share data-store cache with Grizzly HTTP Server threads
68207904,2021-07,2,VER,Jacoco finds modules but doesn&#39;t run tests
68208154,2021-07,1,VER,Bitmap cannot properly decode the byteArray which represents data from a file
68208215,2021-07,4,GEN,URISyntaxException Illegal character in query |
68208228,2021-07,3,GEN,"if I pass selected image using gridview to second fragment , If I want to selected image pass second to third fragment. "
68606769,2021-08,1,VER,Using servlets to open jsp edit page using id
68606804,2021-08,2,VER,Generic Exception Handler in a Controller catches @RequestBody validation exceptions
68606940,2021-08,1,VER,How do i make multiple columns of lines using a loaded image in Processing?
68607073,2021-08,4,GEN,How to sort an ArrayList of Strings with seasons and years?
68607145,2021-08,1,VER,Android right alignment not working using Layout.Alignment.ALIGN_OPPOSITE
68607193,2021-08,3,GEN,Overflow inner menu icons beside each other
68607199,2021-08,1,VER,Open with dialog appears after choosing a file on Android 10
68607244,2021-08,2,VER,How to Inject a Value in a Static Field in Spring?
68607250,2021-08,4,GEN,How can you call a method of an activity from another activity?
68607304,2021-08,1,VER,Angular file upload to micronaut rest api 403 error
68607342,2021-08,3,GEN,Mapstruct seems not recognize Lombok&#39;s @SuperBuilder
68607372,2021-08,4,GEN,How to chain operations with side effects?
68607490,2021-08,3,GEN,Invoke Rest API In a Spring Boot Application using command line input
68607518,2021-08,3,GEN,How to set dynamic chunk size for a step with MutliResoucrItemReader?
68607531,2021-08,1,VER,Why is it always printing an extra line of &quot;Annual Interest Rate”， how to solve this question?
68607536,2021-08,3,GEN,incompatible return with anyMatch and try / catch exception
68607559,2021-08,4,GEN,Java Time period in decimal number of months
68607600,2021-08,1,VER,"Null pointer exception , while asscessing the UI elements"
68607768,2021-08,3,GEN,In my Online multiplayer quiz game how can i make players to join and compete at a time?
68607769,2021-08,1,VER,Implementing Union-Find Algorithm for Kruskal&#39;s Algorithm to find Minimum Spanning Tree in Java
68607844,2021-08,3,GEN,How to create a Verification Key for my web Service from android?
68607845,2021-08,4,GEN,Is there a way to have an option that can run all previous cases in a switch statement?
68607849,2021-08,4,GEN,How to you justify/ center text in a showOptionDialog
68607972,2021-08,3,GEN,Configure multiple SSL certificates for a single domain in Spring-Boot
68607986,2021-08,4,GEN,How can I mark a class in Quarkus ARC and/or IntelliJ IDEA to not be a bean?
68608017,2021-08,4,GEN,compound subtraction in Java with different datatypes
68608018,2021-08,3,GEN,Returning results while a task is still running
68608042,2021-08,4,GEN,Java get a date by the given day name
68608151,2021-08,1,VER,Could not resolve com.android.tools.build:gradle:7.0.0
68608157,2021-08,2,VER,How can I fix this : Warning: the fonts &quot;Times&quot; and &quot;Times&quot; are not available for the Java logical f
68608166,2021-08,1,VER,Adding mockito-inline dependecy in pom.xml causing Mockmaker issue
68608181,2021-08,2,VER,having defficulties to load values of an arraylist into a Jcombobox in GUI design
68608329,2021-08,4,GEN,What is the use case for var with lambda expression
68608391,2021-08,2,VER,Error message: Failed to load class &quot;org.slf4j.impl.StaticLoggerBinder&quot;
68608529,2021-08,4,GEN,Compare two date strings in different time zones with SimpleDateFormat in Java
68608552,2021-08,2,VER,make a telegram bot - ClassNotFoundException: org.apache.http.client.HttpClient
68608575,2021-08,1,VER,Android crashes in Android API 21
68608607,2021-08,4,GEN,How this method gets the right diagonal from a 2D array?
68608651,2021-08,3,GEN,"Class Loading conflict using jboss/wildfly when two jars have same set of classes, how to set order/precedence?"
68608678,2021-08,2,VER,How can I scale list of rectangles or GridPane in JavaFX to window Width?
68608684,2021-08,4,GEN,Keep REGEX delimiter with greedy token
68608719,2021-08,1,VER,I want to show data on recyclerview android from firebase realtime database.. but i am unable to load dynamic data into 
68608820,2021-08,2,VER,fabric replace blocks in world creates ghost blocks
68608873,2021-08,4,GEN,How to make users come back to a particular activity after they kill the app
68609014,2021-08,4,GEN,Initialization of 2D Array in Java?
68609047,2021-08,4,GEN,difference between X x = new X(); and x = new X();
68609062,2021-08,4,GEN,cannot call default method of parent interface using super
68609149,2021-08,3,GEN,How can I add user to other entity using Java and Hibernate
68609154,2021-08,4,GEN,Extracting key value pair from substring within string
68609225,2021-08,1,VER,jquery fileDownload executing twice
68609405,2021-08,1,VER,Java File.delete() hangs or taking too long
68609486,2021-08,1,VER,How to Delete a list view row with SQLite data by click
68609683,2021-08,2,VER,Android Gradle plugin requires Java 11 to run. You are currently using Java 1.8. Error
68609723,2021-08,2,VER,"When sending WW-Authenticate header of digest authentication with SHA-256 with Java Servlet, the client side does not re"
68609725,2021-08,2,VER,vaadin: sometimes / often I get java.util.concurrent.TimeoutException: null before session get destroyed when Push is us
68609729,2021-08,2,VER,Retrieving Bean by Name and Type doesnt work - FileNotFoundException
68609771,2021-08,1,VER,Trouble Trying to play a song from a playlist
68609824,2021-08,1,VER,Android Studio : Image is Taking spaces but not showing in ListView
68609872,2021-08,3,GEN,Does this implementation of CompletableFuture actually bring any benefit?
68609875,2021-08,2,VER,`@JsonRootName` ignored when used with POJONode
68610109,2021-08,1,VER,Flutter run with failure
68610342,2021-08,4,GEN,Replace zeros in decimal part with blanks
68610393,2021-08,3,GEN,How to create a custom message/error message in Spring controller and display it in template?
68610471,2021-08,3,GEN,why kafka-0.9 multiple consumers in same group consume the same messages
68610616,2021-08,4,GEN,How can I import CSV from phone storage to SQLite?
68610747,2021-08,3,GEN,"How to get specific lambda metric statistics, like iteratorAge using java"
68610789,2021-08,1,VER,Why does IDE II not see a custom registered parameter for the cucumber?
68610869,2021-08,3,GEN,Mapping Mac keyboard shortcuts to Intellij IDEA running on Windows
68610944,2021-08,1,VER,Not able to run entity class in spring boot JPA application using MySQL database
68610989,2021-08,2,VER,Why can&#39;t Java see the interface method?
68611050,2021-08,2,VER,How to increase performance of FilteredList with many columns (9+)
68611302,2021-08,3,GEN,Shared Hibernate 5 second-level cache with Hazelcast
68611341,2021-08,4,GEN,How to get URL of video or audio from a website with Jsoup?
68611405,2021-08,4,GEN,Converting to List result in Java
68611439,2021-08,3,GEN,JPA @OneToMany with composite primary keys
68611452,2021-08,3,GEN,how is it possible to make a jtextarea scrollable in gridbaglayout
68611567,2021-08,3,GEN,Use AppComponent.Inject() in different activities (Dagger2)
68611720,2021-08,4,GEN,Multiple cameras in LWJGL?
68611780,2021-08,4,GEN,"How do I calculate the age from dob using the format of month day, yyyy in java? ex. (March 2, 1999)"
68611852,2021-08,3,GEN,How to properly inject @Autowired between Spring Boot classes?
68612036,2021-08,3,GEN,How to configure kotlin dsl to make springboot multiple modules packaged as executable jar files
68612048,2021-08,2,VER,Error when adding pagination in Spring Boot Application
68612054,2021-08,4,GEN,Is it possible to align components horizontally when using WrapLayout/FlowLayout?
68612233,2021-08,2,VER,Logger cdi with multiple file
68612403,2021-08,2,VER,AudioStreams are not closing
68612446,2021-08,1,VER,Connect to websocket to consuming amazon chime API in real time
68612449,2021-08,3,GEN,How to filter the data according to recent datetime in JSON Array - JAVA?
68612459,2021-08,1,VER,This can&#180;t be executed since there is a symbol not found
68612467,2021-08,3,GEN,How to compile multiple Java files together?
68612518,2021-08,1,VER,I want to load my gallery to fragment using recyclerview. But it doesn&#39;t work
68612521,2021-08,1,VER,Unable to create requested service [org.hibernate.engine.jdbc.env.spi.JdbcEnvironment] after Java 13 migration
68612641,2021-08,1,VER,VideoView is not working properly in android studio
68612646,2021-08,3,GEN,Spring WebClient Retry Logic with new Headers
68612975,2021-08,2,VER,how to make average independent in java project
68612673,2021-08,2,VER,Get thrown out of my for loop when gathering list entries from website using JSoup
68612702,2021-08,3,GEN,Uninstall java from mac
68612761,2021-08,2,VER,Can&#39;t register Gson TypeAdapter in Spring Boot
68612906,2021-08,1,VER,I try to run gradlew genSource
68612928,2021-08,1,VER,NetBeans IDE Error: java.lang.ClassNotFoundException while creating java project
68612986,2021-08,1,VER,Android Studio - Could not find tools.jar. Please check that X contains a valid JDK installation
69006431,2021-09,2,VER,compilation error &quot;diamond operator is not supported in -source 1.5&quot; when mvn install
69006548,2021-09,1,VER,Loading XML into DOmSource is adding xmlns=&quot;&quot; to all bean tags
69006677,2021-09,3,GEN,How do I configure a http inbound channel adapter with JAVA config in Spring Integration?
69006710,2021-09,2,VER,Reverse Vowels of a String - 2 pointer solution not working
69006767,2021-09,3,GEN,how to disable intellij services tool window
69006826,2021-09,2,VER,"Eclipse proposing me Webapp folder only, rather than webContent folder when creating an new project"
69006859,2021-09,1,VER,why okhttp RequestBody error about print statement
69006865,2021-09,3,GEN,Iterate through the list and insert number plus 1 to the next position of the list
69006876,2021-09,1,VER,"4.7 GB download usage for realtime-database and I only have 2 numbers to query in the entire database, what am I doing w"
69006937,2021-09,1,VER,unable to retrieve image from mysql through rest api using java
69006974,2021-09,3,GEN,Sort the map value based on precedence in java 8
69007056,2021-09,3,GEN,Karatsuba algorithm splitting number in 3 strings
69007088,2021-09,3,GEN,firebase firestore compound query
69007337,2021-09,1,VER,How to use Amazon Connect for voice (java)
69007497,2021-09,1,VER,how to deregister the service in consul when using spring cloud consul
69007530,2021-09,2,VER,JAVA implementation of PIL image resize with Image.NEAREST resampling option
69007703,2021-09,4,GEN,Java - Arithmetic Calculations
69007728,2021-09,2,VER,Recursive method to count binary 1&#39;s
69007892,2021-09,2,VER,Reading XML with namespace using Apache Beam XmlIO
69007912,2021-09,3,GEN,How can I associate the preview display range with the ImageCapture range on Android CameraX?
69008071,2021-09,3,GEN,How to access object without passing it as parameter?
69008079,2021-09,3,GEN,"Currency code is not displaying in open JDK 11(EX :INR 1,000.00 )"
69008093,2021-09,3,GEN,Java Custom Google Analytics 4 Server-Side Event User-IP
69008268,2021-09,2,VER,Cannot resolve constructor &#39;ImageButton()&#39;
69008276,2021-09,2,VER,How to upload two separate .aab files with different configuration on google play store?
69008279,2021-09,1,VER,Blob Row too big too fit in Android
69008388,2021-09,3,GEN,Using JJWT on JDK 1.6
69008459,2021-09,3,GEN,How to ignore head part of html file with the help of Parse Delegator
69008560,2021-09,2,VER,Spring Security returns 403 Forbidden exception even when i throw custom exception with response code 400 from unsecured
69008573,2021-09,2,VER,Disable introspection query in graphql java tools spring boot
69008611,2021-09,3,GEN,Web Service without WSDL
69008661,2021-09,1,VER,My app cant run on android 6 but can run if run on android 9-11
69008815,2021-09,3,GEN,How to write in specific column based on header title in Excel using Apache POI?
69008845,2021-09,1,VER,Interface listener Null Exception
69008922,2021-09,2,VER,Kafka - commiting offset before consumer is shut down on app stop + commiting offset from the past
69008937,2021-09,1,VER,Java objects unnecessary promotion to old generation just after a minor gc causing memory fragmentation issues
69008985,2021-09,1,VER,My App Crashes When I click button that redirect to another website in recycleview adapter from firebase
69009055,2021-09,3,GEN,"&quot;Lambda expressions are not supported in -source 7, use -source 8 to enable lambda expressions&quot;"
69009151,2021-09,3,GEN,Keep the filename and filetype in AWS S3 upload using Camel
69009213,2021-09,4,GEN,JPA Entity Class using class object as parameter
69009245,2021-09,3,GEN,MDC related content in tomcat access-logs
69009253,2021-09,2,VER,VSCode&#39;s code completion shows StrictMath over String
69009294,2021-09,3,GEN,How can I configure spring r2dbc to use separate read-only and read-write DB urls?
69009331,2021-09,3,GEN,how to use Aspose to conditionally show a table and hide another table in word template?
69009368,2021-09,2,VER,ALL FILE ACCESS permission for android app
69009395,2021-09,3,GEN,Java Streams: Override return type of Collectors.mapping
69009455,2021-09,2,VER,Exception with JPA Query Spring
69009465,2021-09,1,VER,moto-server docker image with test container for AWS EC2
69009571,2021-09,2,VER,how to delete top notch in android studio without deleting action bar
69009620,2021-09,2,VER,ActiveMQConnectionFactory - trusted packages not taken into account
69009664,2021-09,1,VER,JavaFx with JPA (Java 14 and JavaFX 14)
69009710,2021-09,1,VER,Difference between Go DSA and Java DSA
69009784,2021-09,3,GEN,MongoDb Java filter for value in list
69009862,2021-09,3,GEN,how to iterate through JPA response and get values from it
69010053,2021-09,3,GEN,Adding Refresh-Interval Parameter in ics file using iCal4J library in java
69010082,2021-09,3,GEN,How to Connect AWS neptune database in Java Project IDE IntelliJ
69010102,2021-09,1,VER,startActivity() in broadcast receiver bag(?)
69010212,2021-09,2,VER,Simple Linear Regression with Groovy
69010226,2021-09,3,GEN,"Reading Large file A, Search Records matching records from file B and write file C in java"
69010317,2021-09,1,VER,Proguard Maven Plugin Ignores Injar Jar Name
69010398,2021-09,2,VER,Error when updating MySQL database using UPDATE - SET - WHERE method in Eclipse
69010416,2021-09,1,VER,ASN1 Compile issue with Bash file in Android
69010438,2021-09,3,GEN,Implementing Priority Queues in Java
69010491,2021-09,3,GEN,How can I inspect and prettyprint JDI Value objects using Jackson?
69010515,2021-09,2,VER,Plugin &#39;org.springframework.boot:spring-boot-maven-plugin:&#39; not found in intellij
69010648,2021-09,3,GEN,Spring Batch : MultiResourcePartitioner How to set order resources by name files
69010679,2021-09,2,VER,@ConditionalOnMissingBean required to pick up Bean with @Primary?
69010737,2021-09,3,GEN,Simplify cross product foreach loops - maybe with Lambdas?
69010763,2021-09,3,GEN,Pattern matching using java streams
69010852,2021-09,1,VER,apk error Failure INSTALL_FAILED_SHARED_USER_INCOMPATIBLE
69010928,2021-09,3,GEN,How to query nested lists of lists in MongoDB?
69011033,2021-09,3,GEN,Applying a BiFunction from a map
69011123,2021-09,3,GEN,Java String to parse with different parameters
69011160,2021-09,2,VER,Docker container with my java-app fails with standard_init_linux.go:190: exec user process caused &quot;exec format erro
69011180,2021-09,3,GEN,Saving the values temporarily
69011185,2021-09,4,GEN,What happens when mongodb deleteMany{()} is executed whitout query / empty query?
69011196,2021-09,3,GEN,How to enter text using selenium java
69011203,2021-09,1,VER,I have been making an News API project in android studio but have volley got error in it. Error- com.android.volley.Auth
69011278,2021-09,2,VER,Getting Protocol message end-group tag did not match expected tag when parsing Base64 encoded schema
69011394,2021-09,2,VER,Spring - Obtaining the list of resources from remote location protected by login and password
69011457,2021-09,1,VER,Image upload error using api in android studio in java language . not able to upload image
69011506,2021-09,2,VER,Spring Sleuth - Correlation Id not logging
69011607,2021-09,2,VER,Spring Rest API LocalDate deserialize
69011609,2021-09,3,GEN,"Why does Camunda generate a numeric process instance ID, instead of UUID?"
69011644,2021-09,3,GEN,How to add Plugin Dependencies in VSCode with &quot;Extension Pack for Java&quot;?
69011762,2021-09,2,VER,WebClient ExchangeFilterFunction caches value from ThreadLocal
69011792,2021-09,2,VER,Error - not-null property references a null or transient value
69011842,2021-09,3,GEN,Best way to transform a huge CSV file content into quickly queryable data store?
69011900,2021-09,2,VER,How to test Java class with Spock?
69011934,2021-09,1,VER,problem with my dockerfile and wildfly configuration
69011957,2021-09,2,VER,Don&#39;t know how to convert &quot;Recipe4&quot; into edu.ncsu.csc326.coffeemaker.Recipe
69011978,2021-09,2,VER,Navigation problem in Popup and how to use setLocationRelativeto()
69012019,2021-09,3,GEN,Opencsv validating CSV header with bean headers
69012048,2021-09,2,VER,Change app language programmatically in Android old versions
69012060,2021-09,4,GEN,List&lt;Object&gt; get elements by index and direct access to an object
69012062,2021-09,0,VER,"JNI: SIGSEGV when calling native function from Java, after native registration of same function on library second openin"
69012101,2021-09,3,GEN,Firebase Realtime Database - how to manage database rules using java sdk
69012102,2021-09,2,VER,Proguard Maven Plugin Doesn&#39;t Use The Specified Proguard Version
69012120,2021-09,3,GEN,Remove gridlines in ODS format with JasperReports
69012121,2021-09,2,VER,Log4J throws illegal char &lt;:&gt; exception while processing Appender File in Springboot WebApp
69399926,2021-10,2,VER,Deserializing a Json with lists of objects using Java
69400008,2021-10,1,VER,WhatsApp4j - Api | Does not compile because class uses preview features
69400075,2021-10,3,GEN,create a unique list by using loop
69400336,2021-10,3,GEN,How to scan a user&#39;s new input using a scanner in a while loop?
69400421,2021-10,3,GEN,How to use values from application.properties in named properties of annotations on class header
69400431,2021-10,3,GEN,Merge two linked lists
69400541,2021-10,2,VER,How do I place my output Queue in a JTextArea?
69400563,2021-10,2,VER,How to stop another thread when main thread is terminated in Java?
69400720,2021-10,4,GEN,How can I get a specific map value from Thymeleaf?
69400752,2021-10,2,VER,How to thread-safe update loadingcache value guava map
69400756,2021-10,1,VER,"Cucumber 5.5.0 my step annotations (Before, After, BeforeStep...) do not work"
69400789,2021-10,2,VER,Getting started with RTC java APIs and rest client
69400846,2021-10,3,GEN,Unable to change the value of variable inside for-loop &amp; if-else statement in Java
69400914,2021-10,1,VER,How can i solve [Received fatal alert: bad_certificate]?
69400950,2021-10,4,GEN,Java how do I create a class object?
69400987,2021-10,3,GEN,How to make a communication bridge between WebView to Native Android App
69401009,2021-10,2,VER,How to reuse existing mapper when mapping target uses Inheritance
69401069,2021-10,3,GEN,Create android TextView inside Fragment class by java code (without .xml)
69401124,2021-10,3,GEN,How to add a interceptor to a WebSocket
69401399,2021-10,2,VER,Concurrency Issue with HashMap and ReentrantLock
69401429,2021-10,2,VER,Removing special characters in dynamic schema
69401432,2021-10,3,GEN,How to sort a hashmap consisting of Class objects as key and another hashmap as value in java?
69401512,2021-10,3,GEN,Wrong character in URL endpoint parameter
69401557,2021-10,1,VER,During unit test of Restcontroller my Mocking class does not work
69401642,2021-10,2,VER,Importing json data into postgres using kafka jdbc sink connector
69401665,2021-10,4,GEN,Will using a static method affect performance when running the same method in parallel?
69401680,2021-10,3,GEN,Time taken by the request in jetty 10 logging
69401726,2021-10,2,VER,admob interstital ad listener not defined
69401961,2021-10,4,GEN,I don&#39;t get why odd = !odd is used here and what is use of it?
69401996,2021-10,1,VER,What am I missing to complete the Coursier scala development environment setup?
69402007,2021-10,3,GEN,How to create an Excel (.xlsx) file in Apache Camel?
69402067,2021-10,2,VER,Intellij structural search: find field and corresponding getter (to migrate an annotation)
69402235,2021-10,4,GEN,Simplify Multiple Constructor
69402249,2021-10,1,VER,For some reason my Android room DAO insert doesn&#39;t work on Temi Robot
69402260,2021-10,4,GEN,How to Get data from nested LinkedHashMap
69402302,2021-10,3,GEN,Access Redis connection pool using Spring Data Redis without Reflection API
69402310,2021-10,1,VER,Boot_Completed broadcast not receiving in app
69402320,2021-10,2,VER,Inject dependency on Junit5 extension registration
69402321,2021-10,2,VER,"Error DefaultHandlerExceptionResolver , concept of forwarding in Spring Boot, status=405"
69402346,2021-10,1,VER,Why is my SQLite select query not working in app but working on Database Inspector on Android Studio?
69402420,2021-10,1,VER,Spring Boot Security custom login page doesn&#39;t load
69402432,2021-10,1,VER,Migration Flink 1.4.1 to 1.13.2
69402451,2021-10,2,VER,JPA Hibernate SQL Query to NOT fetch data from one of the associated tables
69402474,2021-10,1,VER,Below pattern code is not working as expected
69402638,2021-10,2,VER,Configuring VirtualHost in Spring Boot application embedded Tomcat server in Windows
69402666,2021-10,3,GEN,Akka - AbstractBehaviorWithStash?
69402697,2021-10,3,GEN,Kafka Consumer not printing the older messages in console
69402753,2021-10,4,GEN,Unsure how to use &lt;Type&gt; while creating nodes in Linked List
69402824,2021-10,3,GEN,Java 17 with Maven Wrapper results in Unrecognized VM option &#39;MaxPermSize=512m&#39;
69402869,2021-10,1,VER,App crashing while fetching Firestore data of user in Android Studio
69402908,2021-10,4,GEN,How to check if an array can become a &quot;zero array&quot;?
69402987,2021-10,1,VER,"Cannot resolve symbol, but the dependency is in local repo"
69403075,2021-10,3,GEN,Jackson unable to deserialize immutable object with enum field
69403083,2021-10,1,VER,java.io.FileNotFoundException via Uploading a file with a filename with Spring RestTemplate
69403200,2021-10,3,GEN,Will refreshing the Eureka Server monitoring page result in the removal of unavailable microservices?
69403236,2021-10,1,VER,Trying to batch SQL Stored Procedure calls: Incorrect syntax near &#39;@p0&#39;
69403262,2021-10,1,VER,Hazelcast Predicate/ SQL query class not found
69403505,2021-10,4,GEN,Try-finally with lock when no exception is thrown
69403537,2021-10,4,GEN,Uniform path with different separators in Java
69403630,2021-10,3,GEN,Mapstruct - generic mapper
69403651,2021-10,1,VER,Read directory from InteliJ gradle plugin
69403668,2021-10,3,GEN,Google Drive/Docs integration - multi-tenancy
69403707,2021-10,3,GEN,Sort List&lt;Object&gt; by other List
69403866,2021-10,1,VER,Springboot REST endpoint storing an empty image on Google Cloud Storage
69403881,2021-10,3,GEN,"Reading from a text-file, and putting it into a linked list"
69403973,2021-10,4,GEN,How to compare two lists in stream
69404262,2021-10,4,GEN,Switch case is not working with Enum in Java
69404361,2021-10,2,VER,Firebase Analytics Event does not support array parameters error
69404371,2021-10,1,VER,What is the corect version of google-api-client for use with Admin SDK API?
69404555,2021-10,1,VER,Error: Invalid or corrupt jarfile /bin/sh
69404587,2021-10,1,VER,Media Player loading media again and again
69404589,2021-10,4,GEN,How to check that only one object of many is non-null?
69404593,2021-10,3,GEN,Java compiler error &quot;package javafx.application does not exist&quot;
69404705,2021-10,3,GEN,"OWASP Dependency check, how to use suppressions"
69404791,2021-10,2,VER,Spring Boot org.springframework.transaction.UnexpectedRollbackException: Transaction silently rolled back because it has
69404888,2021-10,3,GEN,How to modify existing jar file?
69404933,2021-10,1,VER,Recyclers item duplicating item on screen rotate or screen lock
69404942,2021-10,3,GEN,Java: How to add mapper for streamed items
69404949,2021-10,3,GEN,String.format usage with HTML without Conversion problem
69405102,2021-10,3,GEN,Is there a way to output events with header data to Azure Event Hubs using Azure Functions in Java?
69405116,2021-10,1,VER,CountDownTimer and textView - not displaying time correctly
69405198,2021-10,3,GEN,Shuffle Stream using sort - IllegalArgumentException
69405347,2021-10,4,GEN,How to get an average int for a Collection of an Entity using thymeleaf?
69405360,2021-10,2,VER,test void method using mockito and Junit
69405491,2021-10,2,VER,Convert Byte[] to xml
69405584,2021-10,1,VER,Not able to locate the file in a Java project which is imported in another Java project as a library
69405625,2021-10,1,VER,Get &quot;error in opening zip file&quot; on new Smooks()
69405650,2021-10,4,GEN,How do I perform an action only on the even something is removed from an array list?
69405685,2021-10,3,GEN,How to build and package lambda layers containing all the dependencies in a java maven project?
69405688,2021-10,2,VER,get values in JSONB by multiple keys PostgreSQL
69405779,2021-10,1,VER,Android Studio - tools.jar error while trying to build the project
69405843,2021-10,1,VER,Version automatically incrementing after entity read in Spring Boot JPA
69405866,2021-10,1,VER,Java spring userRegister creates two database entries instead of one
69405876,2021-10,1,VER,Failed to bypass maven checkstyle plugin
69405887,2021-10,2,VER,Kotlin no-args plugin doesn&#39;t work with Maven
69405922,2021-10,1,VER,VSCode Maven project add a folder to source path
69405990,2021-10,4,GEN,How is is possible that Java 11 validates a certificate whom intermediate certificate isn&#39;t avalaible in cacerts?
69406088,2021-10,4,GEN,How to get a double average in Collection of objects that have bytes using Stream API?
69406091,2021-10,3,GEN,Auto failover handling in cluster mode disabled Redis ElastiCache
69406110,2021-10,4,GEN,can I devlop a app with Jcommpament class?
69791482,2021-11,1,VER,how to make a snackbar accessible from any activity in android?
69791705,2021-11,1,VER,TypedQuery remove data from getResultList()
69791752,2021-11,3,GEN,Java counter + random numbers
69791898,2021-11,4,GEN,Can release+acquire break happens-before?
69792076,2021-11,2,VER,Failed to import &quot;HttpStatusException&quot; when upgrading to Vert.x 4.2.0
69792302,2021-11,3,GEN,Talking between threads
69792346,2021-11,2,VER,Copy values from a larger size array to a smaller size array in Java
69792442,2021-11,2,VER,Empty Exposed Dropdown menu when placed inside a custom dialog layout
69792481,2021-11,3,GEN,How to set default page load based on date/time in Android application?
69792483,2021-11,1,VER,open app using app link in browsers other than chrome in Android
69792555,2021-11,3,GEN,Flip/Mirror the contents of ByteBuffer (Image Buffer) horizontally/vertically
69792702,2021-11,3,GEN,How to use external libraries in java without an IDE
69792722,2021-11,1,VER,I can&#39;t connect android application to MySQL docker container
69792779,2021-11,1,VER,While compiling vaadin theme showing the error
69792819,2021-11,3,GEN,How to swap the first vowel and last vowel of a String using Java?
69792829,2021-11,2,VER,What is the expected behavior of Resilience4J Retry?
69792839,2021-11,4,GEN,Is it viable to compile my project in java8 and then run it on java 17
69792859,2021-11,2,VER,Why do I get wrong result
69792888,2021-11,2,VER,Bubble sort didn&#39;t sort
69792927,2021-11,2,VER,How to consume binary and String Response using WebClient in Spring boot?
69792980,2021-11,4,GEN,i want to do &quot;if a person book a seat the available seats must be depreciate by one&quot;. how can i do that?
69793002,2021-11,1,VER,Spring SmartLifecycle start() method not executed
69793034,2021-11,1,VER,Spring Boot @Scheduled&#39;s cron job doesn&#39;t work properly when created two jobs
69793048,2021-11,1,VER,getting null value from getResourceAsStream
69793115,2021-11,4,GEN,Intellij Tool : What is the short cut for auto import all java classes at one go?
69793141,2021-11,2,VER,algorithm is not working with some inputs
69793154,2021-11,4,GEN,"Context root, virtual path mapping to actual file path, and meaning of leading slash in Servlet"
69793271,2021-11,1,VER,maven-war-plugin basedir &lt;workspace&gt;/target/dist does not exist
69793338,2021-11,4,GEN,Why does comparing same string gives dfferent result?
69793348,2021-11,2,VER,Hi am confused about output when we give input as 4 while it works for 3
69793399,2021-11,2,VER,Iam having a runtime error while running my selection short program in java
69793447,2021-11,0,VER,How to control the sampling rate on the App from the smart-insole android studio?
69793452,2021-11,2,VER,Getting cannot access class com.sun.crypto.provider.SunJCE (in module java.base) error during Tomcat startup
69793491,2021-11,3,GEN,Calling java method in Javascript loop function
69793499,2021-11,3,GEN,how to get method signature from controlleradvice
69793504,2021-11,3,GEN,Cast Spark dataframe’s schema
69793508,2021-11,1,VER,Exception in thread &quot;main&quot; java.lang.NoSuchMethodError: org.apache.hadoop.conf.Configuration.getPassword(Ljava
69793576,2021-11,3,GEN,How to apply operator of data according to the time of subscribtion in rxjava
69793583,2021-11,1,VER,javax.mail.AuthenticationFailedException in java by sending an invitation link by official email in java
69793741,2021-11,1,VER,Failed to load ApplicationContext inside the @TestConfiguration class
69793839,2021-11,3,GEN,Spring JPA: How to insert/update new item with unique column when using Many to Many relationship
69794009,2021-11,1,VER,List traversal is not working in jsp but works fine when I just pass a single element
69794203,2021-11,3,GEN,Using setRGB() required IntArray in Kotlin
69794206,2021-11,2,VER,Java: else statement still executing even if if statement is true
69794230,2021-11,4,GEN,Compare two ArrayList elements using method contains
69794322,2021-11,1,VER,Strange problem after override getResources() to make textsize dont change with system settings
69794347,2021-11,4,GEN,"How to install Homebrew in specified folder ? For example , in the Home directory"
69794353,2021-11,4,GEN,"How to get day of the week, day of month, month and year?"
69794380,2021-11,2,VER,Is there a way to connect to kerberized service using java client API with just credentials and not keytabs
69794401,2021-11,2,VER,How to create a list of all the saved posts of a particular user using Firebase Realtime Database?
69794601,2021-11,3,GEN,How do you convert tagged YAML objects to JSON objects using a Java library?
69794647,2021-11,2,VER,Unresolved reference kotlinx in Kotlin project
69794680,2021-11,3,GEN,Counting elements of a 2d array
69794773,2021-11,1,VER,No available authentication scheme in burp suit
69794829,2021-11,3,GEN,How to Convert Mono&lt;FilePart&gt; to byte[]?
69794832,2021-11,2,VER,Incompatibility in AES java encryption and Node js decryption
69794892,2021-11,1,VER,OpenShift CreateContainerError - Error: mkdir /../../ not a directory
69794905,2021-11,1,VER,idea run error:Unable to locate Spring NamespaceHandler for XML schema namespace [http://www.springframework.org/schema/
69794945,2021-11,3,GEN,Adding headers to incoming request in Micronaut filters
69794970,2021-11,4,GEN,Analysing the time complexity of a Leetcode problem &quot;974. Subarray Sums Divisible by K&quot;
69795003,2021-11,1,VER,Stress testing Keycloak with Jmeter resulted in 100% CPU usage
69795030,2021-11,1,VER,javax.xml.ws.soap.SOAPFaultException: Could not determine the operation name from the SOAP Message context and javax.xml
69795049,2021-11,1,VER,Parse Json exception while posting data to api
69795053,2021-11,1,VER,Connect to Redis using java code if there is docker compose of Redis and Redis Commander
69795107,2021-11,1,VER,How to solve &quot;Failed to instantiate WebApplicationInitializer class&quot; in javaspring
69795121,2021-11,1,VER,Android root detection not working with mentioned code
69795148,2021-11,2,VER,Spring data R2DBC - Custom converters not picked up when connecting to multiple databases
69795235,2021-11,2,VER,How can a JPanel be changed after added to JFrame?
69795264,2021-11,0,VER,No signature of method: build_8holhrjpptrvtx84vjg1strvw.android() (Android Studio)
69795308,2021-11,2,VER,How to Mocking Request from Faces Context External Context?
69795327,2021-11,4,GEN,Simple template language that does not emit syntax errors
69795356,2021-11,3,GEN,"How to format a new line for each condition, only if more than two conditions (Eclipse)"
69795378,2021-11,3,GEN,Spring AnnotationConfigApplicationContext StartupStep spring.context.annotated-bean-reader.create
69795506,2021-11,3,GEN,How can i show and interact with points of interest (pois) on Here Maps on an Android application?
69795709,2021-11,1,VER,com.maverick.ssh.SshException: Key exchange failed: Expected SSH_MSG_KEX_GEX_GROUP [id=3]
69795710,2021-11,1,VER,Jenkins Down - &#39;no space left on device&#39; error
69795761,2021-11,4,GEN,can a GraalVM app be deployed on a &quot;regular&quot; VM
69795782,2021-11,4,GEN,Does a partial traversal of a linked-list count as &quot;one pass&quot; of the list?
69795857,2021-11,2,VER,Domino server: Passing JVM options to http task only
69795928,2021-11,3,GEN,CameraX and OpenGL to apply effects on real time Camera
69795987,2021-11,3,GEN,How does Criteria.DISTINCT_ROOT_ENTITY actually work?
69796048,2021-11,3,GEN,Is there a way to generate DAOs with JOOQ with findById returning Optional
69796049,2021-11,1,VER,Hadoop mapreduce wordcount-java.io.IOException: Job failed
69796060,2021-11,2,VER,Create a Jar From a Spring Boot Console App That Requires Injection From Custom Arguments
69796213,2021-11,1,VER,Spring boot (.2.3.0.RELEASE) with bucket4j rate limit not working
69796354,2021-11,3,GEN,How to increase Http .execute performance
69796396,2021-11,4,GEN,Is Files.copy a thread-safe function in Java?
69796775,2021-11,4,GEN,Can there be abstract method in a main class?
69796929,2021-11,3,GEN,How to add a list of values from the database inside a TreeMap in java
69797028,2021-11,3,GEN,Concurrency feature of JavaCallable-Future using AWS-SQS
69797121,2021-11,3,GEN,Spring WebFlux. How to get the request body in two different formats using @RequestBody annotation?
69797136,2021-11,1,VER,Not able to show head-up notification popup
69797142,2021-11,1,VER,Realtime database orderbyByChild(timeStamp) not working (android-java)
69797161,2021-11,3,GEN,JAVA how to remove element from list 2 seconds after adding it?
69797245,2021-11,2,VER,How to deserialize com.auth0.jwk.Jwk that does not have no-arg constructor?
69797450,2021-11,3,GEN,How do I set a JTextPane out of another Thread?
69797599,2021-11,1,VER,How to build OpenJDK 11 from sources for aarch64?
69797626,2021-11,3,GEN,Return html content using @Endpoint springboot
69797666,2021-11,3,GEN,How can I initiate YearMonth based on ZoneId and a given year and month?
69797674,2021-11,4,GEN,Simplify a long boolean expression
70177858,2021-12,2,VER,secureRandom : Which urandom config is right non-blocking algorith for Linux in Java 8 and Java 11
70177859,2021-12,0,VER,appium-Interactions are not available for this element
70177913,2021-12,3,GEN,Convert Map to List Objects using Lambda
70178312,2021-12,3,GEN,how can I add lombok jar into intellij idea without installing plugin?
70178336,2021-12,2,VER,why are some words not checked or included in string of reversed words?
70178343,2021-12,3,GEN,Springfox 3.0.0 is not working with Spring Boot 2.6.0
70178360,2021-12,3,GEN,Logout from my application which is using okta
70178372,2021-12,1,VER,Spring Boot for GemFire - Error creating bean with name &#39;continuousQueryListenerContainer&#39;
70178399,2021-12,2,VER,Java&amp;Swing: why the componenet isn&#39;t added dynamically?
70178457,2021-12,3,GEN,How to set memory the master node more than workers nodes&#39; memory in H2O?
70178469,2021-12,3,GEN,Generating a file to store a receipt in android studios
70178578,2021-12,1,VER,setting up an image is returning me null as input when it should be an image
70178612,2021-12,4,GEN,What are some ways to avoid String.substring from returning substring with invalid unicode character?
70178625,2021-12,3,GEN,"Spring Boot 2.x Batch application, how to access Micrometer cache metrics for logging?"
70178653,2021-12,1,VER,Custom java calculator troubleshooting
70178664,2021-12,3,GEN,MongoTemplate update multiple Document with at once without using saveAll() or loops
70178775,2021-12,4,GEN,Java in-memory map with string key part reuse
70178806,2021-12,1,VER,I am getting all sorts of errors with this code. am I putting the try/catch in the correct place or is my code just comp
70178830,2021-12,3,GEN,Maven Build for specific OS and Architecture | abiFilters equivalent for maven
70178876,2021-12,1,VER,Unable to get req.file when I send a POST with an excel file
70178907,2021-12,2,VER,Binary sort tree about JTree
70178967,2021-12,1,VER,Cannot read message body from an xml file using java
70178971,2021-12,4,GEN,What is wrong with my codes of double datatype maximum limit?
70179020,2021-12,1,VER,Why ElasticsearchRestTemplate search result is diffrent from Kibana query result
70179037,2021-12,3,GEN,Multiple REST Calls using Spring Boot
70179059,2021-12,1,VER,"So, I am trying to do simple stuff in android and it shows me error and I&#39;m not able to figure it out"
70179125,2021-12,4,GEN,Defining priority queue
70179152,2021-12,3,GEN,"How to create your own Live Template, using the current line (Intellij)"
70179194,2021-12,4,GEN,"Is is possible to to determine whether two objects are equal when given one, and later given the other, without storing "
70179220,2021-12,3,GEN,Java to replace fields in HTML
70179415,2021-12,3,GEN,Combining JPA And/Or Criteria Predicates
70179516,2021-12,3,GEN,How to get Latest Log Stream Name Using Java
70179581,2021-12,2,VER,"Q: No main manifest attribute, and Could not find or load main class. How do I structure the Main Manifest attribute for"
70179790,2021-12,3,GEN,Warn user on entering different numbers in do while loop
70179883,2021-12,3,GEN,Can I add a object to TreeMap without reference
70179976,2021-12,2,VER,Java Apache Spark Maven Exception in thread &quot;main&quot; java.lang.NoClassDefFoundError: org/apache/spark/SparkConf
70180001,2021-12,2,VER,what is the Capped collection limit via programing
70180030,2021-12,1,VER,Unrequired border around first card
70180053,2021-12,3,GEN,How do I combine 2 array lists of objects having same property value in java
70180055,2021-12,1,VER,Calling Method To Add Parameters Into An Array From A Different Class
70180059,2021-12,1,VER,How to use action listeners to run designated methods on seperate input
70180114,2021-12,1,VER,Reading an on premise file share from Java based azure web app
70180147,2021-12,2,VER,How can I count the UID under the UserID in Firebase?
70180187,2021-12,2,VER,spring boot reconnect solace jms queue
70180222,2021-12,4,GEN,Can I use HashMap of characters in place of String?
70180272,2021-12,3,GEN,Edit Text inside scroll view is hidden behind keyboard when keyboard is visible
70180342,2021-12,3,GEN,Stream filter add condition
70180402,2021-12,3,GEN,Convert $map and $arrayToObject aggregation query using morphia java
70180408,2021-12,3,GEN,Break grid using label on JavaFX
70180442,2021-12,3,GEN,how to decode gzip webclient response spring boot?
70180473,2021-12,4,GEN,Missing return statement in Java stream
70180659,2021-12,3,GEN,How to convert a select statement in mysql into a query in java?
70180711,2021-12,2,VER,I&#39;m confused the use of scanner.next()in JAVA
70180744,2021-12,2,VER,Crop area from image wih OpenCV
70180750,2021-12,2,VER,Loop Object from a single Array
70180847,2021-12,3,GEN,Prevent Intellij IDEA from indenting my comment on else statement
70180930,2021-12,3,GEN,Provide default values when using Lombok @Builder on method level?
70180963,2021-12,3,GEN,Spring Webflux: Calling an endpoint inside flatmap not in parallel
70180976,2021-12,3,GEN,Make a stream to generate the multiples of three
70181027,2021-12,4,GEN,Remove the literal &quot;false&quot; boolean value
70181053,2021-12,1,VER,Change imageview resource from inside recyclerview when clicked
70181058,2021-12,1,VER,android firebase start listing data equal to entered letter
70181103,2021-12,4,GEN,Log4j Appender that logs messages to a list/map
70181238,2021-12,1,VER,Android 12 - Fatal Exception: android.content.res.Resources$NotFoundException
70181292,2021-12,1,VER,Java can&#39;t access file on local path
70181296,2021-12,3,GEN,How to generate rest client api for Spring Boot microservice from source?
70181310,2021-12,3,GEN,How to enter values to java program?
70181321,2021-12,4,GEN,Is it necessary to have SessionFactory bean method when configuring JPA with Hibernate?
70181349,2021-12,3,GEN,Java parameterized class
70181371,2021-12,3,GEN,Streak of the user consecutively login in the app(Android)
70181405,2021-12,1,VER,PubSub GKE Connectivity Issue - Failed to create producer binding; retrying in 30 seconds
70181435,2021-12,3,GEN,Spring Security: Allow requests from specific host name
70181459,2021-12,3,GEN,Is it possible to get adaptive Width &amp; Height after Graphics2D finish painting in paintComponent?
70181463,2021-12,3,GEN,Java 2 ME doesnt support replaceAll()
70181478,2021-12,2,VER,Migration from Ant to Maven with OSGI?
70181512,2021-12,1,VER,Not able to upload files in chrome incognito mode when tried with selenium 4 and SSO with ((HasAuthentication) driver).r
70181715,2021-12,2,VER,"After inputting the ordered data set into Optaplanner, why is the optimized result worse?"
70181737,2021-12,2,VER,How to get focal length of camera in Android using Java
70181752,2021-12,1,VER,Spring Data Jpa Repository not saving entities to database
70181838,2021-12,3,GEN,How to get a value from running instance
70181958,2021-12,3,GEN,How to assert metrics publication with reactor-test
70181964,2021-12,4,GEN,Is it possible to use Class&lt;?&gt; with the new Pattern-Matching switch?
70182077,2021-12,3,GEN,How to configure Spring Boot Kafka client so it does not try to connect
70182089,2021-12,1,VER,Springboot Config server client returns status code: -1
70182236,2021-12,3,GEN,How to access array from constructor
70182237,2021-12,3,GEN,How change default underline color in TextInputEditText
70182293,2021-12,2,VER,Error part of loading array from text file does not work correctly
70182368,2021-12,3,GEN,Split nested json data
70182502,2021-12,2,VER,How force BeanPostProcessor proxy to look up on classes not interfaces?
70182652,2021-12,1,VER,JAX-RS (RestEasy) problem when passing id to update an object
70182691,2021-12,4,GEN,What does &quot;There may be many references to the same object.&quot; mean?
70182928,2021-12,2,VER,Executing Spring AOP aspects for annotations aliased with @AliasFor
70182950,2021-12,3,GEN,Prevent User From Entering Characters After a Suffix in a Text Field in SWT
70182989,2021-12,1,VER,Adding the &quot;tika-parser-microsoft-module&quot; gives me a NullPointerException
70183038,2021-12,1,VER,Getting error while executing find Odd Even Number
70183075,2021-12,3,GEN,adding a book with multiple parameters to a single array list index
70183096,2021-12,1,VER,Spring Boot maven project unable to start ServletWebServerApplicationContext due to missing ServletWebServerFactory bean
70183122,2021-12,2,VER,How to stop the loop executing n times?
70183132,2021-12,2,VER,Expose spring integration amqp/jms channel messages metrics to prometheus
70183142,2021-12,4,GEN,Is upsert in elastic search has concurrency problem?
70546363,2022-01,4,GEN,"Is there equalvalent in C++- For a given seed, the order of the random numbers will always be the same"
70546450,2022-01,1,VER,Minecraft Forge 1.8 Mod Not Compiling With &quot;GradleScriptException: A problem occurred evaluating root project &#39;
70546458,2022-01,4,GEN,Do all datastructures use arrays?
70546475,2022-01,2,VER,Javacard: error on static array initialization in package build with ant-javacard
70546552,2022-01,4,GEN,Time complexity of for loop
70546574,2022-01,4,GEN,How do I find the filetype of a file in Java?
70546597,2022-01,3,GEN,How to display a result in the other activity?
70546608,2022-01,4,GEN,Read C#&#39;s MemoryMappedFile in Java
70546622,2022-01,3,GEN,How can I use user input dates to filter out objects in an array list?
70546736,2022-01,1,VER,Netbeans Chinese characters in java project properties run arguments
70546779,2022-01,4,GEN,What does the &quot;p&quot; and &quot;01&quot; icons signify in IntelliJ IDEA?
70546868,2022-01,1,VER,Why isn&#39;t my Android app asking the user to allow storage permissions when I wrote the necessary code in the onCreat
70546981,2022-01,3,GEN,Java/Kotlin parallel processing like LMAX disruptor
70547020,2022-01,1,VER,Configure Spring Gateway to forward web requests to internal url
70547141,2022-01,4,GEN,What exactly does `XMLStreamReader.getEncoding()` do?
70547154,2022-01,2,VER,How to find anchor inner item in recyclerView
70547255,2022-01,4,GEN,When should I use Executor over ExecutorService
70547338,2022-01,1,VER,Field &#39;bookRepository&#39; in &#39;BookServiceImpl&#39; required a bean of type &#39;BookRepository&#39; that could 
70547461,2022-01,2,VER,Reducing time complexity of the code (max execution time is 16000 ms)
70547534,2022-01,3,GEN,How to run a function for specific period of time in 24 hrs in Background Android
70547594,2022-01,3,GEN,Getting Time Limit Exceeded in Java even after using HashMap in &quot;phone number query code&quot;
70547602,2022-01,1,VER,Exception in Application start method related error
70547639,2022-01,1,VER,Firebase App Crashes when minifyEnabled is true
70547741,2022-01,2,VER,How to make a prediction in the android with timeseries
70547998,2022-01,4,GEN,Leetcode Combination Sum Problem. Problem understanding the 15th line
70548036,2022-01,2,VER,Representing memory using hashtable from a text file
70548136,2022-01,1,VER,Failed to create spark session
70548284,2022-01,2,VER,user.permissionsBoundary returns NULL while retrieving information from AWS using Java SDK
70548369,2022-01,4,GEN,How can I check if 2 given stacks has the same values? (Not necessarily in the same order)
70548377,2022-01,3,GEN,glfwGetKeyName() returns null
70548397,2022-01,3,GEN,How to add a Spring Boot Jar in another spring boot project and auto wire it
70548446,2022-01,3,GEN,JavaFX TableView with array of TableColumns
70548507,2022-01,2,VER,Storing multilingual user entered text in Flutter app
70548549,2022-01,3,GEN,How to make Row data type in MariaDB
70548757,2022-01,4,GEN,Creating a new File instance with a parent directory returns a File inside the root instead of the parent
70548808,2022-01,4,GEN,Getting random elements from a list while another thread is mutating it
70548809,2022-01,1,VER,File Associations not working in JPackage
70548812,2022-01,1,VER,Database error with Java Spring boot Project
70548899,2022-01,1,VER,Problem in using frontend-maven-plugin while following the spring-guide demo
70548988,2022-01,3,GEN,How to use one ResourceBundleProvider for all resource bundles in all Modules?
70549032,2022-01,3,GEN,set class fields based on enum value
70549114,2022-01,1,VER,How to import java project as module in java web project using intelijj?
70549142,2022-01,4,GEN,Webflux combine two Monos with dependency
70549148,2022-01,4,GEN,RMI class loading from codebase without deprecated SecurityManager?
70549264,2022-01,1,VER,Slay the Spire Default Mod Base: Game Crashed When Trying to Play as The Default
70549533,2022-01,4,GEN,How to represent weak entity (License) having a composite key of License Number and Driver Number where Driver Number is
70549581,2022-01,4,GEN,How to design endpoints for bi-directional entity mapping
70549652,2022-01,4,GEN,What does &lt;T&gt; T resolve(Class&lt;T&gt; var1); do?
70549671,2022-01,4,GEN,Is it possible to get a deadlock with ConcurrentHashMap with two threads lockRoot
70549692,2022-01,3,GEN,How to mock a retrofit2 error response with Mockito thenReturn?
70549815,2022-01,2,VER,I can&#39;t add my app to google play: Issue: Need login credentials for app review
70549886,2022-01,1,VER,Why does the same thread keeps locking (reentrant lock) unless I use a sleep?
70550062,2022-01,4,GEN,KMAC algorithm for KeyGenerator in Java
70550128,2022-01,2,VER,"Do while loop behaving unexpectedly, for some inexplicable reason"
70550152,2022-01,4,GEN,Random number and threads
70550212,2022-01,4,GEN,Is there a way to allow for the number of for loops and array elements to be variable in algorithm? - java
70550298,2022-01,1,VER,How to make Jpa repository work in unit tests and configuration?
70550342,2022-01,1,VER,Chrome opens webpage and closes immediately using Selenium and Java
70550418,2022-01,3,GEN,Passing argument to Java compiler in vscode
70550471,2022-01,1,VER,Error: Could not find or load main class main Caused by: java.lang.NoClassDefFoundError: Main (wrong name: main)
70550502,2022-01,3,GEN,Duplicate class androidx.lifecycle.DefaultLifecycleObserver in modules in Android Studio app (Java)
70550692,2022-01,3,GEN,Why isn&#39;t my output showing after my switch statement
70550906,2022-01,2,VER,How can I prevent a child entity being removed from it&#39;s parent when I edit the child entity?
70550937,2022-01,3,GEN,Finding the longest word ArrayList /Java
70551266,2022-01,2,VER,How would I make the camera not rotate as the player rotates?
70551317,2022-01,4,GEN,Parameter to pass in for type Class&lt;T[]&gt;
70551370,2022-01,1,VER,SLF4J .NoClassDefFoundError when running by command line on jar file
70551467,2022-01,1,VER,Bearer authentication working from postman but not from android app
70551526,2022-01,3,GEN,Android Studio - How to get value from FireBase Realtime Database
70551550,2022-01,4,GEN,Segment class in ConcurrentHashMap usage
70551668,2022-01,2,VER,How do Wear OS Tiles update themselve every second?
70551690,2022-01,2,VER,Log sorting - Custom sorting is not working
70551735,2022-01,3,GEN,How to Create a create_dialog() Method in Android Studio in which you can pass the name of the Dialog Name you want to c
70551748,2022-01,3,GEN,GSON parse serialized instance of uncertain type
70551831,2022-01,4,GEN,Why does HttpServletResponse not have a simple String of the response body?
70551844,2022-01,3,GEN,How to run .jar file that scrapes data and updates mongoDB once daily on Azure
70551852,2022-01,3,GEN,How do I convert int of zeros to int [] (array of digts)?
70551935,2022-01,1,VER,Error when trying to make a fat jar with maven in JavaFX on Intellij
70551969,2022-01,3,GEN,How do I grant &#39;all&#39; permissions to a netbeans project? | netbeans 8.2
70552008,2022-01,4,GEN,Java hidden properties without Spring
70552042,2022-01,4,GEN,Can a reflection library that uses Java&#39;s module system access non modularized code?
70552112,2022-01,4,GEN,Thread pool in each api request vs single application pool reuse
70552128,2022-01,1,VER,icons are showing in full black color in android drawer bar do you know how to fix it?
70552208,2022-01,2,VER,Unable to find out where a Maven plugin comes from
70552323,2022-01,2,VER,Using PixelCopy.request() to save a screenshot of a SurfaceView returns a black bitmap
70552413,2022-01,2,VER,Components inside JDesktopPane not showing
70552488,2022-01,4,GEN,All methods in runnable class run on a seperate thread or only run() method? Java
70552502,2022-01,2,VER,How to mock a class that implements UserDetailsService
70552516,2022-01,3,GEN,How can I get the last updated data in firebase to android studio and show it in textview while the key is generated fro
70552558,2022-01,3,GEN,How to only show 9 elements in each page thymeleaf
70552609,2022-01,1,VER,Spring Data JPA Save method not working as expected with threadpool got exception
70552751,2022-01,4,GEN,Measure memory used by a program from another program
70552756,2022-01,3,GEN,How can I prevent my Javafx Pane from resizing to fit it&#39;s children
70552789,2022-01,1,VER,android app not connecting to server after renewing ssl
70552935,2022-01,3,GEN,access to database without a need for Authorized networks in cloud sql
70552944,2022-01,2,VER,Getting values from enum in thymeleaf
70552998,2022-01,1,VER,Compilation failure error given when doing Maven Install in IntelliJ with JavaFX and Selenium
70553048,2022-01,2,VER,How can i remove a title screen element with fabric in Minecraft 1.18.1
70553078,2022-01,2,VER,How to handle multiple card views / buttons on a fragment
70553159,2022-01,1,VER,Problem Specifying Jetpack Room Schema Location
70934256,2022-02,1,VER,Tomcat 9 unable find org.apache.ibatis inside docker container with java 17
70934272,2022-02,4,GEN,"How does java choose between a method with same name, parameters and class in different dependencies?"
70934287,2022-02,3,GEN,How to propagate properties in parent POM to child POM post build
70934361,2022-02,3,GEN,Mockito ArgumentCaptor needs stubbing even if I use verify?
70934372,2022-02,2,VER,print a jagged array from a file
70934432,2022-02,3,GEN,Java - Is it Possible to Use Spring Cloud Stream Kafka and RabbitMQ for the Same Application
70934451,2022-02,2,VER,Why does spring-boot include compile transitive dependencies from a test direct dependency?
70934552,2022-02,1,VER,Sonar Doesn&#39;t pick lombok Annotations ( Remove unused private field)
70934558,2022-02,3,GEN,ForkJoinPool::shutdown vs ForkJoinPool::shutdownNow after ForkJoinPool::join
70934566,2022-02,2,VER,"How can I make a drawing animation with a child of View, drawing each Path&#39;s line one by one?"
70934678,2022-02,1,VER,Eclipse import from git not recognizing source folders
70934786,2022-02,3,GEN,How to convert a string number into an integer in Java?
70934925,2022-02,1,VER,What could cause a freezing socket between C++ and Java?
70934932,2022-02,2,VER,Can I use 2d graphics as background for components in java?
70934998,2022-02,3,GEN,Remove extra space on button and remove rounded corner in Android Studio
70935026,2022-02,1,VER,Gradle (Java) cannot find symbol for class in subdirectory of package
70935036,2022-02,2,VER,How to get one string value from the Mainactivity to a cardview Adapter?
70935053,2022-02,3,GEN,Advanced 2-D Array map generation for 2D Platformer game with Java (processing)
70935075,2022-02,3,GEN,Loading Spring-boot properties to POJO
70935095,2022-02,3,GEN,How to access file name within a DoFn in an unbounded pipeline
70935160,2022-02,1,VER,"&quot;Module not found, required by&quot; when implementing maven library via gradle using javafx?"
70935215,2022-02,2,VER,Output file contains wrong data
70935358,2022-02,2,VER,finding the average of rows of a jagged array
70935405,2022-02,3,GEN,How to handle a non-resolvable parent POM?
70935413,2022-02,4,GEN,How to close program if text document is not found
70935463,2022-02,1,VER,A fatal error has been detected by the Java Runtime Environment in SafeFetchN with JavaFX on M1 Mac
70935508,2022-02,1,VER,Open CV java.lang.UnsatisfiedLinkError
70935569,2022-02,2,VER,Why does this only work on designed comboBox and not on hardcoded swing?
70935678,2022-02,4,GEN,Spring Web App Deployment:: how do you hide data in application.properties?
70935683,2022-02,2,VER,groovy.lang.MissingMethodException: No signature of method: java.lang.String.name() is applicable for argument types: ()
70935740,2022-02,2,VER,How to stop for loop from printing the same input?
70935800,2022-02,2,VER,How to navigate from fragment to Activity in Android navigation component?
70935810,2022-02,3,GEN,How to authenticate firebase using email/password on desktop for individual users (javafx)
70935853,2022-02,3,GEN,Is there any way I can create a Scheduled Job with custom Job Name and Job Group for SFTP Endpoint
70936117,2022-02,3,GEN,Combining multiple read/write Binders
70936140,2022-02,2,VER,I am trying to make a pointcut. but its giving an Exception
70936310,2022-02,3,GEN,Can&#39;t create new table in Mysql used foreign key
70936350,2022-02,3,GEN,Postgres query to HQL: select t from TableName t where t.isActive=true order by t.extension-&gt;&#39;desc&#39;
70936542,2022-02,4,GEN,Is it guaranteed that the term &quot;version&quot; appears in the output of `java -version`?
70936568,2022-02,4,GEN,How i round off two decimal point in java?
70936580,2022-02,4,GEN,How can I restrict someone from entering numbers or special characters in my NAME edittext
70936771,2022-02,4,GEN,Why we need to handle or throw checked exceptions in Java?
70936895,2022-02,3,GEN,How to correctly map a JSON structure to an object?
70936945,2022-02,4,GEN,Rejecting GET requests with additional query params
70936952,2022-02,3,GEN,How to implement Pattern Layout in log4j2 2.17.1 migrated from log4j 1.2.17 version?
70937015,2022-02,3,GEN,Android Studio Bumblebee unable to use Safeargs
70937075,2022-02,3,GEN,Asynchronous single task executor
70937158,2022-02,2,VER,"In Android studio, if I tried to click account creation btn without filing the required fields, the app crashes"
70937209,2022-02,4,GEN,I thought answer of these time complexity is O(n) but it is wrong. Can someone explain?
70937237,2022-02,2,VER,Problem with adding long term validation to signed pdf using iText
70937250,2022-02,4,GEN,How to have query string parameter(s) and field name(s) different
70937295,2022-02,2,VER,Not able to print logs to Tomcat&#39;s CATALINA_BASE by using log4j2
70937346,2022-02,3,GEN,Looking for a way to override application.properties values during application runtime
70937351,2022-02,1,VER,The git-push command failed
70937392,2022-02,3,GEN,Return city in which most people live - stream()
70937414,2022-02,2,VER,intellij step over button does not work as expected
70937481,2022-02,4,GEN,Caching java instance for peformance
70937537,2022-02,2,VER,Swagger generated code date issue &quot;Java 8 date/time type java.time.OffsetDateTime not supported by default&quot;
70937593,2022-02,3,GEN,2dimension matrix interface for add() and copy()
70937687,2022-02,4,GEN,Using javax @Transient annotation with a field of MappedSuperclass
70937793,2022-02,2,VER,HTML tags are not working when defined within stringbuilder
70937825,2022-02,2,VER,Is there any other way to add an ActionListener to a button using windowbuilder (eclipse) in design mode than to double 
70937851,2022-02,3,GEN,How to set TCP NODELAY for db connections on a spring boot application
70937906,2022-02,4,GEN,How to Colorize String Results in JSP?
70937912,2022-02,4,GEN,Why does complier give casting error even after declaring type explicitly?
70937915,2022-02,3,GEN,Date format in Spring Batch Excel
70938015,2022-02,2,VER,Android studio - link external library
70938022,2022-02,2,VER,Save loaded RecyclerView inside another RecyclerView after Scroll
70938053,2022-02,2,VER,"No query defined for that name [getUserByCity], Spring boot JPA NamedQuery from jpa-named-queries.properties"
70938115,2022-02,3,GEN,Collection.toArray(...) performance in Android
70938280,2022-02,3,GEN,Log4j Migration - How to migrate Custom File Appender with log4j bridge or logj2
70938297,2022-02,3,GEN,How to add classpath in new version of Android Studio
70938308,2022-02,2,VER,How do I return a byte array as response using spring boot and ajax?
70938355,2022-02,4,GEN,How to convert this String array to array so that I can print all the results coming from a for loop to a string separat
70938395,2022-02,3,GEN,check if block is any liquid (minecraft forge 1.18.1)
70938482,2022-02,3,GEN,Postgresql rule on insert to do nothing and return the given instence
70938509,2022-02,3,GEN,How to get an element within an ArrayList of elements using Selenium Java
70938608,2022-02,1,VER,Illegal State Exception in mediaplayer.prepare android
70938651,2022-02,1,VER,Android strings Localisation working partially
70938689,2022-02,4,GEN,10000000000%10 returning 8 in Java
70938727,2022-02,1,VER,Spark Avro Schema Value is Coming Null
70938816,2022-02,1,VER,MySQL and the Java finaliser thread - High CPU consumption
70939204,2022-02,2,VER,Flowable correlation catch event happens before data is persisted
70939217,2022-02,3,GEN,change ant.zip() output directory
70939241,2022-02,1,VER,JitsiMeetConferenceOptions() reflects error in android studio
70939261,2022-02,3,GEN,TestNG - Getting start time of before method
70939270,2022-02,3,GEN,Can we convert (marshal) java objects with variables of &#39;Object&#39; data type using JAXB
70939299,2022-02,4,GEN,Using pre-defined class names in java
70939304,2022-02,3,GEN,Prevent Flux Publisher from going out of memory
70939341,2022-02,3,GEN,Combine Two Json Objects in java which is in single json array
70939512,2022-02,3,GEN,Eclipse common launch for several machine
70939663,2022-02,4,GEN,What is the difference between addFirst and addLast in Deque interface
70939667,2022-02,3,GEN,Mapping a Point to latitude and longitude with mapstruct
70939676,2022-02,2,VER,Display all elements of queue using linked list
70939718,2022-02,3,GEN,How to assign multiple value from HashMap to variables in Java?
70939794,2022-02,1,VER,Error : &quot; execute() is called on closed connection when trying to persist value with an Update sql statement&quot; 
70940006,2022-02,3,GEN,"Conversion Bluetooth inputstream to an image, java android app"
70940020,2022-02,3,GEN,Decrypting a ZIP file in PHP encrypted using Java
70940056,2022-02,4,GEN,Integer Object (Unicode) to Characterobject
70940062,2022-02,2,VER,Waffle SpringBoot error logging - Invalid Authorization header: Negotiate
71302376,2022-03,1,VER,Scala reflection: compile akka actor with protobuf
71302377,2022-03,2,VER,Convert String array to an Int array and total it
71302405,2022-03,2,VER,GeoTools to read featureSource from a different postgresql schema than public
71302429,2022-03,1,VER,How do I validate an integer input number to be only from 1 to 8 when &quot;enter an option&quot; or option is a String?
71302482,2022-03,3,GEN,Dynamically (in runtime) change properties of standard spring integration end-points
71302522,2022-03,2,VER,Create a Table with Rows in Android Room
71302580,2022-03,1,VER,Could not create service of type FileHasher using GradleUserHomeServices.createCachingFileHasher()
71302623,2022-03,4,GEN,Why is it necessary to import Scanner in both main and separate class?
71302700,2022-03,1,VER,My plugin in jmeter throws java.lang.NoSuchMethodError: org.openqa.selenium.chrome.ChromeOptions.setBinary
71302715,2022-03,1,VER,Maven dependencies to use OkHttp as Feign client
71302772,2022-03,1,VER,BindingName does not work in Azure Event Hub Trigger
71303161,2022-03,1,VER,Eclipse IDE ERROR (Exception in thread &quot;main&quot; java.lang.NoClassDefFoundError: sun/misc/Unsafe)
71303289,2022-03,1,VER,VS Java hadoop WordCount error: Exception in thread &quot;main&quot; java.lang.UnsatisfiedLinkError
71303300,2022-03,1,VER,IntelliJ is breaking my project when exporting to Eclipse - com.intellij cannot be resolved to a type
71303317,2022-03,1,VER,OpenJDK11 crash when call BigDecimal.sqrt
71303347,2022-03,2,VER,"When clearing background, rect moves"
71303356,2022-03,3,GEN,Return data from Camunda process when started through rest-engine
71303442,2022-03,1,VER,Java try/catch error with parameter of class build
71303524,2022-03,1,VER,Unable to apply io.spring.dependency-management Gradle plugin
71303571,2022-03,3,GEN,Add View programmatically and after adding on button click change view background
71303609,2022-03,1,VER,none of my images or letters except my ComboBox are showing
71303696,2022-03,4,GEN,How do I invalidate a char input in Java?
71303705,2022-03,2,VER,Spring cloud Kafka Stream StreamsUncaughtExceptionHandler
71303885,2022-03,1,VER,ExifInterface 1.3.3 returns &quot;0/1 0/1&quot; for longitude and latitude values
71303892,2022-03,1,VER,Android videoView not showing inside fragment
71303909,2022-03,1,VER,Spring Boot service freezing after some time
71304036,2022-03,1,VER,How to resolve null pointer exception in code?
71304085,2022-03,3,GEN,How can we implement incoming UI call screen in java just like in flutter we do with flutter callkit incoming package?
71304147,2022-03,3,GEN,@SubclassMapping order
71304225,2022-03,3,GEN,Opengl GLES20.glViewport() change shape to circle
71304263,2022-03,2,VER,I&#39;m trying to calculate and return the user change and I don&#39;t know how
71304272,2022-03,3,GEN,Changing icon color in java
71304331,2022-03,2,VER,No property found for type after adding EntityGraphJpaSpecificationExecutor to repository
71304416,2022-03,1,VER,Android version 12 - trying to open app but It&#39;s crushed by on Runtime Exception
71304498,2022-03,4,GEN,Rest API response for batch request?
71304505,2022-03,4,GEN,How to get list element with minimal property?
71304574,2022-03,1,VER,java command works in command prompt but not in powershell
71304597,2022-03,4,GEN,How to use a variable via Java method parameter?
71304656,2022-03,4,GEN,Obtain a List of orders from a List of products for the given product category
71304719,2022-03,2,VER,hibernate tries to insert column that is not defined
71304785,2022-03,3,GEN,Android. How to show 2 items in recycler view and then add one item on every button click
71304793,2022-03,1,VER,Getting error while unpacking iso message
71304804,2022-03,3,GEN,How to get to a WireMockServer from Junit 5 WireMockTest test case
71304890,2022-03,3,GEN,Overriding method that returns and consumes a generic class with sub-interfaces
71304950,2022-03,4,GEN,How to insert existing arrays inside a 3D array
71305086,2022-03,3,GEN,In Android Jetpack compose how to achieve GestureDetector.SimpleOnGestureListener.....?
71305176,2022-03,1,VER,Java : How to connect to ServerSocket using router public IP?
71305178,2022-03,3,GEN,Tomee Maven Plugin Specify Java Binary
71305210,2022-03,1,VER,Missing Artifact in eclipse maven project
71305213,2022-03,4,GEN,Java parallelize computation of a vector
71305226,2022-03,3,GEN,Object declaration check in Java
71305264,2022-03,3,GEN,Change empty alias keytool
71305311,2022-03,3,GEN,How to stop Java code from repeating last value of object array?
71305353,2022-03,2,VER,Any cordova plugin for screen sharing or support for getDisplayMedia?
71305397,2022-03,4,GEN,How to test no extra fields is delared in subclass which means all fields are inherited from the super class?
71305588,2022-03,2,VER,Substitute ints into Dataflow via Cloudbuild yaml
71305707,2022-03,4,GEN,Java arraylist find missing fields using streams
71305762,2022-03,3,GEN,how to write junit for this code service layer in springboot
71305766,2022-03,2,VER,ClassCastException when loading from Redis Cache
71305778,2022-03,3,GEN,How to build java spring boot application with kaniko and push it to private registry
71305840,2022-03,4,GEN,Safety of allowing custom CSS stylsheets for a JavaFX program
71305870,2022-03,1,VER,I have created a data class for my table which is throwing error in named queries
71305912,2022-03,4,GEN,"How to serialise in rest assured , java keywords"
71305984,2022-03,1,VER,Getting &quot;javax.net.ssl.sslhandshakeexception pkix path building failed sun.security.provider.certpath&quot; error i
71305987,2022-03,1,VER,I am trying to upload picture through my emulator in android using img picker but it shows error and I can&#39;t find ou
71305992,2022-03,3,GEN,ElasticSearch connection status after password change
71306045,2022-03,1,VER,Can&#39;t find repositories and dependencies in build.gradle in Android Studio
71306134,2022-03,1,VER,Gradle Project does not recognise tests
71306288,2022-03,2,VER,Trying to display the specific id on the edit page
71306444,2022-03,4,GEN,Jackson map to json with changing case
71306449,2022-03,3,GEN,Populating a non-column field in entity using Spring Repository
71306470,2022-03,2,VER,Can&#39;t verify access token signature from azure using nimbus
71306549,2022-03,2,VER,Hibernate BeanCreationException when using @entity
71306603,2022-03,3,GEN,Spring Data Jpa: Alternating cascade type in @ManyToOne relationship
71306617,2022-03,2,VER,OpenAPI returns null in nested type
71306642,2022-03,1,VER,Cannot have a steady connection with my Bluetooth smartwatch in android studio
71306716,2022-03,2,VER,How to fix TLE (Time limit exceeded) in my java code?
71306795,2022-03,2,VER,Need help to implement WebViewAssetLoader
71306875,2022-03,4,GEN,XPath not reading xml tag with namespace
71306910,2022-03,1,VER,"Vaadin 14 training &quot;RouterAPI&quot; is probably outdatedt, so mvn jetty:run raises an error. How do I need to chang"
71306922,2022-03,1,VER,Wakeup lock is not working in android mobile app
71306956,2022-03,4,GEN,How to check if two out of three values are the same?
71307192,2022-03,2,VER,"error: cannot find symbol: method createUriForFile(Context,File)"
71307207,2022-03,1,VER,firebase otp code received but onverificationcomplete() method is not getting called
71307302,2022-03,1,VER,"Alert dialog in Fragment, app get crashed"
71307360,2022-03,3,GEN,&quot;grade&quot; cannot be resolved to a variable
71307367,2022-03,4,GEN,When to pass a parameter as a constructor parameter or as a method parameter
71307426,2022-03,3,GEN,How to make app able to show notification when it is closed
71307451,2022-03,3,GEN,From shading to modules: How to avoid version conflicts?
71307496,2022-03,2,VER,@RequestAttribute return null for own attribute created by AOP
71307569,2022-03,3,GEN,Replace ConditionalOnEnabledEndpoint for Spring Boot 2.6.4
71307591,2022-03,3,GEN,Is there a way to save data from csv to mongodb?
71307623,2022-03,3,GEN,Android webview how long cookies are saved?
71307685,2022-03,2,VER,Java Spring omits fields when making a JSON
71307707,2022-03,2,VER,Thread is not disconnecting from server even after its file is downloaded from ftp server and not reusing itself to down
71307740,2022-03,1,VER,Visual Studio Code Not Recognizing/Importing Java Projects
71307750,2022-03,3,GEN,Get weeks between 2 dates with weeks crossing 2 months
71307937,2022-03,1,VER,Unable to read app config resource from compiled JAR
71307997,2022-03,1,VER,"Consuming a web service in C# from Java client, can&#39;t detect classes"
71308064,2022-03,1,VER,Java heap space out of memory when trying to start a fabric minecraft mod i made
71700414,2022-04,4,GEN,Understanding Java instances and the STATIC keyword
71700447,2022-04,3,GEN,Java how to check if ResourceBundle is valid (expired or cleared from cache)
71700529,2022-04,1,VER,NoClassDefFoundError: org/bouncycastle/jce/provider/BouncyCastleProvider
71700630,2022-04,4,GEN,Time complexity of isRotation algorithm
71700761,2022-04,2,VER,Mockito spy on class variable
71700786,2022-04,3,GEN,How to edit an image with absolute path?
71700819,2022-04,2,VER,How to add a Servlet filter in Vert.x REST API?
71700836,2022-04,1,VER,SQLite don&#39;t filter records correctly
71701058,2022-04,4,GEN,Can a class have an abstract class as attribute in Java?
71701146,2022-04,1,VER,Apache Jackrabbit JCR with Adobe Aem - &quot;Workspace Mismatch&quot;
71701294,2022-04,3,GEN,Execute shell commands by ProcessBuilder In java but seems nothing work
71701299,2022-04,4,GEN,"Which pattern is used to converted MAR, APR, JUN, etc"
71701401,2022-04,2,VER,How to map set() in object in java?
71701465,2022-04,4,GEN,Why can&#39;t I return an instance of template parameter?
71701533,2022-04,4,GEN,why it showing ConcurrentModificationException? arraylist want delete some element by specific condition
71701602,2022-04,3,GEN,Merge several json objects Java with jackson
71701609,2022-04,2,VER,how can I resolve try-catch issue within for loop?
71701788,2022-04,2,VER,Should I care about no_entry_value in trove4j?
71702084,2022-04,2,VER,Try to update SQL table With Java JDBC get error &quot;SQL command not properly ended&quot;
71702313,2022-04,4,GEN,Can anyone explain the Android ViewBinding&#39;s bind() function optimized Java code?
71702470,2022-04,3,GEN,Grouping elements based on common element to form a json array of objects
71702515,2022-04,1,VER,Why my page is lagging while click on &quot;Daily Meal&quot;
71702610,2022-04,1,VER,java.lang.NoSuchMethodError: javax.servlet.ServletContext.setSessionTimeout(I)V
71702621,2022-04,1,VER,"CustomInterceptor to intercept @UpdateProvider linked method,but execute twice"
71702649,2022-04,4,GEN,Why do I have to close JDBC resources in reverse order of use?
71702655,2022-04,4,GEN,Make Image As Button With Link
71702674,2022-04,3,GEN,Intermittently consuming kafka messages in a springboot application
71702737,2022-04,1,VER,Child scrollable tablelayout isn&#39;t showing in my alertdialog. Why?
71702760,2022-04,1,VER,Error processing condition on org.springdoc.webmvc.ui.SwaggerConfig.indexPageTransformer using Spring 3.0
71702908,2022-04,3,GEN,can&#39;t get the Element of JSON Object
71702997,2022-04,4,GEN,Program without and with data hiding in java
71702999,2022-04,3,GEN,Post process antlr maven goal
71703077,2022-04,1,VER,Android Retrofit: Sending User object to PHP API always arrives empty
71703103,2022-04,2,VER,Spring Data JPA creates two tables after renaming entity
71703143,2022-04,4,GEN,can i set a Activiti user task to multiple candidate groups?
71703280,2022-04,1,VER,java.lang.SecurityException: UID 10457 / PID 24525 lacks permission android.permission.BLUETOOTH
71703298,2022-04,2,VER,What is the latest version of opensaml?
71703461,2022-04,1,VER,How to Solve HttpClient Error in Android Studio
71703641,2022-04,1,VER,Chainr.transform giving Null as transformedObject
71703680,2022-04,3,GEN,send REST message to pod in Openshift
71703711,2022-04,2,VER,Store user Data in a Hashmap
71703786,2022-04,3,GEN,How to add XML Prolog to existing XML Java
71703792,2022-04,1,VER,Worker class not getting triggered by the OneTimeWorkRequest
71703831,2022-04,4,GEN,Why can&#39;t we make a relationship attribute in spring data JPA final as well?
71704044,2022-04,2,VER,Run java class from command line
71704049,2022-04,1,VER,How should I edit my pom.xml file to import my maven project to sonarqube?
71704062,2022-04,3,GEN,How to get aws cloudsearch domain&#39;s search endpoint using AWS Java sdk
71704108,2022-04,4,GEN,Is there any way to retrieve the Case Labels of a Switch Statement as a Collection in Java 8?
71704120,2022-04,2,VER,How to parse a sitemap index that has compressed links
71704172,2022-04,1,VER,Thymeleaf will not show values in table but shows correct number of rows
71704206,2022-04,1,VER,java.lang.IllegalArgumentException: XNIO001001: No XNIO provider found
71704330,2022-04,3,GEN,Java 8 Stream remove &quot;almost&quot; duplicates from list?
71704334,2022-04,2,VER,What is the way around this error &quot;java.lang.RuntimeException: PowerMock internal error: Should never throw excepti
71704350,2022-04,3,GEN,How do I give JSON raw data when there is a bad request?
71704449,2022-04,3,GEN,How to schedule a periodic background work to activate at fixed times?
71704471,2022-04,4,GEN,How can scheduleAtFixedRate run with just 1 thread?
71704498,2022-04,2,VER,I can&#39;t use NumberFormatExeption. The program should continue even if the user input a string or non-number
71704613,2022-04,3,GEN,javax.validation.constraints to validate fraction number of digits of float variable
71704618,2022-04,4,GEN,What does getString(1) mean in terms of getting info from a database?
71704643,2022-04,1,VER,Run log4j on jamvm
71704667,2022-04,4,GEN,Starting a thread in static block doesn&#39;t run until it exits the static block
71704673,2022-04,1,VER,visual studio spring boot Non-resolvable parent POM behind company proxy
71704710,2022-04,4,GEN,Left zero padded format numbers
71704722,2022-04,1,VER,package does not exist when running the application
71704792,2022-04,3,GEN,How to get generic? class from json response? If one object can contain many different classes
71704817,2022-04,2,VER,Delete the highest and lowest value of an Array
71704889,2022-04,1,VER,"Java Swing Menu, Popup, Combobox GUI Problem"
71704909,2022-04,2,VER,Time between 2 dates at the beginning of each day
71704943,2022-04,3,GEN,fill XML file with special content
71704948,2022-04,2,VER,What is wrong about Syntax for the following sql queries?
71705127,2022-04,3,GEN,getting more details when SpringWebFlux returns 400
71705183,2022-04,1,VER,"I get this error in vscode with flutter MainActivity.java is no on the classpath of project app,only syntax errors are r"
71705187,2022-04,2,VER,How to dump classes loaded into memory? Java
71705368,2022-04,2,VER,PreviewView isn&#39;t available in my AndroidStudio?
71705403,2022-04,3,GEN,How to change color of different part of image in android by clicking
71705422,2022-04,2,VER,Java - Apache POI - Import Chart Style from file &quot;.crtx&quot;
71705545,2022-04,1,VER,Use FlinkSQL to read Kafka&#39;s data to the console
71705615,2022-04,1,VER,java.sql.SQLSyntaxErrorException: ORA-01747 problem in @query
71705693,2022-04,4,GEN,Convert for loop with a return statement to stream and filter lambda statement
71705695,2022-04,1,VER,How to read alpha A.L.P.H. chunks for webp having transparency?
71705716,2022-04,1,VER,axion-release-plugin: Execution failed for task &#39;:release&#39;
71705903,2022-04,1,VER,Hibernate - Random occurrence of an error: Not-null property references a transient value - transient instance must be s
71705964,2022-04,3,GEN,How to create a mac universal binary with bundled JRE?
71706004,2022-04,3,GEN,How to return custom response on javax.json.bind.JsonbException (Helidon project)
71706008,2022-04,1,VER,Text send via Bluetooth is broken up by first character on the receiving end?
71706078,2022-04,4,GEN,is there a way to get always 2-digits values with TimeStamp in Java?
71706306,2022-04,4,GEN,Spring boot properties difference between `debug=true` and `logging.level.root=debug`
71706316,2022-04,3,GEN,Spring Integration: save integration flows logs to database
71706343,2022-04,1,VER,Anypoint Studio how to configure BouncyCastle
71706657,2022-04,2,VER,How to add extension to existing Key Pair using Java Keytool command or JSSE?
71706703,2022-04,1,VER,Spring Boot Error creating bean with name: Lookup method resolution failed Fail to introspect class from classloader
71706749,2022-04,3,GEN,How can i print two objects side by side in Java
71706754,2022-04,1,VER,Visual Studio Code CTRL+Click with Java stops working after a while
71706829,2022-04,3,GEN,HashSet in Apache Freemarker for fast lookup
71706868,2022-04,2,VER,Spring Boot - Unable to De-serialize JSON Object Sent by Fetch
71706887,2022-04,3,GEN,How to iterate in an ArrayList and retrieve a particular data type value?
71706938,2022-04,3,GEN,How do I insert the objective function with absolute value in Gurobi using Java language?
71706994,2022-04,2,VER,Spring Boot save nested Entity with JSON RequestBody
71707079,2022-04,4,GEN,What&#39;s the difference between peekOption and headOption in Vavr Collection
71707092,2022-04,3,GEN,How would I go about breaking down this code into a new method in this Java program?
72073067,2022-05,2,VER,get Json values from a JsonArray inside a Json in Java using Map
72073140,2022-05,1,VER,JavaFX label text won&#39;t update
72073165,2022-05,1,VER,Can&#39;t create an instance of the OracleDataSource class
72073336,2022-05,2,VER,Adding more than 1 thing into a Java Array
72073459,2022-05,4,GEN,Is Oracle&#39;s Java tutorial outdated?
72073528,2022-05,1,VER,How to fix Springboot application.properties error
72073555,2022-05,2,VER,How do I resolve “Element bean is not allowed here” when configuring the XML file?
72073614,2022-05,4,GEN,Constructors &amp; Inheritance in java
72073647,2022-05,3,GEN,How to map same @JsonAlias to different object fields using Jackson ObjectMapper
72073655,2022-05,1,VER,Github action gradle build cannot create application properties file in jar file
72073677,2022-05,1,VER,Why does the printing stop with no errors?
72073692,2022-05,2,VER,"When trying to overwrite a equals method in Java, it won&#39;t compare the values only the object itself?"
72073725,2022-05,3,GEN,How handle Transactions and API call in same method?
72073747,2022-05,3,GEN,Finding elements in array using for loop
72073788,2022-05,2,VER,Getting Numberformat exception with unknown source. How to fix this
72073839,2022-05,3,GEN,Rendering to BufferedImage with JOGL
72073909,2022-05,3,GEN,"From a stream operation, how do I map a set of values to anoter value?"
72073910,2022-05,3,GEN,How to create bean from stdin?
72073935,2022-05,2,VER,Can not update the data of SQLite database in Android
72073962,2022-05,4,GEN,How can I reverse the string and parse it with &#39;-&#39; in Java
72073994,2022-05,1,VER,I am having problem with accessing an array from other class
72074166,2022-05,3,GEN,How to mock a constructor using Junit4
72074500,2022-05,3,GEN,Bring 2d array contents into 1d array Java
72074543,2022-05,2,VER,How to retrieve data from merge tasks in firestore query?
72074628,2022-05,1,VER,eclipse is not using application.yml
72074730,2022-05,1,VER,Adding height of binary tree to insert method
72074743,2022-05,2,VER,How to store the latest login attempt after the Android App killed?
72074871,2022-05,2,VER,ANTLR doesn&#39;t match correct parser rule
72074995,2022-05,1,VER,Jedis error Could not get a resource from the pool
72075022,2022-05,1,VER,JavaFX doesn&#39;t find my resource in the resources folder
72075126,2022-05,3,GEN,find a outlier data using standard normal distribution in Java programming
72075130,2022-05,2,VER,Is there any way to search within postgres JSONB array column using Criteria API?
72075178,2022-05,1,VER,Not founding libraries in project panama on macOs
72075325,2022-05,2,VER,How to use filter.getFilter().filter(newtext) method inside fragments android
72075338,2022-05,3,GEN,Can I filtering log message before out to console
72075347,2022-05,3,GEN,Hexadecimal byte array from a Midi event to int
72075360,2022-05,4,GEN,Why would you add a random variable to the shuffle method?
72075378,2022-05,2,VER,The cause field in Throwable object is set to this after popping method stack frames
72075385,2022-05,3,GEN,How can I interleave an array in nlogn time?
72075392,2022-05,1,VER,"How to fix ai.djl.engine.EngineException incompatible attr in node at 1-th input: expected int32, got float32"
72075552,2022-05,3,GEN,change values of declaration variables in jsp scriptlet
72075718,2022-05,2,VER,Why is only one rectangle being painted here?
72075728,2022-05,3,GEN,How to change one object&#39;s color while useing Flatlaf
72075744,2022-05,1,VER,new File(&quot;/storage/&quot;).ListFile() return null on android 11
72075766,2022-05,2,VER,Not able to include third party jar in Maven build
72075798,2022-05,2,VER,Android - draw rectangle on uploaded bitmap image
72075802,2022-05,1,VER,package org.eclipse.jface.text.templates.GlobalTemplateVariables does not exist
72075819,2022-05,3,GEN,Allowing microphone access(permission) in WebView Android Studio
72075878,2022-05,1,VER,application not start after deploying grails 4 app on tomcat 9 &amp; Java 8
72075906,2022-05,1,VER,Cannot process application with runtime: java17 - GCP app engine
72075909,2022-05,1,VER,Spring-Boot GraphQL QueryResolver is not called
72075911,2022-05,4,GEN,Can we use a package without setting the classpath in java
72075935,2022-05,1,VER,Update operation with thymleaf and spring-boot
72075944,2022-05,1,VER,Gradle crash with NullPointerException
72075954,2022-05,2,VER,Spring Boot implementation as Java9/Jigsaw Module
72076168,2022-05,4,GEN,What will be the signature for this method in JNI?
72076303,2022-05,2,VER,HTTP POST returns 400 when trying to save object in MongoDB
72076342,2022-05,2,VER,How to graceful shutdown in java with jnr-posix?
72076356,2022-05,4,GEN,Java reactive programming. Thread management fundamentals
72076510,2022-05,3,GEN,How to increase total positions considered for a chess engine
72076567,2022-05,2,VER,How to serialize builder class with inheritance?
72076687,2022-05,3,GEN,Openjdk-17.0.2 with javafx in termux
72076753,2022-05,4,GEN,BigInteger in Python?
72076798,2022-05,2,VER,ObjectMapper readValue with two Children Spring
72076867,2022-05,4,GEN,Create multiple threads by extending Thread class that share same object in Java
72077017,2022-05,3,GEN,Spring Data JPA - JPQL update query - printing out unupdated value
72077106,2022-05,2,VER,How to get screenshot for each soft assert failure with AssertJ SoftAssertions
72077109,2022-05,2,VER,I get an sqlite error code 1 whenever I try inputting data into my database (in android studio)
72077246,2022-05,3,GEN,Is this method safe to use for login and ANTI-CSRF
72077257,2022-05,3,GEN,Test mocked private method
72077349,2022-05,2,VER,Java Heap Space error while writing a program for Square root of an Integer
72077356,2022-05,2,VER,How to fix the look of rendered string in Java
72077468,2022-05,2,VER,Missing mandatory Classpath entries. Resolve Project Problems. in Apache NetBeans
72077482,2022-05,1,VER,Deploying Elasticsearch on ecs fargate - HeapDumpOnOutOfMemoryError
72077484,2022-05,3,GEN,How can I synchronize a for loop?
72077497,2022-05,3,GEN,Implementing N choose K recursively in Java
72077586,2022-05,1,VER,java.lang.NullPointerException: formatter when using try/catch to create a list
72077592,2022-05,1,VER,Spinner wont show selected and wont respond to item selection
72077657,2022-05,3,GEN,How to convert DAE to PNG programmatically without rendering?
72077765,2022-05,4,GEN,How to check if input is string with Try Catch?
72077773,2022-05,3,GEN,How to make resource files privatly and locally accessible to the application with app.yaml in GAE?
72077840,2022-05,3,GEN,Common request/response objects between 2 SOAP webservices in Java
72077940,2022-05,2,VER,Logback | Synchronous/ Asynchronous Logging | Thread | Thread-Dump
72077992,2022-05,2,VER,Unknown column sql error while using jooq
72078070,2022-05,2,VER,Problem with rest assured request body parameters &quot;value_error.missing&quot;
72078213,2022-05,3,GEN,Replace last two letters in Java
72078276,2022-05,3,GEN,how disable function: double space converting to point(dot) in EditText Java AndroidStudio
72078318,2022-05,1,VER,heroku deployed successfully but MongoDB did not store any data
72078390,2022-05,3,GEN,How to read each char sent by Putty at Java server?
72078519,2022-05,3,GEN,How to refer another value from a foreign model that is not a primary key in JPA?
72078627,2022-05,3,GEN,"How to replace an integer with a character, arrays, loops, Java"
72078646,2022-05,3,GEN,Java Swing - Passing an Event from child to parent without storing parent in child
72078669,2022-05,3,GEN,How to transform quicksort to quickselect?
72078673,2022-05,3,GEN,How to prevent a subclass from inheriting a field from the superclass using Hibernate?
72078714,2022-05,3,GEN,Make method accept only parameter with particular annotation
72078725,2022-05,2,VER,JIRA-Rest-JAVA-API : How to refer POJO variables without setter method while converting to JSCON
72078816,2022-05,2,VER,How do I update a Gridlayout after actionlistener is triggered
72078873,2022-05,3,GEN,Write a program that reads 2 numbered files and produces a third file that contains all sorted numbers
72078883,2022-05,2,VER,Class Retransformation with Bytebuddy Agent
72078958,2022-05,2,VER,How to add Font with ITextRender in Java
72455303,2022-06,1,VER,How can I get a hibernate PersistentObjectException without even a relation
72455551,2022-06,1,VER,"Pixel manipulation of an area on a buffered image produces inverted, pixelated &quot;wonky&quot; results"
72455609,2022-06,4,GEN,Reasons to use an abstract class as the declared type instead of the subclass (Java)?
72455614,2022-06,3,GEN,Creating aa array table tha Ordering items from a shop
72455641,2022-06,2,VER,Unable to get desired output in &quot;Predicate&quot; &quot;and&quot; of Java
72455831,2022-06,1,VER,.antMatchers(&quot;/swagger-ui/**&quot;).permitAll() error 405
72455880,2022-06,1,VER,"Cannot connect to OracleDB (Port 1521), except Tomcat7.exe"
72456127,2022-06,1,VER,Servlet-Cannot get a list in doGet methos
72456181,2022-06,3,GEN,Transform and filter through streams this java code
72456238,2022-06,3,GEN,Java/jackson object mapping: how to convert a nested JSON array to a list of objects (might be best explain with an exam
72456277,2022-06,1,VER,Passing arguments to a destination in a test
72456333,2022-06,2,VER,Why is my scanner skipping every other user input when I print my StringBuilder?
72456344,2022-06,2,VER,Codingbat challenge: maxBlock
72456482,2022-06,2,VER,Why doesn&#39;t my code flip image horizontally?
72456496,2022-06,3,GEN,Replace multiple if conditions(null checks) and some block of code within each block in Java 11
72456507,2022-06,2,VER,Query from pgAdmin doesn&#39;t work in JPARepository
72456582,2022-06,3,GEN,Load test spring-kafka consumer
72456585,2022-06,2,VER,Problems with Unit_Tests
72456616,2022-06,3,GEN,Why does DateTimeException only happens for the month of january
72456629,2022-06,3,GEN,How to deserialize json with html using jackson
72456640,2022-06,2,VER,Netbeans unable to locate java
72456670,2022-06,4,GEN,Predictive model using TensorFlow
72456757,2022-06,2,VER,Synchronized Combo Box Java Swing
72456832,2022-06,2,VER,Caused by: java.io.IOException: Invalid argument while copying large file (45 GB)
72456957,2022-06,2,VER,Setting maximum date and minimum date to CalendarView in Android C#
72457005,2022-06,1,VER,Apache Ignite 2.13.0 (Two MemoryPolicies have the same name: default) error using ignite-spring-boot-autoconfigure-ext
72457053,2022-06,4,GEN,Java: calling public transactional method from a private method
72457091,2022-06,2,VER,RestTemplate Junit: Cannot invoke &quot;org.springframework.http.ResponseEntity.getBody()&quot; because &quot;response&q
72457254,2022-06,4,GEN,Phone and Email Validation in Java
72457311,2022-06,2,VER,Java Spring Entity insert throws &quot;JdbcSQLIntegrityConstraintViolationException&quot;
72457539,2022-06,2,VER,Filling in 2D Array into 3D Array in Java
72457543,2022-06,1,VER,spring-kafka metrics not available
72457580,2022-06,3,GEN,How can I move to the Jakarta namespace while using Amazon MQ?
72457631,2022-06,2,VER,Move a list to the next tab on click a button using tab layout
72457763,2022-06,4,GEN,Why Thread.sleep() in a while (true)
72457834,2022-06,1,VER,how do you print the characters of a string in android studio code on textview
72457879,2022-06,3,GEN,How to observe network change in real time
72457964,2022-06,2,VER,SecurityConfiguration required bean of type BCryptPasswordEncoder
72457999,2022-06,2,VER,problem with setVisibility when swithching between two ImageView elements in Java
72458073,2022-06,4,GEN,Creating immutable Records having mutable fields
72458088,2022-06,3,GEN,How to adjust VideoView in CardView?
72458275,2022-06,3,GEN,How to call C function through JNA with 2d pointer?
72458397,2022-06,1,VER,Unable to write data to Firebase realtime database
72458441,2022-06,3,GEN,Flowable does not recover from exception with onExceptionResumeNext
72458527,2022-06,3,GEN,Get Json / Resonse body from Curl Post Request in Java
72458556,2022-06,3,GEN,How to know AccountTeam in salesforce is enabled or disabled through any API with core java code?
72458622,2022-06,2,VER,Vertx get event loop msg number
72458862,2022-06,4,GEN,Use Android ICU NumberFormat with only the JVM
72458870,2022-06,2,VER,Why do the following code prints the stack trace and why is a.toString() in the return statement not giving an error or 
72458949,2022-06,3,GEN,How to poll a directory and if the any xlsx file copied in the directory call an REST api to load the feed
72459013,2022-06,2,VER,Java Handle click button inlineKeyboardButton telegram bot library
72459061,2022-06,2,VER,Get parameter values out of the QR code URL
72459095,2022-06,3,GEN,How to publish a Pub/Sub message with a Supplier bean?
72459108,2022-06,1,VER,I am trying to create a folder from Java rest API on sharepoint
72459158,2022-06,2,VER,Java heap space error when save json file
72459221,2022-06,3,GEN,em.persist does not fetch @ManyToOne existing data
72459248,2022-06,3,GEN,Sonar &quot;Remove this unused import &#39;java.util.List&#39;&quot; with record
72459261,2022-06,1,VER,What kind of adapter have I to use here? Java Android Studio
72459291,2022-06,3,GEN,@Value properties are always null in JUnit test
72459324,2022-06,2,VER,SpringBoot/Swagger: Correct the classpath of your application so that it contains compatible versions
72459339,2022-06,2,VER,YAML Error starting API: Location &#39;???&#39; must end with &#39;*/&#39;
72459353,2022-06,4,GEN,Anylogic Take first entry of collection and delete said entry
72459441,2022-06,3,GEN,How to setup header for HTTP requests outside of Karate Feature File and not write anything about it in the feature file
72459443,2022-06,4,GEN,How to add an Image to a JOptionPane.showInputDialog()?
72459478,2022-06,2,VER,How to use Property Editor or Formatter for list in Spring Boot
72459541,2022-06,4,GEN,Understanding AWS FIFO Queue behaviour
72459627,2022-06,1,VER,Trying to push to github reverted hours of progress
72459635,2022-06,2,VER,Exception in thread &quot;main&quot; java.lang.ClassCastException: class java.util.LinkedHashMap cannot be cast to class
72459648,2022-06,1,VER,SpringBoot upgradation to 2.6.6 : Caused by: java.lang.NoClassDefFoundError at DefaultMetricsProvider.java:126
72459667,2022-06,2,VER,Match java.sql.Timestamp with DB2 Timestamp
72459780,2022-06,3,GEN,Delete some part of the string in beginning and some at last in java
72459796,2022-06,1,VER,Wildfly 24 - Module Annotations not working?
72459923,2022-06,2,VER,Optimise Jolt Transform (if/else)
72460003,2022-06,2,VER,Custom validation for @PathVariable
72460262,2022-06,4,GEN,Java how to rotate an image by 90 degrees?
72460266,2022-06,3,GEN,Exporting JAR file from Eclipse doesn&#39;t include folders/files outside src
72460336,2022-06,3,GEN,Mapping Duration of format hh:mm:ss attribute in JPA Entity
72460360,2022-06,2,VER,SpringBoot console application doesn&#39;t work correctly
72460408,2022-06,1,VER,setOnClickListener button doesn&#39;t work Android studio
72460628,2022-06,4,GEN,Java concurrent programming - endless loop
72460797,2022-06,3,GEN,How to get an Optional type as a response from RestTemplate
72460835,2022-06,1,VER,Unit tests failing after updating lombok version
72460891,2022-06,4,GEN,How to compare the size of two lists and return a larger list?
72460903,2022-06,4,GEN,Identical buffered images in a set
72460932,2022-06,2,VER,Intellij Idea scanner.nextLine() returns empty String
72460982,2022-06,4,GEN,DDD - Value Object flavor of an Entity
72461014,2022-06,2,VER,Pass Structure by reference as argument in JNA
72461163,2022-06,3,GEN,How to write performance tests on rest CRUD API using jmeter?
72461217,2022-06,2,VER,SQL/JAVA Hotel Cost calculation System
72461218,2022-06,1,VER,Minio client connection error java spring framework
72461243,2022-06,1,VER,Java GUI Swing Passing Parameter From Another Class
72461267,2022-06,1,VER,Vertx in Kubernetes only work with two cpu
72461343,2022-06,1,VER,Apache POI 4.1.2 Working much slower on java 1.8 then java 11
72461381,2022-06,4,GEN,How to create a REST endpoint without using an annotation?
72461400,2022-06,3,GEN,How to conditionally exclude property from a json response
72461422,2022-06,1,VER,Execution failed for task &#39;:app:connectedDebugAndroidTest&#39;. Gitlab CI
72461429,2022-06,3,GEN,How to eliminate the special character ^\^@ from String in Java
72461442,2022-06,3,GEN,how to add online jars to manifest classpath
72461610,2022-06,3,GEN,Remove a character from a transformed String which may come or may not come in a String
72461672,2022-06,1,VER,Spring rest template configure SSLContext with raw cert and key with passPhrase
72823630,2022-07,3,GEN,How to name an array&#39;s boxes
72823657,2022-07,4,GEN,ArrayList of Objects That Inherit from Parent Classes in Java
72823683,2022-07,4,GEN,What is the range in which IEEE754 can correctly compare the size of floating point numbers
72823704,2022-07,1,VER,MongoDB Google Auth sometimes throw base64 error
72823808,2022-07,1,VER,"BigInteger Sorting, Complexity O(n)"
72823818,2022-07,3,GEN,"How to store into an array, in Java, the rows of another array that contain a word"
72823827,2022-07,2,VER,Exploring an algorithm to approximate minimum N concentration of an area
72823867,2022-07,1,VER,spring boot - IOException: Alias name [keycert] does not identify a key entry #13
72823879,2022-07,4,GEN,JUnit Testing:Why Super keyword is used in Parameterized JUnit test cases?
72823932,2022-07,1,VER,"Try integration test spring-data-jpa throw MockMVC, but update does not work"
72824004,2022-07,2,VER,How to display the microcharacter letter of the popupCharacters next to the actual key letter?
72824063,2022-07,4,GEN,JSON parse to change String attribute to an object atribute in Java
72824112,2022-07,0,VER,"Getting connection timeout to URL, which I&#39;m otherwise able to connect via browser in the same system"
72824171,2022-07,3,GEN,Is it okay to use @scope(proxymode = scopedproxymode.target_class) on a Service class
72824177,2022-07,1,VER,List of elements is shaking while scrolling in iOS
72824415,2022-07,1,VER,java.lang.SecurityException: Can not make a java.lang.reflect.Method constructor accessible FCM
72824447,2022-07,1,VER,Loading Apache FOP configuration file in 2.6 throws a NullPointerException
72824564,2022-07,3,GEN,How to add JSONArray to a set without iteration?
72824619,2022-07,4,GEN,Why empty lines are being printed at the when I use BufferedReader to read characters from the console and print them?
72824711,2022-07,3,GEN,Stop Spring Application If Database Connection is not available
72824731,2022-07,2,VER,Why is this hashmap not returning the expected value
72824744,2022-07,4,GEN,Neo4j Query : Apply Multiple WHERE conditions not working
72824779,2022-07,2,VER,"getting binding exception at base controller, html input tag sends empty string and trying to set in date object of moda"
72824798,2022-07,4,GEN,How to use spring initializr on an existing empty repo in intelliJ idea CE?
72824913,2022-07,1,VER,How to reach its URL using mysql configuration in a Dockerfile
72824962,2022-07,1,VER,SEVERE: Exception sending context initialized event to listener instance of class
72825046,2022-07,4,GEN,How to extract middle of string in java using regex
72825115,2022-07,1,VER,Selenium Java: Unable to locate any element from child window
72825148,2022-07,4,GEN,How can I call a getter/setter of a user input in a different class?
72825201,2022-07,3,GEN,Getting prioritized value in Hashmap Java
72825292,2022-07,0,VER,Unable to resolve dependencies of spring boot in intellij idea
72825355,2022-07,1,VER,Jar not downloading from maven
72825505,2022-07,3,GEN,Multiple OpenAPI Beans
72825686,2022-07,3,GEN,Java Spring Boot JSON Response
72825882,2022-07,1,VER,Not reading all mails are in the inbox by using multiple mailIds for IntegrationFlows .from(Mail
72825969,2022-07,1,VER,reflections.io Version 0.10.2 looking for a class works in IDE but not when running it as jar
72825984,2022-07,0,VER,Unable to start eclipse on Mac : Exception Type: EXC_CRASH (SIGKILL (Code Signature Invalid))
72825987,2022-07,1,VER,Fabric Api is installed on the version above. IntelliJ Idea
72826020,2022-07,1,VER,updating a row in sqlite using java
72826069,2022-07,3,GEN,DuplicateMappingException contains physical column name referred to by multiple logical column names on adding passportI
72826148,2022-07,1,VER,Implementing Bubble Sort in the custom LinkedList. Sorting more than 4 elements triggers a NullPointerException
72826232,2022-07,2,VER,All web containers occupied by one app that depends on 2nd app
72826303,2022-07,1,VER,Why are the remove and add methods not working in the other public class?
72826385,2022-07,4,GEN,How to extract content between CDATA tags in Java
72826475,2022-07,1,VER,Unable to receive data out of api call with webclient
72826484,2022-07,3,GEN,Is there a way to build Objects from an inner class inside of a SELECT statement in JPQL?
72826488,2022-07,4,GEN,Crontab -e messing up paths in jar-file
72826597,2022-07,4,GEN,cucumber regex statements for java
72826807,2022-07,3,GEN,How to configure eclipse to pick config file?
72826818,2022-07,3,GEN,How to show javadoc in VScode?
72826842,2022-07,1,VER,java + maven + Jenkins + Pipeline + parallel stages ===&gt; GC overhead limit exceeded
72826902,2022-07,1,VER,Method return null list
72826926,2022-07,2,VER,How to write user commands into TerminalExecutionConsole (Intellij Idea)
72827022,2022-07,2,VER,unable to see &#39;dependencies&#39; inside zipkin UI dependencies tab
72827155,2022-07,4,GEN,Is it better to instantiate an InputReader for each method or to add it as a class attribute?
72827225,2022-07,2,VER,How can I compare LocalDateTime in JSON after parsing it out of an Object with the same filed in the object and ignore m
72827229,2022-07,4,GEN,AssertJ: How to return the actual exception when using method assertThatThrownBy
72827256,2022-07,3,GEN,How should I struct my Firebase data (base- &amp; movement-data)?
72827274,2022-07,3,GEN,Validating a OTP without storing it anywhere like database and Sessions
72827447,2022-07,1,VER,Kafka zookeeper-server-start: Error opening log file
72827505,2022-07,3,GEN,How to send Meta data after producing all message to topic in kafka java?
72827523,2022-07,1,VER,Spring Boot Application can&#39;t connect to a local SQL Server
72827568,2022-07,4,GEN,How to rollback nested transactions in Spring
72827576,2022-07,2,VER,error Exception in thread &quot;main&quot; java.lang.ArrayIndexOutOfBoundsException: how to fix?
72827631,2022-07,4,GEN,"Why can I assign an int literal to double, but not to Double?"
72827696,2022-07,3,GEN,How to get Array of Objects values from one Action Class to another Action Class in Struts 2?
72827711,2022-07,4,GEN,Collect conditional items while streaming in kotlin
72827824,2022-07,4,GEN,does CSV Writer in append mode bring full file to RAM?
72827865,2022-07,3,GEN,How to run API call inside background runnable and receive response to multiples fragment in java?
72828141,2022-07,3,GEN,Screenshot with transparent background
72828150,2022-07,2,VER,"Writing a program to find smallest and largest number in a random array. Logic of the program is correct, but not execut"
72828299,2022-07,3,GEN,Apache-poi remove or hide footer when long table continues to second page?
72828350,2022-07,4,GEN,"Convert JSON to Map&lt;String, List&lt;Object&gt;&gt; in java"
72828384,2022-07,3,GEN,How to use @SpyBean in a class that receives arguments by the constructor?
72828406,2022-07,3,GEN,How to set default value to annotation variable as the class type of the variable annotated?
72828456,2022-07,4,GEN,Android java button value check
72828572,2022-07,4,GEN,Jackson&#39;s ObjectMapper().writeValueAsString() ignores variables that begin with &quot;is_&quot;
72828623,2022-07,3,GEN,Using opengl ZBuffer with Libgdx Spritebatch
72828663,2022-07,1,VER,Hello I am getting error message &quot;Exception in thread &quot;main&quot; java.lang.Error: Unresolved compilation prob
72828713,2022-07,3,GEN,No &#39;Access-Control-Allow-Origin&#39; header is present on the requested resource when sending delete request
72828766,2022-07,1,VER,Regarding problem in building Session factory
72828838,2022-07,4,GEN,Getting values between quotes from String - Java
72828863,2022-07,1,VER,org.openqa.selenium.SessionNotCreatedException: Could not start a new session. Error while creating session with the dri
72828912,2022-07,2,VER,If statement unexpectedly loops infinitely inside for loop
72828924,2022-07,1,VER,Java Soap web service connection: could not send Message
72828944,2022-07,2,VER,java: bad operand types for binary operator &#39;&lt;&#39;
72829054,2022-07,3,GEN,RabbitMQ Retrieve an object in Spring
72829158,2022-07,3,GEN,How to share a Java Project with a JDBC and a SQL connection?
72829183,2022-07,4,GEN,How to close the app on Back Pressed in Log In fragment?
72829417,2022-07,2,VER,how to read data from a web UI and share using NFC card
72829458,2022-07,2,VER,Send JSON Object from Postman to Restful webservices
72829549,2022-07,1,VER,try to deploy an Application written for Tomcat 4.4 J2SE 1.4 with Tomcat 9
72829633,2022-07,3,GEN,Illegal base64 character 2d
72829685,2022-07,4,GEN,While studying about inner class I found that I cannot use static methods inside the inner class.But dont know why this 
72829701,2022-07,1,VER,Why does Javassist setSuperclass() appear not to work?
72829714,2022-07,1,VER,Spring Kafka Prometheus lag metrics either 0 or NaN
72829820,2022-07,2,VER,[Guice/MissingImplementation]: No implementation for ViewLoader was bound
72829870,2022-07,3,GEN,Custom Moon/sun texture minecraft mod 1.18.2
72829918,2022-07,1,VER,Context Issue in Esper 8.8 - Does not seem to be working
72829959,2022-07,3,GEN,Can Spring Kafka @KafkaListener with @SendTo (read and reply) work with deferred results?
73187834,2022-08,1,VER,Cookie not set in live server but in localhost
73187929,2022-08,1,VER,Android Studio Chipmunk (2021.2.1) Java 8 library desugaring in D8 and R8 Build Error: &quot;Unsupported desugared libra
73188004,2022-08,3,GEN,How to parse xml like below with jackson?
73188073,2022-08,4,GEN,How to remove the unused constants from the generated Java class file
73188288,2022-08,1,VER,Trouble connecting to postgresql via JDBC
73188330,2022-08,1,VER,I am getting a java.lang.NullPointerException when using Apache POI
73188413,2022-08,3,GEN,Global not defined when running a JS script in a Java application
73188564,2022-08,2,VER,How to play ExoPlayer from local file .mp4?
73188598,2022-08,4,GEN,Springboot JPA Hibernate CascadeType confusion
73188656,2022-08,1,VER,The longest Substring without Repeating Characters
73188665,2022-08,4,GEN,ConcurrentHashMap - do we synchronize methods which access the map
73188826,2022-08,3,GEN,How to solve this Function problem with Java?
73188889,2022-08,3,GEN,chat Push Notification webview in android studio
73188960,2022-08,4,GEN,How to combine list of objects to single object java?
73189022,2022-08,4,GEN,Breaking a string into groups based on an Integer
73189130,2022-08,3,GEN,How can create pojo class for mp3 files stored in assets android?
73189222,2022-08,2,VER,how to refresh a RecyclerView draw (not datas)?
73189270,2022-08,1,VER,Add Two Polynomials Java Program
73189272,2022-08,2,VER,Why does OpenCSV throw a CsvDataTypeMismatchException for a properly formatted CSV file with decimals?
73189307,2022-08,2,VER,Logs are getting truncated and showing this &quot; Truncated. see log file for complete stacktrace&quot; in weblogic con
73189385,2022-08,1,VER,kafka consumer jvm memory usage keep on increasing everyday
73189402,2022-08,3,GEN,OmniPersistence: usage of VersionedEntity is producing OptimisticLockException
73189420,2022-08,1,VER,Android app read extended advertising from Nordic nrf52840 nrf connect v2.0.0 periodic_adv
73189470,2022-08,2,VER,My Rest Mappings not found when use @EnableAsync
73189521,2022-08,3,GEN,Mapstruct one mapper method for multiple sources
73189528,2022-08,2,VER,Use PostgreSQLContainer with image on-the-fly in testcontainers
73189623,2022-08,4,GEN,Get application name which invoked the intent in android
73189917,2022-08,1,VER,how to ues kubernetes api for java to create mysql cluster
73190005,2022-08,4,GEN,Is there an implementation difference between the One-To-One and Many-To-One Entity Relationship?
73190075,2022-08,3,GEN,How to show a Snackbar in Android on the top when using ConstraintLayout in a nice way
73190105,2022-08,1,VER,different result in debug and run mode in a simple Java program
73190135,2022-08,1,VER,Capacitor : Can&#39;t build with push-notifications plulgin
73190216,2022-08,1,VER,Jfoenix Elements is not working on my Javafx project
73190352,2022-08,1,VER,Saving Liferay Form
73190413,2022-08,3,GEN,Vertx Mysql Client prepareQuery with in statement
73190520,2022-08,1,VER,No servers available for service: item-service : Post enable HTTPS on Api-Gateway in Java
73190566,2022-08,3,GEN,sbt Error: Error occurred during initialization of VM. Multiple Garbage Collectors selected
73190580,2022-08,1,VER,Wrong priority of maven dependencies
73190588,2022-08,1,VER,NoSuchMethodException when downloading images from s3
73190589,2022-08,2,VER,How to display List&lt;BoardVo&gt; to controller with ajax
73190751,2022-08,3,GEN,Need JOLT spec for array input JSON
73190772,2022-08,2,VER,How to download excel file with large amount of data?
73190983,2022-08,3,GEN,Any alternative package for org.springframework.util.log4jconfigurer in spring 5
73191079,2022-08,2,VER,Unsupported error while transfering multipart/form-data to spring boot
73191109,2022-08,3,GEN,Execute custom annotation in webflux application before method execution
73191145,2022-08,3,GEN,Finding first K smallest eigenvectors of Sparse Matrix
73191198,2022-08,1,VER,java.lang.OutOfMemoryError:Java heap space after adding LIMIT in SQL query
73191248,2022-08,1,VER,AD Authentication in Azure Spring Cloud causes &#39;Invalid CSRF token found&#39;
73191308,2022-08,3,GEN,java how get all processes launched by jar
73191309,2022-08,1,VER,Find possible subsequences in java
73191438,2022-08,4,GEN,"I have an object Company and List of Employee objects, I want to create a List of Company objects which will contain the"
73191460,2022-08,4,GEN,Unit testing void public methods
73191597,2022-08,2,VER,Spring boot load all properties files in directory
73191666,2022-08,2,VER,Error when String value is passed to angular service
73191709,2022-08,1,VER,"Filecoin When creating a wallet, the private key does not match the address"
73191839,2022-08,2,VER,How to get error messag error messages in ajaxerror() method using selenium java
73191842,2022-08,3,GEN,"getting &#39;ERROR: &#39;Syntax error in &#39;. castable as xs:integer&#39; while Trying to transform xml, based on Data"
73191854,2022-08,2,VER,Java E/Scientific Notation gets lost in GET Request
73191919,2022-08,3,GEN,Remove null and empty objects in nested classes during serialization with Jackson and Lombok
73191998,2022-08,2,VER,OkHttpClient get information from log
73192054,2022-08,4,GEN,Using Predicate method - &quot;The target type of this expression must be a functional interface&quot;
73192098,2022-08,2,VER,How to get value from a xml file if there are multiple tags with same namespace
73192222,2022-08,1,VER,Invalid Activity ID when updating an activity
73192301,2022-08,4,GEN,List of String lists in Java
73192315,2022-08,1,VER,Google Cloud Appengine returns &#39;404 Error&#39; when calling Spring Boot REST APIs
73192322,2022-08,4,GEN,Compare 2 lists and determine the records with unique column data
73192524,2022-08,1,VER,Java Sound transmission over UDP - Sound errors when implementing input level checking method
73192580,2022-08,4,GEN,What is the best practice to handle related constant strings in Java?
73192648,2022-08,4,GEN,Convert Java String to Date in a Format
73192672,2022-08,3,GEN,How to connect Spring boot application with U2 universe database?
73192675,2022-08,2,VER,Maven to SpringBoot conversion failed
73192798,2022-08,4,GEN,Can I pass a generic Type dynamically in Java?
73192803,2022-08,3,GEN,How can i get Url Path parameters in servlet-filter?
73192875,2022-08,3,GEN,How to run test in gradle based on condition on Spring Boot application
73193044,2022-08,3,GEN,How to read Kafka Topic from beginning with Spring Boot
73193122,2022-08,2,VER,JPA @Version Soft delete does not work when attempting to a deleted entity
73193244,2022-08,2,VER,Change voice of MaryTTS to French
73193418,2022-08,4,GEN,JUnit test thread&#39;s operations order
73193482,2022-08,2,VER,Compilation fails: bouncycastle does not exist
73193487,2022-08,4,GEN,Find the Count of common elements within the two nested Lists
73193495,2022-08,3,GEN,Gzip the PDF and then do Base64 encoding in Java
73193693,2022-08,1,VER,NullPointerException when using registerForActivityResult Flutter
73193716,2022-08,3,GEN,How to manage file in Jedox with groovy/java(or natively) without java.nio or java.io librairies?
73193729,2022-08,3,GEN,Can not cast deserialized json array with jackson
73194031,2022-08,1,VER,java.lang.ClassCastException: ca.scooter.talkufy.activities.Updates cannot be cast to android.app.Activity
73194058,2022-08,3,GEN,How to verify a signature from the Phantom wallet?
73194124,2022-08,3,GEN,"I would like to add char Z when looping through, to one of column in the array"
73194138,2022-08,2,VER,Caused by: io.cucumber.datatable.UndefinedDataTableTypeException: Can&#39;t convert DataTable to int
73194154,2022-08,3,GEN,Android Studio: Place a progressBar under a TextView programatically
73194164,2022-08,1,VER,when I update an item in my recuclerlistview it put the changes in the previous item of recyclerlistview
73194181,2022-08,3,GEN,Retrieving data from a list in fixed chunks
73194234,2022-08,1,VER,Unable to paste multi-line JSON string into environment variable in Eclipse run configurations
73194275,2022-08,3,GEN,How to get the ID of a Firestore document into a RecyclerView - Java in Android Studio
73194387,2022-08,1,VER,"my QuickSort program is giving wrong output sometimes, mostly it is giving correct. can anyone solve the problem in my c"
73194391,2022-08,3,GEN,How to upload multiple image to cloudinary by Spring?
73194495,2022-08,3,GEN,How could having multiple images influence the speed of the app
73194508,2022-08,2,VER,PSQLException: ERROR: syntax error at or near &quot;$1&quot;
73194550,2022-08,4,GEN,Correct way to measure a timeout in Java 8 time API
73194575,2022-08,4,GEN,What cryptographic algorithms should I use to encrypt data using private key and decrypt data using public key?
73194855,2022-08,3,GEN,Java MessageFormat - best way to check incomplete format
73563051,2022-09,3,GEN,Java - Setting ResourceBundle Values at Runtime
73563072,2022-09,1,VER,Spring Cloud - Security 403 Forbidden Error
73563080,2022-09,4,GEN,Is map of sessionaware in struts2 safe thread?
73563308,2022-09,1,VER,Executing .jar file does not write a file every time... could it be a memory leak?
73563320,2022-09,1,VER,Spring Controller not receiving &#39;page&#39; param from request params for pagination
73563336,2022-09,1,VER,Class file to create custom header using log4j2 wrapped up into Jar and deployed to Tomcat no longer works
73563412,2022-09,1,VER,Counting occurrences of an array element - Index out of bounds error but the index number and out of bounds length are t
73563535,2022-09,4,GEN,when should I remove/register the &#39;read operation&#39; in java nio selector?
73563537,2022-09,1,VER,java.lang.NullPointerException when trying to get a Long variable from an Intent
73563538,2022-09,3,GEN,Tweak Any Errors with Docker Build for Maven-3.6.3 and Java SDK 8 Application
73563627,2022-09,3,GEN,JGoodies Binding: How to bind two ValueModels?
73563671,2022-09,2,VER,I don&#39;t now why occur N+1 Problem using QueryDSL
73563760,2022-09,4,GEN,What is the difference between sourceCompatibility 8 and 11? What happens when they are set to different values?
73563782,2022-09,1,VER,Why is Java CMS running but reclaimed nothing?
73564012,2022-09,3,GEN,Count number of integers in a given interval with two consecutive factors
73564028,2022-09,2,VER,Codechef returns &quot;WA&quot; (Wrong Answer) for the following code to find max sum of two numbers from a group of thr
73564248,2022-09,1,VER,Leetcode #897: final test case not working for Increasing Order Search Tree
73564443,2022-09,1,VER,Cordova compile problem with gradle version 7.5.1
73564542,2022-09,3,GEN,Optimize this long nested If statement in Kotlin
73564601,2022-09,4,GEN,Purpose of unsigned integers
73564637,2022-09,3,GEN,Sorting the List of Type Dto with List &lt;String&gt; contacting Ids in java
73564639,2022-09,1,VER,Bottom Navigation Activity when selected error occured
73564690,2022-09,1,VER,Micronaut version upgrade to 3.4.0 is throwing java VerifyError
73564722,2022-09,1,VER,hdfs.DataStreamer: Exception in createBlockOutputStream
73564863,2022-09,1,VER,How can I compute the sum and the average of the given array?
73564994,2022-09,3,GEN,"Saving all members from the list with jpa in database, can we ignore the data which is already in database"
73565034,2022-09,3,GEN,Java Spring Boot Rest: Search objects by specific parameters
73565068,2022-09,1,VER,Deleting issue from Room Database
73565164,2022-09,4,GEN,can we convert a string (that is generated from a class object using toString Methode ) to json object in java.. how?
73565554,2022-09,1,VER,Failed to introspect Class [com.expedia.www.metrics.MetricsConfiguration]
73565628,2022-09,1,VER,(Updated : Debug results ) I can detect Bluetooth devices on my android application ( Android Studio ) on older android 
73565634,2022-09,4,GEN,MapStruct if source property is null use alternative property
73565646,2022-09,3,GEN,How to restrict entering whitespaces as input to JTextField elements in Java Swing?
73565651,2022-09,1,VER,Grobid and Biblio-glutton: java.io.FileNotFoundException: File config/glutton.yml not found
73565691,2022-09,3,GEN,Does Itext 5.5.13.3 support Transparent pdf backgrounds?
73565739,2022-09,3,GEN,How to create bottom navigation similar to hotstar with logo at the center?
73565746,2022-09,1,VER,[android][conscrypt][Amazon Fire TV] ssl == null NPE at com.android.org.conscrypt.NativeCrypto.SSL_write
73565888,2022-09,3,GEN,Regex - replacing multiple occurrences of character in group
73565897,2022-09,2,VER,How to run and configure java maven project in MuleSoft Anypoint Studio?
73565915,2022-09,3,GEN,Hazelcast entryprocessor
73565925,2022-09,2,VER,File System using composite pattern
73565932,2022-09,1,VER,I have added a local storage function but it doesnt seem to work on my Scheduler i have created and i cant figure out wh
73565965,2022-09,1,VER,I try retrofit with Rapid API : Expected BEGIN_ARRAY but was STRING at line 1 column 1 path $
73566051,2022-09,1,VER,How to decompress LZO file using java (using library lzo-core)
73566058,2022-09,3,GEN,How to pass object one application to another application in android studio
73566061,2022-09,1,VER,MACOS: Error using P2D argument in JAVA (ECLIPSE IDE)
73566172,2022-09,4,GEN,I want to remove the special character and convert the next letter to uppercase &quot;the-stealth-warrior&quot; in Java
73566302,2022-09,2,VER,How to count good nodes in a tree
73566373,2022-09,3,GEN,Different encodings of Strings in Java when started from cmd and Spring Tools Suite
73566397,2022-09,1,VER,Make a repair in Cassandra
73566436,2022-09,1,VER,Camel bean-validator with group validation doesn&#39;t start for FailedToStartRouteException
73566546,2022-09,2,VER,How to solve (at com.fasterxml.jackson.databind) error
73566574,2022-09,3,GEN,How to print int n values
73566782,2022-09,4,GEN,How to run different async function in same thread?
73566849,2022-09,3,GEN,JOLT shift transformation: filter by the value of the property (not the name)
73566857,2022-09,3,GEN,Repeat mechanism in WebClient with Mono
73566875,2022-09,2,VER,Spring Boot and Mysql : Caused by: java.sql.SQLException: Incorrect string value: &#39;\x96 like...&#39; for column &#39
73566934,2022-09,4,GEN,Map JSON with keys containing colons
73566976,2022-09,2,VER,IntelliJ uses Java 11 even though 17 is configured
73567026,2022-09,1,VER,Spring Boot RestAPI Unit Test Issue
73567136,2022-09,2,VER,java.io.FileNotFoundException: /storage/emulated/0/Download/file.jpg: open failed: EEXIST (File exists) in kotlin
73567229,2022-09,1,VER,For loop stuck in if /else branches
73567245,2022-09,1,VER,Hibernate Reactive : Session is closed and times out in scheduler
73567266,2022-09,2,VER,Hibernate entity graph not fetching all referenced entities
73567303,2022-09,3,GEN,Duplicate Messages are getting printed in error.log file. how we can avoid them?
73567444,2022-09,4,GEN,How to inject a repository into a controller or a service?
73567473,2022-09,3,GEN,Spring Boot: duplicate JSON field for superclass and subclass when using inheritance model for JSON serialization
73567494,2022-09,2,VER,"JobRunr is running all jobs at the same time, instead of running them one by one with some time pause between them"
73567504,2022-09,4,GEN,Checking if a user defined item exists in a HashSet
73567529,2022-09,2,VER,Does the combination of Spring Boot and H2 honor JPA-property javax.persistence.schema-generation.create-database-schema
73567595,2022-09,4,GEN,Compile with JDK-8 and run with JRE-11
73567619,2022-09,4,GEN,Apache Camel differences between rest() and from(&quot;rest:get&quot;)
73567713,2022-09,3,GEN,Why does the value not change by the method?
73567736,2022-09,3,GEN,Android how to delete image from gallery in my device phone
73567761,2022-09,1,VER,"ApplicationEventMulticaster not initialized error, need tip"
73567840,2022-09,3,GEN,Swagger-codegen gradle version
73567924,2022-09,4,GEN,How to convert oracle code to java(how to do divide in java)
73567984,2022-09,2,VER,Inserting BLOB data in HSQL via .sql
73568128,2022-09,3,GEN,Process does not kill child process
73568196,2022-09,2,VER,SchemaSpy Testcontainers. Copy results from the container
73568198,2022-09,2,VER,how to change classpath on tomcat using mac os
73568205,2022-09,2,VER,java.lang.SecurityException: Permission Denial ERROR
73568235,2022-09,3,GEN,How to filter out events coming to UaMonitoredItem in OPC UA Milo?
73568266,2022-09,2,VER,Maven - Scanned from multiple locations warning from the same dependency
73568290,2022-09,3,GEN,How to record browser/system audio using Java/Playwright
73568351,2022-09,1,VER,Tomcat creates new threads instead of using free threads (in waiting state)
73568366,2022-09,1,VER,Why does Kafka Akka Actor give Java Heap Space Error?
73568373,2022-09,2,VER,Spring Lazy.of with parameter
73568533,2022-09,1,VER,java.lang.NoClassDefFoundError: sun/reflect/Reflection while running from jar
73568534,2022-09,3,GEN,Problem sorting ConcurrentHashMap by values using java.util.Collections.sort() in Java
73568557,2022-09,3,GEN,MinIO doesn&#39;t delete empty folder(path) in Java
73568562,2022-09,3,GEN,Downloading big files and passing them back to the client in chunks
73568567,2022-09,1,VER,Log4j2 giving class cast exception on wildfly 26
73568589,2022-09,1,VER,Flink S3 Unknown Host Exception
73568591,2022-09,1,VER,Error with findByUserIsCurrentUser generated by entity subgenerator SpelEvaluationException
73568594,2022-09,2,VER,unable to start uiautomatorviewer in windows due to classpath error
73568666,2022-09,3,GEN,Get geoLocation of incoming request in Spring boot
73568673,2022-09,3,GEN,The RecyclerView scrolls to downward when a new message is added
73568677,2022-09,2,VER,Running Command on a Router Line By Line (JSCH API)
73568888,2022-09,3,GEN,Map between two Enums
73914990,2022-10,1,VER,Using block() on Mono&lt;Foo&gt; always fails
73914997,2022-10,3,GEN,Finding same date and counting the object using Stream API
73915076,2022-10,3,GEN,How to avoid hardcoded string in sendKeys and pass a value from SQL SENTENCE (JAVA &amp; SELENIUM)
73915235,2022-10,2,VER,Accessing an Array element using Scanner Input
73915320,2022-10,2,VER,Second method is not returning an error but will not work. Need to know how to use multiple methods in java
73915324,2022-10,2,VER,lateinit property mMap has not been initialized mMap
73915352,2022-10,2,VER,Reading a program file and counting the number of comments in that file based off characters
73915391,2022-10,4,GEN,Rounding down a float number to 2 decimal points in java
73915393,2022-10,3,GEN,Application Context &amp; Servlet Path for 2 Apps Loaded in Tomcat Webapps directory
73915427,2022-10,3,GEN,Get data from join table hibernate many to many
73915453,2022-10,4,GEN,intellij is there a way to run multiple Junit tests at once right after a maven project is built?
73915601,2022-10,2,VER,What&#39;s different between run code - run java vscode? And error Could not find or load main class? And package?
73915832,2022-10,3,GEN,"Recursive array traversing: same code, different results"
73916476,2022-10,4,GEN,"Hibernate, HQL: Count appearances of a specific character in a string"
73916496,2022-10,2,VER,User Input in Two-Dimensional Array and print the sum of rows and sum of columns
73916662,2022-10,4,GEN,can root directory of a classpath in java or spring have a package name?
73916695,2022-10,4,GEN,calculating square meters in Java
73916735,2022-10,4,GEN,How parse key-value with regex
73916758,2022-10,3,GEN,What is the optimal way to handle this type of exceptions?
73916791,2022-10,1,VER,"Upload Excel file using servlet for temporary use, Java Eclipse"
73916809,2022-10,3,GEN,While loop doesn&#39;t break after reading multiple line of text with BufferedReader in Java Socket
73916818,2022-10,1,VER,How do you update eclipse (4.19.0) on mac?
73917059,2022-10,2,VER,Move textview with animation till performin zoom out or zoom in animation
73917076,2022-10,2,VER,Longest possible route in a matrix with hurdles in Java
73917079,2022-10,0,VER,MCreator: Can&#39;t find symbol
73917089,2022-10,3,GEN,Run with console class import error(java)
73917138,2022-10,1,VER,Jmeter Graph generator is throwing error java.lang.ClassNotFoundException: kg.apc.jmeter.vizualizers.ResponseTimesOverTi
73917279,2022-10,3,GEN,Print 2D Array using JOptionPane dialog box
73917408,2022-10,1,VER,facing difficulty to download gradle in dolphin android version
73917512,2022-10,2,VER,"how to read folder from the resolurces files in spring boot, : Getting error while running from Jar"
73917522,2022-10,1,VER,"Is the source for gluon&#39;s netbeans project templates (Gluon-Glisten-Afterburner, Gluon-Multiview-FXML, Gluon-Multivi"
73917579,2022-10,1,VER,Docker java.lang.UnsupportedOperationException: Database name postgresql not supported
73917602,2022-10,4,GEN,How to use continue for a while loop in a nested for loop?
73917648,2022-10,2,VER,Even though the Stack is empty why does it throws error saying &quot;Stack is full&quot; whenever I want to push element
73917806,2022-10,3,GEN,How to update view data on android when change in MySql server?
73917832,2022-10,3,GEN,Change format of date from Excel
73917936,2022-10,3,GEN,can an annotation modify function signature in spring boot?
73917960,2022-10,2,VER,Implement builder method with arguments
73917963,2022-10,1,VER,why Weka 3.8.6 is giving java error while open the tool?
73918097,2022-10,3,GEN,Why do I get ClassCastException?
73918179,2022-10,3,GEN,How to list all dependencies of a library?
73918412,2022-10,3,GEN,Can&#39;t request bluetooth premission on android
73918584,2022-10,4,GEN,Please explain why exactly this code finds last array element? How does it work?
73918698,2022-10,3,GEN,How to save spring entities solely using the foreign key of an associated object
73918703,2022-10,2,VER,Text on textview is cliping on half on animation Android
73918792,2022-10,3,GEN,how to return the sum as an array of the numbers that have the most appearances
73918855,2022-10,3,GEN,Rename all files inside subdirectories and place it in their respective parent directory in destination folder
73918882,2022-10,3,GEN,How to filter a list with common string and group to a new list
73918949,2022-10,4,GEN,How to add such back button to MainActivity layout?
73918987,2022-10,4,GEN,How can I access the variables inside objects stored in an Arraylist?
73919011,2022-10,1,VER,"Delete function of JPArepository in Spring boot does not work , What is the reason?"
73919070,2022-10,3,GEN,Spring boot JPA many to many query | find all courses courses which are attended students
73919071,2022-10,2,VER,how to highlights specific dates in CalendarView in android studio?
73919083,2022-10,1,VER,unable to start activity from service class
73919086,2022-10,2,VER,Combination Sum in Java
73919114,2022-10,1,VER,java.lang.NoClassDefFoundError when trying to run gradle build
73919120,2022-10,1,VER,app crashes when try to get text from clipboard (Android 12)
73919178,2022-10,3,GEN,GitHub: How to test a custom GitHub Action
73919183,2022-10,1,VER,Springboot connecting to unknown database
73919303,2022-10,3,GEN,How to synchronize setter and getter?
73919306,2022-10,3,GEN,Java XSLT transformer with default namepace without xmlns
73919335,2022-10,3,GEN,How to read files from the sub folder of resource folder with using toURI
73919385,2022-10,4,GEN,Why do we use synchronized keyword while our aim of using multi-threading is parallel computing?
73919599,2022-10,1,VER,JAVA -Getting &quot;Error 500: javax.servlet.ServletException: SRVE0207E: Uncaught initialization exception created by s
73919681,2022-10,2,VER,How to export trained tensorflow 2 model to tflite?
73919706,2022-10,4,GEN,How to compare variables to another disordered variables?
73919740,2022-10,1,VER,Eclipse 2022-09 (4.25.0) not compiling when save
73919741,2022-10,2,VER,Jpa repository return just one row when using findAll for entities with many-to-many relation
73919833,2022-10,1,VER,"Does not find modules, but they are"
73919897,2022-10,3,GEN,Spring Boot manually checking whether request object maps to a controller method
73919909,2022-10,4,GEN,What should come first: dispose() or setScreen()?
73919978,2022-10,1,VER,Kie Business Central Installation Failed
73920007,2022-10,1,VER,is OpenAPIDeserializer.java memory efficient to parse json node into OpenAPI
73920021,2022-10,4,GEN,algorithm to expand points radially from center of 5x5 grid
73920024,2022-10,3,GEN,Why does Java function return 1 when given &quot;&quot;
73920047,2022-10,3,GEN,How to best iterate over diagonals of 2d array
73920094,2022-10,3,GEN,How to read Weblogic JMS Queue message count in Java
73920101,2022-10,3,GEN,Java: How to go about return values in a try-catch?
73920151,2022-10,1,VER,Getting Cast error from a sharedPreference method using context i made
73920182,2022-10,3,GEN,How to add data in tables in doc file using JWord
73920230,2022-10,1,VER,IntelliJ Passes the Full Import Path of an Annotation Above Class
73920263,2022-10,3,GEN,How are Task&#39;s objects in ExecutorService handled?
73920276,2022-10,2,VER,Publishing Hystrix Metrics to New Relic
73920286,2022-10,2,VER,Multi-datasource Java SpringBoot app takes more than 3 sec for writing a single record. how can I improve the write perf
73920290,2022-10,3,GEN,How to build a Protobuf request out of a json message?
73920296,2022-10,3,GEN,Java web - Ceate an alert message in jsp page
73920331,2022-10,3,GEN,Always return HttpStatus 200 (OK)
73920390,2022-10,3,GEN,Java Spring one-to-many many-to-one
73920395,2022-10,3,GEN,Java Swing Dynamic Grid Layout
73920478,2022-10,1,VER,New threads are not created by the Java ThreadPoolTaskExecutor
73920568,2022-10,3,GEN,"When converting custom list to string e.g.List.toString in JsonArray then facing performance time issue, do we other way"
73920586,2022-10,3,GEN,transfer file from GCS bucket to SFTP server in java
73920610,2022-10,2,VER,Simple Client/Server application in java GUI
73920611,2022-10,1,VER,Problem with VSCODE + Java configurations
73920664,2022-10,3,GEN,"Using JComobBox, find results of 2 numbers and output to the results (Java)"
73920983,2022-10,3,GEN,Java overload method not used
73921000,2022-10,1,VER,BrowserStack/Appium: Getting error after updating the selenium version to 4
73921026,2022-10,3,GEN,Set ImageView&#39;s visibility (programmatically) before setContentView - Android
73921086,2022-10,2,VER,Problem with reading array of objects from file
73921252,2022-10,2,VER,Can&#39;t remove element from collection in OneToMany side
74270490,2022-11,2,VER,Recursive method to count the size of a circular doubly linked list
74270511,2022-11,3,GEN,Kotlin and Spring - Flow vs Suspend
74270516,2022-11,2,VER,MQTT Java - How to end connection after receiving a certain number of messages?
74270707,2022-11,4,GEN,JVM field descriptor for array of multiple types
74270788,2022-11,3,GEN,chain multiple CompletableFuture as sequential and collect all results as list
74271121,2022-11,3,GEN,How to Mask specific region of the image and create a black background image with masked portion as white color
74271473,2022-11,2,VER,Spring Boot @ConfigurationProperties
74271569,2022-11,3,GEN,How to achieve distributed transaction in spring batch processing
74271630,2022-11,3,GEN,Blocked operation in finally in reactor stream
74271670,2022-11,3,GEN,Odata V2 Java set EDM String MaxLength
74271705,2022-11,3,GEN,Chat Application with java as Backend and Javascript frontend
74271731,2022-11,2,VER,&quot;dd/MM/yyyy&quot; format not validating YEAR in Spring boot
74271778,2022-11,1,VER,Any specific reason why i am getting nullpointer exception at line 27 and 28 respectively
74271786,2022-11,1,VER,Cramer&#39;s Rule Determinant return 0 why?
74271813,2022-11,4,GEN,How does return SUM() in spring data jpa
74271897,2022-11,1,VER,java.lang.NullPointerException at android.content.res.Resources Theme
74271924,2022-11,1,VER,What am I doing wrong with the below implementation for problem : queens-attack-2 hackerrank?
74271958,2022-11,1,VER,"Driver org.h2.Driver claims to not accept jdbcUrl, jdbc:postgresql://my-previous-db"
74272029,2022-11,2,VER,Using tFTPput to fetch a single file amongst 50000 files from the source local directory to upload to FTP
74272059,2022-11,3,GEN,Why eclipse showing error but not IntelliJ
74272150,2022-11,3,GEN,Using nested div id&#39;s to list a specific range of elements in Jsoup
74272295,2022-11,4,GEN,Create a String from other String in Java
74272372,2022-11,4,GEN,How to create an empty JsonNode?
74272378,2022-11,1,VER,visiting a heap memory allocated in another thread throws nullpointerexception
74272477,2022-11,3,GEN,Need suggestion in deciding the type of the parameter(query/header) in an existing REST API
74272507,2022-11,2,VER,I am running the Java program with &quot;assert&quot; on another thread and it is not showing AssertionError
74272637,2022-11,1,VER,Caused by: java.lang.IllegalStateException: Recursive update at java.util.concurrent.ConcurrentHashMap.computeIfAbsent(C
74272719,2022-11,3,GEN,"I have a scheduled task, but if the server that is executing the scheduled task fails, how do I find it and let it execu"
74272739,2022-11,1,VER,Caused by: java.lang.AbstractMethodError Method...MongockTemplate.updateMulti is abstract
74272875,2022-11,2,VER,how to implement decrypt in flutter like java?
74272885,2022-11,3,GEN,Regex to validate the length of digits in java
74272904,2022-11,1,VER,Spring boot Hikari connection pool issue after throwing exception
74272910,2022-11,4,GEN,"How to hide the VS Code bar with file name, breadcrumbs, and action buttons?"
74272961,2022-11,3,GEN,Limit jar size in AWS Lambda functions with many code reuse permutations
74273015,2022-11,3,GEN,Is it possible in JavaFX to modify the dependencies of a binding after it&#39;s created?
74273029,2022-11,1,VER,Getting NullPointerException in Unit test for MockMvc performed
74273122,2022-11,3,GEN,Use EnumMap instead of ordinal indexing
74273126,2022-11,1,VER,I use the API to share with others and return You cannot share this item because it has been flagged as inappropriate?
74273190,2022-11,4,GEN,How to run single java files independently in Intellij IDEA or vscode?
74273198,2022-11,3,GEN,java Cannot resolve method &#39;contains(int)&#39;
74273254,2022-11,3,GEN,Jackson serialize list with polymorphic elements to XML
74273267,2022-11,1,VER,Android Studio - INSTALLATION DID NOT SUCCEED
74273290,2022-11,2,VER,Default Lombok value for Jackson JsonSubTypes mapping
74273409,2022-11,2,VER,Keeping Source Format when copy data using apache poi
74273434,2022-11,2,VER,How to find the length of a JFormattedTextField
74273450,2022-11,3,GEN,How does prometheus make sure counter is thread safety?
74273478,2022-11,3,GEN,Spring data dynamically remove field from PATCH
74273654,2022-11,1,VER,Why sqlplus command execution from Java doesnt return the output same as direct command in shell?
74273941,2022-11,2,VER,"How do I get picocli to parse `&quot;--item --item foo&quot;` as `[null, &quot;foo&quot;]` `:List&lt;String&gt;`"
74274012,2022-11,1,VER,Stubbed method not called when using mockito Spy on Class method
74274116,2022-11,1,VER,Android Studio java.lang.RuntimeException: Unable to start activity {} failed to create web view
74274171,2022-11,3,GEN,consume all files in Apache Camel pollEnrich
74274196,2022-11,4,GEN,How to convert &quot;Convert.ToUInt32(char value)&quot; of C# to Java
74274320,2022-11,3,GEN,Creating multiple CSV file using Super CSV
74274380,2022-11,1,VER,Connecting spring boot docker container to MQTT docker container
74274406,2022-11,3,GEN,How to insert a null value in Excel from Java code using ApachePOI
74274452,2022-11,4,GEN,Line break after every 20th number in Java (for-loop)
74274530,2022-11,2,VER,How to get database server name in springboot
74274542,2022-11,4,GEN,Remove objects with duplicate id and sorted values
74274596,2022-11,4,GEN,Swagger - Setting Default media-type or Accept Header for responses
74274649,2022-11,1,VER,Why I am getting 0 at the first index of my newArray in Java?
74274690,2022-11,2,VER,Spring Boot JPA Hibernate Search Optimisation
74274736,2022-11,2,VER,How to look for a problem with low RPS in VisualVM?
74274860,2022-11,1,VER,SOCAT command tailing from java app isn&#39;t working
74274983,2022-11,3,GEN,Is there a better way to write this if statements?
74275046,2022-11,2,VER,dokka mess up markdown in javadoc
74275134,2022-11,2,VER,How to filter request to api-gateway&#39;s controller in api-gateway
74275198,2022-11,1,VER,Spring Boot two databases JPA
74275269,2022-11,2,VER,"Apache Tika and RTF with Tables (cell, border, etc)"
74275399,2022-11,1,VER,Spring boot scope session not working when using ng serve proxy
74275500,2022-11,3,GEN,How to simplify several methods with similar bodies into one?
74275572,2022-11,1,VER,ComponentLookupException when importing java project into intellij Idea
74275592,2022-11,1,VER,Error Converting .docx to Html using Java Docx4J library
74275602,2022-11,3,GEN,"In Java, detect if an Object is a Kotlin array"
74275657,2022-11,3,GEN,Get longitude and latitude in java
74275708,2022-11,3,GEN,"Java number guessing game, while-loop"
74275772,2022-11,1,VER,Maven Build Failure (module not found)
74275986,2022-11,3,GEN,Is it a problem when sending email where the &#39;from address&#39; has multiple emails?
74276038,2022-11,3,GEN,How to convert DSA Keystore certificate to RSA?
74276152,2022-11,3,GEN,How to identify a unique client on the server side?
74276198,2022-11,2,VER,Docx4j: Delete temporary images when converting to PDF via FOP?
74276227,2022-11,3,GEN,How to capture screenshot and share using Intent for BarChart Using PhilJay / MPAndroidChart
74276245,2022-11,2,VER,Why is my RSA encryption algorithm not working correctly
74276271,2022-11,3,GEN,How to put inherited objects of an abstract class as object fields in a Java class
74276273,2022-11,2,VER,Size differance of JOptionPane dialog box between java versions
74276335,2022-11,3,GEN,Converting a single and two digit string into a LocalDate Format
74276340,2022-11,1,VER,Error: A fatal error occurred while trying to verify jars. An exception has been thrown in class JarCertVerifier. (javaw
74276350,2022-11,1,VER,AES with CBC Mode Block Cipher
74276522,2022-11,3,GEN,"Sentence,String Similarity Comparison in Java"
74276555,2022-11,2,VER,Why can&#39;t I read custom manifest attributes from a jar?
74276595,2022-11,2,VER,How to send POST of JSON raw body using volley?
74276602,2022-11,2,VER,How to execute Query Inner Join Spring Boot
74276706,2022-11,1,VER,Could android:scaleType=&quot;fitXY&quot; be causing Error: inflating class ImageView?
74276772,2022-11,3,GEN,Reporting Errors In Spring Boot Startup
74276872,2022-11,3,GEN,Hashmap iteration for a grading system
74276873,2022-11,1,VER,stoped android pdf view When you restart the phone
74276881,2022-11,2,VER,"Map&lt;classObject,List&gt; is not formed as expected"
74276940,2022-11,3,GEN,Flawed OTP system while OTP verification
74276984,2022-11,2,VER,O365 Modern authentication with Java Spring Context
74277037,2022-11,2,VER,Java Cucumber - step definition implements En interface - possible in java 11?
74635502,2022-12,2,VER,Spring JPQL and SIZE function with condition
74635515,2022-12,3,GEN,Why does PrintCompilation show same method twice with different byte lengths?
74635528,2022-12,2,VER,JavaFX 19 3D with Z Buffer and Transparency not working
74635563,2022-12,1,VER,Fetching data from firebase database in ArrayAdapter not working properly
74635617,2022-12,1,VER,Pagination result with Spring Stored Procedure
74635754,2022-12,2,VER,How do I calculate time difference in Java?
74635772,2022-12,1,VER,Thread printing extra lines in Java
74635911,2022-12,1,VER,Java quickSortRecursive on List
74635940,2022-12,2,VER,Creating a Tumbling Window for a Flink table
74635963,2022-12,3,GEN,Collection sorting encounter error . java
74635992,2022-12,0,VER,Oracle EBS 12.1.3 Concurrent Job issue after 19C migration
74636013,2022-12,2,VER,Not understanding the issue with my solution to a palindrome problem
74636028,2022-12,2,VER,Stack Over flow issue with practice problem
74636135,2022-12,2,VER,kotlin does wrong equations. it does not calculate correctly
74636174,2022-12,2,VER,Reading Excel file using poi and storing in multi-dimensional array doesn&#39;t bring all the data in Java
74636217,2022-12,4,GEN,How to create a trigger that returns a value to the console in java
74636232,2022-12,4,GEN,What is the greatest factorial we can calculate using an int in JAVA 19?
74636262,2022-12,3,GEN,Did i make Composition right in Java?
74636335,2022-12,2,VER,grid css is not working when using Itext&#39;s pdfHTML to convert html to pdf
74636458,2022-12,1,VER,HttpSession creates session for one Java servlet but doesn&#39;t share it in another servlet using getSession()
74636471,2022-12,2,VER,data duplication during parallel calls the same service springboot
74636491,2022-12,1,VER,Why is the animation not showing and is slowing down the rest?
74636494,2022-12,3,GEN,How do I implement countdown in the GUI
74636501,2022-12,2,VER,How can you change ViewPager2 position inside the ViewPager2Adapter?
74636507,2022-12,1,VER,Idea Debugger : Unable to evaluate the expression Method throw &#39;java.lang.UnsupportedOperationException&#39; excepti
74636563,2022-12,3,GEN,How do I check if a radio button is clicked or not in selenium?
74636687,2022-12,3,GEN,Broadcast from phone camera to RTMP Nigix Server
74636744,2022-12,1,VER,getting jdk and intellicode errors in vs code. how do i fix it?
74636809,2022-12,2,VER,"Deadlock issue with multithreading synchronization, how to solve?"
74636842,2022-12,1,VER,JPA SpannerRepository findById returns null in cloud spanner and Spring boot
74637044,2022-12,2,VER,Bad: cors preflight error when I try fetching my RESTAPI
74637124,2022-12,3,GEN,How to convert java AES/CBC/PKCS5Padding to php
74637131,2022-12,1,VER,Create and android Alarm and get Notification
74637184,2022-12,2,VER,(Android Studio) Java - Why is my If Else Validation not Working?
74637280,2022-12,2,VER,My mdoel how to map the getters and setters
74637282,2022-12,2,VER,Trying to teleport mobs to a random location around a player
74637353,2022-12,4,GEN,How to get the count of values in a primitive array in Java?
74637635,2022-12,3,GEN,Storage Permission Issue In android 10+ devices
74637642,2022-12,1,VER,Fragment&#39;s OnActivityResult is not working ! Not getting image Path?
74637676,2022-12,3,GEN,While trying to upload 5gb file using springboot application im getting out of memory error
74637681,2022-12,1,VER,HTTP 500 while uploading java web on heroku
74637820,2022-12,3,GEN,Starting up with Luaj
74637828,2022-12,1,VER,Couldn&#39;t compile java in vs code
74637837,2022-12,1,VER,java.lang.ClassCastException: class jdk.proxy2.$Proxy15 cannot be cast to class org.openqa.selenium.remote.RemoteWebElem
74637852,2022-12,3,GEN,Can&#39;t able to parse the JSONObject from Object type in java
74638053,2022-12,2,VER,moving Polygon shapes with mouseDragged
74638090,2022-12,2,VER,Spring JPA @CreatedDate Entity column flushing out time LocalDateTime in wrong format
74638138,2022-12,4,GEN,Which elasticsearch cluster nodes are we supposed to restart after a pipeline update?
74638251,2022-12,3,GEN,Will below command work as it as on jenkins for running my jar file with command line arguments?
74638442,2022-12,3,GEN,How to let user to choose take photo by camera or select photo in phone storage in Android Webview
74638450,2022-12,1,VER,Unable to get thread dump using jstack
74638647,2022-12,2,VER,Java Jackson JsonGenerator: Creating wrapper JSON to list results in java.lang.IllegalStateException: No ObjectCodec def
74638759,2022-12,2,VER,InnerText and innerHTML return only part of script tag contents in Selenium
74638885,2022-12,1,VER,fabric8 v6.1.1 Failure at creating Custom Resource with POST call Resulting in Not Found
74638903,2022-12,3,GEN,Hibernate GenerationType.IDENTITY not generating sequence ids
74639041,2022-12,4,GEN,"Java Modules - Adding modules, but not everything from it?"
74639116,2022-12,4,GEN,What is the difference between green threads and virtual threads?
74639185,2022-12,3,GEN,NullPointerException MockMvc with ExtendWith (test Junit Springboot)
74639229,2022-12,2,VER,Is it possible to get the &quot;POM Editor (Legacy) using WebTools SourceEditing UI&quot; running in Eclipse 2022-09 or 
74639234,2022-12,2,VER,The type is not a valid substitute for key events
74639262,2022-12,3,GEN,Is there a way to configure password encoder for default password?
74639278,2022-12,1,VER,How set price purchase on all my buttons in billingClient.queryProductDetailsAsync method
74639471,2022-12,3,GEN,Return null instead of org.hibernate.ObjectNotFoundException: Java
74639630,2022-12,1,VER,logback logs not getting exported to datadog by opentelemetry-collector
74639631,2022-12,2,VER,Why does my code keep displaying error resolving onAction event handler when launched?
74639634,2022-12,2,VER,"how to add Folder directory or files in a folder to JTree of my code, before answering check the code that I written"
74639762,2022-12,2,VER,Image Segmentation Demo
74639763,2022-12,2,VER,Apache camel 3.18.3 http component HTTP_PATH header not working with toD
74639897,2022-12,3,GEN,how to timeout the request made through webClient in 60 seconds including retry
74639926,2022-12,2,VER,Java DateFormat with ordinal indicator
74639969,2022-12,1,VER,Swagger UI page cannot be found[errorCode 404]
74640146,2022-12,1,VER,Apache Pdf Box returning number of pages 0 while processing multiple pdfs
74640193,2022-12,2,VER,How to Implement Functional If-Then-Else in Java
74640289,2022-12,4,GEN,Writing to a Java object during serialization
74640319,2022-12,1,VER,"A different object with the same identifier value was already associated with the session, even when evicting the object"
74640361,2022-12,3,GEN,How to apply a perfect diagonal gradient on a button in .xml with two colors?
74640379,2022-12,3,GEN,Wire Spring beans by some ref id
74640531,2022-12,1,VER,Eclipse Maven Issue Showing missing
74640544,2022-12,2,VER,Post request doesn&#39;t work in Interceptor. Angular 15
74640616,2022-12,3,GEN,When is Spring @Conditional checked
74640683,2022-12,4,GEN,Shouldn&#39;t CompletableFuture.get(timeout) kill the task?
74640711,2022-12,2,VER,Hot to get SOAPBody String in axis2
74640754,2022-12,3,GEN,Error during startup of Spring Boot JPA app with error that entity class is not a manged type
74640776,2022-12,2,VER,Insert method of Selfmade Ringbuffer not working as expected
74640781,2022-12,4,GEN,Migrating from log4j 1.x into log4j 2.x
74640834,2022-12,3,GEN,How to deserialize a JSON to explicit class
74640848,2022-12,3,GEN,How to target the user in android firebase custom notification in kotlin?
74640862,2022-12,1,VER,Invalid keystore password - &quot;keytool error: java.io.IOException: keystore password was incorrect&quot;
74640896,2022-12,3,GEN,Wait and notify for sending bunch of messages
74640999,2022-12,3,GEN,"Java, 2D array specified organization"
74641023,2022-12,3,GEN,Modify JSON AST whilst deserializing without annotations
74641141,2022-12,2,VER,Pass/inject object to adviced method in spring
74641249,2022-12,2,VER,Cant access to the chrome settings
74641402,2022-12,4,GEN,Polymorphism in a REST API - different data type in response based on another fields&#39;s value
74641429,2022-12,1,VER,EMC Recover Point Monitoring with scala and influxdb
74641434,2022-12,3,GEN,how do i get link publishing cucumber report in java
74641476,2022-12,1,VER,Error in Listening exoDownloadManager : Another SimpleCache instance uses the folder
74641492,2022-12,3,GEN,Implement registerForActivityResult and use it in other classes
74641538,2022-12,2,VER,How to inject dynamic id for body of pact contract written in Java?
74641542,2022-12,3,GEN,Generate toString method using OpenApi generator without outputting null values
74972597,2023-01,1,VER,ExtJs - How fixing this error when sencha app build
74972603,2023-01,2,VER,Optimized way to filter and return objects in Java 7
74972672,2023-01,1,VER,java.lang.Integer cannot be cast to class java.lang.Long in R2DBC mysql model classes
74973168,2023-01,3,GEN,How to use gestureListener kotlin
74973236,2023-01,4,GEN,Java LinkedList rotation
74973271,2023-01,2,VER,Access Service layer property in Controller
74973320,2023-01,3,GEN,How do I make request to a dns server?
74973354,2023-01,3,GEN,How to quickly send an int from same app on one device to another device?
74973453,2023-01,1,VER,How to extract data from HTML page source within a webpage?
74973490,2023-01,2,VER,"Getting &quot;duplicate class&quot; error in IntelliJ Idea Community edition, preventing complete compilation of workspa"
74973540,2023-01,2,VER,Need help removing item from ArrayList
74973566,2023-01,4,GEN,How can multiple static methods use the same generic type?
74973567,2023-01,4,GEN,How to read every line of a text file including empty lines
74973623,2023-01,3,GEN,How to split a string stream into different stream
74973728,2023-01,1,VER,how to input 2 digits in a char in my case
74973791,2023-01,2,VER,203. Remove Linked List Elements from the leetcode
74973925,2023-01,2,VER,Methods as scenes in a game
74974016,2023-01,3,GEN,Activating an event manually in AnyLogic?
74974086,2023-01,2,VER,Get integer value from count in sql request
74974087,2023-01,3,GEN,Buildpacks + SpringBoot: Port and configuration issues for Docker image
74974107,2023-01,3,GEN,"How to show ImageIcons in JTextPane only vertically, one below the other?"
74974164,2023-01,1,VER,file properties not reconised in dynamic web project
74974266,2023-01,1,VER,Http POST Error 404 eventhough the URL is correct
74974393,2023-01,3,GEN,jDateChooser restricted to only select a specific day of the week
74974423,2023-01,1,VER,Same Java unit test returning different results in a plain Java project and an Android project
74974759,2023-01,1,VER,Maven warnings - not very clear
74974763,2023-01,1,VER,Java unable to load Tesseract library macOS
74974898,2023-01,1,VER,NFC not working after changing app package name
74974903,2023-01,1,VER,VSCode doesn&#39;t automatically generate .class file for java
74974924,2023-01,3,GEN,How to deserialize java.time.Instant in Jackson2JsonRedisSerializer
74975173,2023-01,2,VER,Entity not creating table in DB
74975329,2023-01,3,GEN,Log in firebase real-time database Activity
74975437,2023-01,3,GEN,How to configure async apache http client 5 to use SOCKS proxy?
74975469,2023-01,2,VER,Hibernate Print Before and After Update
74975481,2023-01,4,GEN,Combination of all characters of a string with other characters of string inside a string array
74975522,2023-01,2,VER,How to handle Unexpected Null pointer exception at this situation
74975624,2023-01,2,VER,How to control the layout of attributes for the result of an XSL script?
74975679,2023-01,3,GEN,A condition depend on a variable value that I want to change value in onCompleteListenr of Firestore but that listener c
74975762,2023-01,3,GEN,Docker and Spring boot giving &quot;sun.awt.FontConfiguration.head&quot; is null
74975805,2023-01,2,VER,Duplicate - How can I display an image using Springboot-Thymeleaf
74975806,2023-01,3,GEN,How do I convert a phone number to a ContactJid in Whatsapp4j?
74975929,2023-01,4,GEN,I have trouble incrementing. Why?
74975951,2023-01,3,GEN,Pass one attribute three times in a json array in a json serializable object in java
74975996,2023-01,1,VER,web view doesn&#39;t show all data
74975999,2023-01,3,GEN,Is it possible to generate Spring hateoas entities with openapi
74976031,2023-01,4,GEN,does time complexity changes according to language?
74976085,2023-01,4,GEN,How to properly use synchronized block or locks to ensure variable visibility?
74976164,2023-01,1,VER,"NullPointerException when trying to read file, same exact code worked before"
74976165,2023-01,3,GEN,Is it possible to use MongoRepository without using Spring Boot? Just plain Java + MongoDB CRUD program
74976178,2023-01,1,VER,Design disappear when create button Android
74976224,2023-01,1,VER,I&#39;m getting this.state.events.map is not a function message on console when trying to send data from spring controll
74976363,2023-01,1,VER,Messages seemingly disappearing with javax.mail
74976391,2023-01,4,GEN,Sparse integer array in Java
74976537,2023-01,3,GEN,Implementation of one-time promotional codes in the application. Android development
74976889,2023-01,2,VER,Thymeleaf BindingResult not validating inputs?
74976942,2023-01,4,GEN,Is a &quot;named&quot; static initializer valid Java?
74976994,2023-01,2,VER,Error 405 Method Not Allowed when trying to POST
74976996,2023-01,2,VER,"Why is my JLabel being painted twice, however when i minimize and open the frame it&#39;s correct?"
74977055,2023-01,4,GEN,How to assert that response String body is in JSON format?
74977058,2023-01,2,VER,Vim YouCompleteMe Java setup
74977177,2023-01,4,GEN,How can the Java compiler know were are the packages I create?
74977239,2023-01,2,VER,How can I click a floating advertisement?
74977258,2023-01,3,GEN,Calculating Time Complexity and Big-O Notation
74977287,2023-01,3,GEN,The release allows generation of archived apks
74977308,2023-01,1,VER,Problem in Building Spring Boot Batch Application: Spring Boot
74977334,2023-01,3,GEN,conflicting type with JlistSelectionListener
74977592,2023-01,3,GEN,java jackson cannot read objects that are inside an inner object
74977747,2023-01,4,GEN,How to pass a method invocation to a method (Java 8)
74977751,2023-01,0,VER,Why is my neural network unable to solve MNIST? (debug help)
74977821,2023-01,3,GEN,How to parallel two elements processing in Java Reactor Core Flux publisher
74977834,2023-01,1,VER,Unable to load suitable drive from java 18 on linux 24.02.1 wsl with mysql version 8.0.31
74977922,2023-01,3,GEN,How do I use the robot class to draw islands inside a two dimensional array?
74977987,2023-01,2,VER,Reading from a Json file and copying the data into a list
74978200,2023-01,2,VER,Unable to suppress Checkstyle test on method with SuppressionXpathSingleFilter
74978264,2023-01,2,VER,Being able to display an image from MySQL database
74978275,2023-01,4,GEN,Get variable from config.properties thoughtout Java app
74978333,2023-01,3,GEN,How to prevent Hibernate to load collection with back reference when I need only count()
74978447,2023-01,4,GEN,Apache POI color cells in Excel using Java
74978470,2023-01,3,GEN,Why does paintComponent not erase past Objects?
74978472,2023-01,3,GEN,How to share .java files between projects
74978497,2023-01,3,GEN,Call login page only if the request comes from a specific URL
74978500,2023-01,2,VER,@JsonAlias on @ModelAttribute POJO not working
74978507,2023-01,2,VER,Send List from Angular to Spring
74978511,2023-01,3,GEN,Kafka Streams API GroupBy behaviour
74978611,2023-01,1,VER,How to fix class not found error exception in freetts 1.2.2 VoiceManager in Maven on Windows
74978644,2023-01,2,VER,Printing objects in an array list
74978665,2023-01,3,GEN,Pattern Matching for instanceof throwing a confusing error: expression type Triple is a subtype of pattern type Triple
74978808,2023-01,3,GEN,Tic Tac Toe Java Invalid user input when entering letters rather than numbers
74978894,2023-01,3,GEN,"Why two if statements that are logically similar showing different outputs,below are two if statements which got me conf"
74978972,2023-01,3,GEN,How to let the JPanel fill the complete JFrame (while in maximized state) with the &quot;Windows Decoration&quot; kept O
74978988,2023-01,4,GEN,What are unconditional patterns? (Java 19) [preview] unconditional patterns in instanceof are a preview feature and may 
74979088,2023-01,3,GEN,Why is basic math in Java showing up as 1.4 million times slower than Python?
74979278,2023-01,1,VER,Receive byte array from server in ksoap2 Android client
74979379,2023-01,1,VER,Why can&#39;t I return true? am I making a mistake in the database query part?
74979414,2023-01,4,GEN,Return the number of times that the string &quot;code&quot; appears anywhere in the given string
74979433,2023-01,4,GEN,Spring Boot - Do a new WebClient call with result of another call
74979480,2023-01,1,VER,Volley in Android not attempting to connect
74979511,2023-01,4,GEN,how to find size of objects/json in bytes in JSON
74979555,2023-01,3,GEN,Searching using Criteria Query JPA Spring
74979565,2023-01,3,GEN,Java: Protobuf byte to Json string to Pojo fast
75304371,2023-02,1,VER,Cipher.doFinal() returning part of decrypted string for a long string
75304413,2023-02,2,VER,How to GCP Cloud Build + Java 17 + Gradle 7.6
75304520,2023-02,3,GEN,Java Selenium. 2 column array. 2 elements to fill out on page. 1 loop per row
75304532,2023-02,1,VER,LSTM in DL4J - All output values are the same
75304937,2023-02,1,VER,"Java code in vscode not respecting breakpoints set in another thread, but it will break if set in the main thread"
75305134,2023-02,1,VER,"Spring Boot app runs through the spring-boot-maven-plugin, but not the jar"
75305150,2023-02,4,GEN,is there a way to use &gt; and &lt; with Strings?
75305192,2023-02,3,GEN,Custom annotation used with @RequestMapping is not working in spring boot
75305285,2023-02,4,GEN,Ignore Specific Field(s) on POJO in all mapping implementations Mapstruct
75305460,2023-02,2,VER,How to create checkToken in SpringBoot microservice?
75305467,2023-02,1,VER,Cannot connect to ActiveMQ Classic
75305487,2023-02,3,GEN,Image Encryption: Convert Image Pixel Data into Byte Values
75305610,2023-02,3,GEN,requireFilesDontExist - Maven Plugin - How to?
75305658,2023-02,4,GEN,How to extract boolean value out of a Mono&lt;Object&gt; in a non blocking way
75305875,2023-02,3,GEN,Java locking simple multi threaded queue class to avoid starvation
75305882,2023-02,4,GEN,"Why String Builder is returning its length zero, while returning some value of it"
75305972,2023-02,2,VER,Spring Boot `TestPropertySource` not Working
75306358,2023-02,0,VER,IntelliJ won&#39;t open on Mac: error message displays &quot;This application &quot;IntelliJ IDEA&quot; can&#39;t be ope
75306507,2023-02,2,VER,How do I pass bearer token and other info from Spring Service to Grpc Interceptor?
75306514,2023-02,4,GEN,Getting List of objects with max version property from list of objects Java 8
75306543,2023-02,1,VER,Android 12 facebook login stuck in black screen
75306593,2023-02,1,VER,"Run gradle bootBuildImage Error:Can&#39;t find bundle for base name jakarta.servlet.LocalStrings, locale en_US"
75306605,2023-02,1,VER,How to use java language to dynamically debug APK in AndroidStudio?
75306720,2023-02,2,VER,Send Image in Whatsapp without showing in Image editer of whatsapp?
75306760,2023-02,4,GEN,How to convert integer value to minutes in java
75306761,2023-02,1,VER,Can&#39;t mount application.yaml into docker java 8 spring
75307019,2023-02,3,GEN,Changing the font of the entire application from an activity in Kotlin
75307026,2023-02,3,GEN,Why @OneToMany relations generate additional SQL select queries?
75307095,2023-02,2,VER,shopify authentication with firebase
75307153,2023-02,2,VER,Preventing Pending Writes in Firebase with Transactions Not Working
75307193,2023-02,1,VER,Empty driverClassName in pool properties during initializing
75307260,2023-02,3,GEN,How to invoke Spring channel adapter from rest api?
75307264,2023-02,1,VER,LAZY Loading not working Spring Data 3.0.0 Hibernate - After Spring Boot Migration to 3.0
75307328,2023-02,1,VER,why does @GetMapping not working as I expected?
75307372,2023-02,3,GEN,Subscription to Redis Stream Blocks Connections for Other Requests With Vert.x
75307425,2023-02,2,VER,For-loop returning wrong results
75307608,2023-02,1,VER,Kafka Error serializing Avro message Caused by: java.net.SocketException: Connection reset
75307782,2023-02,3,GEN,Can i save CameraX recorded video in SQLite database?
75307801,2023-02,1,VER,org.hibernate.MappingException: persistent class not known: for non entity class
75307803,2023-02,1,VER,Getting error of &quot;Cannot inject @Test annotated Method [useFilepath] with [class java.lang.String]&quot;
75307866,2023-02,3,GEN,Spring Controller mapping using regex
75308056,2023-02,3,GEN,AspectJ on children objects
75308111,2023-02,3,GEN,Converting Oracle Database Types to Postgres / Hibernate Mapping
75308136,2023-02,3,GEN,How to fetch the data In JAVA from refcursor resultset in postgres stored procedure
75308237,2023-02,1,VER,okhttp string problem if using string in .url
75308290,2023-02,3,GEN,How to block a maven dependency from getting downloaded
75308360,2023-02,4,GEN,Alternative of camel Java config for configuring routes using camel in spring 6
75308541,2023-02,2,VER,How can I get youtubeVideo Title from URL for android studio?
75308610,2023-02,4,GEN,Which one performs better in Java? Creating object or getting from cache twice?
75308687,2023-02,3,GEN,Spring Boot @RequestParam and @NotNull order
75308704,2023-02,1,VER,CosmosDB : CosmosPatchOperation not working via Stored Procedure
75308760,2023-02,2,VER,is there any good way to monitor apache beam dataflow job pipeline state?
75308762,2023-02,3,GEN,Post request and &quot;The method received in the request-line is known by the origin server but not supported by the ta
75308776,2023-02,3,GEN,Remote Execute the legacy tool in another machine via SSH vs TCP/IP vs RPC vs others
75309051,2023-02,3,GEN,How to map to interfaces using Model mapper?
75309062,2023-02,3,GEN,Integrating 2Checkout Payment Gateway in a Spring Boot Application
75309461,2023-02,1,VER,Apache Beam Java (SDK versions 2.43.0 - 2.44.0) batch loads to BigQuery fail using Storage Write API
75309490,2023-02,1,VER,Fabric instance crashing when creating custom item group
75309495,2023-02,3,GEN,How to convert one json layout to different layout
75309519,2023-02,1,VER,Android App that draws a path as user moves(Using Google Maps SDK)
75309652,2023-02,1,VER,Send XML File through httpRequest using Genexus 17
75309674,2023-02,2,VER,servlets named [cxf] and [AxisServlet] are both mapped to the url-pattern [/services/*]
75309684,2023-02,4,GEN,Thread Join + ScheduledExecutorService not working as expected
75309899,2023-02,4,GEN,Does Resource Server in Spring make call to Authorization Server (Spring) on every request?
75309926,2023-02,1,VER,UndeliverableException on a simple Observer. I don&#39;t understand where come from
75310050,2023-02,3,GEN,Kotlin JOOQ fetch data and then map static data afterwards
75310207,2023-02,3,GEN,Apache POI Excel Date
75310227,2023-02,1,VER,Mock Service with SoapUI
75310285,2023-02,3,GEN,"Looking for the 302 redirect code, instead getting 200 OK status code"
75310300,2023-02,3,GEN,How to write jdbc inbound channel adapter programmatically to read data from DB and pass to output channel?
75310303,2023-02,4,GEN,difference between times(1) and atMostOnce() in mockito
75310435,2023-02,3,GEN,Parametrize the usage of static variables in an abstract class
75310558,2023-02,3,GEN,Getting the count of rows from a web table -SELENID
75310663,2023-02,4,GEN,How to filter out a particular keyword(part/Substring) which is unique from a map key?
75310956,2023-02,1,VER,Error creating bean with name &#39;abcController&#39;: Unsatisfied dependency expressed through field &#39;Employeeeposi
75311052,2023-02,3,GEN,force hibernate insertion under @Transactional method to happen in the same order they received
75311076,2023-02,1,VER,Q class not generating by query-dsl for nested embedded objects inside document class in spring data
75311126,2023-02,4,GEN,ScheduledExecutorService not working as expected
75311178,2023-02,4,GEN,Thread with interruption in java
75311217,2023-02,4,GEN,Can&#39;t understand this multi-threading exception behavior
75311244,2023-02,2,VER,XSLT 3 | Hash Function
75311596,2023-02,3,GEN,How to check for Internet Connectivity on API 30 or higher?
75311666,2023-02,3,GEN,Is there a way to make var a compile-time error in Maven?
75311704,2023-02,4,GEN,How to implement pipeline design pattern using reactive webflux?
75311746,2023-02,3,GEN,Java for loop running both true and false conditions
75311751,2023-02,3,GEN,How to create bullet points in the WXPFRun level in a word document with apache poi?
75311889,2023-02,2,VER,Hibernate inserts child into parent table
75312042,2023-02,2,VER,"How to detect refresh, tab closing, webrowser closing. Vaadin 6, Java 8, Sping, Must work on Firefox"
75312070,2023-02,1,VER,Microstream issue Could not obtain access to &quot;jdk.internal.misc.Unsafe&quot;
75312118,2023-02,3,GEN,How to mock a method in Java for testing
75312132,2023-02,4,GEN,Behaviour should change due to authorization at service or controller level?
75312380,2023-02,2,VER,Missing quotes on UUID when using Apache Avro
75312495,2023-02,4,GEN,Java Streams API: Apply a filter to a field of the objects to be filtered
75312580,2023-02,3,GEN,How do I create a button to go back from the settings page
75312661,2023-02,2,VER,How do I stop the timer from counting down when I switch to pause state?
75312778,2023-02,3,GEN,Java Json Repeating the key
75312804,2023-02,4,GEN,Java module system: how to avoid leaking all packages of transitive modules
75312891,2023-02,3,GEN,How to check a map of strings for a key and increment the key value by 1 every time a key exist in the map?
75312920,2023-02,4,GEN,Null Check to avoid Null pointer exception
75313115,2023-02,2,VER,Set Bounds Not working in Java Swing for a Button
75598459,2023-03,1,VER,Infix to postfix assignment
75598465,2023-03,3,GEN,Can I add Spring model attributes to a redirect using Javascript?
75598587,2023-03,1,VER,Java Spring: &quot;no main manifest attribute&quot; when executing .jar
75598611,2023-03,1,VER,How to properly create unit tests for recursive methods
75598822,2023-03,2,VER,"Java Date mapping postgresql timestamp has no time, minutes and seconds"
75598900,2023-03,4,GEN,Java regular expression to split a string by dashes positioned outside of double curly braces
75599009,2023-03,1,VER,Spring Security password encoder requiring bean even though it&#39;s already in the configuration
75599157,2023-03,2,VER,Stored Procedure with Multiple Queries and Parameters
75599173,2023-03,4,GEN,Refactor a ListenableFuture (with onSuccess/onFailure) into a CompletableFuture
75599372,2023-03,1,VER,The code in the @Bean marked function in Spring Boot is not executed
75599425,2023-03,2,VER,javax.annotations split package using jaxrs-api and guava in Java 17
75599572,2023-03,1,VER,Could not bind properties to &#39;DataSource&#39; Springboot 2.7.9
75599596,2023-03,1,VER,Why is my RestController not working when I created a new class
75599608,2023-03,4,GEN,Why can java lambda expressions reference parent class members using &quot;this&quot; keyword whereas anonymous classes 
75599646,2023-03,2,VER,Refactoring in Java: The method setCode(int) in the type Refactor is not applicable for the arguments ()
75599670,2023-03,2,VER,Why are Mockito argument matchers unable to match with my builder-pattern object?
75599852,2023-03,4,GEN,java Group by color and Summing all Properties to produce a map
75599897,2023-03,2,VER,Converting JPQL query to Criteria Query
75599900,2023-03,1,VER,How to Reconnect to all IBM Queue Managers in a cluster
75599924,2023-03,1,VER,Error creating bean with name &#39;countryController&#39; defined in file
75599991,2023-03,3,GEN,Is there a way to get configurations from git repository and save them to zookeeper?
75600093,2023-03,1,VER,MockMvc does not handle AccessDeniedException
75600098,2023-03,3,GEN,How do you substitute free fonts for some/all of the standard 14 fonts using PDFBox 2.0.27?
75600117,2023-03,2,VER,Union Rectangle Calculator
75600155,2023-03,4,GEN,How to make slf4j log to different outputs
75600174,2023-03,3,GEN,android studio: Automatic push/organize button when click
75600266,2023-03,2,VER,How to execute gradle build command through Main Method of Java
75600307,2023-03,3,GEN,How to iterate over a xlsx file with multiple comma separated values in cell in to a JSONArray
75600319,2023-03,3,GEN,Mapping String data from List
75600567,2023-03,1,VER,"My cucumber module runner has parallel thread count= 3, but when I try trigger this module 10 browser instances are open"
75600574,2023-03,2,VER,My while loop won&#39;t exit JAVA with scanner
75600659,2023-03,1,VER,FAIL - Failed to deploy application at context path build-impl.xml:1062
75600696,2023-03,4,GEN,Are Java array accesses one operation for multi-dimensional arrays
75600773,2023-03,2,VER,Path Traversal Vulnerability in Java
75600815,2023-03,1,VER,[PySpark][java.lang.StackOverflowError on df.write.csv]
75600819,2023-03,3,GEN,"Is it possible to test word document like a snapshot test in Java, Spring, JS or whatever else?"
75600874,2023-03,4,GEN,Execute Monos sequentially/parallel
75601080,2023-03,3,GEN,Why does the mybatis map type not cause key-value pair confusion in the foreach loop
75601096,2023-03,3,GEN,Use static method to build immutable type (org.apache.commons.lang3.Range&lt;Long&gt;)
75601146,2023-03,3,GEN,Is there a Lombok annotation to get all fields of an object of a class as an Object array?
75601228,2023-03,1,VER,There are no icons in complications on Pixel Watch and in the api30 emulator
75601233,2023-03,4,GEN,Why does Flink require JDK 11 to compile the source code while its source/target is 1.8?
75601458,2023-03,1,VER,IntelliJ console cannot be coloured on Windows
75601492,2023-03,1,VER,Image inserted in PDPushButton is not visible in pdf.js(Mozilla browser)
75601583,2023-03,2,VER,Other properties appear in Apache PDFBox custom properties
75601617,2023-03,4,GEN,how can I make a method to output 2-Dimensional Array?
75601647,2023-03,3,GEN,How to globally add a custom Serializer to format all Instant values in Spring Boot?
75601678,2023-03,3,GEN,Jooq bind the same parameter multiple times
75601786,2023-03,3,GEN,How to remove cucumber tags from extent report
75601841,2023-03,4,GEN,"Java 8+ streams - from Map&lt;String, Object&gt; that contains other maps to count of total objects"
75601847,2023-03,1,VER,var keyword not recognized in JDK 11.0.15 in Eclipse 19-03
75601849,2023-03,2,VER,Matcher group() function returns null
75601863,2023-03,4,GEN,How to store securely the username and password used to authenticate to the config server on-premise?
75601906,2023-03,1,VER,EclipseLink and Derby with Java 19
75601938,2023-03,3,GEN,How do I know which Android apps have been started through code
75602082,2023-03,1,VER,Unable to read updated data from csv/excel file in selenium java
75602134,2023-03,2,VER,Java AWT (y + height) is outside of Raster error while trying to get subimage
75602136,2023-03,1,VER,Field postRepository in BlogController required a bean of type &#39;PostRepository&#39; that could not be found
75602163,2023-03,3,GEN,How to respect DEFAULT values when using JOOQ generated UpdatableRecordImpl from() method
75602216,2023-03,4,GEN,Does JUnit 5 have anything like Cucumber&#39;s tagged hooks?
75602241,2023-03,1,VER,"After upgrade to Spring Boot 3 and Springdoc 2, server address changes from &quot;localhost&quot; to &quot;[0:0:0:0:0:0:"
75602299,2023-03,4,GEN,Allowing different ways of iterating through a class in Java
75602327,2023-03,1,VER,Android RecyclerView.Adapter not updating
75602367,2023-03,1,VER,Issue related to Kafka Transaction
75602371,2023-03,3,GEN,How to add field names and values of a json object into List&lt;String&gt; using jsonNode
75602485,2023-03,1,VER,@Valid: Expecting an error message but nothing happens
75602527,2023-03,1,VER,Error instantiating servlet class &#39;com.telusko.AddServlet&#39;
75602545,2023-03,1,VER,Run whole test folder acts differently
75602606,2023-03,3,GEN,Allow Camel to start up even if the &quot;from&quot; endpoint is currently not available
75602692,2023-03,4,GEN,Can we achieve visibility and atomicity using Volatile and Synchronized together?
75602745,2023-03,3,GEN,how to have multiple @JoinColumns with existing column names
75602757,2023-03,1,VER,Unable to Import ScalarsConverterFactory
75602761,2023-03,1,VER,Builder lifecycle &#39;creator&#39; failed with status code 51
75602877,2023-03,1,VER,Spring Boot: Controller beans are not created
75602917,2023-03,3,GEN,Java Retrieve metadata from StoredProcedure with StoredProcedureQuery
75603160,2023-03,1,VER,Why won&#39;t spingboot connect to the mongodb server and instead give me a socket error?
75603220,2023-03,3,GEN,Selenium and Cucumber in a Java/SpringBoot enironment - automatic retry of failed tests
75603242,2023-03,3,GEN,SonarQube method usage report
75603275,2023-03,3,GEN,Post-installation script in Jpackage for Windows
75603278,2023-03,1,VER,Async Java Mail Sender not sends all mails
75603286,2023-03,2,VER,Does Cloud Spanner actually work with Hibernate DDL using PostgreSQL dialect?
75603349,2023-03,1,VER,Unable to access jarfile C:\..\apache-jmeter-5.5\bin\\..\lib\cmdrunner-2.2.jar
75603350,2023-03,3,GEN,How to fetch count of attachments (only) in graph api using java
75603497,2023-03,4,GEN,Java - Get 3D point from 2D point and OpenCV camera calibration
75603635,2023-03,2,VER,Columns of Spark Dataset are inserted into Hive table in wrong order
75603648,2023-03,1,VER,How to load jersey endpoints from a jar in springboot application
75603709,2023-03,4,GEN,Can we send media or files from WhatsApp click to chat?
75603733,2023-03,3,GEN,It&#39;s possible to use apache pdfbox with a multipart file on a servlet java app?
75603851,2023-03,4,GEN,Regular expression find between numbers and comma
75603885,2023-03,2,VER,JFileChooser on MacOS: How is the localization of the names of special folders like &#39;Desktop&#39; determined?
75603905,2023-03,1,VER,NoClassDefFoundError jakarta/servlet/http/HttpServletResponse when starting Solr
75603910,2023-03,1,VER,Springboot RestController class not working
75603978,2023-03,2,VER,onNext and onComplete not called when using anonymous subscriber
75604082,2023-03,3,GEN,Using Spring Data Rest POST for linking
75604165,2023-03,1,VER,"Class not found after maven package, but can see it in IDEA denpendies"
75604379,2023-03,2,VER,doCallRealMethod not working for object autowired inside abstract class
75604409,2023-03,2,VER,How to connect spring cloud config server to Bitbucket using SSH keys?
75604414,2023-03,2,VER,How to use dynamic value of @PreAuthorize with @ExceptionHandler in spring boot?
75604443,2023-03,1,VER,Caused by: java.lang.NoClassDefFoundError: jakarta/servlet/jsp/JspFactory
75604527,2023-03,3,GEN,How to mock Spring WebClient call and stub some data while writing integration tests in Spock Frameowork
75903819,2023-04,2,VER,Upgrading the deprecated WebSecurityConfigurerAdapter in Spring Boot
75903885,2023-04,1,VER,Can someone help me turn my 2D array options into a single array options in my code
75903908,2023-04,1,VER,Error sending mail with java in android (with attachment )
75903932,2023-04,1,VER,Deleting element from a listView removes last element instead of target element
75903951,2023-04,1,VER,100% CPU with Tomcat Pool
75904002,2023-04,1,VER,NoSuchElementException on .nextInt();
75904067,2023-04,2,VER,How to use @JsonDeserialize for @RequestParam params in Spring Boot
75904080,2023-04,2,VER,Unexpected row count: -1; expected: 1 with Spring Data JPA SQL Server with NOCOUNT ON
75904085,2023-04,3,GEN,How can I write custom methods for drawing in Java Canvas?
75904087,2023-04,1,VER,com.google.zxing.NotFoundException Decode Issue for QR Code Process in Spring Boot with JUnit Test
75904133,2023-04,4,GEN,How does a subclass&#39; call to its superclass&#39; constructor assign values to the fields it inherits from the superc
75904135,2023-04,1,VER,List&lt;String&gt;.size() keeps crashing app on device
75904138,2023-04,2,VER,DateTimeFormatter dd MMM yyyy prints period after month (01 Apr. 2023)
75904235,2023-04,1,VER,com.google.cloud.firestore.FirestoreException: io.grpc.ManagedChannelProvider$ProviderNotFoundException: No functional c
75904384,2023-04,1,VER,MaterialContainerTransform: Skipping due to null end bounds. Ensure end view is laid out and measured
75904518,2023-04,1,VER,java.sql.SQLSyntaxErrorException: Table doesn&#39;t exist
75904562,2023-04,2,VER,"When starting nacos, it reported an error that could not create the Java Virtual Machine"
75904566,2023-04,3,GEN,What version of Java do I need to run the latest version of Antlr on Windows?
75904593,2023-04,4,GEN,Multidimensional arrays with different dimensional values in Java
75904608,2023-04,2,VER,Why is this use of piped IO streams in Scala hanging indefinitely?
75904626,2023-04,1,VER,HTTP Status 500 - Internal Server Error:Error creating bean with name &#39;HomeController&#39;: Lookup method resolution
75904807,2023-04,3,GEN,Getting the sum of elements of a HashSet (Java)
75904936,2023-04,4,GEN,Wildcard instantiated List does not accept value
75904968,2023-04,1,VER,Autowiring of custom ObjectMapper config in spring boot project
75905222,2023-04,1,VER,Error java.lang.NumberFormatException if i try to insert 2 words into a single string (Java)
75905319,2023-04,3,GEN,How to do that image was a little outside the cardView
75905388,2023-04,1,VER,"After I add MaterialCalendarView, Android studio does not show layout preview"
75905477,2023-04,1,VER,Foreign key constraint applied on the same table Spring Boot JPA
75905494,2023-04,3,GEN,Java Telegram API download all documents from one message
75905500,2023-04,2,VER,ClassCastException while following Decorator pattern
75905533,2023-04,1,VER,"I am trying to use @Query for my mongoDB repository interface, to query based on a int32 value"
75905676,2023-04,2,VER,New android modal in 13?
75905922,2023-04,3,GEN,Generate 128-bit md5 hash with base64 coding
75905936,2023-04,3,GEN,if else-if in sub-function without returning null
75906005,2023-04,3,GEN,I have RemoteViews for my (FCM) custom notification which is working great if app is running but when app is close syste
75906148,2023-04,1,VER,Login failed for user &#39;sav&#39;. ClientConnectionId:8bb171a7-21ef-4e8b-9b25-33bab4beb828
75906214,2023-04,1,VER,Spring Boot @PreAuthorize annotation doesn&#39;t seem to work
75906258,2023-04,2,VER,i can&#39;t use CommonsMultipartResolver in Spring boot project
75906265,2023-04,3,GEN,Way to disable checkstyle check for the license in the source code
75906280,2023-04,1,VER,PERMISSION_DENIED while decrypt PlayIntegrity token at backend
75906327,2023-04,1,VER,User&#39;s info not showing up on Realtime Database (java)
75906405,2023-04,2,VER,"Cannot resolve constructor ArrayAdapter(android.Content.Context, int, java.util.ArrayList&lt;MyObject&gt;"
75906456,2023-04,3,GEN,Two composite foreign keys referencing the same column - mapping with JPA
75906525,2023-04,2,VER,I&#39;ve been getting Exception in thread &quot;main&quot; java.lang.ArrayOutOfBoundsException: 2 error on most of my ja
75906526,2023-04,3,GEN,How to make drools query &quot;siblings&quot;
75906536,2023-04,3,GEN,Stack overflow error when sorting an array full of equal integer values
75906713,2023-04,2,VER,Jackson Parsing of Date fails on some machines
75906777,2023-04,3,GEN,"Custom, Sequence-Based ID Generator Hibernate 6 Issue"
75907004,2023-04,1,VER,How to click an element which is selected from List &lt;WebElement&gt; in PageObjectClass with PageFactory?
75907037,2023-04,2,VER,Spring REST how to response object with binary field
75907050,2023-04,4,GEN,What will happen when we don&#39;t override the run method for Thread class? Will it&#39;s state change or not?
75907105,2023-04,3,GEN,How to change the @Table name value dynamically in Spring Boot
75907208,2023-04,1,VER,Hikari can&#39;t recover from connection error
75907210,2023-04,1,VER,How to not have a null pointer exception
75907284,2023-04,4,GEN,Get each path as list from tree
75907350,2023-04,2,VER,How can i get the command which executes when you click an npc?
75907381,2023-04,4,GEN,Java HashSet contains method return true when it supposes to be false
75907534,2023-04,3,GEN,How to parse JSON response from rest request without name of root element in java
75907541,2023-04,1,VER,Selenium project stops working after updating to 4.8.3
75907680,2023-04,3,GEN,Access lambda.runtime.Context from beans in quarkus aws-lambda
75907688,2023-04,2,VER,Handling the Arduino Map() equation in Java with very large ranges
75908001,2023-04,1,VER,Spring Boot QR Code Example JUnit Tests (Integration Test and Service Test) Zxing Issues (com.google.zxing.NotFoundExcep
75908003,2023-04,4,GEN,What is the purpose of using params attribute in GetMapping annotation?
75908225,2023-04,3,GEN,How can I force the &#39;this&#39; keyword on local fields and methods with the Spotless Java code formatter?
75908361,2023-04,2,VER,gson cannot be resolved to a module error in module-info.java
75908362,2023-04,3,GEN,How to parse xml with repeated tags in List?
75908405,2023-04,3,GEN,Getting around the deprecation of java.net.URL
75908475,2023-04,4,GEN,The limitations of when and when not to use enhance/for each loops
75908524,2023-04,2,VER,There is no return statement
75908615,2023-04,3,GEN,Bitbucket search for string in all git repositories in a project
75908636,2023-04,3,GEN,RegExp for censoring cyrillyc
75908673,2023-04,2,VER,Hibernate 6.2 and json navigation
75908708,2023-04,2,VER,@JsonIgnore does not ignore fields I do not want displaying
75908741,2023-04,2,VER,Eclipse @NonNullByDefault error with lombok class using @Value
75908852,2023-04,4,GEN,Difference between Object and Object[] in arrays reference variable
75908870,2023-04,4,GEN,Why does writing a value larger than the buffer size of Java&#39;s PipedInputStream cause it to hang indefinitely?
75908877,2023-04,1,VER,Receiving Inaccurate (and Confusing) Error From Hibernate Native Query
75908983,2023-04,3,GEN,How to disable scroll when page loading with loader?
75909012,2023-04,3,GEN,Print or output Process error stream in Java
75909196,2023-04,2,VER,ElementNotInteractableException when trying to bind a value to input in Selenium Java
75909223,2023-04,2,VER,Jhipster microservices: JWT authentication: 401 Unauthorized
75909238,2023-04,1,VER,Unable to load class &#39;com.jcraft.jsch.JSchException&#39;. whenever I try to sync a project in Android Studio
75909433,2023-04,1,VER,Getting NullPointerException in JUNit testing
75909484,2023-04,3,GEN,How to change pointCut expression inside an aspect which has been compiled when I use this aspect in other project?
75909783,2023-04,2,VER,Doubly Linked List Search by using object attribute
75909799,2023-04,1,VER,Connect to USB using java
75909972,2023-04,3,GEN,Can&#39;t figure out how to extract data from excel-to-txt file
75910012,2023-04,4,GEN,Trying to understand Java I/O and streams
75910014,2023-04,1,VER,Using Java FX to create a seating chart for a Theatre split up into 3 sections. 3X20 seats total
75910050,2023-04,1,VER,Unable to fix: JAVA_HOME is set to an invalid directory
75910185,2023-04,4,GEN,what is the difference of creating a object of child class and upcasting
75910300,2023-04,1,VER,"How to fix &quot;Unable to make private java.time.LocalDateTime(java.time.LocalDate,java.time.LocalTime) accessible&quot"
75910317,2023-04,2,VER,Spring OAuth2 login with https proxy goes back to http
75910507,2023-04,3,GEN,How to implement Kafka Transactions with Transaction Manager in Spring for Apache Kafka
75910622,2023-04,2,VER,Remove duplicates from a given string in Java using recusrion
75910667,2023-04,3,GEN,FCM Notification is not able to open desired activity when App is closed or running in background
75910695,2023-04,4,GEN,How to change the location of project created on intellij?
75910702,2023-04,3,GEN,"How can I access the value in ArrayList&lt;LinkedHashMap&lt;K,V&gt;&gt;?"
75910715,2023-04,1,VER,How to compile java class using docker and ubuntu
75910735,2023-04,4,GEN,REST API url and parameter naming with in Spring Boot?
76144153,2023-05,1,VER,Spring Data Rest - Post Request failing with Null Pointer Foreign Key Exception
76144387,2023-05,1,VER,Spring Data JPA: How to access a table in another schema with a read only username/schema
76144420,2023-05,1,VER,"Problem using JPype on Mac OS X: I try to start the JVM but I get a DLL not found, but it is there"
76144552,2023-05,1,VER,Issue connecting to Kafka container from other container
76144814,2023-05,3,GEN,"JList - Horizontal list, visible amount of values"
76144845,2023-05,1,VER,How to resolve Maven Plugin connectors issue in eclipse?
76145071,2023-05,1,VER,org.hibernate.resource.jdbc.internal.LogicalConnectionManagedImpl@61e3cf4d is closed
76145174,2023-05,1,VER,&quot;peer not authenticated&quot; even after importing project specific certificate to keystore
76145195,2023-05,3,GEN,How to get values from a form in frontend and pass it to JAVA and display back in frontend using Angular
76145248,2023-05,2,VER,How can I reduce the gap or even resize my panel containing of JLabels to reduce the vertical space?
76145337,2023-05,2,VER,how can I convert the response of a rest call to an external api to a java dto in spring boot?
76145362,2023-05,4,GEN,Daemon thread with loop in Java
76145590,2023-05,1,VER,Maven life-cycle compiler exception
76145619,2023-05,3,GEN,Saving an entity that contains nested entities in spring data JPA
76145675,2023-05,3,GEN,"Maintain input data in Activity A when start Activity B, then return to Activity A with data from Activity B"
76145732,2023-05,2,VER,Query nested Objects with Case-Insensitive search in MongoDb with Spring
76145737,2023-05,3,GEN,Using Java Consumer in utility function instead of having to pass it as an argument (But using varargs or similar in rep
76146001,2023-05,3,GEN,How can i get access to elements of string array inside of a stream?
76146029,2023-05,2,VER,How to fix the error &quot;Receiver class org.junit.jupiter.engine.descriptor.TestTemplateExtensionContext does not defi
76146141,2023-05,2,VER,URLClassLoader is unable to load class in java
76146155,2023-05,1,VER,Does cassandra-unit run with JDK 17?
76146293,2023-05,3,GEN,How to read config to a map with spring boot
76146313,2023-05,1,VER,"Java, JPA relations incorrect query"
76146425,2023-05,1,VER,Does not recognize AutocompleteSupportFragment from places library
76146429,2023-05,2,VER,PDFBox: Change page number of exisiting field in the document
76146552,2023-05,2,VER,"Problem with Mockito, invoking stubbed methods"
76146632,2023-05,1,VER,Problem migrating appengine from Java 8 to 11
76146637,2023-05,3,GEN,Get client certificate in java RMI (over SSL)
76146645,2023-05,2,VER,need confirmation if the properties version while upgading jdk7 and tomcat 7 to jdk 8 and tomcat10 is correct
76146657,2023-05,3,GEN,Trouble with loops and exceptions
76146661,2023-05,2,VER,How to loop through a list of elements and verify if one ends with a specific letter in Java
76146778,2023-05,1,VER,Java path is not recognized in SonarQube installation
76146848,2023-05,2,VER,Implementing Rooms in Android studio without Kotlin
76146874,2023-05,1,VER,Table is not creating in MySQL in SPRING BOOT
76146923,2023-05,2,VER,How to read telnet response in Groovy
76146955,2023-05,1,VER,Maven package com.sladkkov.common.dto does not exist
76147052,2023-05,3,GEN,How to get Spring AMQP Message from Advice
76147149,2023-05,4,GEN,How create many classes object in main class?
76147170,2023-05,4,GEN,NCSS count doesn&#39;t change
76147374,2023-05,1,VER,Apache Netbeans 15 is not opening on windows 10
76147472,2023-05,2,VER,Not sure whats wrong with my java program that calculates average
76147519,2023-05,3,GEN,How to render a graph (DOT or GraphML format) on HTML web page - using JGraphT or GraphStream
76147631,2023-05,2,VER,Problem with integrating Swagger in Spring Boot application - getting 404 error on accessing Swagger UI
76147758,2023-05,4,GEN,Java high resolution sleeping
76147940,2023-05,4,GEN,Difference between &quot;SuperInterface of an Interface&quot; vs &quot;Direct SuperInterface of an Interface&quot; in Ja
76148219,2023-05,2,VER,ConditionalOnProperty - mock
76148273,2023-05,2,VER,How can I remove (or separate) LWJGL modules from my own?
76148581,2023-05,2,VER,why the server sent events connection always contain error output
76148599,2023-05,4,GEN,How save link entities in JPA
76148667,2023-05,3,GEN,Removing the blue color effect when DatePicker is clicked
76148682,2023-05,3,GEN,How to compose multiple annotations for reuse if they don&#39;t have @Target({ElementType.ANNOTATION_TYPE})
76148887,2023-05,3,GEN,ThreadPoolExecutor queues tasks even when active threads is less than pool size
76148959,2023-05,4,GEN,remove if else in java
76149005,2023-05,2,VER,android 13 Bad notification for startForeground
76149064,2023-05,3,GEN,Why liquibase does not work with r2dbc and mysql
76149091,2023-05,4,GEN,Ordering of multiple values in content-encoding header in http request
76149123,2023-05,1,VER,Zebra LP2844 not printing BarCode
76149152,2023-05,1,VER,Swagger setup error when adding Swagger config file
76149217,2023-05,3,GEN,JavaFX drop shadow gets cut off
76149620,2023-05,4,GEN,Danger of java code optimization for the usage of the weak references to strong references remembered in local variables
76149793,2023-05,1,VER,Spring Security requires login despite permitAll()
76150000,2023-05,3,GEN,Update progress bar with data comming from an inner class in Java
76150010,2023-05,1,VER,java.lang.NoSuchMethodError error while writing a code in java vs code
76150019,2023-05,1,VER,Converted byteArray data to PDF not opening
76150258,2023-05,1,VER,:app:checkDebugDuplicateClasses&#39; Error building a navigation drawer activity
76150443,2023-05,3,GEN,How to set wiremock server and stub request based on hostname
76150497,2023-05,1,VER,Compiling Kotlin 1.8 code in Eclipse 2023-03 with Kotlin plugin 0.8.24
76150556,2023-05,1,VER,AWS EC2MetadataUtils do not work from ColdFusion
76150610,2023-05,2,VER,Debugging Vaadin/Spring Boot and embedded Tomcat server
76150695,2023-05,2,VER,Spring Boot Mockito @MockBean does not change the return value
76150777,2023-05,1,VER,NativeModules does not include RNNordicDfu
76150808,2023-05,2,VER,Spring data doesn&#39;t add fragment to repository
76150917,2023-05,3,GEN,Thymeleaf loop error when using its index
76151072,2023-05,3,GEN,error during sbt launcher: java.lang.UnsupportedOperationException: The Security Manager is deprecated and will be remov
76151080,2023-05,3,GEN,How do I extend JButton but modify actionPerformed?
76151226,2023-05,1,VER,even I added database name to my mongo db url I got this error
76151291,2023-05,3,GEN,Spring Integration Java DSL Filter w/ Routing
76151823,2023-05,2,VER,"Every time I click on a Jlist item, the listener is invoked an increasing number of times even though my code only runs "
76151969,2023-05,3,GEN,how can i get start line number of an element in word document using Aspose words library in java
76152008,2023-05,3,GEN,how to create xpath by the following web element?
76152030,2023-05,3,GEN,How to refer to the Webdriver object in selenium without making it static to take screenshot through Testng listeners on
76152037,2023-05,4,GEN,How to work with the web elements that are common in multiple web pages in selenium page object model?
76152075,2023-05,1,VER,not able to use HttpServletResponse
76152245,2023-05,3,GEN,How to say Hibernate to throw Exceptions?
76152279,2023-05,1,VER,Getting &quot; can not invoke this.repositoryname is null&quot; in grpc implementation with springboot
76152329,2023-05,2,VER,How can I fix this six-sided dice class?
76152776,2023-05,1,VER,Multiple popup handling using java selenium on a travel website
76152780,2023-05,4,GEN,XML Escaping Issue
76152841,2023-05,1,VER,Quartz JobScheduler Delete Triggers on Exception in Spring boot
76152852,2023-05,4,GEN,Can I change strings.xml file content dynamically from the application without having to access the strings.xml file in 
76152918,2023-05,3,GEN,run launch.json profile via CLI
76152975,2023-05,3,GEN,Translate result to Yes or No while querying boolean field in elastisearch
76153038,2023-05,1,VER,Why control+click doesn&#180;t work in Eclipse?
76153077,2023-05,4,GEN,In which order do parameters change in ParametersVariation?
76153331,2023-05,2,VER,Sorting the dataframe by Iterating through the column value
76153338,2023-05,1,VER,Running program in IntelliJ J problems with insert data to scanner
76153408,2023-05,3,GEN,Regular expression for finding the first character of every line
76153491,2023-05,2,VER,Send file from Apache HTTP Client to Spring Boot
76153507,2023-05,3,GEN,Using spring boot kafka template to receive messages
76153551,2023-05,4,GEN,Pass User Input to the ArrayList and display the output
76378002,2023-06,3,GEN,Is using Spring to bind JSON to POJOs more efficient than manual parsing with ObjectMapper?
76378160,2023-06,2,VER,Getting GridDB dependency for pom.xml
76378202,2023-06,1,VER,Launching emacs from java with arguments... not working
76378207,2023-06,1,VER,Why does my sign in function only work for one user in my CSV file with usernames and passwords?
76378249,2023-06,3,GEN,Why does Java for-each loop execute methods on all objects in array?
76378371,2023-06,3,GEN,Can iText 7 extract table data from a PDF file?
76378390,2023-06,1,VER,Can&#39;t establish TLSv1.2 connection from OpenJDK8 to database server
76378544,2023-06,2,VER,How to merge method and description columns
76378745,2023-06,1,VER,Jenkins is failing to find Chrome browser for automated tests - what can I do?
76378803,2023-06,2,VER,Spring Boot: GraalVM Native Image Support
76378972,2023-06,3,GEN,Why do emojis print as weird symbols in my Java project on Visual Studio Code?
76379022,2023-06,3,GEN,Check variable and update database after threads are finished
76379061,2023-06,1,VER,Calling method with @Async annotation called after to much time in spring boot
76379146,2023-06,2,VER,Springboot App returns 401 instead of 500
76379148,2023-06,2,VER,How to post process an xsl fo to add footnotes on second pass based on the page numbers?
76379200,2023-06,1,VER,java.lang.UnsupportedOperationException error in mvn clean for a play project
76379202,2023-06,1,VER,Security Manager Having Issue with Java 17 and spring boot runnable jar
76379354,2023-06,3,GEN,Long If statement refactoring - java
76379416,2023-06,3,GEN,How can I convert an array of pixel values from an image to a PNG binary data without generating the image?
76379450,2023-06,2,VER,Null condition check not working in parsing JSON array with nested objects
76379458,2023-06,2,VER,How can I prevent multiple runs of Action_open_Document_tree when button is clicked?
76379473,2023-06,2,VER,how to give file permission for android 13 in android studio using java for targetSdk 33?
76379510,2023-06,4,GEN,How to handle changes in compile-time constants in Java libraries for consistent results?
76379534,2023-06,1,VER,How to make the &#39;Remember Me&#39; function in Blazor Server login page work consistently in Android WebView?
76379554,2023-06,3,GEN,How can I get all child elements of a Jetpack Compose view in Android using Kotlin or Java?
76379615,2023-06,4,GEN,Hashmap is unable to be added to a collecitons.singletonmap
76379649,2023-06,1,VER,Springdoc 2.1.0 &quot;No API definition provided.&quot; Not scanning endpoints
76379660,2023-06,2,VER,Getting &quot;Unsupported Java&quot; Gradle and JDK related error on Android Studio Flamingo
76379664,2023-06,2,VER,@ComponentScan giving error. How to resolve?
76379777,2023-06,3,GEN,"Can Byte Buddy use the advice method to handle things like &quot;==&quot;, &quot;!=&quot;, &quot;&lt;&quot;, &quot;&gt;&"
76379832,2023-06,4,GEN,Realtime Database Change Capture in Java Application
76379843,2023-06,3,GEN,Best Practice to copy DTO generated by OpenApi to own DTO
76379914,2023-06,1,VER,I create the .jar file but I can&#39;t use .jar file in my new project
76380070,2023-06,3,GEN,Cannot formulate correctly my repository method for fetching a list of objects that are existing in another object
76380074,2023-06,1,VER,Incomplete file when extracting from ZipInputStream
76380103,2023-06,2,VER,Jms not working after update to spring boot 3 (and ConnectionFactory from javax to jakarta)
76380123,2023-06,3,GEN,How to seperate the context log of each endpoint in springboot
76380143,2023-06,2,VER,Spring Boot get the auto configured ObjectMapper instance
76380175,2023-06,1,VER,403 Forbidden: &quot;&lt;HTML&gt;&lt;HEAD&gt;&lt;EOL&gt;&lt;TITLE&gt;Access Denied&lt;/TITLE&gt;&lt;EOL&gt;&lt;/HEAD&gt;
76380276,2023-06,2,VER,Execute background job with quarkus and don&#39;t wait for result
76380293,2023-06,3,GEN,Parse a nested JSON array with Talend Open Studio and make it a table
76380429,2023-06,3,GEN,Need alternative for toJavaDatePattern method from HsqlDateTime class from jar - hsqldb-2.3.1
76380443,2023-06,2,VER,"Squish GUI testing for Java, use windows primary mouse button rather than set mouse button manually?"
76380493,2023-06,2,VER,unable to get configured roles from IDP ( Azure Ad App roles ) when authenticating oidc (pac4j-oidc ) in servlet based a
76380521,2023-06,3,GEN,How to configure Woodstox properties in using Apache Camel?
76380589,2023-06,1,VER,ORA-00001: unique constraint violated with batchUpdate but with update all good
76380624,2023-06,2,VER,Testng test are ignored after upgrading to Sprint Boot 3 and maven-surefire-plugin 3.1.0
76380651,2023-06,2,VER,How to support sorting and filtering for a field which is not mapped with another entity using spring boot
76380803,2023-06,3,GEN,Sharing code for root version and rootless version with flavors
76380819,2023-06,1,VER,Fatal signal 11 (SIGSEGV) when I destroy a few bodies LibGDX
76380830,2023-06,2,VER,Spring Boot Wrong date returned
76380876,2023-06,2,VER,Description bug in DEB file created by jpackage when opened with QApt installer
76380892,2023-06,1,VER,Getting a http://repo.typesafe.com server access error when trying to start a server using activator
76380893,2023-06,1,VER,PaymentConfiguration is not recognized in android studio java
76380894,2023-06,1,VER,FullCalendar in GWT : How to refresh calendar while keeping events
76380912,2023-06,3,GEN,What is the best way to find text content under relatively indistinguishable tags by Selenium-webdriver?
76380969,2023-06,2,VER,How to use ResourceChangeListener to listen for added metadata nodes?
76380976,2023-06,1,VER,IntelliJ IDEA not opening a specific project - it gets stuck on a blank thumbnail
76381020,2023-06,1,VER,Spel Expression Parser not able to recognise and read the formula in application.properties in SpringBoot 3
76381036,2023-06,2,VER,Log4j appender logs more levels than expected
76381246,2023-06,2,VER,code should explicitly check to see if permission is available (with checkPermission) or explicitly handle a potential S
76381260,2023-06,1,VER,ClassCastException for configuration CGLIB proxy and org.springframework.cglib.proxy.Factory after upgrade Spring to 6.0
76381417,2023-06,2,VER,NotAMockException when trying to mock a method on a SpyBean of Environment
76381483,2023-06,3,GEN,Correct way to use ViewModel from child activity
76381621,2023-06,3,GEN,Create Route from XML in Camel 4.0
76381776,2023-06,2,VER,Configure OpenLiberty server to use application&#39;s Logback configuration file
76382010,2023-06,1,VER,java time inconsistently reporting results
76382013,2023-06,1,VER,Log4j appender plugin &quot;ERROR StatusLogger Unrecognized format specifier&quot; when run from an executable jar
76382091,2023-06,3,GEN,Android 13: sending emails with Intent.ACTION_SEND doesn&#39;t work anymore
76382104,2023-06,3,GEN,android app LocalDate alternative for older API level
76382285,2023-06,2,VER,Kotlin Error &#39;unresolved reference&#39; appears when trying to run Java Code from a Kotlin file
76382373,2023-06,1,VER,Ant command &#39;war&#39; fails with error &#39;jvxml.xml.lib doesn&#39;t denote a zipfileset or a fileset&#39;
76382477,2023-06,3,GEN,Kafka Stream expose some metrics only
76382668,2023-06,1,VER,My validation doesn&#39;t work in one project but works in another
76382732,2023-06,3,GEN,Java Get only ZPL printers from system in Windows
76382737,2023-06,1,VER,Why is the piped input stream closed?
76382990,2023-06,1,VER,How to display the ArrayList in a PDF report. The report template was compiled at JasperStudio
76383109,2023-06,2,VER,Why am I getting an older timestamp than specified when using KafkaConsumer.offsetsForTimes() in Java?
76383155,2023-06,3,GEN,Fluid nodes list layout with JavaFX
76383226,2023-06,2,VER,How to consume GraphQL api using spring boot Resttemplate
76383244,2023-06,4,GEN,"Removing all occurrences of the specified substring, even overlapping ones"
76383310,2023-06,4,GEN,@value tag reference to another class
76383416,2023-06,4,GEN,"Group list of objects into Map&lt;String, Boolean&gt; with value being true if any object in group has field set as true"
76383457,2023-06,1,VER,org.openqa.selenium.SessionNotCreatedException while triggering the Edge Browser in IE Mode
76383470,2023-06,3,GEN,Why by calling new File(&quot;.&quot;).getAbsolutePath() I get completely different path from my project&#39;s location?
76383594,2023-06,2,VER,Spring Reactive webclient fails to compile when using .bodyToFlux(new ParameterizedTypeReference&lt;&gt;) with &quot;com
76383617,2023-06,2,VER,J8583 set Subfields to IsoMessage object
76383684,2023-06,1,VER,Loss of data in simultaneous threads (JAVA)
76383728,2023-06,3,GEN,How to open app for &quot;tel:111111111&quot; link in android webview
76383829,2023-06,2,VER,Local transaction already has 1 non-XA Resource in Payara Micro Batch Processing
76383860,2023-06,1,VER,Java issues reading txt file and displaying data
76383957,2023-06,2,VER,How to set ID header in Spring Integration Kafka Message?
76383975,2023-06,3,GEN,Access a Java method from JSP file placed on Tomcat server
76383987,2023-06,3,GEN,Notification Manager getSystemService() call not working
76384105,2023-06,1,VER,Issue with starting hadoop using &quot;start-dfs&quot; command on MacBook M1 and tried running &quot;start-dfs.sh&quot; 
76384241,2023-06,2,VER,Not able to format YAML using SnakeYaml keeping original way
76384242,2023-06,3,GEN,How to update values in multiple documents as a transaction in Firestore?
76384282,2023-06,1,VER,Outputs correctly but I am getting compiler error
76384433,2023-06,3,GEN,"Java Logback, Log specific code flow into a separated file"
76384487,2023-06,1,VER,Trying to run simple code that writes a dataframe as a csv file using spark and Java. java.lang.NoClassDefFoundError: or
76592864,2023-07,1,VER,Cannot exclude DataSourceAutoConfiguration for it is not auto-configuation class
76593019,2023-07,3,GEN,Error: New Project keeps being in language Kotlin
76593048,2023-07,1,VER,Minecraft FML Gradle build error &quot;Could not find net.minecraftforge:forge:1.12.2-14.23.5.2860_mapped_snapshot_20171
76593144,2023-07,2,VER,setting up cordova cli for android build from construct 2 project
76593158,2023-07,3,GEN,Using string variable as function parameter in @Bean method
76593266,2023-07,3,GEN,Two different imports with same path - how to handle?
76593357,2023-07,2,VER,"Java, Spring Boot, Hibernate, MySQL error: Encountered a duplicate sql alias [id] during auto-discovery of native-sql qu"
76593358,2023-07,2,VER,Jpa @Query Annotation problem with using IN clause with java ArrayList
76593368,2023-07,1,VER,How to display Vietnamese output with NetBeans 18 and JDK 20
76593392,2023-07,1,VER,JOGL sample code compile error &quot;cannot access WriteCloneable&quot;
76593437,2023-07,3,GEN,"In C# or Java, is it possible to generate a PDF without reading the font?"
76593512,2023-07,1,VER,ejb timer (scheduler) does not trigger
76593538,2023-07,2,VER,Metaspace leak using LambdaMetaFactory
76593545,2023-07,3,GEN,How to customize the default unauthorized response body in Spring Security Webflux?
76593561,2023-07,2,VER,Storing Strings from Firebase as a List of String in Shared Preferences
76593611,2023-07,4,GEN,Java Thread Synchronization does not work as expected
76593659,2023-07,2,VER,Java Service Wrapper exception stack trace is split into multiple log events
76593693,2023-07,4,GEN,"When I edit first element in Arraylist, second edit too"
76593907,2023-07,1,VER,Not able to find the required dependency (jar) in the legacy java code
76593933,2023-07,2,VER,Trying to use a Authenticated HTTP proxy in Java
76593976,2023-07,3,GEN,How to add a working scroll side bar to a JTable in Java
76594011,2023-07,4,GEN,"Android Material UI dialog, keep the dialog open when the button is pressed"
76594079,2023-07,3,GEN,How do I synchronize a frame in the event dispatcher in java?
76594207,2023-07,2,VER,How to decrement an item Quantity from an array in java if there are multiple classes?
76594246,2023-07,1,VER,Adding Swagger to RESTeasy Java Application
76594265,2023-07,4,GEN,Why does my string line show an error in this program?
76594338,2023-07,3,GEN,Problem while using switch statement in my Java program
76594349,2023-07,3,GEN,How to get the data from Firebase and store it in a model class (Android)
76594416,2023-07,3,GEN,Create Objects using Cartesian product of provided fields
76594421,2023-07,1,VER,Getting java.io.streamcorruptedexception when run in linux
76594543,2023-07,1,VER,Why my app always showing greeting preview instead of the work (design) that i have done on it?
76594575,2023-07,1,VER,java.lang.NoSuchFieldError: TYPE_HIERARCHY_AND_ENCLOSING_CLASSES
76594663,2023-07,3,GEN,Different regex groups from Pattern matches() and find()
76594679,2023-07,3,GEN,java.lang.classnotfoundexception: com.mysql.jc.jdbc.driver
76594757,2023-07,3,GEN,GraphQL field level authorization and nullability
76594881,2023-07,3,GEN,Java passing a newly created object as method argument inside the constructor of that object
76594937,2023-07,4,GEN,"Why plusMonths, plusWeeks and etc are not public in java.time.chrono classes"
76595015,2023-07,1,VER,Flutter APK does not install on android 13
76595041,2023-07,3,GEN,Extract Particular value from the result list and store them in another list
76595054,2023-07,2,VER,How to decide ideal memory consumtion Spring boot application
76595237,2023-07,3,GEN,How to output ImageData as a BMP image in Java
76595329,2023-07,1,VER,How to debug a detector test in the IntelliJ idea?
76595355,2023-07,2,VER,Private accessor exception for jpa entity
76595426,2023-07,2,VER,UUID id is null after saving entity with spring-data-jdbc on sql server
76595435,2023-07,2,VER,How to configure a Keycloak extensions developement environment?
76595522,2023-07,4,GEN,how to skip gradle asking about new APIs?
76595531,2023-07,3,GEN,How to reformat my Java code from JDK8 to JDK16?
76595635,2023-07,3,GEN,"In Scala, how to map a spark Dataset into a list of POJOs?"
76595805,2023-07,2,VER,Intellij IDEA static import auto complete won&#39;t show other imports
76595915,2023-07,2,VER,How to scroll to the element with resourceId or id if you don&#39;t have the text or content-desc as attributes of that 
76595960,2023-07,2,VER,How to return values of list from another activity in Android studio?
76595973,2023-07,3,GEN,React Native + Spring Boot + WebSocket
76596052,2023-07,3,GEN,How can I fetch the cell value of a particular row and column of the dynamic table using selenium webdriver java?
76596066,2023-07,2,VER,Getting empty string instead of Text
76596238,2023-07,4,GEN,what is the difference between JsonType.class and JsonBinaryType.class in hypersistence-utils
76596256,2023-07,3,GEN,place 3 or more components on top of each other and make them fit their parent
76596355,2023-07,2,VER,Custom exception class not working in springboot
76596436,2023-07,2,VER,How to get all json levels from different entities in one rest method?
76596575,2023-07,1,VER,"Missing ModulePath and ClassPath on Java, Eclipse IDE"
76596632,2023-07,2,VER,Pass parameter to predicate with Alloy Java API
76596710,2023-07,3,GEN,Class SecurityConfig without WebSecurityConfigurerAdapter
76596749,2023-07,3,GEN,Spring Security v6.0 whitelist endpoints
76596795,2023-07,2,VER,OpenAPI `v3/api-docs` returns an array of ascii integers
76597153,2023-07,3,GEN,How can I add an enum inclusive arguments to the openapi.json?
76597231,2023-07,4,GEN,Why is there no loss of precision in direct assignment of floating point numbers?
76597309,2023-07,4,GEN,is it possible to print only one statement in this nested if code?-Java
76597501,2023-07,3,GEN,How can I get the CORS working for the POST to the Lambda function URL?
76597505,2023-07,1,VER,Trying to run a clojure project on emacs but Java error: Cannot run program powershell.exe
76597614,2023-07,1,VER,Cucumber Steps Marked As Unimplemented When Running From Multiple Step Files
76597655,2023-07,2,VER,"How do I store the reference to the object in the database, currently it shows as &#39;null&#39;"
76597659,2023-07,4,GEN,Why can&#39;t I use .orElseThrow with ::new in Java
76597720,2023-07,3,GEN,Is there a way to bypass this token while using jmeter?
76597757,2023-07,4,GEN,How to know if user is typing something in an Edittext (Android)
76597896,2023-07,3,GEN,How to fix a violation of the DRY principle?
76597979,2023-07,3,GEN,how to use spring data jpa to return a new result with native sql join query
76598058,2023-07,3,GEN,Checking PUT request from server for extra fields as JSON
76598101,2023-07,2,VER,Java - Multiple Panels in JFrame
76598181,2023-07,3,GEN,Specifying child method with base class object in Java
76598294,2023-07,1,VER,Occur an error when I use Mono in Spring Webflux framework
76598332,2023-07,2,VER,How to create user in Samba server using jcif library?
76598443,2023-07,3,GEN,How to use multiple instances of the same array using multiple objects in Java?
76598480,2023-07,4,GEN,What is the relationship of SMB and SAMR protocol?
76598541,2023-07,2,VER,Leetcode 1601. Maximum Number of Achievable Transfer Requests
76598638,2023-07,3,GEN,"Log4j2 delete older logs so capacity will not exceed X amount of files, with timestamp on the file name"
76598698,2023-07,1,VER,MultipartFile value is coming as null in Spring Boot Controller
76598751,2023-07,4,GEN,@PreAuthorize(hasRole(...)) vs requestMatchers(...).hasRole(...)
76598773,2023-07,1,VER,Android Intent-Filter for https Appwrite Cloud
76598912,2023-07,2,VER,Android Image still saving even User permission denied for image
76598987,2023-07,1,VER,Microstream data is not persisted when application restart using micronaut 3.9.4
76599075,2023-07,3,GEN,Parse UML class diagram with PlantUML Java API
76599107,2023-07,4,GEN,How to dynamically populate a reference-type array in Java
76599188,2023-07,3,GEN,How to deserialize abstract types in Jackson without modifying the interface?
76599695,2023-07,3,GEN,How to show text over icon in JButton
76599753,2023-07,2,VER,JavaFX manually trigger FocusLost event for testing Slider listener
76599871,2023-07,1,VER,JTabbedPane imbedded in JTabbedPane pushing bounds with too many tabs
76599904,2023-07,3,GEN,Spring security don&#39;t allow my bootstrap Webjars dependency file to load when not authenticated
76599919,2023-07,4,GEN,my code has an error in calculation of basic mark percentage
76600117,2023-07,2,VER,How to invoke custom query in Spring Boot JPA Repository
76600262,2023-07,1,VER,Inconsistent order of database insertions in Spring boot application using JPA
76600337,2023-07,2,VER,Java fx StyleClassedTextArea text font and color
76807771,2023-08,3,GEN,How to verify that exception was thrown by a mock when it was caught within the code under test?
76807800,2023-08,2,VER,figuring out method return type change
76807824,2023-08,4,GEN,why do objects get the same result by assigning the same arraylist with a different state in each of them
76807834,2023-08,1,VER,Spring Boot with multiple entry points applications via Maven profiles
76807867,2023-08,1,VER,Error: Could not start a new session in Selenium
76807873,2023-08,1,VER,Unable to figure out Java/Selenium ChromeDriver download
76807951,2023-08,1,VER,Java.lang.NoSuchMethodError in Spring MVC
76807966,2023-08,3,GEN,Spring 6 Webclient is missing Micrometer Histogram metrics
76808204,2023-08,1,VER,Accidentally deleted java and now all my eclipse programs dont have java libraries
76808395,2023-08,2,VER,Use JHSDB to see where static variables are located
76808461,2023-08,3,GEN,Create List using Builder Pattern in Java
76808707,2023-08,2,VER,Mockito Test throwing error &quot;SSLConnectionSocketFactory&quot; cannot be returned
76808715,2023-08,2,VER,Need to upload the file from local to Azure blob File Share folder using Java code
76808823,2023-08,1,VER,Kafka Schema Registry - Schema Referring a Union Schema Giving Server Error
76809017,2023-08,1,VER,Jersey RESTful mapping returns null object or MismatchedInputException
76809225,2023-08,3,GEN,How to annotate proxy beans to not be considered as &quot;bean of interface&quot; in CDI
76809252,2023-08,1,VER,When i try to run/compile a java file with Geany it spits out an error
76809263,2023-08,3,GEN,Relation between services when using DTOs in Spring
76809281,2023-08,4,GEN,Dependency injection - how to improve constructor with many arguments
76809319,2023-08,2,VER,athena query date and time stamp logic for 1 hour
76809330,2023-08,2,VER,jQAssistant analysis to find microservices and their clients
76809390,2023-08,3,GEN,Testing method with parameter marked with @Context annotation
76809448,2023-08,3,GEN,Conditionally delete from 2 tables using Hibernate
76809497,2023-08,2,VER,GraphQL error : Method not allowed error for GraphQL requests with Spring 3.1.1
76809498,2023-08,0,VER,React native app crashing without any errors - adb logs given below
76809586,2023-08,2,VER,Elasticsearch BoolQuery Gets Different Files
76809614,2023-08,3,GEN,Can we register new users in Vonage programmatically using Vonage API or SDK?
76809698,2023-08,3,GEN,Spring security method cannot decide pattern is MVC or not Spring Boot application exception
76809840,2023-08,1,VER,Issue reaching my Apigee proxy via Spring RestTemplate PUT method
76809901,2023-08,2,VER,How to set WMQConstants.USERID in springboot application to connect to IBM MQ?
76809957,2023-08,2,VER,Kafka JSON Object Error: no String-argument constructor/factory method to deserialize from String value
76809993,2023-08,1,VER,"Searching the xpath in html code, highlights the exact path which is need, but inside the code it is not working"
76810088,2023-08,4,GEN,"In ElasticSearch, use &#39;match&#39; to match a field of type keyword and &#39;term&#39; to match a field of text type."
76810188,2023-08,3,GEN,PostgreSQL - define query result&#39;s timezone
76810277,2023-08,2,VER,Spring Security - ClassCastException with AuthorizationFilter
76810528,2023-08,3,GEN,JSON to Java object deserialization exception
76810569,2023-08,2,VER,delegate bean destroy method
76810635,2023-08,1,VER,Intellij support for Java 17 and GWT
76810702,2023-08,1,VER,Error injecting CompositeAuthenticationProvider in Quarkus
76810834,2023-08,3,GEN,How to create regular hexagons on java to put on a map?
76810846,2023-08,1,VER,Gradle java project in SSH Remote Target Configuration using IntelliJ IDEA - Connect timed out
76810946,2023-08,3,GEN,Initialize all entities at once in a tree structure with hibernate
76810953,2023-08,3,GEN,Is it possible to perform a karate test in a transaction?
76811042,2023-08,3,GEN,How to divide a yearly subscription prince into 12 months in Android?
76811115,2023-08,4,GEN,How do you ignore a line of string text when reading a text file in Java?
76811128,2023-08,1,VER,RESTful Endpoints Not Found on Wildfly
76811144,2023-08,3,GEN,"Maven ususally place the pom.xml in the jar during build, but two different pom.xml?"
76811234,2023-08,3,GEN,Local Notification on weekdays and weekends in android
76811246,2023-08,3,GEN,Is it possible to override the implementation inside the generated actionPerformed in java?
76811467,2023-08,3,GEN,How to increase the default timeout on Webview to load URL in Android?
76811559,2023-08,2,VER,How make allure with okhttp
76811582,2023-08,4,GEN,How to convert ZonedDateTime to LocalDateTime?
76811610,2023-08,1,VER,i m trying to get permission of gallery and camera from the user and want to show that on the profile fragment
76811629,2023-08,3,GEN,Why does setting freemarkers&#39; default encoding break reading template (everything is in utf-8)?
76811729,2023-08,2,VER,how to manually set nextauth.js session cookie
76811748,2023-08,2,VER,Import ONNX into Android
76811749,2023-08,3,GEN,Route MIC input through headset and at the same time AUDIO output through same headset
76811800,2023-08,1,VER,How to improve quality video for pjsua2 (pjsip) for android
76811821,2023-08,2,VER,ZipCompressor utility class sometimes produces invalid archives
76811891,2023-08,4,GEN,repaint() method inside ActionListener and paintComponent method
76811893,2023-08,1,VER,Attempt to invoke virtual method on a null object reference at
76811926,2023-08,3,GEN,Non blocking way to return a mono response value
76812127,2023-08,3,GEN,List allocation trigger ConcurrentModificationException in Kotlin
76812141,2023-08,2,VER,intellij no instance(s) of type variable(s) R exist so that Flux&lt;R&gt; conforms to Publisher&lt;? extends DataBuffer&
76812468,2023-08,1,VER,Image not fetching from Firebase Realtime Database
76812543,2023-08,3,GEN,How to Perform a Join Operation in Solr Using Regular Join Feature or what is the best practice for that?
76812578,2023-08,1,VER,Build failure: java: package org.springframework.boot does not exist
76812627,2023-08,4,GEN,Different conditional behaviour between standard and tenary operators when working with nulls
76812685,2023-08,3,GEN,How to map source to target property?
76812740,2023-08,4,GEN,java multi-thread sychronized code block when lock released but not acquired immediately by other thread
76812902,2023-08,2,VER,JSONParser cannot be resolved to a type when I upgrade Json-path to 2.8
76813010,2023-08,2,VER,Cannot commit StringSet to SharedPreferences
76813038,2023-08,2,VER,How to Intercept another app so that it pause it&#39;s process unit I remove the overlay screen in android Kotlin?
76813084,2023-08,3,GEN,Java Basic Pattern regex (Fully example)
76813206,2023-08,2,VER,Java Spring RestTemplate timeout does not work properly
76813277,2023-08,3,GEN,How to create responsive desktop applications UI in JavaFx?
76813394,2023-08,2,VER,Google Cloud Bigtable Row Count
76813399,2023-08,2,VER,How to set num of session tickets in TLS 1.3 Java
76813517,2023-08,3,GEN,Can I stream a Excel file row by row to the HttpRequest output stream?
76813620,2023-08,1,VER,Expo assembleRelease Android Cannot Find Symbol ReactNativeFlipper
76813659,2023-08,1,VER,"- Open Gradle wrapper settings, change `distributionUrl` property to use compatible Gradle version and reload the projec"
76813668,2023-08,1,VER,Spring Boot 3 Gradle Build Failed in IntelliJ Idea 2023.2
76813689,2023-08,1,VER,Spring 4 + Hibernate 5 + JPA + c3p0: dataSource not being recognized
76813862,2023-08,1,VER,"Error reading commands.properties, using local instead - Error Selenium Java"
76813920,2023-08,2,VER,Facebook page can&#39;t open in webview
76813956,2023-08,2,VER,not able to read application.properties file in Spring boot Java
76814047,2023-08,2,VER,How to import FFmpeg into Android project
76814053,2023-08,2,VER,How to connect apache-doris instance to postgres with ssh tunnel
76814141,2023-08,3,GEN,Double to Int with removing precision point dynamically
76814172,2023-08,3,GEN,How do I access application.yml Spring Properties from the BoostrapRegistryInitializer?
76814180,2023-08,1,VER,"During deploy, it throws an error: relation &quot;usr&quot; does not exist"
76814206,2023-08,2,VER,Circuit Breaker is going to OPEN state from CLOSED before the minimum number of calls
76814267,2023-08,1,VER,GET HTTP/1.1 undefined NS_ERROR_DOM_URI
76814333,2023-08,3,GEN,quarkus telemetry logging disable at runtime
76814351,2023-08,3,GEN,Is there a way to call a python script to do some steps when i do a maven clean package in java?
76814435,2023-08,2,VER,Getting: Path must not be null while passing parameters to ItemReader in Spring Batch
76814482,2023-08,4,GEN,Fat jar vs normal jar dependencies resolution
76814517,2023-08,1,VER,"While installing mongodb realm, I can&#39;t make gradle file. I think the docs are old"
76814710,2023-08,4,GEN,Is overwriting Lists while another Thread is reading Thread-Safe?
76814849,2023-08,2,VER,How do I remotely debug a java app on vagrant VM?
77019859,2023-09,2,VER,Extra table created in JPA Entity
77019890,2023-09,4,GEN,JPA - getSingleResult vs LIMIT 1
77019981,2023-09,3,GEN,"Scheduler Spring, Clustered Environment, Not Quartz"
77020003,2023-09,1,VER,Another question/problem with Mutual SSL Example Code
77020049,2023-09,2,VER,Difference between @singleton and @context in micronuat
77020127,2023-09,2,VER,How do I decompress/unencapsulate Pixel Data fragments using dcm4che?
77020168,2023-09,4,GEN,Why JVM NOT crash after oom?
77020382,2023-09,1,VER,Azure - Unable to create MethodHandles to use Java 9+ MethodHandles.privateLookupIn
77020391,2023-09,2,VER,Reverse the array after a fixed position
77020404,2023-09,2,VER,"Sonarlint warns me against a possible NullPointerException, but in my mind, I did what was necessary to prevent it?"
77020497,2023-09,1,VER,org.apache.fop.apps.FOPException: font without font-triplet
77020601,2023-09,1,VER,The issue of Jdiameter
77020612,2023-09,4,GEN,Two different HashMap returning the same hashCode
77021068,2023-09,3,GEN,How to store RSA private keypair to PKCS#12
77021120,2023-09,1,VER,Selenium for Intellij &quot;Package does not exist&quot;
77021137,2023-09,2,VER,Manage handler execution in multiple instance of activity running
77021276,2023-09,3,GEN,Spy on class member method call
77021301,2023-09,1,VER,"Vaadin Addon doesnt work, not showing component"
77021328,2023-09,1,VER,NullPointerException Parameterized Test passing input using Mockitos
77021421,2023-09,2,VER,Declare multiple property variables in log4j2.yml configuration file
77021486,2023-09,1,VER,unable to find an exact match of CDP version 116
77021690,2023-09,3,GEN,Best structure of Multiple indexed map
77021695,2023-09,4,GEN,InitialRAMPercentage doesn&#39;t set initial heap size
77021766,2023-09,1,VER,Custom Progress Dialog not able to access components
77021824,2023-09,2,VER,Converting AES 256 Java Encryption in python
77021846,2023-09,3,GEN,How to pass null pointer (double pointer) to c function via java jni?
77021867,2023-09,2,VER,How to make jar from a master jar in gradle?
77022008,2023-09,3,GEN,How to automatic generate variable in neovim like in Jetbrains IDEA
77022215,2023-09,1,VER,Missing dependencies in the OpenAPI Generator source code
77022233,2023-09,3,GEN,Mockito parametrize methodCall in mockito
77022263,2023-09,2,VER,MergeSort function in java displaying zeroes
77022279,2023-09,2,VER,Cannot find method &#39;value()&#39; in the @Qualifier annotation
77022303,2023-09,2,VER,Jooq cte with joins not compiling
77022398,2023-09,3,GEN,Cannot deserialize value of type `java.lang.String` from Object value (token `JsonToken.START_OBJECT`)
77022416,2023-09,2,VER,Quarkus: 401 for permitted route when request contains Bearer token
77022598,2023-09,1,VER,Deploy Spring Boot with MySQL db to Heroku fails during gradle build
77022635,2023-09,1,VER,Jenkins can&#39;t find Maven after updating to Java 17
77022829,2023-09,3,GEN,Joining pageable tables without relation using JPA criteria
77022945,2023-09,4,GEN,Java records and default/derived finalized properties
77022959,2023-09,1,VER,Springboot JPA relationship mapping error
77022971,2023-09,3,GEN,How to implement Spring Boot Security OAuth2 with Keyclaok and Swagger
77022984,2023-09,3,GEN,How do you configure specific cipher suites for Java
77023042,2023-09,2,VER,Hibernate 5 InFlightMetadataCollectorImpl without database connection
77023043,2023-09,3,GEN,How can i print the final output of program in a single line with space in between after using filter of java 8?
77023269,2023-09,2,VER,@XmlElementWrapper generating empty list
77023476,2023-09,4,GEN,Convert string &quot;2022-11-28T20:02:28.215Z&quot; to Date with time zone
77023699,2023-09,2,VER,JAX-RS (or Quarkus) reverse routing with subresources
77023755,2023-09,3,GEN,Converting java map to scala immutable map in java
77023860,2023-09,1,VER,Array Question for simplilearn Full stack java Program
77023895,2023-09,1,VER,ClassCastException testing Spring Cloud Stream producer only when another test is also executed
77023913,2023-09,2,VER,Spring-Security-Web import errors
77023921,2023-09,3,GEN,How would you create a function to find the largest number in a Dynamic array?
77024027,2023-09,2,VER,How to dynamically use ViewBinding with nested activities on Android?
77024072,2023-09,3,GEN,How to configure maven-compiler-plugin to java 17
77024120,2023-09,2,VER,Mistake about &quot;devided by zero&quot;
77024167,2023-09,2,VER,java.lang.IllegalStateException: No primary or single public constructor found for interface org.springframework.http.se
77024210,2023-09,1,VER,&quot;The project is using an incompatible version (AGP 7.4.0) of the Android Gradle plugin. Latest supported version is
77024241,2023-09,3,GEN,How do I decompile java .class files in my C# program?
77024315,2023-09,1,VER,How to add dynamic row value from button to tableview in javafx
77024319,2023-09,1,VER,"Android, Java: Android resource linking failed -\...\debug\AndroidManifest.xml:15: error: unexpected element &lt;activit"
77024327,2023-09,3,GEN,Jadx Assert.notNull view full parameters
77024338,2023-09,3,GEN,How deeply can I nest maps and is there a better way
77024355,2023-09,1,VER,How to handle StackTraceElement exception
77024408,2023-09,2,VER,I can&#39;t load resources within a JAR even though I used getResourceAsStream
77024648,2023-09,2,VER,Android access to folder is only granted until app is closed
77024664,2023-09,2,VER,Java String outputting as blank
77024790,2023-09,1,VER,Disabling of JDBC masking in Application Insights Agent
77024972,2023-09,2,VER,How do I use the jdk.attach module?
77024989,2023-09,1,VER,Flink flatMap() - NullPointerException
77025031,2023-09,1,VER,java.lang.IllegalStateException: Error processing condition on org.springframework.boot.autoconfigure.context.PropertyPl
77025167,2023-09,2,VER,@AttributeOverrides not working in spring boot project
77025237,2023-09,4,GEN,Understanding JVM Behavior: How Does `switch` Handle String Hash Collisions?
77025294,2023-09,3,GEN,How to auto close the console in BlueJ
77025551,2023-09,2,VER,Getting org.mockito.exceptions.misusing.PotentialStubbingProblem: Strict stubbing argument mismatch while using restTemp
77025559,2023-09,4,GEN,Is weakCompareAndSet&#39;s &quot;Spurious failure&quot; simply the presence of contention in the LOCK prefix?
77025605,2023-09,3,GEN,Single Item from Entity Collection into Nested Dto
77025719,2023-09,2,VER,Delete File from remote server using SftpRemoteFileTemplate
77025904,2023-09,3,GEN,Make JButton update JLabel text in other class in Java
77025988,2023-09,1,VER,Spring caching bypassing cached method?
77026045,2023-09,2,VER,Relative path for a file accesed from Java resource directory file
77026157,2023-09,1,VER,"Injection of autowired dependencies failed, org.springframework.beans.factory.BeanCreationException"
77026194,2023-09,2,VER,Jedis expected value at line 1 column 1 when using setJson
77026240,2023-09,2,VER,Register Geolatte Jackson module in Spring Boot 3.2
77026257,2023-09,3,GEN,How to extract time using CriteriaBuilder and PostgreSQL
77026319,2023-09,4,GEN,How does @Data in lombok creates Constructors
77026367,2023-09,2,VER,jsd3 audio playback on hover each text node
77026439,2023-09,2,VER,Exported jar problems with javafx
77026478,2023-09,2,VER,Predictive prefix disappeared on Input of negative double in argument of dynamically allocated memory
77026624,2023-09,2,VER,Nested if else statement is not working as desired
77026674,2023-09,3,GEN,Use build.gradle task on githut_actions yaml
77026683,2023-09,4,GEN,How to acquire more than one lock atomically in Java?
77026741,2023-09,1,VER,Why webelement list size shows 0
77026751,2023-09,1,VER,Invoking IMMDeviceEnumerator method with JNA returns S_FALSE and empty(?) pointer
77026795,2023-09,3,GEN,reading BMP header in Java
77026897,2023-09,3,GEN,How does navigation work in a Spring Boot and Angular Application?
77026924,2023-09,3,GEN,Conditional redirect to HTTPS in Spring Boot
77027038,2023-09,2,VER,A confusing exception out of bound error in java while solving a spiral 2d matrix question
77027180,2023-09,3,GEN,How to see the Javadoc after generating it in NetBeans
77027197,2023-09,3,GEN,Collection GroupBy Aggregates without Stream API
77027458,2023-09,3,GEN,QR Code encoding using zxing to encode url data
77208826,2023-10,1,VER,API not working in postman while testing it
77208879,2023-10,2,VER,Unbounded array-based list output not showing up on display after reallocation?
77208924,2023-10,2,VER,there is a problem in the intializtion of a variable in my code
77208930,2023-10,2,VER,java-ClassCastException: class org.hibernate.metamodel.model.domain.internal.EntityTypeImpl cannot be cast to class org.
77208939,2023-10,1,VER,An input file was expected to be present but it doesn&#39;t exist in gradle
77208950,2023-10,1,VER,Gradle dependency resolved but marked as unresolved and not available in IDE
77208973,2023-10,1,VER,CodeDeploy succeeds only once
77209014,2023-10,3,GEN,How can multiple threads read a static data(arraylist)
77209071,2023-10,3,GEN,How add list of Multipart in Dto and hit with postman
77209127,2023-10,2,VER,"What can I do to finish, because I dont know how I can get the jan has ... days a month, instead of jan is not a correct"
77209167,2023-10,1,VER,How to stop vscode integrated terminal from showing output in between multiple lines of input
77209297,2023-10,2,VER,"I have a question on HackerRank where some test cases pass for this code, and some do not"
77209328,2023-10,1,VER,Java Autobuild does not work on Remote SSH via Visual Studio Code
77209360,2023-10,1,VER,Retrieve Data from Firebase and Display in Profile Page - Android Studio
77209414,2023-10,2,VER,Passing Object Through Method in Java
77209456,2023-10,1,VER,Exception NoClassDefFoundError: ReflectionManager with Hibernate 6
77209487,2023-10,3,GEN,how to use java eqaulsIgnoreCase() method
77209521,2023-10,3,GEN,Advanced Custom Query For Spring JPA
77209522,2023-10,1,VER,java.lang.IllegalStateException: org.hibernate.resource.jdbc.internal.LogicalConnectionManagedImpl@1b79d968 is closed
77209529,2023-10,1,VER,I have migrated spring to 3.1.2 then It runs as expected in local machine then but when I deployed this to railway serve
77209578,2023-10,4,GEN,Why float to int is not implicitly converted in Java when both uses 4 bytes in memory?
77209598,2023-10,2,VER,docker compose configuration not able to connect to mongodb container
77209795,2023-10,3,GEN,E value different in C and Kotlin Math.exp
77209800,2023-10,3,GEN,Parse value defined macro in C header file using Java CDT parser
77209839,2023-10,2,VER,How can I achieve a smooth direction update using DirectionsAPI (I&#39;m using Google Maps API for my application)
77209841,2023-10,4,GEN,Is creating an interface to a class a way to prevent to access the setters of this same class?
77209934,2023-10,3,GEN,Delay Spring Boot application start
77209950,2023-10,4,GEN,Impact of heap space / non heap space memory on number of possible threads for a jvm process
77209983,2023-10,2,VER,Disjoint sets find the sum
77210173,2023-10,4,GEN,Difference between raw and parameterized Optional when invoking orElseGet(Supplier)
77210202,2023-10,2,VER,Always connect test database on mongodb with Spring Boot
77210228,2023-10,4,GEN,Question of lifycycle callbacks of beans in Spring
77210266,2023-10,4,GEN,Compare two list of byte array
77210369,2023-10,1,VER,How to register and start glassfish 7.0.9 from netbeans 19 IDE
77210375,2023-10,2,VER,Apache camel endpoints handling failures at startup
77210415,2023-10,2,VER,Missing something basic with Spring Data JPA
77210497,2023-10,1,VER,I am currently practicing Spring Boot with Mysql database and after running application getting this error for employeeR
77210557,2023-10,1,VER,Could not initialize class jdk.internal.util.ArraysSupport
77210673,2023-10,4,GEN,How to use contains on array of class
77210700,2023-10,4,GEN,Connection Pool and PooledConnection
77210731,2023-10,2,VER,Apache Ignite Support For Java 21
77210735,2023-10,4,GEN,How will the stack be formed by Recursion in the MergeSort function?
77210772,2023-10,4,GEN,"JAVA: The input is hexadecimal numbers in string representation, for example &quot;0xaf12&quot;. The task is to add the "
77210908,2023-10,1,VER,Java coding error: Error occurred during initialization of boot layer
77210946,2023-10,3,GEN,Is there a simple way to add sub value to jwt token for test purpose?
77211030,2023-10,1,VER,"Java extension failed to activate, JDK not working in vscode"
77211053,2023-10,2,VER,Android Service Stops after a while
77211081,2023-10,4,GEN,"Gradle question: implementation vs runtimeClasspath, testImplementation vs testRuntimeClasspath"
77211156,2023-10,1,VER,How to implement authentications using Spring Security with JPA RoleBased
77211321,2023-10,4,GEN,"In MVN Repository, How do people find how to use library? (Spring, Java)"
77211537,2023-10,4,GEN,Java annotation processor comparing method return `TypeMirror` with known class
77211592,2023-10,1,VER,Problem in Implementing the API in android studio using localhost
77211597,2023-10,2,VER,Java mock class construction
77211790,2023-10,4,GEN,How does Java actually store and access variables i.e. memory addresses?
77211819,2023-10,2,VER,"KafkaConsumer poll method takes unusually long in low-traffic components, causing &quot;Offset commit cannot be complete"
77211928,2023-10,2,VER,Spring Boot Security configuration throws UnsatisfiedDependencyException: Unsatisfied dependency expressed through metho
77211943,2023-10,3,GEN,How can I specify org.openrewrite.java.logging.SystemPrintToLogging options?
77212209,2023-10,2,VER,Issue with ranking Players in app in Java
77212426,2023-10,1,VER,unable to use &#39;JOptionPane&#39; class in Eclipse
77212555,2023-10,2,VER,Quarkus Opentelemetry - Trace propagation
77212563,2023-10,2,VER,While loop with input is not displaying any kind of prompt for input or result
77212592,2023-10,4,GEN,Display Password from FireBase Authentication on Profile
77212646,2023-10,4,GEN,Import personal java classes intelliJ
77212804,2023-10,2,VER,How to get Jakarta added to your project external libraries?
77212845,2023-10,2,VER,"When porting a new project from Spring Initializr to IntelliJ IDEA, how do you get the java files to recognize what&#39;"
77212901,2023-10,3,GEN,java static list causes memory leak
77212908,2023-10,1,VER,Java JAR will not execute on VSCode Codespace
77213070,2023-10,2,VER,Git URL point to submodules
77213133,2023-10,1,VER,Duplicate class kotlin.collections.jdk8.CollectionsJDK8Kt
77213221,2023-10,3,GEN,Unable to compile java 21
77213246,2023-10,2,VER,Getting &quot;no main manifest attribute&quot; for spring boot application when using docker compose
77213272,2023-10,4,GEN,Switch a static class to a regular one with constructor injection or keep it static with method injection for enhancemen
77213355,2023-10,1,VER,Getting NoClassDefFound error while using AnnotationConfigApplicationContext
77213459,2023-10,2,VER,java.lang.IllegalStateException: The request object has been recycled and is no longer associated with this facade
77213632,2023-10,3,GEN,Find out why something didnt match in complex sql query?
77213679,2023-10,1,VER,An error occured while instantiating the class LoginPageTest. Check to make sure it can be instantiated
77213742,2023-10,1,VER,Spring boot + JPA - repository findAll not working
77213942,2023-10,2,VER,Http methods 403 Forbidden for TRACE and OPTIONS
77214012,2023-10,3,GEN,How to fetch a 3-level relationships where all foreign fields are lazy-loaded Lists without causing MultipleBagFetchExce
77214039,2023-10,2,VER,Cannot reach Spring boot application in Docker
77214119,2023-10,3,GEN,How to get Firebase Realtime Data Spinner Android Studio Java
77214154,2023-10,3,GEN,Jackson :loosing backslash from json string during deserialiastion
77214180,2023-10,1,VER,Pyspark Dictionary GC overhead limit exceeded
77214295,2023-10,3,GEN,Android/Wear OS - testing wrist flick gestures on android studio avd emulator
77214410,2023-10,2,VER,How to use a specific log4j2.properties file in my Spark application / driver?
77214435,2023-10,4,GEN,Is the past string removed when changing from StringPool to java String?
77214475,2023-10,4,GEN,"java 17, which vendor supported Set to add an element?"
77214648,2023-10,2,VER,"Allure Report, attached video not played"
77214649,2023-10,4,GEN,Clarification needed about behaviour of java volatile keyword
77214686,2023-10,2,VER,Using Java SparkSQL getting:java.lang.NoSuchMethodError: &#39;scala.collection.mutable.ArrayBuffer org.apache.spark.exec
77214738,2023-10,2,VER,Singleton with AlertDialog make my android application crashing
77214759,2023-10,2,VER,I need to run two different sessions in one thread group
77214877,2023-10,4,GEN,JPA with Couchbase?
77214908,2023-10,3,GEN,How to mock protected super class method from external dependency
77214950,2023-10,2,VER,Spring Boot serves static content with wrong URL
77215049,2023-10,3,GEN,MapStruct record to record mapping does not work
77215123,2023-10,1,VER,App is crashing while loading a url in WebView
77215137,2023-10,2,VER,gradle catalog does not work correctly with spring boot project
77215208,2023-10,3,GEN,How to get player ID in android Java with One Signal 5.0.2?
77215209,2023-10,1,VER,Spring Boot - JPA Hibernate not creating tables automatically
77399674,2023-11,1,VER,I can&#39;t locate a button that is used to delete a record by its xpath in selenium
77399702,2023-11,1,VER,Unable to update already cached list using @CachePut
77399745,2023-11,1,VER,Google Play Billing library 5 requirement
77399757,2023-11,3,GEN,Auto click on phone screen at given position in java android
77399781,2023-11,3,GEN,How to increase request header size in Spring WebFlux with Netty?
77399803,2023-11,3,GEN,Is the text label of a ColorPicker in Javafx customizable?
77399817,2023-11,1,VER,Unable to click on the dropdown in the Salesforce using Selenium Java
77399823,2023-11,3,GEN,Piping cat output into a Java jar through the terminal
77399952,2023-11,2,VER,"POST_NOTIFICATIONS request doesn&#39;t work, dialog box not showing"
77400019,2023-11,2,VER,How can I use validation-api groups with springdoc?
77400025,2023-11,4,GEN,Android can not call Kotlin code in Java code cause when using kotlin enum in companion
77400147,2023-11,4,GEN,implicit wait in selenium
77400157,2023-11,4,GEN,What is the time complexity of this string compression algorithm in Java?
77400163,2023-11,3,GEN,Change persisted class in JPA
77400266,2023-11,3,GEN,How to make jsonIgnore be able to setvalue
77400316,2023-11,4,GEN,Is there a way to replace only a specific substring in java?
77400471,2023-11,2,VER,AEM Multifield - Modifying values in multifield values
77400637,2023-11,4,GEN,How to sort an array of big numbers stored as String?
77400700,2023-11,4,GEN,Did Java get a new feature to supplant `ThreadLocalRandom`?
77400814,2023-11,4,GEN,How to test a void method in JUnit
77400815,2023-11,3,GEN,How to check what the garbage collecter is collecting
77400843,2023-11,1,VER,Occasional java.lang.VerifyError on application startup or workflow execution
77401104,2023-11,2,VER,Unable to read secret from Azure Key Vault Using Username &amp; Password or Enviroment Variables With Java
77401121,2023-11,1,VER,error while sniffing nodes - Timeout connecting to ip adress
77401193,2023-11,3,GEN,Coroutines don&#39;t seem to be less resource-intensive than JVM threads
77401279,2023-11,1,VER,Exception Test by Mocking: An Unexpected success
77401381,2023-11,3,GEN,Path Inheritance &amp; Unified Path Variable Validation in Spring Boot
77401415,2023-11,3,GEN,Filter JPA by new Boolean without updating all the JPA single derived query method Spring boot
77401530,2023-11,2,VER,Unwanted cursor with Java2D drawing directly to framebuffer
77401647,2023-11,4,GEN,Java nested generics with raw types return type inference
77401686,2023-11,2,VER,fix Junit h2 datasource configuration
77401758,2023-11,1,VER,Create criteria without active transaction in Hibernate
77401809,2023-11,2,VER,How to mock TopicManagementResponse from firebase messaging in Junit using springboot
77401869,2023-11,3,GEN,Spring Boot Docker add external .crt certificate
77401920,2023-11,3,GEN,Pass a string from Java to Vue.js in an Ionic project
77401989,2023-11,3,GEN,Change method implementation in Android with Byte Buddy
77402002,2023-11,4,GEN,Why can&#39;t I use head directly in this linked list problem instead of initializing and using ptr?
77402033,2023-11,4,GEN,Specifying the exact java version in maven and the corresponding version in dokerfile
77402063,2023-11,3,GEN,How to process each item of List&lt;&gt; converted to a Flux sequence?
77402077,2023-11,4,GEN,"What the different between TAG_DISCOVERED, NDEF_DISCOVERED and TECH_DISCOVERED in android NFC"
77402089,2023-11,1,VER,App Crashes when Implementing Bottom navigation with nav controller
77402123,2023-11,3,GEN,How to fit an image perfectly inside GridView Android Studio
77402204,2023-11,3,GEN,how to use byte-buddy&#39;s custom Implementation
77402280,2023-11,2,VER,ojdbc7 using addBatch method insert wrong data into table
77402336,2023-11,3,GEN,How to configure Hibernate @JoinColumn on another table with foreign key reference differs from PK
77402356,2023-11,3,GEN,Why NFC_TAG keep discovered even the app closed?
77402565,2023-11,2,VER,simpUserRegistry.getUsers() is empty web sockets
77402660,2023-11,3,GEN,Why am I seeing Error: 413 request entity too large in Nginx?
77402683,2023-11,0,VER,Troubleshooting Memory Leak in JInput: Windows Not Getting Destroyed Properly
77402690,2023-11,2,VER,implement atoi function in java
77402717,2023-11,3,GEN,how to use a proxy above an aws lambda invocation
77402833,2023-11,2,VER,Springboot application to export data to csv file using Open CSV
77402872,2023-11,4,GEN,Compile code with java8 and run with java17
77402889,2023-11,1,VER,Setting Java Swing Color for a Canvas results in an incorrect grayscaled color
77402953,2023-11,2,VER,Spring Data Flow streams with multiple inputs
77402970,2023-11,1,VER,Dynamics CRM REST OAuth Authentication Response 403 - The user is not a member of the organization
77403261,2023-11,4,GEN,JavaFX - How to compile uber jar with maven and create a installer?
77403297,2023-11,3,GEN,Parsing CSV with Jackson to POJO with nested POJO fields
77403331,2023-11,3,GEN,How to get sdkman to default to latest point release of a java major version
77403337,2023-11,1,VER,Invalid runtime for JavaSE-11: Runtime at is not compatible with the &#39;JavaSE-11&#39; environment
77403339,2023-11,1,VER,I want to get CCF Value from Sportradar MTS
77403533,2023-11,1,VER,6F00 error during AuthenticateServer step of downloading profile on esim
77403544,2023-11,2,VER,SpringBoot project as dependency in another SpringBoot Project
77403564,2023-11,2,VER,Getting 404 when trying to access js and css files in Java Spring
77403571,2023-11,2,VER,How to use WebEnvironment.RANDOM_PORT to get a second random port?
77403612,2023-11,3,GEN,"Java code to read outlook PST files to get mail address in TO, CC"
77403615,2023-11,3,GEN,Replace a BlockingQueue + daemon thread with an Executor
77403716,2023-11,1,VER,Android compileSdk 33 targets SDK 24 in playstore
77403770,2023-11,3,GEN,How to control the execution based on logical input parameter in a method in Java
77403830,2023-11,3,GEN,Java Convert UTC to Local time
77403848,2023-11,4,GEN,Can i use Same google maps api key for 2 different applications?
77403982,2023-11,3,GEN,Java checkstyle error ParameterAssignmentCheck
77404064,2023-11,2,VER,How to configure Wildfly poolsize and MDB&#39;s maxSession while keeping it scalable at runtime?
77404240,2023-11,1,VER,Sonarqube fails to start after reboot
77404246,2023-11,3,GEN,Why are duplicate keys printed when I&#39;m looping through the hashmap?
77404297,2023-11,3,GEN,changed needed while switching to base64 representation from pdf representation
77404307,2023-11,2,VER,JSR-303 validated property &#39;myDto.mail&#39; does not have a corresponding accessor for Spring data binding - check y
77404342,2023-11,2,VER,AWS DocumentDB and Java: Query for records in a range
77404432,2023-11,4,GEN,How does using Executors.newCachedThreadPool() make sure there is no starving task
77404569,2023-11,2,VER,Passing values from okhttp-eventsource BackgroundEventHandler to Main Thread
77404595,2023-11,1,VER,"jpaRepository delete() or deleteById() don&#180;t works, springBoot"
77404809,2023-11,4,GEN,Is there any way around the scope issue? Writing a generic method to add listeners to JRadioButtonMenuItems
77404929,2023-11,1,VER,"Why is Spring JPA merging and copying a new child object during a parent update, and then setting the child properties t"
77404989,2023-11,3,GEN,How to read application.properties into strongly typed class in Java?
77405025,2023-11,2,VER,Performing a task when servers processing is finished
77405094,2023-11,4,GEN,In Java : How to duplicate &quot;entirely&quot; a Map with Collections as value?
77405095,2023-11,2,VER,@Primary and @Profile does not work to override a Bean
77405234,2023-11,3,GEN,Identifying Source of Android Crash - Java Out of Bounds Exception
77405241,2023-11,1,VER,spring-Integration - http inbound-gateway response and asynchronous processing - task executor threads just processing o
77405265,2023-11,2,VER,"Quarkus always starts Testcontainers when running tests with @QuarkusTest, even if the test doesn&#39;t use Testcontaine"
77405308,2023-11,2,VER,Java LocalDate &amp; Gson serializer - InaccessibleObjectException
77405377,2023-11,2,VER,"Jsoup does not escape special characters (&lt;, &gt;) inside quoted Element attribute values"
77405386,2023-11,2,VER,Naming Convention for using source in StreamBridge SPRING CLOUD STREAM
77405418,2023-11,1,VER,I can&#39;t send data in my spring boot using multipartFile?
77405633,2023-11,4,GEN,How does writing to response usually happen on the client side in POST in REST?
77405660,2023-11,3,GEN,How to Connect Apache Flink with IBM MQ? Missing Connector or Configuration Issue?
77405756,2023-11,3,GEN,How to complete a reactive chain while branching out another process that will finish after complete
77405943,2023-11,3,GEN,How to have multiple RabbitMQ queues on the same Spring listener
77406051,2023-11,4,GEN,Thymeleaf: Is it possible to use th:if when user changes the value?
77406062,2023-11,2,VER,Problem with connecting a .jar file to a JavaFX project
77582397,2023-12,3,GEN,How to use different execution profiles with spring boot maven plugin?
77582472,2023-12,1,VER,Illegal state from Sonar when scanning sprint boot application
77582513,2023-12,4,GEN,"If List is an abstract interface, how does Collectors.toList() work with streams?"
77582647,2023-12,1,VER,Azure Speech Rest Api Send SSML with &lt;mstts:express-as&gt; tag will return 400 code
77582717,2023-12,4,GEN,"Streams collect(Supplier&lt;R&gt; supplier, BiConsumer&lt;R,? super T&gt; accumulator, BiConsumer&lt;R,R&gt; combiner) q"
77582719,2023-12,1,VER,Eclipse PostgreSQL JDBC ping fails
77582737,2023-12,2,VER,How to read from input stream for certain time?
77582773,2023-12,2,VER,Method not accepting the data type that it was written to accept
77582874,2023-12,2,VER,Hibernate fails Integer schema validation after the update
77583166,2023-12,1,VER,IntelliJ Spring Boot cannot find or load main class
77583236,2023-12,2,VER,Customize log4j in unit testing from IntelliJ
77583245,2023-12,2,VER,Could not autowire. No beans of ... type found. External jar decompiled .class file
77583342,2023-12,3,GEN,How to remove the previous tab after opening the new tab?
77583413,2023-12,2,VER,stripe_android:compileDebugJavaWithJavac FAILED
77583417,2023-12,4,GEN,How to use kotlin value class from java code?
77583453,2023-12,3,GEN,I want only the second character of every word if the length of the word is less than 2 it should print @
77583517,2023-12,1,VER,Node js is hanging if I start the app using Java process builder
77583556,2023-12,2,VER,Set span attribute at the moment of logging data with log4j2
77583605,2023-12,2,VER,Spring boot Webclient metrics not exposing
77583656,2023-12,3,GEN,I want my selenium web driver to use my chrome cookies and I also want to pass the driver instance created once to be us
77583692,2023-12,3,GEN,Difficulty with Rock Paper Scissors game
77583726,2023-12,1,VER,Ant Build in Eclipse results in ${src.dir} and I don&#39;t know how to resolve it
77583728,2023-12,3,GEN,How to properly work with Form Data params in Spring Boot?
77583811,2023-12,1,VER,local maven dependency crashes? what causes dependency version different from that in pom?
77583845,2023-12,2,VER,ArrayList for random strings with mousePressed in Processing (also rotation)
77583936,2023-12,3,GEN,How to solve- Write file to a specific directory through file picker asking for permission again and again in Android na
77583961,2023-12,3,GEN,How to refer to another Spring based project using local Maven repository?
77584026,2023-12,3,GEN,enforceBytecodeVersion doesn&#39;t work with Java 11
77584113,2023-12,1,VER,"When I click a button to open a window in another window thats not the main window, it doesn&#180;t open the window"
77584144,2023-12,3,GEN,@CreatedDate annotation spring with Liquibase
77584245,2023-12,2,VER,Using deprecated &#39;credentials&#39; format in JSON representation error shown during Keycloak user creation
77584300,2023-12,1,VER,"Using Ksign and Comodo certificate unable to digitally sign Java installer built using JPackage with Java 21, okay with "
77584373,2023-12,3,GEN,How do I change the color of the gap between the cells in the selected row in TableView？
77584489,2023-12,4,GEN,Handling 404 Errors Gracefully with Spring&#39;s RestClient
77584525,2023-12,1,VER,Different java.protocol.handler.pkgs settings in Domino causing error in XPages java
77584549,2023-12,3,GEN,Spring Boot JPA Operation
77584604,2023-12,1,VER,Itext8 TextMarginFinder strange output coordinates
77584631,2023-12,2,VER,Create an initial solution with right shadow variables and score
77584676,2023-12,3,GEN,How to handle multiple values returned by Saxon XQuery processor when one value is undefined?
77584702,2023-12,3,GEN,Authenticate (or validate JWT) only at certain routes in Spring Gateway
77584854,2023-12,2,VER,JPype and robotframework custom keywords
77584972,2023-12,1,VER,org.openqa.selenium.NoSuchElementException: Unable to find element with locator By.xpath : issue unresolvable
77584993,2023-12,2,VER,How can I make the CSS work on my Java project?
77585263,2023-12,2,VER,Android 13 Need android.permission.BLUETOOTH_CONNECT when device already connected to Bluetooth Headset
77585599,2023-12,3,GEN,How can i shift Values in Arrays that are in an Array?
77585639,2023-12,2,VER,"After migration of my jaxb code generator to jakarta, the unmarshalled xml is different"
77585640,2023-12,3,GEN,Github Actions JUnittest Failing: How to get the error report?
77585653,2023-12,2,VER,String.getBytes return the substitution character for a character that should be valid
77585718,2023-12,3,GEN,Generate records from Json schema
77585771,2023-12,4,GEN,Eclipse with Spring Tools 4 gives a warning on public @Bean methods
77585801,2023-12,3,GEN,Calling rest api secured with Bearer token authentication in Apache Camel route
77585818,2023-12,1,VER,Quarkus: EnumConstantNotPresentException at runtime
77585826,2023-12,2,VER,Hashmap from global variable is not able to access in drools when condition
77585847,2023-12,2,VER,Mendix Java ERROR: operator does not exist: bigint = character varying Hint: No operator matches the given name and argu
77585958,2023-12,2,VER,"AggregationsContainer after Updating from Elastic 7 to 8 (+Spring 3, JDK 17)"
77586005,2023-12,1,VER,Java.lang.NullPointerException: Cannot invoke &quot;demo.repository.RepositoryDatenherkunft.findById(Object)&quot; becau
77586043,2023-12,3,GEN,"In Java/Spring Boot/JPA/Hibernate, is there a simple mechanism to track entity changes to generate a change report?"
77586089,2023-12,3,GEN,How to use spock to stub/replace super method in unit test
77586144,2023-12,3,GEN,Multithreaded file transfer via socket in java
77586156,2023-12,2,VER,Gradle 7.6 &#39;test&#39; target is not including `src/test/resources` in classpath of Spring Boot app
77586180,2023-12,2,VER,HAPI FHIR Client - Patient data retrieving from public test server
77586221,2023-12,1,VER,Error when running project with Navigation Drawer
77586256,2023-12,1,VER,Gradle build failing downloading dependency
77586279,2023-12,1,VER,BeanCreationException after upgrading to spring boot parent version 3.2.0 from 3.1.5
77586540,2023-12,3,GEN,Making WebView as fast as possible just to get html source
77586689,2023-12,2,VER,SFTP Connection through OPENSSH IdentityFile in Java
77586729,2023-12,3,GEN,NoClassDefFoundError: javax/servlet/Filter when compiling maven project
77586731,2023-12,1,VER,IntelliJ doesn&#39;t find classes in the nearest package
77586915,2023-12,1,VER,Spring Boot uses incorrect config server url – http://localhost instead of http://config
77586949,2023-12,3,GEN,How can I implement this method to prevent from sql injection? Any help would be very much appreciated. Thank you all
77586988,2023-12,1,VER,EMR serverless NoClassDefFoundError: software/amazon/awssdk/transfer/s3/progress/TransferListener
77587075,2023-12,3,GEN,Entity object with only some of the fields in the database table
77587159,2023-12,1,VER,Tomcat error &quot;The requested resource ... is not available&quot; with spring&#39;s GetMapping()
77587289,2023-12,3,GEN,Dynamic XML Element Using JAXB
77587303,2023-12,3,GEN,Path for getClass().getResource(path) in debug mode
77587326,2023-12,3,GEN,"AES Encrypt in groovy, decrypt in c#"
77587361,2023-12,4,GEN,ChronoUnit.MONTHS: inconsistency between addTo() and between()
77587431,2023-12,3,GEN,Get only the Jar from maven repository through build.gradle file
77587511,2023-12,3,GEN,How can I mask sensitive data in Application Insights AppRequests table?
77587561,2023-12,3,GEN,Activity transition using overrideActivityTransition doesn&#39;t work in Android 34
77587597,2023-12,1,VER,High Memory Usage with Deeplearning4j during Model Inference
77587713,2023-12,4,GEN,"In Java, why does `Integer.parseInt(&quot;10000000000000000000000000000000&quot;), 2)` throw a NumberFormatException?"
77587779,2023-12,2,VER,Deserializing a JSON Array response using Spring Webclient
77587800,2023-12,3,GEN,spring-boot-starter-thymeleaf and thymeleaf-layout-dialect works without explicit LayoutDialect bean - is it OK?
77587806,2023-12,3,GEN,How to import a database in application assets into a database in the app storage?
77588072,2023-12,3,GEN,Send message from server to client use Websocket. Java
77588092,2023-12,2,VER,Differing outputs when compressing string using LZMA-JS in javascript vs org.tukaani.xz in java
77588161,2023-12,4,GEN,Why does a ternary operator make a character variable print an integer rather than a character?
77588188,2023-12,2,VER,Java while loop not breaking when using HasNextLine()
77588628,2023-12,3,GEN,Can I use xperf to profile Java managed code
77588789,2023-12,1,VER,Enabling TLSv1.1 with AES128 Cipher in Kafka 2.8 with Confluence Docker Container (Java-11) for Backward Compatibility
77588878,2023-12,1,VER,Why is Visual Studio Code running Python when it should run Java on Mac
77589010,2023-12,2,VER,Do-While loop with try and catch exits loop without asking for new input
77589052,2023-12,2,VER,How to measure radiation(Non Ionizing) [Android SDK] for a Radiation measuring application
77589092,2023-12,2,VER,Error in reading JSON. Only assigns null values
77589099,2023-12,2,VER,Java JLayer: Problem with implementing Pausable Player
77589124,2023-12,1,VER,Node express database connection failing on local developing
77589161,2023-12,2,VER,ERROR: No primary or single unique constructor found for interface com.springdemo.springApplication.Service.Coach
77589171,2023-12,1,VER,Exception when running the application program
77589175,2023-12,4,GEN,Why tools.jar file is not present in JDK 11 folder
77740714,2024-01,2,VER,How to populate a JavaFX TableView with data using Java Record with Data from a Database
77740731,2024-01,1,VER,Get the path to the local repository inside a maven plugin
77740904,2024-01,2,VER,PropertyReferenceException: No property &#39;project&#39; found for type &#39;Project&#39; when Sort by project_id
77740966,2024-01,2,VER,Create executable .JAR from JavaFX program in Intellij
77741018,2024-01,4,GEN,How to overwrite contents of a file without deleting existing contents in Java?
77741113,2024-01,1,VER,Facing issue while creating Maven Project
77741185,2024-01,3,GEN,mybatis resultMapping not working when order of field names are changed
77741432,2024-01,1,VER,Get Error creating bean with name &#39;resourceUrlEncodingFilter&#39; defined in class path resource
77741470,2024-01,2,VER,Why cannot import `dotenv-python` module when the python file runs from Java?
77741656,2024-01,3,GEN,How to programmatically remove background of an image in java?
77741669,2024-01,4,GEN,SmartInitializingSingleton vs InitializingBean in Spring
77741700,2024-01,1,VER,"Android Notification Issue: Notification Canceled Without Displaying, No Error Messages"
77741719,2024-01,3,GEN,"How to convert HashMap to Json and back, using Gson?"
77741852,2024-01,2,VER,How to add a measure dictionary to a PDDocument
77742052,2024-01,1,VER,Updating List of values in MyBatis - SQLSyntaxErrorException
77742056,2024-01,3,GEN,how to get dateTime with AM from oracle using java spring boot
77742154,2024-01,0,VER,"This is related to video sdk API, Java code, Android"
77742196,2024-01,3,GEN,How to write test case for JPQL join queries in standard way?
77742263,2024-01,2,VER,How to make Resource return json as well
77742290,2024-01,3,GEN,"In microservices, using RestClient how to call url dynamically using application name?"
77742454,2024-01,1,VER,HikariPool can&#39;t initialize for the spring application
77742506,2024-01,3,GEN,NullPointerException: Cannot invoke &quot;com.fasterxml.jackson.databind.ObjectMapper.writeValueAsString(Object)&quot; b
77742599,2024-01,3,GEN,How to append file path conditionally in log4j2?
77742761,2024-01,2,VER,Setting serialVersionUID for class based on activeProfiles in Spring boot
77742901,2024-01,1,VER,Failed to Fetch data value on Firebase Database
77743455,2024-01,1,VER,How do I run a liquibase migration in my Spring Boot project with Gradle?
77743746,2024-01,1,VER,how to resolve android exception
77743775,2024-01,1,VER,Spring boot 3 and JPA with H2: Could not commit JPA transaction
77743909,2024-01,1,VER,404 Resource not found when running Apache Fineract for local Development
77743910,2024-01,3,GEN,Popup max height java
77743988,2024-01,1,VER,Tomcat server 404s when trying to access my website
77744199,2024-01,3,GEN,Design question - How to Invoke Legacy service efficiently?
77744357,2024-01,3,GEN,How to filter a single resource in Gradle (like filter in Maven)
77744474,2024-01,3,GEN,Is there a way to consume messages from RabbitMQ exchange ( not to produce messages)
77744547,2024-01,1,VER,flutter: can&#39;t build app bundle for google play when i add admob: JVM garbage collector thrashing and after running 
77744633,2024-01,2,VER,Why JIT C2 does not run an escape analysis?
77744661,2024-01,2,VER,"error attempting to convert the JSON string response from the API to a Map&lt;String, Object&gt;"
77744665,2024-01,1,VER,Actuator api gives 404 in audit log
77744712,2024-01,1,VER,ArrayList of listeners not respondind to a call
77744856,2024-01,1,VER,settext not showing the fetched data from firebase realtime database android studio java
77744860,2024-01,3,GEN,"After migrating to Java 17, the date is displayed inaccurately"
77745006,2024-01,1,VER,"Java class TLValidationJob of DSS says onlineLoader not defined, but I did it"
77745018,2024-01,3,GEN,How do I make all of my @RequestMapping as @PreAuthorize(&quot;isAuthenticated()&quot;) by default?
77745019,2024-01,1,VER,Error creating new liferay module project in eclipse 2022-3
77745049,2024-01,1,VER,How to deploy azure functions app from azure devops correctly
77745063,2024-01,1,VER,"how do i resolver closing the Kafka producer before send the message, even i dont call producer.close()"
77745122,2024-01,2,VER,Security filter configuration not working after upgrade to Spring Boot 3
77745136,2024-01,3,GEN,Open Url in given browser using process builder
77745141,2024-01,1,VER,Process: 50680 ExecStart=/usr/bin/java -Xmx2048m -Dmidpoint.home=/opt/midpoint/var -jar /opt/midpoint/lib/midpoint.jar (
77745210,2024-01,3,GEN,Spring boot jar loading
77745352,2024-01,4,GEN,"Running a Maven project using a specific Java version from multiple installed versions (Java 8, 11, 17)"
77745420,2024-01,1,VER,python code to change library that is pythonLibrary . to use that code in spring boot application..?
77745522,2024-01,1,VER,Error when launching the application on wildfly 30.0.1Final
77745582,2024-01,3,GEN,How can I efficiently delete many documents with certain criteria using reactive mongo template?
77745749,2024-01,1,VER,SSL Configuration for java Application
77745809,2024-01,4,GEN,Trimming String type properties within an object to remove spaces
77745816,2024-01,2,VER,Batch size not working for Cosmos Java SDK
77745818,2024-01,4,GEN,"Why am I getting this error &quot;Reference to &#39;get&#39; is ambiguous, both &#39;get()&#39; and &#39;get(long, TimeU"
77746071,2024-01,4,GEN,How to create a factory without initializing objects that are not used
77746082,2024-01,4,GEN,Adding elements into ArrayList&lt;ArrayList&lt;Integer&gt;&gt;
77746136,2024-01,2,VER,How to exclude one of the variants of com.google.guava dependency while building Gradle projects
77746198,2024-01,4,GEN,How to check if a class is explicitly non-sealed?
77746233,2024-01,1,VER,TextViews getting stacked
77746296,2024-01,1,VER,IllegalReferenceCountException after upgrading Spring Boot and Java version
77746304,2024-01,2,VER,org.springframework.dao.InvalidDataAccessResourceUsageException: could not execute statement
77746464,2024-01,3,GEN,How to increase the default size of response in Cosmos DB (Java SDK)
77746567,2024-01,2,VER,Not able to parse joda DateTime fields into XML in springboot
77746578,2024-01,1,VER,Unable to run parallel execution on multiple mobile platforms using TestNG QAF
77746648,2024-01,2,VER,provider for @MethodSource not found
77746655,2024-01,3,GEN,CompletableFuture parameter thread safe modification
77746666,2024-01,3,GEN,How to determine which Bean Archive a Bean is from?
77746690,2024-01,3,GEN,How to quickly search query in large local database looking for a &quot;search&quot; function just like other offline mu
77746712,2024-01,2,VER,Apache client http5 override body &amp; content-length problem
77746799,2024-01,1,VER,Can&#39;t get it to print vis USB using Brother Barcode SDK for Flutter - Android
77746854,2024-01,3,GEN,Checking if some fields of an object are null
77747035,2024-01,1,VER,"Error when I try update password with Firebase Auth in android studio, Java"
77747101,2024-01,3,GEN,How can I draw a &quot;cosinus- curve&quot; without using math.()?
77747161,2024-01,3,GEN,Got Unsatisfied dependency expressed through constructor parameter 0 while learning Spring
77747165,2024-01,1,VER,Springboot upgrade to 3.2 and Open telemtry 1.26.0 has issues with compliation
77747186,2024-01,4,GEN,How to use $exists in derived query method for mongodb in spring data
77747208,2024-01,3,GEN,How to integrate semantic-release with bitbucket (java project)
77747241,2024-01,2,VER,Java InputMismatchException is thrown for certain input in my program idk why its being thrown
77747271,2024-01,2,VER,"How to connect in a spring boot project, an artifact developed in python in azure devops"
77747335,2024-01,4,GEN,Java android output from chatgpt in commercial use
77747341,2024-01,3,GEN,Scala: how to instantiate an object using java.util.Serviceloader
77747392,2024-01,1,VER,A problem with image paths and URLs in Android Java app
77747449,2024-01,3,GEN,SpringBoot: how to enforce specific TLS version and cipher?
77747509,2024-01,2,VER,How to Edit the NBT Data of a Minecraft Forge Player
77747550,2024-01,2,VER,Unable to override @ImportResource for JunitTesting
77747652,2024-01,1,VER,Java unit test case support for particular id value only not support for other integer values
77747675,2024-01,2,VER,Springboot fails to run creating RestTemplate (java.lang.ClassNotFoundException: kotlin.jvm.internal.markers.KMappedMark
77747699,2024-01,1,VER,Unable to fully parse an HTML page with Groovy / Grails
77747774,2024-01,1,VER,Hibernate 6 - cannot create temporary table error when executing &quot;coalesce&quot; function
77748137,2024-01,3,GEN,Does browserindocker() or watch() support recording of browser in docker execution in headless mode?
77748190,2024-01,3,GEN,MappingJackson2HttpMessageConverter Java Spring Boot
77748255,2024-01,4,GEN,can lombok annotation create super constructor
77748318,2024-01,3,GEN,Conditional Producing in Kafka
77748361,2024-01,2,VER,How do I run an Elasticsearch operation after migrating to Spring Data Elasticsearch 5?
77748363,2024-01,3,GEN,Get the variable associated with a JPanel component from a component array
77748393,2024-01,1,VER,Can’t collect data from Firestore into Android
77917169,2024-02,1,VER,Unable to resolve bundle because offilter:=&quot;(&amp;(osgi.wiring.package=org.slf4j)(version&gt;=2.0.0)(!(version&gt;=
77917264,2024-02,1,VER,suddenly get this error io.cucumber.core.exception.CucumberException: Failed to instantiate class stepdefinitions.BasicS
77917333,2024-02,2,VER,How to create Digital XML Signatures using keypair algorithm &quot;RSASSA-PSS&quot; with Java?
77917384,2024-02,4,GEN,springboot mysql Connection security
77917395,2024-02,2,VER,How do I make use of spaces in a for loop
77917607,2024-02,1,VER,"CreateProcess error=193, %1 is not a valid Win32 application in WSL + IntellIJ in Windows env"
77917763,2024-02,4,GEN,JDK 21 - Why ThreadLocalRandom&#39;s nextInt implement with super.nextInt directly?
77917840,2024-02,3,GEN,How to translate PySpark res = notesCollege.select(*[f.mean(c).alias(c) for c in notesCollege.columns]) into Java Spark?
77917865,2024-02,1,VER,How to use functions in the jar package?
77917890,2024-02,1,VER,I could not find the status of tomcat server after running the application
77917949,2024-02,2,VER,Spinner dropdown list displays wrong values
77917967,2024-02,2,VER,I have a form action done in thymeleaf but the endpoint defined there is not being called in the controller
77918146,2024-02,1,VER,Java in vscode can&#39;t import classes from other files: compilation failed (probably because of CodeRunner extension)
77918209,2024-02,4,GEN,Why java compiler doesn&#39;t discriminate methods with different types?
77918315,2024-02,2,VER,How to retrieve the code of a selected module from a checkbox?
77918318,2024-02,3,GEN,403 Forbidden: Method doesn&#39;t allow unregistered callers (callers without established identity) while using Youtube 
77918375,2024-02,1,VER,Java Socket transfer speed limit when using the internet but not when using local network
77918542,2024-02,3,GEN,Spring Kafka After commit listener
77918560,2024-02,2,VER,How to test a repository with an embedded ddbb in a multimodule project?
77918611,2024-02,2,VER,LibGDX - Problem placing a texture following coordinates on a Tilemap
77918664,2024-02,2,VER,OpenGL ES 3.0 - Textures black
77918817,2024-02,3,GEN,cxf-codegen-plugin and jaxb-maven-plugin for Java 21 and higher
77918925,2024-02,2,VER,"My jenkins is taking default java version as 11, but i want to build my pipeline with java 8. How can i achive that?"
77919009,2024-02,1,VER,Error creating bean with name &#39;liquibase&#39; defined in class path resource. How to fix
77919115,2024-02,1,VER,Ubuntu 20.04 Windriver Workbench &quot; java.lang.UnsatisfiedLinkError &quot; error
77919248,2024-02,4,GEN,Group a map into another mapped based on a property within the map
77919359,2024-02,3,GEN,can I use JNI/JNA to work with libcrypto-3-x64.dll?
77919435,2024-02,1,VER,"I&#39;m having troubles with the A* Algorithim implementation in Java, why is it being infinite?"
77919500,2024-02,3,GEN,is there any way to not to capture logs for a particular api using properties file?
77919712,2024-02,3,GEN,Using a Makefile for Java
77919744,2024-02,4,GEN,How to rename all files in a folder by excluding unwanted text?
77919810,2024-02,1,VER,After upgrading to java 21: org.springframework.boot.autoconfigure.context.PropertyPlaceholderAutoConfiguration.property
77919828,2024-02,4,GEN,Call Stop Thread method when JVM termiates
77919843,2024-02,1,VER,Could not write JSON: Failed making field &#39;java.time.Instant#seconds&#39; accessible
77919911,2024-02,3,GEN,Is there way to provide custom error message for validation fail in openAPI?
77920092,2024-02,1,VER,InvalidModuleDescriptorException - JavaFX
77920133,2024-02,2,VER,Can&#39;t get Request Body with ContentCachingRequestWrapper
77920143,2024-02,3,GEN,Minecraft fabric overriding existing blocks 1.20
77920240,2024-02,4,GEN,"How to use method with Predicate parameter, without using lambda expression"
77920568,2024-02,1,VER,Error creating bean with name &#39;com.example.demo.RepositoryTest.UtentiRepositoryTest&#39;
77920720,2024-02,1,VER,Update TomEE 9.1.0 to 9.1.1/9.1.2 for JakartaEE 9.1 application results in UnsatisfiedResolutionException for specific i
77920792,2024-02,2,VER,Parameter 0 of constructor in com.example.demo.service.UserServiceImpl required a bean of type &#39;com.example.demo.dao
77920839,2024-02,4,GEN,JAVA_HOME is set to an invalid directory. Please set the JAVA_HOME variable in your environment to match the location of
77920904,2024-02,2,VER,ApplicationEvent in Spring Boot 3
77921058,2024-02,1,VER,Can&#39;t generate dependent java classes from avro subjects
77921062,2024-02,4,GEN,"Is cvc5 able to minimize or maximize an expression, given a set of constraints?"
77921113,2024-02,2,VER,XML validation with XSD loaded as File vs InputStream
77921310,2024-02,2,VER,jakarta.jws.WebService not inject spring beans
77921421,2024-02,4,GEN,RESTful trigger function
77921455,2024-02,2,VER,SqlInvalidAuthorizationSpecException printed even when caught
77921485,2024-02,2,VER,Spring Many to Many with Extra Column Problem (detached entity passed to persist)
77921487,2024-02,3,GEN,Minio: Generate download url with desired file name
77921591,2024-02,3,GEN,Using kotlin method with value class in signature from Java code
77921596,2024-02,3,GEN,How can I get name of currently running app (same as in task manager) with Java? (Windows)
77921630,2024-02,3,GEN,Updating AWS credentials
77921688,2024-02,2,VER,How to migrate from embedded Jetty 10 to jetty 12 ee8?
77921858,2024-02,3,GEN,Why do Java programs created using Gradle generate garbled code when running
77921957,2024-02,4,GEN,How to convert hex code to standard character in Kotlin
77922039,2024-02,3,GEN,Java Azure SDK scaleset: how to specify image version
77922118,2024-02,4,GEN,Why RecursiveAction compute() not endless?
77922131,2024-02,1,VER,Checksum of checksums of a local file downloaded from S3 does not match SHA-256 checksum of the remote file
77922139,2024-02,3,GEN,How to get the key from the ActionMap
77922305,2024-02,3,GEN,Multiple deferred signing
77922326,2024-02,1,VER,"java.net.UnknownHostException: Failed to resolve &#39;discord.com&#39; [A(1), AAAA(28)] after 4 queries&quot; with disco"
77922332,2024-02,3,GEN,"Strange Compiler Error with Collectors.toMap() : reference to method is ambiguous, both Map and List match"
77922470,2024-02,1,VER,Trimming white space of JSON value during rest call using restassured
77922514,2024-02,2,VER,How do I pass properties with maven pom file into placeholder values of properties file?
77922587,2024-02,3,GEN,JJWT parse JWS token using RSA public key bytes
77922633,2024-02,4,GEN,Connection Manager as singleton
77922957,2024-02,2,VER,How to get the total height of a view
77923004,2024-02,4,GEN,Is there a way to (de)serialize a Java enum to/from YAML?
77923064,2024-02,1,VER,Microservices Java Web Application RunTime Issue after upgrading to Java17
77923213,2024-02,3,GEN,How do set position of JPanel anywhere on screen
77923237,2024-02,1,VER,Spring Boot service rejecting PUT requests
77923285,2024-02,2,VER,Alarm BroadcastReceiver is never called
77923291,2024-02,1,VER,How to cache/deserialize a Hibernate proxy using Spring Cache with Spring Boot 3.2.0/Hibernate 6? (worked fine in Spring
77923370,2024-02,3,GEN,Protobuf partial serialization of common fields in Java
77923383,2024-02,1,VER,Trying to deploy war.file I am receiving an error
77923597,2024-02,4,GEN,How is that possible in Java generics?
77923598,2024-02,3,GEN,Spring and editable &quot;WHERE&quot; @Query
77923620,2024-02,3,GEN,Spring Data Elasticsearch + Repository Upsert Query Method
77923654,2024-02,2,VER,File not fetching for unzipping while executing for the first time
77923687,2024-02,1,VER,access AWS Keyspace from springboot application
77923707,2024-02,3,GEN,Can we skip EOF when reading input?
77923866,2024-02,3,GEN,What is the mechanism for solving multiple Java modules containing the same package(s)?
77923895,2024-02,1,VER,Error java.net.SocketException: Socket is closed when closing AS400 Secure RPC session
77923908,2024-02,4,GEN,In java why do primitive not need the .equals method?
77923931,2024-02,3,GEN,How to make a static version of a Map holding getters/setters of an object?
77924065,2024-02,2,VER,Java Unit test error: class org.slf4j.helpers.SubstituteLogger cannot be cast to class ch.qos.logback.classic.Logger
77924105,2024-02,3,GEN,Is it possible to get a hold of values associated with an enum from inside an annotation processor?
77924140,2024-02,2,VER,error navigating to unmapped urls after setting a default hander
77924437,2024-02,4,GEN,how to Send text to specific contact (whatsapp) number data share
77924458,2024-02,3,GEN,how to remove &quot;Request method &#39;GET&#39; not supported&#39; error from the screen in java
77924625,2024-02,4,GEN,"LocalDate.parse for Asia/Hong_Kong, return unexpected result"
77924761,2024-02,3,GEN,Data store solution suitable for ID and timestamp based deduplication
77925126,2024-02,3,GEN,commons-text 1.11.0 with commons-lang3 3.13.0 still gives error java.lang.NoSuchMethodError
77925128,2024-02,3,GEN,Spring WebFlux Simple app can&#39;t respond with JSON
77925141,2024-02,3,GEN,How to add print attributes to a signature widget appearance pdf in pdfbox
77925238,2024-02,3,GEN,"After upgrade of Bouncy Castle version 1.66 to 1.77 getting package org.bouncycastle.asn1.eac does not exist, any sugges"
77925329,2024-02,1,VER,Could not initialize class org.springframework.web.accept.PathExtensionContentNegotiationStrategy$ActivationMediaTypeFac
78085026,2024-03,1,VER,Javafx Maven getting UnsupportedOperationException when trying to run my gui
78085197,2024-03,1,VER,Error Process finished with exit code 0. starter-web and starter-tomcat does not help. intellij does not accept data fro
78085375,2024-03,3,GEN,I need to generate a file that consolidates all the json results of each feature execution
78085568,2024-03,2,VER,Disable Encoding Process on RestTemplate Springboot XML Request
78085580,2024-03,1,VER,the application could not be installed: install_failed_bad_permission_group in linux ubuntu
78085739,2024-03,1,VER,Can&#39;t see Data in Favourite fragnment from Home Fragnment
78085792,2024-03,1,VER,"Plugin [id: &#39;com.android.application&#39;, version: &#39;8.2.0&#39;, apply: false] was not found in any of the follo"
78085794,2024-03,2,VER,In-app integration for alternative billing with user choice
78085918,2024-03,4,GEN,Is it acceptable to perform an update operation within a @GetMapping method in Spring MVC?
78085947,2024-03,3,GEN,how can we check my PROD build files does not have test cases inside
78086085,2024-03,2,VER,mapstruct: map field to single string value (return value)
78086197,2024-03,2,VER,"How to access PSI structure for both Java, Python in a single Intellij Plugin"
78086206,2024-03,1,VER,inserting data from scene builder textfields into mysql table
78086378,2024-03,1,VER,@ExceptionHandler annotated method in ControllerAdvice class is not invoked when exceptions are thrown
78086420,2024-03,1,VER,"Spring Boot Can&#39;t Connect To MySQL,&quot;Property &#39;sqlSessionFactory&#39; or &#39;sqlSessionTemplate&#39; are re"
78086518,2024-03,4,GEN,It is possible to detect a crash of the Java VM on its exit code?
78086530,2024-03,3,GEN,Verify the queries executed by spring jpa repository
78086585,2024-03,3,GEN,Timing Code segments execution time inside a large method
78086660,2024-03,1,VER,Android 14 Samsung Phones Activity Transition Animations Works Awkward
78086706,2024-03,3,GEN,XSL FO: &lt;FO:inline-container&gt; overflowing table content
78086792,2024-03,1,VER,It&#39;s not displaying the user&#39;s text in the MySQL database (TODOapp)
78086810,2024-03,2,VER,Using local libraries in a maven project with Open Liberty Dev mode
78086842,2024-03,1,VER,SpringBott webSecurityConfig.xml invalid
78086878,2024-03,4,GEN,Why will orElseThrow() not compile?
78086920,2024-03,2,VER,Java PKCS7 signature issue
78086983,2024-03,4,GEN,Using InjectMock and MockBean on static vs non static objects
78087108,2024-03,3,GEN,How to modify an existing pactdsljsonbody in java?
78087114,2024-03,4,GEN,Should I do a check for null for a ResponseEntity&lt;&gt; object in Spring Boot?
78087151,2024-03,2,VER,Error when try to add metadata to file in Sharepoint with MSGraph v6 for Java
78087194,2024-03,3,GEN,How to deal with lambda expression on a Executor/FutureTask flow?
78087196,2024-03,2,VER,SAML 2.0 Single logout with pac4j library in java application
78087214,2024-03,3,GEN,SpringBoot: set application property back to default
78087287,2024-03,4,GEN,Java Enum.valueOf - How to handle Class&lt;E&gt; type parameter as an enum if it can also be Integer or boolean?
78087426,2024-03,4,GEN,Find total number of odd length substrings
78087512,2024-03,3,GEN,One select SQL with left join with followed by mapping in code or multiple selects
78087530,2024-03,4,GEN,Java Streams - how to Sum Values if other fields match
78087648,2024-03,1,VER,org.springframework.beans.factory.UnsatisfiedDependencyException: Error creating bean with name &#39;restaurantControlle
78087845,2024-03,3,GEN,How to write a java program to download a file from a unix server in a cluster to a calling client
78087900,2024-03,4,GEN,"How to find the value which is closest to the series 1, 5, 10, 50, 100, ...?"
78088029,2024-03,2,VER,How to create an archiving and reading system in Java through serialization?
78088159,2024-03,2,VER,Differences between Executor Channel and Direct Channel - Direct channel doubles messages in case of Failure but Executo
78088293,2024-03,4,GEN,Is it possible to root an Android device without it restarting/rebooting?
78088344,2024-03,1,VER,Service required a bean of type &#39;Repository&#39; that could not be found in Springboot project
78088349,2024-03,1,VER,Parameter 0 of constructor in com.ex.bul.controller.UserController required a bean of type &#39;com.ex.bul.service.UserS
78088359,2024-03,1,VER,Issue with &#39;OOoDirect&#39; subsystem loading in Alfresco 5.2
78088405,2024-03,3,GEN,How to copy images and text to clipboard at the same time
78088410,2024-03,2,VER,Custom function in H2 Database for test class in java
78088416,2024-03,2,VER,aws java: parse S3Put event coming from SQS to lambda
78088520,2024-03,1,VER,.\gradlew run not working when in command prompt on Windows
78088537,2024-03,3,GEN,Maven Won&#39;t Download Dependencies To Folder
78088580,2024-03,1,VER,Define &#39;org.springframework.security.config.annotation.web.builders.HttpSecurity&#39;
78088594,2024-03,4,GEN,Strange behavior when rounding floating point numbers in Java
78088638,2024-03,3,GEN,Protect API with Microprofile JWT without @RolesAllowed annotation
78088672,2024-03,3,GEN,Getting an OV code signing certificate without individual identity verification
78088731,2024-03,3,GEN,How to unmarshall a XML without namespace using the Jakarta XML Unmarshaller?
78088736,2024-03,4,GEN,Can you access @Autowire&#39;d fields through static references?
78088837,2024-03,2,VER,Dealing with error package org.junit does not exist
78088867,2024-03,3,GEN,"With a java ASM agent, how to detect a collection modification in a object?"
78088891,2024-03,4,GEN,@AfterThrowing advice is applied twice
78089076,2024-03,2,VER,Hazelcast + Kotlin: How to give proper access to required Java packages?
78089161,2024-03,2,VER,xPages HowTo handle incoming FORM POST punchOutOrderMessage (POOM)
78089166,2024-03,4,GEN,Java - Two hashmap keys that link to same object value?
78089177,2024-03,1,VER,Read NfcV in Android
78089234,2024-03,1,VER,"Repository autowiring fails during Spring Data JPA Test with Testcontainers, NullPointerException is thrown"
78089453,2024-03,2,VER,Exe4j creates apps that i can no longer pin on taskbar Windows 11
78089500,2024-03,1,VER,Android Studio Error : Class declares multiple JSON fields named &#39;mLifecycleRegistry&#39;;
78089608,2024-03,2,VER,Unable to connect to MongoDb using Spring Data JPA
78089637,2024-03,4,GEN,Is Cast double of float always same in the Java?
78089782,2024-03,3,GEN,How to choose dynamically which constraints should be applied on the optimization problem based on the frontend input in
78089803,2024-03,3,GEN,Java Apache set additional parameters in &quot;Content-Disposition:&quot;
78089823,2024-03,2,VER,Hibernate @ManyToOne Cascade working super weirdly
78089857,2024-03,1,VER,MockMultipartFile is not included in MockHttpServletRequest
78089873,2024-03,1,VER,Google-cloud-run will not run Paketo Buildpacks built Springboot web image
78089915,2024-03,1,VER,why i am getting this error : IOException parsing XML document from class path resource
78089928,2024-03,4,GEN,Why do Exception classes that extend the base Java Exception class not get caught?
78089930,2024-03,3,GEN,How to get parent directory of classpath inside @PropertySource()
78090069,2024-03,2,VER,How do I assert on ReactiveSecurityContextHolder&#39;s contents?
78090217,2024-03,2,VER,v6 java upgrade is missing ChangeNotificationCollection classes
78090221,2024-03,1,VER,Stripe processing doesn&#39;t work in my java script file
78090292,2024-03,2,VER,Android SDK source code for this API level cannot be found
78090298,2024-03,4,GEN,Why does an instance of Test&lt;?&gt; accept non-null objects in the constructor?
78090299,2024-03,3,GEN,More descriptive Collection&lt;String&gt; in Java
78090369,2024-03,1,VER,Clustered Spark fails to write _delta_log via a Notebook without granting the Notebook data access?
78090512,2024-03,4,GEN,How is &quot;May expose internal representation&quot; a malicous vulnerability?
78090903,2024-03,3,GEN,Converting BufferedImage to Pixmap
78090939,2024-03,1,VER,"Springboot application, deploy in Render fail"
78091026,2024-03,1,VER,Embedded ActiveMQ Artemis web console loading incorrectly
78091121,2024-03,4,GEN,Explain Recursion Output
78091157,2024-03,1,VER,Mockito thenReturn not working in RichSourceFunction
78091206,2024-03,2,VER,Java QueryRunner : How to execute a query with a DO $$ Statement
78091222,2024-03,1,VER,throw UnsupportedOperationException: null while using mybatis
78091277,2024-03,1,VER,Search menu not showing in Android Studio toolbar
78091323,2024-03,1,VER,Finding ID of search view causes my app/ program to crash
78091324,2024-03,3,GEN,How to mock a static method written in Java with bounded type parameters in a unit test written in Kotlin using MockK?
78091400,2024-03,1,VER,Trying to track cache behaviour using JFR when testing Apache Ignite with YCSB
78091547,2024-03,4,GEN,Should you use the Command Pattern for requests involving very little logic?
78092127,2024-03,1,VER,Solving java:1: error: package com.opencsv does not exist on VSCode
78092167,2024-03,3,GEN,I want the data of the current app which is running
78092230,2024-03,2,VER,"Microsoft Graph API , http request with header"
78092266,2024-03,1,VER,Firebase realtime database not working anymore
78253438,2024-04,3,GEN,Project Reactor Mono.just inside a flatMap
78253473,2024-04,2,VER,Forcefully subclass a Java class with package-private constructor
78253765,2024-04,1,VER,How to import(or Add) custom external JAR Library to Java project in IntelliJ ultimate
78253861,2024-04,3,GEN,Calling synchronized method in Project Reactor
78253911,2024-04,4,GEN,Is it possible to upsert a Pojo via jOOQ&#39;s generated DAO?
78253926,2024-04,3,GEN,"TreeMap, private void deleteEntry(Entry&lt;K,V&gt; p) replacement case"
78254387,2024-04,3,GEN,Dynamic Database Model / Entity in Spring Boot
78254408,2024-04,2,VER,Why are the results different? What are the effects of &#39;println&#39;
78254424,2024-04,4,GEN,How to return a character from a string that contains letters and numbers
78254518,2024-04,2,VER,Transformation .jar in .exe. As an executable file
78254784,2024-04,1,VER,Failed to skip duplicated data in a sorted linked list in toString method
78254792,2024-04,2,VER,"BeanCreationException, How to troubleshoot?"
78254824,2024-04,1,VER,cannot update value config server using actruator refresh
78254924,2024-04,1,VER,Spring MVC Controller not displaying view
78255097,2024-04,1,VER,Outdated XML processor is present on the classpath
78255123,2024-04,2,VER,How to get an access token for FCM OAuth to send via Proxy which needs authentication?
78255163,2024-04,4,GEN,"Type Object cannot be safely cast to HashMap&lt;Object, Object&gt;"
78255191,2024-04,2,VER,Wrong time zone in Snowflake Java UDTF
78255346,2024-04,2,VER,Java Quartz get nextFireTime from cron expression
78255356,2024-04,1,VER,"The requested resource does not exist (VISA Create Card API, Google pay push provisioning)"
78255374,2024-04,1,VER,Row locking is not working when using @Transactional for SQL Server database
78255441,2024-04,2,VER,How to mock HashMap in JUnit test in Spring Boot (Throws nullpointerexception)
78255658,2024-04,2,VER,Inconsistent Game Speed and Meteor Falling Rate after Restarting
78255706,2024-04,2,VER,Avoid Java debugger extension in VS code directly using classes from other .java files?
78255744,2024-04,1,VER,Why setting &quot;setChunkedStreamingMode&quot; throws Socket Exception?
78255772,2024-04,3,GEN,Minecraft Java Bukkit
78255869,2024-04,3,GEN,Redundand queries to the `pg_catalog.pg_type` table
78256037,2024-04,1,VER,Is there something wrong with the java or xml code
78256040,2024-04,1,VER,Pentaho Data Integration (PDI) Jobs Failing After Upgrading to OpenJDK 11 on CentOS VM
78256047,2024-04,1,VER,Selenium cannot find element despite scrolling into view
78256189,2024-04,3,GEN,Spring boot Java REST API calling via Javascript - No &#39;Access-Control-Allow-Origin&#39;
78256243,2024-04,2,VER,com.stripe.exception.RateLimitException overcome
78256257,2024-04,1,VER,Cannot connect Spring boot with docker in wsl2
78256340,2024-04,3,GEN,how to sort input from java scanner?
78256388,2024-04,4,GEN,user defined array object and want to create a default constructor and parameterized constructor in Java
78256402,2024-04,3,GEN,How to dynamically filter properties by Jackson
78256731,2024-04,2,VER,Spring security permit all redirect to /login for any endpoint
78256737,2024-04,2,VER,How to make the Java JAR file of extra_module of OpenCv and merge it with base OpenCv module
78256752,2024-04,1,VER,NoSuchMethodError attempting to connect to Azure Service Bus Queue using Spring Boot
78256789,2024-04,3,GEN,CSS Card Project
78256824,2024-04,2,VER,Loading TWO existing .html file with android webview in android studio
78256831,2024-04,1,VER,Image load error Webview Android (droid logo)
78256957,2024-04,3,GEN,How should I manage dependencies between multiple microservices (with maven)?
78256969,2024-04,1,VER,Starting a JAVA application on a network drive using another Java application with OpenJDK and JavaFX
78257097,2024-04,1,VER,Spring WebSocket upgrade failure. response 400 BAD_REQUEST
78257248,2024-04,2,VER,Configuring Micrometer to Automatically Create New Span on Async
78257252,2024-04,2,VER,Running a Java Based Game inside Wordpress Post or Page
78257259,2024-04,2,VER,I can not stop the observer for livedata inside a fragment using removeObserver
78257275,2024-04,4,GEN,How to parse date/time string into a date/time where &quot;local&quot; time can be extracted
78257364,2024-04,3,GEN,Hibernate: How can I assign a default value to the enum in the embedded class
78257428,2024-04,1,VER,Jbutton should open a JList and then append JtextArea but nothing happens when I press it?
78257617,2024-04,1,VER,I get either unauthorized or forbidden when trying to login with a user from the database using spring security
78257686,2024-04,1,VER,Unable to save application/octet-stream (image file) to file using Java
78257752,2024-04,3,GEN,Spring boot: Bean and dynamic Qualifiers
78257855,2024-04,3,GEN,Any way to deploy NodeJS app that uses Java to Google App Engine?
78257869,2024-04,3,GEN,Message gets displayed as &#39;?&#39; in VS code
78257955,2024-04,1,VER,Browser Not sending cookie to backend and donest set them in the first place
78258016,2024-04,2,VER,Java applet code has scale variable for sizing window not sure what it&#39;s for
78258043,2024-04,3,GEN,Find minimum matching values for equation
78258051,2024-04,2,VER,How to change font of the existing PDTextField in pdfbox Java?
78258119,2024-04,1,VER,@Remove a JsonProperty from a class file - Java
78258212,2024-04,3,GEN,What could be the best approach to implement TTL in a column in postgres/RDBMS?
78258470,2024-04,1,VER,Hibernate OneToMany mapped values not being deleted on threaded actions
78258537,2024-04,1,VER,Undertow web server fails after restart with error &quot;UT000196: Session with id xyz already exists&quot;
78258626,2024-04,1,VER,How can I make a native query using two tables in SpringBoot?
78258671,2024-04,3,GEN,Hibernate OnetoOne Mapping Join Issue
78258772,2024-04,1,VER,Extract business information from publicly available G Maps search data but getting NullPointerException
78258842,2024-04,1,VER,Maven build creates a smaller jar when dependency is added locally with scope system and fails on startup
78258930,2024-04,2,VER,Redis closing connection after request
78258951,2024-04,2,VER,Fetch data from API that returns ResponseEntity&lt;Object&gt;
78258988,2024-04,2,VER,Cannot assign a many-to-many relationship in spring-jpa
78259104,2024-04,1,VER,Unexpected error occurred in scheduled task caused by: org.hibernate.TransactionException
78259140,2024-04,1,VER,SocketIO Java client not connecting
78259174,2024-04,3,GEN,A malicious XSLT could be provided to trigger remote code execution - Sonar Issue
78259265,2024-04,2,VER,scope.joinUtil is not working for nested StructuredTaskScope.ShutdownOnFailure
78259332,2024-04,4,GEN,The code prints 1 line with 5 stars and others empty
78259573,2024-04,1,VER,Firebase Admin SDK can&#39;t be used with FirebaseAuth
78259642,2024-04,2,VER,Connecting java to smarterasp.net database
78259724,2024-04,3,GEN,Charging with Stripe using my own subscription model
78259744,2024-04,1,VER,Radio Button text UI for some option not showing correct
78259759,2024-04,2,VER,How to modify the data in excel built into ppt
78259811,2024-04,3,GEN,Implementing clone() in a Generic Class with Cloneable Bound Leads to Unchecked Cast and Access Errors
78260329,2024-04,1,VER,Android keystore &quot;LSKF is not setup for the user&quot;
78260530,2024-04,3,GEN,Spring Java project with 4000+ sources
78260565,2024-04,3,GEN,Do Java 17 value-based classes allocate instances in the heap?
78260690,2024-04,3,GEN,How to get rid from @PathParam(&quot;...&quot;) in sub-resource methods in JAX-RS/RESTEasy documented with openApi?
78260711,2024-04,1,VER,Ignite requires more on heap memory
78260731,2024-04,1,VER,JNI Error when instrumenting with OpenTelemetry
78260769,2024-04,1,VER,Digital Persona 4500 SDK Android Studio
78260882,2024-04,3,GEN,Java Json date parse
78261008,2024-04,2,VER,Java SpringBoot @PathVariable on RestController
78261027,2024-04,2,VER,"Get data from APi and set in spinner using volley in android, java"
78261219,2024-04,1,VER,consumer is not invoked when publishing from another one
78261315,2024-04,3,GEN,Creating my own custom thread pool executor
78261403,2024-04,2,VER,Spring Boot: Fetching Data from Multiple Endpoints in Spring Boot Application
78261417,2024-04,3,GEN,"There are multiple ReferenceQueue in the jvm, the weak reference will enqueue which referenceQueue？"
78261461,2024-04,3,GEN,Find the json field dynamically when user send the field path?
78261483,2024-04,2,VER,Problem connecting to a mySql database in a java project
78261535,2024-04,3,GEN,Getting right order of `declaredMemberProperties` in a `listOf&lt;Any&gt;`
78261571,2024-04,4,GEN,Localize page title in Vaadin
78411495,2024-05,1,VER,Hosting swagger-ui behind nginx proxy
78411535,2024-05,2,VER,Conditionally cancel() Flux and preserve value causing cancel
78411544,2024-05,2,VER,use a mapper inside another mapper interface : mapstruct
78411557,2024-05,1,VER,Java Serialization / Deserialization Duplicate Object Problem
78411636,2024-05,3,GEN,How to create a micrometer gauge with multiple tags which gets changed dynamically in java?
78411887,2024-05,2,VER,Creating a Material3 Settings Page in Android
78411974,2024-05,3,GEN,Mono switchIfEmpty with generics
78412044,2024-05,1,VER,spark sql query result issue
78412117,2024-05,1,VER,Is there a way to fix the error &#39;Error: Unable to initialize main class code_editor&#39;?
78412442,2024-05,1,VER,Unknown lifecycle phase &quot;.version&quot;. You must specify a valid lifecycle phase or a goal: Maven
78412521,2024-05,2,VER,Java error for &quot;--add-opens=java.base/java.nio=ALL-UNNAMED&quot;
78412566,2024-05,4,GEN,What is the relationship between Stream (java.util.stream) and LinkedList data structure in Java?
78412606,2024-05,2,VER,how to use java in compose multiplatform
78412726,2024-05,3,GEN,java.lang.IllegalAccessError: class org.apache.cxf.transport.http_jetty.JettyHTTPServerEngine
78412977,2024-05,1,VER,Out of memory Exception (Linux debian Server)
78413092,2024-05,0,VER,Why I can only see white screen with flutter logo
78413116,2024-05,3,GEN,How to Properly use Argument Captor on a Spied super class method using Mockito and JDK11
78413253,2024-05,3,GEN,What approach should follow to solve Cache issue in spring boot
78413268,2024-05,4,GEN,Why doesn’t HTML in text (caption) of Label in AWT work?
78413277,2024-05,1,VER,Stuck on making my login GUI work in Java
78413363,2024-05,2,VER,Displaying images stored in database in a spring boot web page
78413518,2024-05,2,VER,How to verify Gmail Api token on my Server?
78413711,2024-05,2,VER,Problem with generics types and kotlin shadowing java function
78413828,2024-05,4,GEN,A application have multiple instances. There is a Job which will be running in a specific time. how can i make job run b
78413831,2024-05,1,VER,Android Camera 2 Api locking focus
78413949,2024-05,3,GEN,"PowerShell, automate Java JRE 11 (Adoptium, Eclipse Temurin) installation and configuration"
78414018,2024-05,2,VER,Swing GUI Experiment: Gap Issue with Panels Using SwingUtilities.invokeLater()
78414020,2024-05,1,VER,Error: Unable to export or encrypt the private key while trying to export the private key
78414093,2024-05,2,VER,Serializing OpenAPI objects created by swagger-parser to specification file
78414185,2024-05,3,GEN,How do I implement flatMap for an object with a Function property?
78414222,2024-05,2,VER,Execute Karate Feature file through Runner.java for Performance Testing
78414274,2024-05,0,VER,Getting this error &quot;java.lang.ClassNotFoundException:&quot; while trying to run the below script in Selenium Java
78414355,2024-05,3,GEN,How do I configure an Action in a gradle plugin from inside a custom Java plugin
78414427,2024-05,3,GEN,How to correctly invoke java code from dart code?
78414510,2024-05,1,VER,How to click a button in the drop-down menu using selenium in my java app?
78414553,2024-05,1,VER,JavaFX answer doesn&#39;t show up
78414642,2024-05,3,GEN,Architecting a Value Extraction System for Work Order Data in Java and Handling Spring Dependency Injection in Enums
78414725,2024-05,1,VER,Spring-AMQP client does not recover after broker restart with idle channels getting stuck
78414816,2024-05,2,VER,Content Disposition break the JSP Request
78414952,2024-05,3,GEN,Java Spring JPA: Why does it try to insert an uninitialized row when I explicitly updated a managed entity?
78415009,2024-05,3,GEN,"In MySQL, how can I create a stored procedure to create the database itself and then call this procedure from Java using"
78415066,2024-05,2,VER,JOptionPane is not showing
78415131,2024-05,1,VER,Unable to run sonarqube scan due to java.lang.UnsupportedClassVersionError: org/sonar/batch/bootstrapper/EnvironmentInfo
78415248,2024-05,1,VER,Error &quot;Column count doesn&#39;t match value count at row 1&quot; on table insert query in MySQL
78415282,2024-05,1,VER,quarkus opentelemetry not propagating the traces to the smallrye-messaging consumer of another quarkus microserice
78415331,2024-05,1,VER,How to fix the error &quot;Error: could not open ......&quot; in eclipse?
78415341,2024-05,2,VER,DynamoDBMappingException: could not invoke null on class
78415548,2024-05,3,GEN,any way to force a particular order when sorting by a String field with jpa
78415554,2024-05,2,VER,Spring Boot does not find Mapper bean
78415639,2024-05,1,VER,SpringBoot web application 404 not found error
78415652,2024-05,3,GEN,Authenticate to spring boot web server through desktop swing app
78415664,2024-05,2,VER,Integrate PKL with other configuration frameworks
78415676,2024-05,3,GEN,How to get the ObjectId of inserted document in MongoDB reactive Java?
78415689,2024-05,2,VER,ClassCastException when using ModelMapper to map a field that extends a generic type
78415779,2024-05,2,VER,Recursively find index of largest element in an array
78415850,2024-05,2,VER,Pulling Info From More Than One Class in a Constraint Stream
78415879,2024-05,3,GEN,What is the difference b/w TestProcessingTimeService and InternalTimeServiceManagerImpl?
78415905,2024-05,2,VER,Error Handling with spring cloud stream kafka
78415973,2024-05,2,VER,"Hibernate 5.6 has huge performance issues after upgrade of Java, Spring &amp;Hibernate versions. Why?"
78416017,2024-05,2,VER,reading csv file with inherited classes
78416077,2024-05,4,GEN,Java - Thread pool that scales up to a maximum and down to a minimum
78416123,2024-05,3,GEN,Use JPQL or SQL to SELECT items _not_ in the database from a supplied set in the query parameters
78416207,2024-05,2,VER,Getting ClassNotFound Error for Java Web Servlet
78416289,2024-05,1,VER,No default constructor found; nested exception is java.lang.NoSuchMethodException with Log4J?
78416428,2024-05,3,GEN,How to Delete A Node in AVL Tree (not by key but Node Itself)
78416536,2024-05,4,GEN,"Why isn&#39;t &quot;\n&quot; interpreted as newline character when a String like, &quot;abc\nabc&quot; is given as input"
78416552,2024-05,2,VER,How to handle DuplicateKeyException and keep needed ModelAttributes at same time?
78416732,2024-05,3,GEN,How to set the springboot configuration file to achieve the effect of java -Dfile.encoding=UTF-8
78416989,2024-05,2,VER,Why are my log4j2-settings being ignored?
78417012,2024-05,2,VER,"Cannot find class dependencies using jdeps for JDK 16, 17, 21"
78417048,2024-05,1,VER,Can&#39;t check requested manage all files permission
78417056,2024-05,1,VER,When I deploy my app in docker throws me an error creating the Bean
78417144,2024-05,2,VER,Spring boot WebClient connection freezes due to TooLongFrameException: HTTP header is larger than 8192 bytes
78417304,2024-05,3,GEN,Kotlin ReadWriteProperty : Cannot use &#39;T&#39; as reified type parameter. Use a class instead
78417555,2024-05,3,GEN,How to enable a spring-boot app for extension by users of the app
78417683,2024-05,3,GEN,Why does CommonDelegatingErrorHandler in spring-kafka not implement handleOne?
78417899,2024-05,2,VER,How to Convert a Complex Object Consisting of Multiple Configuration Properties with a Custom Spring Converter?
78418205,2024-05,1,VER,No valid download found for version java21.x and package jdk: GitHub Actions and Azure App Service CI/CD
78418212,2024-05,2,VER,Hibernate : register custom type if certain dialect
78418214,2024-05,3,GEN,How to use JDA&#39;s setComponents() method with custom buttons?
78418266,2024-05,1,VER,How to Add Custom Checkstyle Version in IntelliJ IDEA Ultimate 2024.1.1?
78418279,2024-05,3,GEN,How to make Junit 5 pause other threads and execute just one specfic test class
78418349,2024-05,3,GEN,Quarkus - Tenant Resolver
78418416,2024-05,2,VER,Joinpoint on method with return type Flux/Mono returns blank
78418453,2024-05,4,GEN,Time complexity of this code which according to me is O(nlogn)
78418480,2024-05,1,VER,Spring boot starter does not recognized pem files
78418523,2024-05,3,GEN,convert column amount logic
78418605,2024-05,2,VER,WebSocket connection fails when deploying Spring web application to a server on my domain
78418667,2024-05,2,VER,java 17 - Unable to make private java.io.File accessible: module java.base does not &quot;opens java.io&quot; to unnamed
78418685,2024-05,2,VER,Compile and execute a java file which is having import statements of a spring-boot based application jar file
78418699,2024-05,1,VER,Hazelcast - complete data loss when master node is gracefully shutdown and restarted
78418767,2024-05,2,VER,Optimization of code for the longest loop problem in undirected graph
78418952,2024-05,1,VER,VS Code Java&#39;s Scanner doesn&#39;t recognise special characters
78418953,2024-05,2,VER,How to optimize searching through json array from file
78419041,2024-05,0,VER,Identical phones with identical app and identical setup; one can find bluetooth devices the other cannot
78419166,2024-05,3,GEN,Java MIDI throws IllegalStateException when setting a JavaFX label text
78419201,2024-05,4,GEN,Local Record with type of generic method
78419261,2024-05,3,GEN,Write the launch function &quot;MainActivity.java&quot; code in the source code &quot;MainActivity.kt&quot;
78419269,2024-05,1,VER,Null object reference when trying to use my bluetooth service in android
78419302,2024-05,3,GEN,KeyStore.store((KeyStore.LoadStoreParameter) FileOutputStream) throws a &quot;cannot be cast&quot; error in Android cryp
78562529,2024-06,3,GEN,How can I stop keyPressed from repeatedly being called?
78562531,2024-06,1,VER,(Java) Upgrading androidx.lifecycle:lifecycle-viewmodel
78562545,2024-06,2,VER,How can I install Jython in Sketchware?
78562588,2024-06,1,VER,Embedded Tomcat 10 serving static resources from fat jar
78562902,2024-06,2,VER,How to stop instantiating a view before the login session creation is successful in Vaadinflow?
78563144,2024-06,1,VER,JTA UserTransaction (with narayna implementation) rollback in standalone JPA+Hibernate application does not work
78563195,2024-06,1,VER,Annotation Processor not getting hit during compilation even though a class with an invalid use of the annotation is pre
78563226,2024-06,1,VER,I got error 404 Not Found when adding metadata to file in sharepoint via Microsoft Graph API SDK Java
78563251,2024-06,3,GEN,Drools Rules to OptaPlanner Constraint Streams
78563506,2024-06,1,VER,Is my implementation of the Leiden algorithm in Java incorrect?
78563528,2024-06,4,GEN,Running a multi-threaded Java application in Node child_process
78563534,2024-06,4,GEN,accessing a method through subclass of a class in which the method is protected
78563768,2024-06,3,GEN,comma separated column value to query using like statement with java list as a parameter in jparepository
78563771,2024-06,1,VER,Microservice doesn&#39;t map ports correctly on Kafka
78564120,2024-06,1,VER,Gradle dependencies are not installed when building in .jar | Minecraft Forge 1.16.5
78564123,2024-06,2,VER,error of not being able to create a workbook for an excel file that contains comments in the sheet when using apache poi
78564224,2024-06,2,VER,enum float problem calculating price of coffee
78564271,2024-06,3,GEN,Spring AOP injecting a &#39;silent&#39; method parameter
78564301,2024-06,4,GEN,Initialized variable defaults to 0
78564326,2024-06,1,VER,S3 Presigned URL &quot;SignatureDoesNotMatch&quot;
78564803,2024-06,4,GEN,Sprinboot api application performance test
78564925,2024-06,1,VER,Cannot seem to disable Spring Boot automatic localhost connection attempt
78564930,2024-06,1,VER,&quot;UnsatisfiedDependencyException: Error creating bean with name &#39;eventService&#39; defined in URL&quot; when try
78565032,2024-06,3,GEN,Piechart not update the values already exist in javafx
78565131,2024-06,2,VER,Certain layers are not rendering with NASA WorldWind
78565267,2024-06,2,VER,Implicit Treap building time in O(n) time
78565299,2024-06,1,VER,How to fix the issue: &quot;Values of types &quot;BINARY(255)&quot; and &quot;CHARACTER VARYING(255)&quot; are not compa
78565521,2024-06,1,VER,"Java - org.apache.commons.io.FileUtils.copyFileToDirectory(sourceFile, destination) is failing to copy file"
78565642,2024-06,3,GEN,Spring Framework beginners dilemma &quot;@AllArgsAnnotation not working&quot;?
78565678,2024-06,4,GEN,error: cannot assign a value to final variable android java
78565699,2024-06,1,VER,apache asynchttpclient pool pending list full
78565710,2024-06,4,GEN,What is the difference between map and forEach in Java streams in this case?
78565734,2024-06,3,GEN,Measure reuse of methods
78565749,2024-06,4,GEN,How to move an inner class to its own file
78566034,2024-06,3,GEN,Android Studio: Adding XML tablerows programmatically
78566181,2024-06,3,GEN,What are the APIs related to always-on display notifications?？
78566214,2024-06,2,VER,Sonarcloud and Sonarlint don&#39;t see NullPointerException java:S2259
78566421,2024-06,1,VER,Exception in thread &quot;main&quot; java.io.IOException: Server returned HTTP response code: 405 for URL
78566480,2024-06,3,GEN,How to add client certificate (.pfx or .cer + .key) in API-request in Java (Rest assured)
78566491,2024-06,3,GEN,Using generic class in Akka Stream BroadcastHub
78566529,2024-06,2,VER,Textfield Sometimes Highlighted When getFocusInWindow() Called
78566604,2024-06,3,GEN,Input from user in Luaj
78566616,2024-06,1,VER,Neo4j Startup Failure Windows 10
78566619,2024-06,2,VER,ByteBuddy cannot cast generic return type
78566632,2024-06,1,VER,Accessibility service of specific android device keeps doing malfunctioning and stops working
78566659,2024-06,3,GEN,Need to retain a log4j2 logs on server up to 14 days
78566673,2024-06,2,VER,Starting X and sometimes Y coordinate of JFrame is displaced
78566838,2024-06,3,GEN,Java jInternalFrame dont show file(PDF)
78567030,2024-06,3,GEN,How to start a camera intent and save picture taken to a specific location for each item in a listView
78567048,2024-06,3,GEN,Selenium Java: click button with CSSselector inside of shadow-root
78567119,2024-06,4,GEN,Can a Java 21 switch expression have multiple guards?
78567166,2024-06,3,GEN,&quot;prefixItems&quot; of JSON Schema draft 2020-12 validating only first element of the array
78567253,2024-06,2,VER,Converting numbers to their locales are not working for few locales using icu4j jar
78567349,2024-06,1,VER,Value in the input field is not retained by selenium java
78567511,2024-06,2,VER,OneToMany Relation errors with org.hibnernate.MappingException Unable to find column with logical name
78567554,2024-06,3,GEN,How to disable chrome notification popups while automating in selenium java?
78567664,2024-06,3,GEN,"Using IntelliJ IDEA, How to inspect (lint) if the instance is not calling the method from its own class but from the sup"
78567678,2024-06,2,VER,Import Beans from custom library to springbootAplication from a different project
78567687,2024-06,3,GEN,How to get the value of the clicked bar in a BarChart (JavaFx)?
78567710,2024-06,3,GEN,Use Spring Authorization Server as UAA server with a custom provider
78567867,2024-06,2,VER,Create a flatpak for a self updating java application
78567933,2024-06,2,VER,Cannot find symbol class ResponseHeaderOverrides location: package software.amazon.awssdk.services.s3.model Java SDK v2 
78567995,2024-06,4,GEN,Avoid double quotes removal in bash script (keep double quotes)
78568196,2024-06,3,GEN,"Spring security: how to hide or bypass the &quot;login with oauth2&quot; page with a single oauth client, when using oau"
78568298,2024-06,4,GEN,Why does this statement after super keyword not get invoked?
78568322,2024-06,1,VER,Exception in thread &quot;main&quot; java.lang.SecurityException: Prohibited package name: java.time
78568413,2024-06,2,VER,ApexCharts: y-axis label color not working (x-axis works fine)
78568569,2024-06,1,VER,Flutter app: White screen after restart on Android with Java 17 upgrade
78568759,2024-06,3,GEN,Find if the current date is the first day of the month in JAVA excluding weekends and holiday
78569019,2024-06,3,GEN,How do I send FCM requests to a large number of devices quickly?
78569078,2024-06,1,VER,I need support to fix below issue in Selenium JAVA java: cannot access org.openqa.selenium.WebDriver
78569096,2024-06,1,VER,TestNG test cases can&#39;t be run after Spring 4.1.5-RELEASE to 6.1.6 upgrade
78569517,2024-06,3,GEN,Not exposing IDs in a web application in case of data manipulation
78569729,2024-06,2,VER,Git branch name in pom.xml properties
78569740,2024-06,4,GEN,Why does == work for small integers but not for larger ones in Java?
78569774,2024-06,3,GEN,How to restrict POST request payload size in Spring Boot to 1MB or 2MB?
78569903,2024-06,3,GEN,How To verify Ascii-Armored data after decryption in PGP using Bouncy Castle?
78570079,2024-06,3,GEN,Project reactor upgrade from v2 to v3?
78570141,2024-06,2,VER,Openrewrite stops after first successfull replacement recipe
78570203,2024-06,1,VER,Integrating Causeway in Spring Boot 3.2.6 with Postgresql: An exception occurred while calling convertToEntityAttribute
78570224,2024-06,3,GEN,Get Intellij and Eclipse to format for loop in the same way
78570639,2024-06,3,GEN,How to read the custom json values in KStream from kafka Topics
78570652,2024-06,2,VER,Is it possible to use an ssl certificate authentication through an http proxy
78570686,2024-06,3,GEN,Get Foreign Key id of a table and make a list of the object ids assigned to it in a JComboBox
78570732,2024-06,3,GEN,Sharing instance of a class between multiple tests running in parallel in Junit5
78570744,2024-06,2,VER,Running a custom query with @Query annotation in spring data jdbc is giving unexpected results
78570854,2024-06,1,VER,Android java MSAL Error: Failed to acquire token with Interactive Browser Authentication
78571027,2024-06,1,VER,ClickHouse java client - reusing same instance of ClickHouseClient gives execution timeout after 10 inserts
78571091,2024-06,1,VER,why I receive Token&#39;s Signature resulted invalid when verified using the Algorithm: HmacSHA256
78571105,2024-06,1,VER,&quot;Tomcat with the same Catalina Home folder is already registered.&quot;
78571106,2024-06,2,VER,JavaFX Zooming remain children relative node position
78571207,2024-06,2,VER,Unable to load Java Property with GraalVM Native Image
78571270,2024-06,2,VER,Java 17 Fork join pool limit number of threads in pool
78571361,2024-06,3,GEN,How to Mock a WebMethod in Mockito
78571516,2024-06,2,VER,Maven Build Error : Execution default-clean of goal org.apache.maven.plugins:maven-clean-plugin:3.3.2:clean failed
78571751,2024-06,3,GEN,updating listview when data is removed from the arrayadapter
78571913,2024-06,3,GEN,SQL error when empty tags array in Spring Data JPA
78571987,2024-06,3,GEN,How to avoid error &quot;Circular dependency between the following tasks:&quot;?
78572080,2024-06,1,VER,spring jpms module exited
78572245,2024-06,2,VER,org.springframework.web.bind.MethodArgumentNotValidException on @Pattern()
78690114,2024-07,0,VER,"SIGSEGV, problematic frame V libjvm.so, Program terminated with signal SIGABRT"
78690186,2024-07,4,GEN,How can I efficiently reverse a k-group of nodes in a linked list in Java without using extra space?
78690369,2024-07,4,GEN,How can I efficiently find the k-th node from the end and m-th node from the beginning of a singly linked list in one pa
78690805,2024-07,1,VER,How can I make the image clear and fine even I zoom in and zoom out?
78690817,2024-07,1,VER,"Camunda 7, Spring Boot, Eureka issue"
78690842,2024-07,1,VER,getting java.lang.ExceptionInInitializerError while running android application
78691028,2024-07,2,VER,Parsing JSON data with GSON into a model with JPA persistence
78691165,2024-07,1,VER,Failed to download and view the file from the local path (ERR_BLOCKED_BY_CLIENT)
78691202,2024-07,1,VER,Azure Open AI - very different results on gpt4o between Python and Java API
78691366,2024-07,3,GEN,How to understand how StackTraceElement works?
78691394,2024-07,3,GEN,Maven transitive dependency shows older version even though parent package is updated within dependencyManagement
78691546,2024-07,1,VER,class path resource [jakarta/servlet/Filter.class] cannot be opened because it does not exist
78691748,2024-07,1,VER,Can&#39;t save file in Spring Boot
78691814,2024-07,1,VER,Java POST to Python FastApi - JSON payload - Unprocessable entity?
78691826,2024-07,1,VER,chaquopy and android: interactive dialog
78691878,2024-07,3,GEN,Does JPA call a stored procedure in the same transaction?
78691907,2024-07,1,VER,"Issue with my Spring Batch configuration: Job reads, processes, writes 10 items from the database, skips the next 10, an"
78691972,2024-07,3,GEN,Correct approach to refactor duplicate API Call to different endpoints
78692240,2024-07,4,GEN,Java 8 compare list of integer and list of Object
78692258,2024-07,1,VER,Spring Cloud GCP Trace: sampling probability property does not take effect
78692358,2024-07,4,GEN,Using += in Java ternary expression
78692530,2024-07,3,GEN,Swagger Implementation for LocalDateTime type
78692842,2024-07,1,VER,Correct the classpath of your application so that it contains compatible versions of the classesShiroWebFilterConfigurat
78692989,2024-07,2,VER,How to Remove Tagged Images from a PDF using PDFBox in Android java
78693095,2024-07,1,VER,Java unit test failing due to null KeyHolder
78693120,2024-07,2,VER,How to upgrade Java class to extension class?
78693121,2024-07,1,VER,Trouble importing classes from JAR in Eclipse
78693128,2024-07,0,VER,Virtual directory mapping not working in Weblogic
78693195,2024-07,3,GEN,Why is java.sql’s Timestamp.of() converting incorrectly from java.time’s LocalDateTime?
78693272,2024-07,1,VER,PostgreSQL copy command results in &#39;replacement characters&#39;
78693398,2024-07,3,GEN,how to implement an embedded proxy in java or kotlin
78693526,2024-07,2,VER,Topological Sort as Reverse Post-DFS | Course Schedule II LeetCode
78693528,2024-07,1,VER,Spring Security - Multiple OAuth2 Identity providers (github and google) work with only one Bean with @Prirmary?
78693540,2024-07,3,GEN,Java/Kotlin Heap Size
78693548,2024-07,1,VER,Keycloak not accepting a/any custom LoginFormsProviders
78693604,2024-07,1,VER,Testing multiple classes with dependencies using reflection
78693614,2024-07,3,GEN,Cannot resolve symbol &#39;WebSecurityConfigurerAdapter&#39; even though I have it in my pom.xml
78693831,2024-07,1,VER,Adding Data to a testcontainer using a function from a repository
78693887,2024-07,4,GEN,Minimum edges to form path with length L
78693922,2024-07,2,VER,Using generics to create a node traversal class?
78693983,2024-07,0,VER,Unable to (re)connect to Informix DB: Failed to get Connection.Connector(NOT CONNECTED: Driver=NO_JDBCDRIVER_PROVIDED;))
78694272,2024-07,1,VER,Apache HttpClient PoolingHttpClientConnectionManager - allocated to maximum
78694273,2024-07,3,GEN,"How to use Library that works on Java version 17, in my Java version 8 project?"
78694363,2024-07,1,VER,Playwright - type or fill not working as expected
78694386,2024-07,4,GEN,How to use try-catch (IOException) for BufferedWriter.write nested in if-else?
78694443,2024-07,2,VER,Delete DB entry for type text[] from PreparedStatement
78694466,2024-07,2,VER,How to suppress and log custom spring boot configuration properties constraint validator violation?
78694639,2024-07,3,GEN,How to add mocked S3Client to spring context on integration tests
78694672,2024-07,3,GEN,How to implement Azure openai in Java version 8 project
78694787,2024-07,1,VER,waitForUrl behaviour in Playwright
78694833,2024-07,3,GEN,Is it safe run blocking call in OS executor when using virtual thread?
78694899,2024-07,0,VER,TimeFold VariableListener Corruption after Initial Score Calculation
78695118,2024-07,1,VER,Creating fully qualified column name in jooq/java
78695171,2024-07,1,VER,Unable to set a text to my edittext in the dialog box
78695364,2024-07,2,VER,Use a different MavenRepository for Maven Openrewrite plugin
78695386,2024-07,1,VER,How do i access a deployed service&#39;s exposed port
78695500,2024-07,3,GEN,Set property without mapping in mapper Java Mapstruct
78695509,2024-07,1,VER,"My texts aren&#39;t visible, only the background image"
78695589,2024-07,1,VER,Replace keyword in hql query and slowness
78695922,2024-07,2,VER,Can you nest Spring Boot Application Executions? (nested calls to run(...)?)
78696039,2024-07,2,VER,Get GridPane to properly fill window in JavaFX
78696055,2024-07,2,VER,How to use a @Bean with void return type defined in a 3rd party library in SpringBoot 3.x app
78696079,2024-07,3,GEN,How to style a TableView with rounded corners
78696158,2024-07,4,GEN,Which datatype to use at JPA entity to store and retrieve date using java 8
78696281,2024-07,1,VER,Spring Security: Login page keeps redirecting to itself
78696407,2024-07,2,VER,Calling stored procedure with Hibernate which multiple type of outputs
78696510,2024-07,2,VER,Show form errors using Spring Boot
78696623,2024-07,0,VER,The service and task in aws are not created and always have the status &quot;Provisioning&quot;
78696762,2024-07,1,VER,Exception in thread &quot;main&quot; java.lang.UnsatisfiedLinkError:dll: The operating system cannot run %1
78696999,2024-07,1,VER,how to resolve the error occurring in app/build.gradle or project/build.gradle
78697202,2024-07,3,GEN,Is it advisable to repeat an integration test that is used in more than one method?
78697257,2024-07,2,VER,unable to fill an array with numbers from input in java
78697452,2024-07,2,VER,How to increase the maximum length of SpEL expressions in spring boot 3.3.0?
78697457,2024-07,4,GEN,To modify the array so that all zeros are moved to the end while maintaining the order of non-zero elements
78697463,2024-07,4,GEN,Java &amp; C# - why I can cast every object to interface (explicitly)
78697562,2024-07,2,VER,IBM MQ with multiple listener for same queue
78697579,2024-07,1,VER,Robot&#39;s key event locks the keyboard
78697733,2024-07,2,VER,Java with Habarta typescript generator nullable/undefined handling
78697805,2024-07,1,VER,Sending File Via API from JavaScript Base64 encoded string to Java endpoint that accepts a Binary string (MultipartFile)
78698059,2024-07,2,VER,How do you represent quaternion rotations in 2 dimensions?
78698147,2024-07,3,GEN,Propagation of MDC to a Feign Thread
78698253,2024-07,1,VER,Android - Recycler View onScrollStateChanged not being called
78698261,2024-07,1,VER,How can I resolve [org.springframework.web.HttpMediaTypeNotAcceptableException: No acceptable representation] error?
78698507,2024-07,3,GEN,How to define query method in spring data jpa if one of the query parameters is fixed?
78698522,2024-07,1,VER,Eclipse version 24-6 isn&#39;t working with the lombok plugin
78698589,2024-07,3,GEN,Whats the point of Locale in DateTimeFormatter?
78698645,2024-07,2,VER,Checking on a 3 minute delta of a timestamp at 30 minute boundary
78698664,2024-07,1,VER,gradle defines the root project incorrectly
78698756,2024-07,1,VER,Interact with openconnect in java processbuilder
78698957,2024-07,1,VER,How can I create a test automation using selenium java and UTAM?
78698977,2024-07,4,GEN,Open a Visible Cmd Window In Java
78699142,2024-07,3,GEN,How to implement custom ConstraintValidatorFactory?
78699161,2024-07,2,VER,Asserting availability of SubTypes of T
78699470,2024-07,4,GEN,Java Protected Field Access Issue in Subclass
78699587,2024-07,3,GEN,how to use multiple versions of maven dependency
78699695,2024-07,1,VER,Java Selenium driver - Threads are not getting destroyed on driver.quit
78699726,2024-07,4,GEN,Why can&#39;t my class be run after declaring package and be found by another class in the same package/folder?
78699732,2024-07,3,GEN,Is it possible to consolidate Java logging?
78699789,2024-07,1,VER,Alignment issue in table from HTML to PDF
78699989,2024-07,3,GEN,How to Change RecyclerView Item Layout When Scrolled to Center Horizontally in Android?
78818792,2024-08,2,VER,How do I override the base URL in the Twilio Java SDK?
78818848,2024-08,1,VER,.yml file reference shows as null when called
78818926,2024-08,4,GEN,What is a fast way to count how many times a given value is present in an ArrayList?
78818958,2024-08,1,VER,Can someone help me set up junit correctly? My program is not compiling
78819094,2024-08,2,VER,How to add dynamic where code when use @Fetch to load the datas?
78819099,2024-08,4,GEN,How to preload common resource in a Spring Boot RestController?
78819379,2024-08,1,VER,Incompatible version of libocijdbc
78819396,2024-08,3,GEN,How to use local jar to avoid downloading a plugin in gradle
78819415,2024-08,4,GEN,"ArrayList or HashSet, which collection class provides the fastest access to the elements, In Java?"
78819452,2024-08,2,VER,Builder design pattern for API endpoint Spring Boot
78819540,2024-08,2,VER,JavaCard: RSAPrivateKey.setModulus throws CryptoException.ILLEGAL_VALUE
78819566,2024-08,1,VER,Nullpointer in Hibernate 6.4 criteria query
78819663,2024-08,3,GEN,How to debug a cucumber maven test case in eclipse?
78819804,2024-08,1,VER,bootstrap.yml not loaded at microservice startup
78819869,2024-08,1,VER,Logging issue in my application after migrating from Wildfly 18 to 33
78819946,2024-08,4,GEN,Unexpected java.util.Optional.orElseGet() evaluation
78820130,2024-08,1,VER,Facing the error while running the code in selenium related to open a chrome browser
78820226,2024-08,2,VER,Data truncation: Data too long for column &#39;params&#39; at row 7
78820270,2024-08,1,VER,Libgdx render() method is called twice before the previous call is completed
78820308,2024-08,2,VER,How can I call a Java class method from Python?
78820423,2024-08,3,GEN,Convert String XML to JSON without changing any values in Java
78820490,2024-08,4,GEN,Multiple value sources for @ParameterizedTests
78820546,2024-08,1,VER,Difference in results took from application and via SQL Developer
78820644,2024-08,2,VER,Mapstruct handling of Interfaces/Parents and Generics
78820812,2024-08,2,VER,PostgreSQL Custom Order By in Java CriteriaBuilder
78820865,2024-08,1,VER,Spring Boot application fails to start due to NullPointerException in SAMLCustomBootstrap
78820881,2024-08,3,GEN,throwing exception using java record in spring MVC
78821039,2024-08,1,VER,"JSchException: Auth fail for methods &#39;publickey,gssapi-keyex,gssapi-with-mic,password&#39; - in Spring boot Native a"
78821236,2024-08,2,VER,LWJGL 3 sharing context between Swing and GLFW window
78821309,2024-08,3,GEN,Parse a fixed width file using Apache Beam and Java
78821426,2024-08,1,VER,Quarkus - Mixing Quarkus REST and RESTEasy Issue
78821441,2024-08,3,GEN,Is there a way to catch @Service initialization errors in Spring Boot
78821518,2024-08,1,VER,Eclipse Maven dose not work with javafx dependencies
78821575,2024-08,2,VER,Hazelcast caching provider - How to set the config smart routing programmatically?
78821585,2024-08,1,VER,After installing Lombok the Eclipse executable launcher was unable to locate its companion shared library (Windows 10)
78821644,2024-08,2,VER,How to handle success and failure in springboot for basic auth?
78821715,2024-08,2,VER,Spring Boot 3.3.2 with Spring Security 6.3.1 issue (no support of auth0-spring-security-api with Spring Framework 3.3.2)
78821900,2024-08,1,VER,MerchantOrderClient - 401 - invalid_caller_id Mercado Pago
78822163,2024-08,3,GEN,Casting Class&lt;? extends Enum&lt;?&gt;&gt; to Class&lt;T extends Enum&lt;T&gt;&gt;
78822512,2024-08,1,VER,Facing this issue while running Test cases through TestNG
78822860,2024-08,2,VER,Integer Solver vs ExpressionsBasedModel.minimise()
78822874,2024-08,4,GEN,How to use regex in Java for complex strings
78822980,2024-08,1,VER,Unnecessary warnings for Freemarker classes on native image execution
78823282,2024-08,1,VER,Universal Connection Pool already exists error (Oracle UCP) SpringBoot Custom DataSource
78823338,2024-08,2,VER,Why is this XPath invalid?
78823475,2024-08,1,VER,Stream Closed error for accessing .yml file
78823525,2024-08,4,GEN,Producing ConcurrentModificationExecption with Java HashSet
78823680,2024-08,4,GEN,"How to programmatically (in Java, not XML) configure JDBC connection pool in Tomcat?"
78823709,2024-08,2,VER,Write out the peak memory utilization of a Pyspark Job on EMR to a file
78823711,2024-08,3,GEN,GroupingBy with multiple filters and using filtername as key in the outputmap
78823835,2024-08,1,VER,How to use 2 different LiveSpeechRecognizer(different lm and dic) or 1 that can change lm and dic?
78823935,2024-08,3,GEN,How to refer to Enum in Spring @Cacheable Annotation
78824089,2024-08,4,GEN,what changes when I change from Java 7 -&gt; Java 8 or Java 8 -&gt; 11 in my android project?
78824099,2024-08,2,VER,Springboot Kafka Consumer Not printing TraceId-SpanId in Logs received from Topic Message
78824105,2024-08,2,VER,I want to use Throttle in an MVC controller to control the flow rate
78824124,2024-08,2,VER,How to reduce time in image coloring using flood-fill algorithm?
78824393,2024-08,1,VER,Apache PDFBox saves corrupt PDF
78824394,2024-08,2,VER,Spring Boot @RequestScope Constructor not printing in console
78824401,2024-08,1,VER,Attempting to scan DynamoDB item attributes into a List of strings issues
78824515,2024-08,1,VER,cannot assign instance of org.bson.BsonDocument to field org.apache.flink.connector.mongo..source.MongoSource.filter
78824540,2024-08,3,GEN,Is it a good idea to use `DeferredResult&lt;ResponseEntity&lt;FileSystemResource&gt;&gt;`
78824547,2024-08,2,VER,openapi quarkus - missing equals and hashCode in generated methods
78824595,2024-08,1,VER,"I am Building an Android Kotlin app to receive push notifications, but encountering &#39;Unresolved reference&#39; error"
78824603,2024-08,2,VER,How to make my Android service remains running under normal circumstances?
78824632,2024-08,1,VER,setXIncludeAware is not supported on JAXP implementation
78824704,2024-08,1,VER,Secure Random Seed Not Working In MainActivity
78824924,2024-08,1,VER,Orika mapper : Cannot register converters after MapperFacade has been initialized
78824944,2024-08,2,VER,"Spring boot @PropertySource not working for yaml, but working for properties"
78825109,2024-08,3,GEN,How to give run argument to a specific group in command line while run a java jar containing TestNG Projects
78825168,2024-08,3,GEN,GridBagLayout gridwidth=2 not working for second JButton
78825209,2024-08,2,VER,The issue of loading worlds with Minecraft Folia&#39;s WorldCreate
78825228,2024-08,1,VER,Android native app not working after upgrade to SDK 34
78825276,2024-08,1,VER,MimeMessageHelper.addAttachment() method does not add attachment to the MimeMessage
78825436,2024-08,2,VER,Transparency issue in javaFx
78825464,2024-08,2,VER,addLocatorHandler: iFrame cannot be found
78825902,2024-08,2,VER,How to set encoding for headers in Springdoc
78825975,2024-08,1,VER,Using @PlanningScore and @PlanningEntityProperty
78826030,2024-08,2,VER,Java Graphics2D fillRect creating wrongly sized squares with a pattern
78826156,2024-08,2,VER,Spring boot + Angular application cannot stream video
78826537,2024-08,2,VER,How to read the journal at a specific point in time with akka event sourcing
78826551,2024-08,3,GEN,How to use both group by and order by with criteria builder
78826874,2024-08,1,VER,JDBC won&#39;t connect to a database in .java program with the derby ij tool open after I disconnected from the database
78826895,2024-08,2,VER,Spring boot cache not working as expected
78826973,2024-08,3,GEN,How to deserialize from JSON array in quotes
78827016,2024-08,4,GEN,A Method which runs every second? in Android Studio
78827022,2024-08,4,GEN,How do I display the app version on screen?
78827044,2024-08,2,VER,Can I suspend/resume an application (Java process) dynamically using VBA?
78827061,2024-08,1,VER,LinkedList cannot be resolved to a type
78827160,2024-08,3,GEN,Exposing Graphql introspection with Spring (Boot) Security
78827242,2024-08,3,GEN,How to configure `MockMvc` to apply a RequestPostProcessor to all requests?
78827359,2024-08,4,GEN,Jackson Deserialization of Objects Extending Abstract Classes Using Generics
78827520,2024-08,1,VER,jOOQ blocking in `DSL.using`
78827549,2024-08,3,GEN,jOOQ codegen: Is there a way to read parquet files using DuckDB dialect?
78827601,2024-08,4,GEN,Execute different stages of a `CompletableFuture` on different `ExecutorService`s
78827966,2024-08,4,GEN,Alternatives to ArrayList&lt;Double&gt; for primitive types in Java for numerical computation
78827995,2024-08,2,VER,Spring Boot: NoUniqueBeanDefinitionException with Multiple Interceptors
78828234,2024-08,1,VER,Local JMX/jconsole doesn&#39;t work without -Djava.rmi.server.hostname
78828285,2024-08,3,GEN,How to Log.d messages from another process of the same app?
78828367,2024-08,4,GEN,"When Spring beans name are duplicated, when will an exception be thrown?"
78828410,2024-08,4,GEN,Implementing a Queue using Two Stacks: Enqueue vs. Dequeue Efficiency
78936338,2024-09,1,VER,Execution failed for task &#39;:camera_android_camerax:compileDebugJavaWithJavac&#39;
78936695,2024-09,1,VER,"Swing JFrame Icons Not Loading When Called from Another Class (Please ignore my naming conventions xD) (Netbeans, openjd"
78936871,2024-09,1,VER,Jetty Server 9: java.net.UnknownHostException in offline mode
78936894,2024-09,3,GEN,How can I identify the most common sequences of method calls in Java project?
78936931,2024-09,3,GEN,How can I access PAR request from KeyCloak custom authenticator code?
78937036,2024-09,3,GEN,How can I validate external references in a PDF using Apache PDFBox?
78937314,2024-09,1,VER,NamingException: OracleDS -- service jboss.naming.context.java.jboss.exported.OracleDS
78937484,2024-09,2,VER,Java Program - Auto Printer/ Hot Folder
78937591,2024-09,1,VER,Gradle can&#39;t find querydsl plugin
78937612,2024-09,1,VER,I have an error while installing Swagger with Spring
78937746,2024-09,1,VER,Using Java Process to run MacOS SQLite Query
78937761,2024-09,3,GEN,How to Validate JavaScript and Detect XSS in PDF Files?
78937781,2024-09,2,VER,How to manage Multiple Java Versions for Different Gradle Projects- IntelliJ
78937801,2024-09,2,VER,How to stop the Spring batch gracefully in Spring boot application
78938052,2024-09,3,GEN,prevent Integer to Enum Conversion in Spring Boot endpoint
78938189,2024-09,4,GEN,Can&#39;t parse year-month string to LocalDate
78938294,2024-09,4,GEN,@Query sql in JpaRepository thread safe?
78938354,2024-09,1,VER,java.io.FileNotFoundException when trying to create JSON file in Google Drive Appfolder
78938376,2024-09,1,VER,&quot;javax.net.ssl.SSLException: Unsupported or unrecognized SSL message&quot; when trying to read from a SSLSocket
78938419,2024-09,3,GEN,How to pass multiple arguments to a test method with a @MethodSource annotation and multiple methods that provide Stream
78938542,2024-09,1,VER,I can&#39;t fix bean problem in springboot and mybatis project
78938656,2024-09,2,VER,Decrypting Dart AES encrypted data in Kotlin results in BadPaddingException
78939031,2024-09,1,VER,"Generated .exe not working (Standalone program written in Javafx, Scenebuilder)"
78939253,2024-09,1,VER,Unable to Read Binary Data from Smart Card After Successful BAC - “File Not Found” Error
78939620,2024-09,4,GEN,"In Kafka Streams KGroupedTable.aggregate, should the adder and subtractor return a new immutable aggregator on every cal"
78939694,2024-09,3,GEN,Hot update timezone data (tzdb) in Java without upgrading or restarting JVM
78939829,2024-09,2,VER,Replacing depricated @GenericGenerator to @IdGeneratorType generating negative sequences and throwing DuplicateKeyExcept
78939913,2024-09,1,VER,Android log4j logging from compiled dependency not working
78939934,2024-09,3,GEN,Feed the result of one query to another in the same Spark Structured Streaming app
78939995,2024-09,3,GEN,How to find sum of multiple columns in where clause
78940195,2024-09,1,VER,How to retrieve Angular application logged in user in Java API
78940289,2024-09,3,GEN,How can i refresh the token automatically in a long running karate tests?
78940342,2024-09,3,GEN,How to check a property in any of multiple column when column value not null
78940364,2024-09,4,GEN,Subsetting a string with the degree symbol in it
78940515,2024-09,1,VER,How to correct compose sampler in JMeter
78940625,2024-09,2,VER,Can&#39;t draw SVG in PDF with Apache FOP - Unknown formatting object &quot;{}svg&quot; encountered (a child of fo:instr
78940631,2024-09,3,GEN,How to deserialize empty and null values of JSON in Jackson using not deprecated methods but overloaded variant that tak
78940662,2024-09,1,VER,My Gradle project wont run because it says my toolchains
78940821,2024-09,3,GEN,JEXL expression to match with an array of regex?
78940827,2024-09,3,GEN,Multiple switch statement using advance/new type
78940837,2024-09,2,VER,How to realize no response from the com port?
78940951,2024-09,1,VER,JXTable with glazedlist filtering rendering issue
78941104,2024-09,1,VER,Java Affine Shift Decryption
78941117,2024-09,3,GEN,How to increase RestAssured timeout to 120 sec?
78941224,2024-09,3,GEN,How can I reload a modified class at runtime in Java?
78941268,2024-09,1,VER,App hangs on actual hardware but not Android Studio
78941315,2024-09,1,VER,Customized error in REST - response entity&#39;s body is null even though error was thrown
78941340,2024-09,2,VER,Allure Test Report - Steps showing the display name as ClassName.HooksMethodName()
78941387,2024-09,2,VER,Start up failing post upgrading to Spring Boot 2.7.18
78941658,2024-09,1,VER,Using async CompletableFuture&lt;Dto&gt; always returns 403
78941661,2024-09,2,VER,Kafka Deserialization Issue with DTOs across Microservices in Spring Boot. Class Not in Trusted Packages
78942004,2024-09,2,VER,Placeholders wrongly replaced with % char
78942461,2024-09,2,VER,Replace a content control with an HTML value while generate document using docx4J
78942638,2024-09,1,VER,Shapeable image view bottom corner radius not displaying correct radius
78942654,2024-09,4,GEN,What does &quot;Canonical constructor cannot delegate to another constructor&quot; mean?
78943106,2024-09,1,VER,I&#39;m working on enabling change data capture from MySQL to Apache Kafka with Debezium but im getting an error in the 
78943120,2024-09,3,GEN,How to implement a dynamic termination logic for TimeFolder solver
78943839,2024-09,2,VER,Why is ApplicationProperties null during @PostConstruct in my Vaadin Spring Boot application?
78943916,2024-09,3,GEN,How to customize smallrye-health response content type to application/problem+json?
78943928,2024-09,1,VER,Download file Via web view
78944167,2024-09,1,VER,Spring Webfilter class does not work in Spring WebFlux application after upgrading from Spring Boot 2.7.x to 3.2.x
78944293,2024-09,3,GEN,How can I test the @Retry and @Fallback annotations in OpenLiberty?
78944298,2024-09,0,VER,How can I prevent Play Protect from scanning and reporting my app that I installed as an APK?
78944330,2024-09,1,VER,504 The request has been terminated because it has reached the maximum request timeout GCP
78944374,2024-09,4,GEN,How to directly open &quot;Display over other apps&quot; settings for my app without showing the list of apps?
78944439,2024-09,3,GEN,Spring Boot 2.7.18 compatibility issue with spring-cloud
78944569,2024-09,2,VER,Is there an approach to reuse the same Chrome custom tab that holds the same URL?
78944624,2024-09,3,GEN,How we convert VARCHAR2 into Clob in kafka streaming
78944816,2024-09,3,GEN,JAXB 4.X.X can&#39;t serialize parent class&#39; field if same field exists on another child class
78944850,2024-09,4,GEN,How to convert Oracle/Java datetime in long type
78944992,2024-09,3,GEN,How to set timeout for each pooled connection in Apache DBCP 2
78945011,2024-09,3,GEN,Why can&#39;t I make a single method to add a single user or a list of users in my POST request?
78945045,2024-09,4,GEN,How to implement ThreadLocal&lt;AutoCloseable&gt;?
78945110,2024-09,1,VER,ClassNotFoundException in Minecraft plugin coded with visual studio code in maven
78945143,2024-09,3,GEN,How to use ML-KEM/Kyber for encrypting data using PublicKey and decrypting data using PrivateKey
78945290,2024-09,4,GEN,"What are relations between Spring Data, Spring Data JPA and Hibernate?"
78945310,2024-09,3,GEN,"Given a list and range, find sum based on new list in less time"
78945341,2024-09,3,GEN,Add annotation on all methods of the classes present in a given directory
78945411,2024-09,1,VER,Issue with Maven build - com.google.common.collect.ImmutableMap NoClassDefFound
78945438,2024-09,3,GEN,Dynamically build a zip archive on AWS S3 using the Java SDK?
78945471,2024-09,1,VER,VirtualBox Ubuntu: &quot;failed to read dockerfile open /var/lib/docker/tmp/buildkit... no such file or directory&quot;
78945682,2024-09,1,VER,Field that is Primary key and part of composite foreign key it is not working in SpringBoot Hibernate
78945739,2024-09,1,VER,How to get Optum sandbox to authenticate with OAuth 2.0 using Java and okhttp
78945997,2024-09,1,VER,Unsatisfied Link Error error of Java Native Interface DLL
78946006,2024-09,3,GEN,Changing pixels in a Java BufferedImage to transparent
78946032,2024-09,3,GEN,"In the Rhino JavaScript engine, how can a custom Java object be an instance of final class java.lang.String?"
78946072,2024-09,1,VER,Spring boot 3 Upgrade - java.lang.NoSuchMethodError
78946125,2024-09,2,VER,How I run swagger on Spring Boot version 3.2.1
78946136,2024-09,1,VER,Collision detection only working on the last placed piece
78946329,2024-09,1,VER,Karate dropping the driver after invoking a Java function that spins up a new Driver object
78946342,2024-09,1,VER,java.sql.SQLException: Fail to construct descriptor error
78946410,2024-09,1,VER,How to fetch value from Build.properties file inside Android? Getting filenotfound exception
78946430,2024-09,2,VER,How to ensure the Selenide&#39;s $$x() method returns not less than the actual number of elements of a fully loaded page
78946613,2024-09,1,VER,java: module not found: tess4j requires tess4j;
78946643,2024-09,2,VER,Way to pass the Image from a Camera to Java as a BufferedImage on Raspberry Pi 5?
78946722,2024-09,1,VER,Could not open cp_settings generic class cache for settings file - while run project
78946878,2024-09,3,GEN,Smoothing normal on GPU (using geometry shader) without knowledge to adjacent faces
78946890,2024-09,1,VER,Vaadin dialog gets resize when dragged
78947187,2024-09,2,VER,How to construct solverManager properly and is it possible to use abstruct class to dynamically terminate the solver
78947499,2024-09,4,GEN,Split Java BigDecimal into smaller BigDecimal adding up the original value
79041333,2024-10,1,VER,Not able to launch URL in selenium
79041340,2024-10,3,GEN,Is creating a JMSContext from ConnectionFactory for each HTTP request good for a high load environment?
79041390,2024-10,4,GEN,Clarification on `length = prefixTable[length - 1]` vs. `length = length - 1` in the KMP Algorithm
79041541,2024-10,4,GEN,Inner classes and garbage collection: behavior differences between Java 8 and latest Java
79041792,2024-10,1,VER,How can you save Java Module Descriptor files back into Java language?
79042126,2024-10,1,VER,"In my CurriculumVitae class, the WorkExperience list does not appear"
79042158,2024-10,3,GEN,AtomicLong shared between threads?
79042203,2024-10,3,GEN,Does allocation profiling in JProfiler show the actual size?
79042261,2024-10,1,VER,Tracing transaction details with New Relic when passed to another thread
79042282,2024-10,2,VER,How does a child class use the KeyBindings of its parent?
79042494,2024-10,1,VER,Aws CloudWatch metrics for each ECS java container
79042520,2024-10,2,VER,JPA + Hibernate count query for pagination fails when using fetches
79042623,2024-10,3,GEN,Add caller information with Opentelemetry java agent instrumentation
79042658,2024-10,2,VER,Reading application.properties and other properties files outside the JAR in same folder
79042745,2024-10,1,VER,Error running &#39;Tomcat 9&#39; Cannot invoke &quot;com.intellij.javaee.appServers.appServers.appServerIntegrations.App
79042750,2024-10,3,GEN,Non HTTP testing via Gatling - is it possible?
79042752,2024-10,3,GEN,How to connect to Oracle 8i using Java
79042872,2024-10,4,GEN,Access jdk.unsupported from JUnit doesn&#39;t need module require
79042927,2024-10,1,VER,Jasper Report : Errors were encountered when compiling report expressions class file On server
79043098,2024-10,1,VER,No static resource swagger-ui/index.html with springboot 3.2.10 and springdoc-openapi 2.2.0
79043156,2024-10,1,VER,Named certificate &#39;&#39; not found API response XML signing and encryption
79043182,2024-10,3,GEN,Maven multimodules and profiles
79043205,2024-10,2,VER,Disabling OPTIONS http request in tomee
79043314,2024-10,3,GEN,How to use @ConfigurationProperties with @Conditional in Spring
79043359,2024-10,2,VER,Disable API authentication when using OpenAPI
79043431,2024-10,3,GEN,Map single property from class to every object in list of other class
79043478,2024-10,1,VER,Unable to Draw Custom Border Around SWT Group Encompassing Title Area on Linux
79043667,2024-10,3,GEN,Use of a Service in Spring Boot EnvironmentPostProcessor
79043690,2024-10,1,VER,Having trouble connecting to ChromerDriver
79043785,2024-10,3,GEN,Java bytecode if condition in loop
79044101,2024-10,1,VER,org.springframework.beans.factory.UnsatisfiedDependencyException on GCP
79044213,2024-10,2,VER,Disable the handshake for Java Californium Coap client/server
79044238,2024-10,1,VER,"I&#39;m trying to send TCP SYN packet in java using Pcap4j library, but I get a NullPointerException on line &quot;ipv4B"
79044391,2024-10,3,GEN,Log JPA transaction duration
79044472,2024-10,2,VER,Getting the dependencies of a compiled .jar
79044485,2024-10,1,VER,SunCertPathBuilderException when upgrading to Spring Boot 3.2
79044623,2024-10,3,GEN,I&#39;m looking for detailed information on how to create a custom LiquiBase ChangeType for DEFAULT ON NULL
79044746,2024-10,3,GEN,How to insert the result of a recursive method into an array in Java?
79044780,2024-10,1,VER,FCM HTTP v1 API Subscribe to Topic Error - FIS_AUTH_ERROR
79044900,2024-10,3,GEN,Calling unmanaged C\C++ DLL methods from Java?
79045039,2024-10,0,VER,SSL Communication failing in tomcat 10 in FIPS mode
79045052,2024-10,1,VER,JavaFX TaskWorker will not start
79045132,2024-10,1,VER,how to call Java args @-file from a batch file
79045405,2024-10,2,VER,Spring boot octet-stream not supported for PUT endpoint having image file and JSON details in formdata
79045777,2024-10,4,GEN,What&#39;s the difference between all of the ways to supply an Executor to a CompletableFuture (and composed methods)?
79045795,2024-10,1,VER,Error saving correction: CloseEditor is not a function
79045874,2024-10,2,VER,Kafka Streams and Spring Batch Conflict - &quot;Job name must be specified&quot; despite spring.batch.job.enabled: false
79046096,2024-10,3,GEN,Prevent Maven from compiling with an older transitive dependency version
79046170,2024-10,1,VER,Springboot + JPA + Snowflake COPY INTO issue
79046316,2024-10,3,GEN,Timer for reproduces movement
79046433,2024-10,1,VER,Microsoft: Unable to resolve Configuration with the provided Issuer
79046472,2024-10,3,GEN,Pulumi - Java - Unifi Provider
79046517,2024-10,4,GEN,"Spring initializr, which Java version when using Kotlin?"
79046535,2024-10,3,GEN,Can Gradle use the toolchain for buildscript dependencies?
79046545,2024-10,3,GEN,How to process tabular data from Oracle PL/SQL function in JAVA?
79046579,2024-10,3,GEN,Can I have two the same methods annotated with @RequestMapping with different headers?
79046674,2024-10,3,GEN,How can I manage logger instances (per class) in my own libraries to allow fine-grained configuration?
79046715,2024-10,3,GEN,Can I be sure which copy of a dependency is used in war containing an uberjar?
79046735,2024-10,3,GEN,Spring Boot read config value from file
79046846,2024-10,3,GEN,Ideal Carrier Thread count using Java Virtual Threads in Kubernetes
79046848,2024-10,2,VER,How do we Serialize a File Attachment which has an RFC message
79046891,2024-10,3,GEN,"Setting Up an Ideal Spring MVC Project with JPA, MySQL, and Tomcat (Java-Based Configuration)"
79046936,2024-10,2,VER,How to configure null key Jackson serialization in Spring Boot
79047125,2024-10,2,VER,Update Spring Boot application.properties values during building in command line
79047195,2024-10,1,VER,Authentication issue against proxy when using maven behind a corporate proxy
79047305,2024-10,1,VER,"Loading library prism_es2 from resource failed, while compiling a JavaFX project in Maven"
79047314,2024-10,2,VER,How to trigger custom AuthenticationProvider for Cookie based authentication in Spring Boot?
79047351,2024-10,3,GEN,Cannot deserialize value of type `...` from Array value (token `JsonToken.START_ARRAY`)
79047445,2024-10,1,VER,Errors running builder &#39;Java Builder&#39; on project &quot;&lt;My_Project_name&gt;&quot;
79047498,2024-10,0,VER,Equo Chromium browser for Java/SWT crashes on Ubuntu
79047650,2024-10,1,VER,Could not find com.novoda:bintray-release:0.4.0
79047667,2024-10,1,VER,Maven command not working correctly on machine
79047693,2024-10,1,VER,Could not autowire. No beans of &#39;PubSubTemplate&#39; type found
79047696,2024-10,3,GEN,What happened to JacksonJaxbJsonProvider class in 2.16.x onwards?
79047759,2024-10,2,VER,DateTimeParseException for LocalDateTime object despite having the format mapped
79047787,2024-10,3,GEN,How can I dynamically grow the number of threads in Spring Batch with a `ThreadPoolTaskExecutor` without rejecting incom
79047815,2024-10,2,VER,How to optimize a Java Union-Find program to avoid OutOfMemoryError when processing large datasets
79047919,2024-10,3,GEN,Access ActiveMQ Classic JMS client statistics
79047961,2024-10,1,VER,bean creation is getting failed after upgrading spring boot from 2.7.12 to 3.3.3
79048087,2024-10,1,VER,Android App shows compatibility warning on Android 14 despite targetSdkVersion 34 and updated dependencies
79048128,2024-10,2,VER,comparing eclipse project settings systemattically
79048257,2024-10,1,VER,Problems using Apache `httpclient` lib to make 1000s of connections to localhost
79048514,2024-10,2,VER,PDF Fields from PDFbox not printing on mobile (Android generic pdf viewer problem)
79048591,2024-10,1,VER,Deleting a database row using an entity with an embedded ID
79048611,2024-10,4,GEN,How do I avoid sending these two variables from method to method forever?
79048801,2024-10,2,VER,How to print ticket with image automatically in java?
79048803,2024-10,3,GEN,Implement Spring Boot Service based on yml file configs
79048904,2024-10,2,VER,Trying to build a .JAR file with Netbeans and Apache Ant
79049029,2024-10,3,GEN,Refactoring a Spring MVC application using Spring Cloud API Gate
79049032,2024-10,3,GEN,How to test internal workings of a function that returns an object that was mocked?
79049133,2024-10,1,VER,SSLHandshakeException in Password Recovery System Using JavaMail with JSP Project on Tomcat 9
79049147,2024-10,3,GEN,Javafx table copy/paste listener
79049207,2024-10,3,GEN,How to add listener in cells in JTable
79049225,2024-10,1,VER,Keycloak SPI event listener stop working after upgrading keycloak from 23 to 24
79049309,2024-10,1,VER,Exception in thread &quot;main&quot; java.lang.UnsatisfiedLinkError: org.apache.hadoop.io.nativeio.NativeIO$Windows.acce
79049453,2024-10,2,VER,Sending text file using PN532 reader to NFC tag
79049664,2024-10,1,VER,When I delete data on Swagger I&#39;m getting DataIntegrityViolationException
79049743,2024-10,4,GEN,Write String values in Writer object with Java 8 Stream
79049754,2024-10,2,VER,Swagger-Codegen and openapi-generator Cannot Unmarshall (map) XML Response to Java Object
79049758,2024-10,3,GEN,official highcharts json schema / type definition?
79146664,2024-11,4,GEN,I&#39;m having trouble understanding why IDEA shows the source file as .java
79146927,2024-11,1,VER,Hibernate Synchronization :- find() vs createQuery()
79146961,2024-11,1,VER,JPA transaction issued
79147071,2024-11,2,VER,Can I log structured Splunk event from Quarkus using Splunk HEC and Slf4j?
79147073,2024-11,3,GEN,"OpenAPI, yaml and enumAsRef: true"
79147162,2024-11,1,VER,Cannot run Junit tests under Intellij but can under maven within Intellij IDE
79147190,2024-11,3,GEN,"How can I fix the error using Java, Spring, Gemini AI, Google Cloud Vertex AI: Your default credentials were not found?"
79147417,2024-11,4,GEN,How to upload excel file to Azure blob storage immediately after after preparing it without saving it locally?
79147460,2024-11,1,VER,Why JdbcTemplate.batchUpdate() from spring-core 5.3.31 is comparitevely very slower than spring-core 4.2.9.RELEASE
79147629,2024-11,1,VER,How to map real-world coordinates on 2d grid environment for simulation?
79147657,2024-11,1,VER,"Spring boot app with old version, maven can&#39;t download old version"
79147710,2024-11,1,VER,Spring Boot project and React project integration problem
79147840,2024-11,3,GEN,Javax.naming.OperationNotSupportedException Ldap: error code 53 - 00002035
79147855,2024-11,2,VER,Selenium: Unable to find handler for (POST) session. How to connect to the Selenium Grid from the playwright (java) proj
79147948,2024-11,3,GEN,How to marshall List of List in JAXB
79148042,2024-11,2,VER,Best way to have second read-only db connection with Spring JDBC
79148108,2024-11,2,VER,Application Insights shows failures as if they are in the library and not in my application
79148331,2024-11,4,GEN,Anonymous classes can refer to inaccessible type in the signature of the supertypes?
79148552,2024-11,3,GEN,"In Notebook, what argument do I need to provide in the main method in java which contains the argument &quot;String args"
79148629,2024-11,4,GEN,Why is virtual thread on java is set as daemon?
79148645,2024-11,1,VER,AmbiguousResolutionException: WELD-001335: Ambiguous dependencies for type PersistenceProvider with qualifiers
79148750,2024-11,1,VER,cursor no longer showing matching bracket in Eclipse
79148799,2024-11,3,GEN,Whats the best way to test OpenAPI generated code with WireMock that runs on dynamic port?
79148832,2024-11,3,GEN,Why are my Java text boxes only holding the last number of an imputed array? (I am using a JFrame Form for the GUI)
79148922,2024-11,2,VER,Looking to perform HTTP POST from XSLT using either Java or .NET calls from Saxon
79148938,2024-11,3,GEN,apply an ArchUnit test to a class or method
79148976,2024-11,2,VER,Default config for Spring State Machine with JPA
79149089,2024-11,2,VER,Google Play Console warning &quot;Multiple clickable items share this location on the screen.&quot; for SupportMapFragme
79149306,2024-11,3,GEN,Enum class name is used instead of value
79149454,2024-11,4,GEN,java comparator sort with model array and another field
79149499,2024-11,2,VER,How to add dependencies with &quot;provided&quot; scope to classpath for VSCode
79149653,2024-11,3,GEN,How to have multiple ports on Quarkus?
79149676,2024-11,2,VER,How do I get an EmbeddingStore with langchain4j using
79150046,2024-11,4,GEN,Double checked locking pattern with final
79150159,2024-11,1,VER,How to use a PostgreSQL custom type as a nested POJO in jdbi?
79150236,2024-11,4,GEN,How to determine whether the following examples are definitely assigned?
79150318,2024-11,2,VER,Apache Beam DataflowRunner Split files into many
79150320,2024-11,2,VER,Burpsuite Java versions conflict
79150338,2024-11,1,VER,XmlValueOutOfRangeException when trying to open Apache POI XSSFWorkbook
79150355,2024-11,4,GEN,How to interact with concurrent collections from Kotlin?
79150360,2024-11,2,VER,How to create a Specification that would match data from Postgres varchar[]
79150408,2024-11,4,GEN,AtomicStampedReference#compareAndSet performing checks sequentially using logical connectives
79150457,2024-11,1,VER,Facing the error &quot;entityManagerFactory&quot; while creating the demo spring boot application
79150475,2024-11,4,GEN,Is there a difference between blocking the platform thread vs pinning in virtual thread?
79150482,2024-11,3,GEN,How to convert String to date range
79150734,2024-11,2,VER,Infinispan - Spring Boot 3.2.5 Integration javax.transaction error
79150745,2024-11,1,VER,Quarkus Swagger UI Hibernate Delete Request to PostgreDB fail silently
79150772,2024-11,1,VER,"Java: ProcessBuilder with psql command, ProcessBuilder with kubectl port-forward, won&#39;t connect to the database. Sam"
79150791,2024-11,1,VER,How to debug GWT?
79150970,2024-11,1,VER,Failed to execute goal org.apache.maven.plugins:maven-compiler-plugin:3.13.0:compile (default-compile) on project: Compi
79151186,2024-11,3,GEN,"Java - Jackson - How to deserialize the random XML as a String value of Map&lt;String,String&gt; then serialize it as it"
79151189,2024-11,1,VER,Difference in debug and regular Java serialization in VS Code
79151204,2024-11,4,GEN,How does Java handle input characters in this program? What buffer looks like?
79151376,2024-11,2,VER,Static Resources are not being served in Spring Boot
79151635,2024-11,4,GEN,Newer easier ways to interact with the console in Java 25+? What is IO.println() &amp; IO.readln()?
79151876,2024-11,3,GEN,Converting zlib related python code to java
79151972,2024-11,3,GEN,Alter table showing errors in JDBC programs
79152007,2024-11,2,VER,How to find there are 570 banks in the list using Playwright
79152144,2024-11,1,VER,Firebase Phone authentication test num working but real phone num showing [BILLING_NOT_ENABLED]
79152444,2024-11,4,GEN,How to create a blinking effect in JavaFX using CSS?
79152465,2024-11,1,VER,Uploading image using API but getting broken image each time
79152520,2024-11,3,GEN,How to put Microprofile / OpenAPI annotations into interface for generating Swagger-file while keeping source-code clean
79152743,2024-11,2,VER,built-in Spring Security authorization form
79152745,2024-11,3,GEN,Uni-directional OneToOne mapping in entity with primary key side
79152809,2024-11,1,VER,Trying to implement OpenID Connect with Keycloak but I always get &quot;Invalid client&quot; or &quot;Invalid client cre
79152879,2024-11,1,VER,Digital Signature of Hash (HMACSHA256) in Java using SHA256 algorithm &amp; Pkcs1 RSA signature padding didn&#39;t match
79152894,2024-11,2,VER,Jackson Deserializer not triggered
79152920,2024-11,2,VER,Maven cannot resolve a kotlin library of .knm files
79152977,2024-11,1,VER,Hibernate and UNNEST - Memory leak over time due to cache
79153053,2024-11,1,VER,Maven failed to build the jar file due to Java version mismatching
79153070,2024-11,3,GEN,How to mitigate bloat metaspace with Lombok&#39;s @Tostring and @EqualsAndHashCode
79153240,2024-11,2,VER,Failed to uninstall Java on Mac OS : XPC connection error
79153257,2024-11,3,GEN,How to pass private key to the JsonWebSignature?
79153448,2024-11,1,VER,Running KSP to replace Kapt in android project
79153477,2024-11,3,GEN,Default RoutePolicy in Apache Camel
79153494,2024-11,1,VER,Stripe subscription not updating to ACTIVE after payment
79153567,2024-11,1,VER,vs-code java fails to find jar in local repository
79153650,2024-11,1,VER,OpenGL textrenderer doesn&#39;t display English Latin letters
79154136,2024-11,2,VER,Query dynamic fields from DB with requested fields on GraphQL query
79154250,2024-11,2,VER,How to Set Up WebSocket Support in Dropwizard 4 with Jetty 11?
79154274,2024-11,2,VER,Fatal Exception: android.util.SuperNotCalledException
79154566,2024-11,2,VER,Cannot find custom to_timestamp SQL Function after Spring Boot 3.2.0 upgrade
79154844,2024-11,4,GEN,Parse number with regexp
79154926,2024-11,1,VER,openapi generated service always gives me a null filter
79155111,2024-11,3,GEN,What are the Zoho SDKs for Java?
79155179,2024-11,2,VER,Library using sfl4j not following log42.xml configurations
79155372,2024-11,4,GEN,What are the methods for optimizing bytecode in Android&#39;s DX tool?
79155378,2024-11,1,VER,nullpointerexception inside java.xml after kryo serialization
79155420,2024-11,3,GEN,Completable Future with Executor for handling Exceptions only
79155616,2024-11,2,VER,How to fetch YouTube tags using search YouTube VideoId API call?
79155682,2024-11,2,VER,Some languages ​are not displayed correctly in java swing
79155700,2024-11,3,GEN,Custom generic enum converter for mongodb in java
79155728,2024-11,2,VER,java.lang.UnsupportedOperationException: Cannot project java.time.Instant to java.time.OffsetDateTime
79155750,2024-11,2,VER,org.hibernate.exception.SQLGrammarException: could not extract ResultSet Caused by: java.sql.SQLSyntaxErrorException: OR
79155905,2024-11,3,GEN,SFTP client with key authentication with passphrase using Apache MINA?
79156106,2024-11,3,GEN,How to play animations from a .glb file with sceneform?
79156246,2024-11,2,VER,How put bypass the local connection with the ChromeWebDriver if I haven&#39;t the IP but only an url?
79156282,2024-11,3,GEN,How to Solve Law of Demeter Violation in Java Records?
79156288,2024-11,1,VER,Spring @Scheduled Ran Multiple Times
79156510,2024-11,2,VER,HTTP 404 response from KeycloakBuilder java
79240778,2024-12,3,GEN,Row-Level Locking for Concurrent Processing in Java
79240927,2024-12,3,GEN,Dynamic SQL clause with SQL IN operator
79241027,2024-12,4,GEN,SimpleDateFormat working on Non-English Locale(Nepali or Devnagari)
79241531,2024-12,3,GEN,How to batch transaction in Java Neo4J API using CALL { } IN TRANSACTIONS?
79241538,2024-12,1,VER,How do i solve this error Object optimistic locking failure exception in java
79241654,2024-12,1,VER,Failing JWT Authentication in spring with async requests
79241715,2024-12,1,VER,OkHttp first call to execute method returns unreadable characters
79241725,2024-12,3,GEN,How to Enable Keyboard Navigation in a Non-Focusable JPopupMenu in Java Swing?
79241838,2024-12,2,VER,How to handle frequently changing group counts?
79241883,2024-12,2,VER,How to show more items in DatePicker Android?
79242026,2024-12,1,VER,Error in updating client list in server UI FXML
79242045,2024-12,3,GEN,Read password protected .doc file with Java
79242062,2024-12,2,VER,IntelliJ IDEA getter template Optional return value not output
79242110,2024-12,4,GEN,Regex for replacing chars that appear two times or more in java
79242206,2024-12,2,VER,How to show border with double line and alpha color in JavaFX WebView / WebKit?
79242258,2024-12,1,VER,How can I make sure that a String variable is set before the panel switch?
79242264,2024-12,2,VER,How can I teleport a player to the Nether?
79242282,2024-12,1,VER,I can not login via using Spring Security form login
79242435,2024-12,3,GEN,Database Connection using OAuth2 Token
79242512,2024-12,3,GEN,How can you build a URI in Java that has a path segment fully URL encoded?
79242659,2024-12,3,GEN,Springboot Oauth2 Principal object
79242966,2024-12,1,VER,I am trying to create UI framework using selenium java but facing issue in initiating webdriver not sure whether this is
79243113,2024-12,3,GEN,How to Run Liquibase Updates Programmatically in Version 4.29 with Rollback Support?
79243178,2024-12,2,VER,"Snakeyaml loadAll, modify data, then dumpAll"
79243302,2024-12,3,GEN,How to persist entities in @ManyToMany relationship with @EmbeddedId
79243495,2024-12,1,VER,java.lang.LinkageError: loader constraint violation in interface itable initialization for class org.slf4j.helpers.Basic
79243520,2024-12,1,VER,Getting 403 Forbidden from Cloudflare when accessing FlightRadar24 API using Java RestTemplate
79243543,2024-12,1,VER,Why does the AudioRecord output only zeros?
79243566,2024-12,3,GEN,How to configure RequestLog for multiple webappcontext in jetty12
79243672,2024-12,1,VER,Tomcat fails to start due to error in tomcat-users.xml configuration
79244010,2024-12,3,GEN,Can Mockito actually mock the deep inner function return?
79244033,2024-12,3,GEN,How to get the name=value pairs of all loaded properties files in a SpringBoot application
79244078,2024-12,3,GEN,Is there openapi generator for java that can generate a specific endpoint and related components from a large specificat
79244149,2024-12,1,VER,Input Field value passed by using selenium disappears
79244189,2024-12,3,GEN,How to convert format to java properly
79244216,2024-12,1,VER,Log4j2 RollingFile configuration is not working with efs ( elastic file system ) for SizeBasedTriggeringPolicy policy
79244232,2024-12,2,VER,Questions about how to collect modules
79244233,2024-12,3,GEN,How to document custom APIs in a Keycloak extension using Swagger/OpenAPI?
79244239,2024-12,3,GEN,How to use agent-embedder-maven-plugin to add javaagent for tests in a spring-boot project
79244322,2024-12,1,VER,Spring auto redirect to auth/login but l want redirect to successful.html how l fix it
79244357,2024-12,4,GEN,What are the alternatives to SecurityManager for sandboxing untrusted code in Java?
79244404,2024-12,1,VER,Making database work with a Dockerized Java Spring application
79244407,2024-12,1,VER,Liquibase update stuck on &quot;Executing on Database: database url&quot;
79244514,2024-12,4,GEN,"Define a object to be unique in a Set, irrespective of order of List elements within the given object"
79244551,2024-12,4,GEN,How to set up a java module to run directly (not via a .jar file) without having to specify a main class
79244572,2024-12,3,GEN,How to stop service&#39;s process when service has been stopped?
79244591,2024-12,1,VER,SLF4J doesn&#39;t find provider from logback-classic on vertx
79244614,2024-12,3,GEN,Use Web View with Android Automotive?
79244810,2024-12,1,VER,Spark Driver out of memory due to communication with executors
79244924,2024-12,1,VER,ObjectMapper truncates strings in Map
79244969,2024-12,3,GEN,"Calling a Spring Controller that has a @RequestPart parameter of type HashMap&lt;FilesUploadEnum, MultipartFile&gt;"
79245187,2024-12,3,GEN,Cucumber (Java) - Converting Checked Exceptions to Runtime Exceptions - Is this a good idea?
79245217,2024-12,3,GEN,Jaxb get Root Element which validated an XML against a multiple Root Elements XSD
79245223,2024-12,1,VER,Maven is not picking up environment variables from `.env` file when trying to compile Quarkus project
79245240,2024-12,1,VER,Java Swing: User typing text - inserting it in the middle of a sentence: The problem is the cursor jumps to the end afte
79245296,2024-12,2,VER,How do I intercept a logging method before its argument is passed in?
79245302,2024-12,1,VER,java.lang.IllegalArgumentException: A null comparator has been passed to RowSorter using &lt;display:table&gt; in JSP
79245309,2024-12,3,GEN,Automate debug java with rlwrap
79245354,2024-12,4,GEN,Why isn&#39;t the condition Integer.class.isAssignableFrom(getGenericClass()) working correctly in my Java code?
79245397,2024-12,3,GEN,How to add text to a PDF without significantly Increasing filesize?
79245556,2024-12,1,VER,Trying to start tomcat 9 and receiving org.apache.catalina.LifecycleException
79245854,2024-12,1,VER,How to get FirmwareVersionPreferenceController.java from Android
79245882,2024-12,4,GEN,"Is there a way to annotate methods to run before or after all classes annotated with @Nested, but not before or after ea"
79245913,2024-12,2,VER,Gatling check status saveAs function doesn&#39;t work with multiple status check
79246081,2024-12,1,VER,elasticsearch Dependency failed to fetch from repo maven - maven project
79246685,2024-12,3,GEN,How to Ensure Date Cells in Excel Default to &quot;Date&quot; Format Instead of &quot;Custom&quot; When Generated with A
79246714,2024-12,2,VER,SonarLint not picking up exception throwing inside &quot;instance initializer block&quot; of an anonymous class
79246920,2024-12,4,GEN,How to sort price values containing $ symbols
79247045,2024-12,3,GEN,How can I merge table column cells in a .docx table created using Apache POI
79247068,2024-12,1,VER,Elasticsearch 8.13 headers
79247108,2024-12,4,GEN,Spring Boot doesn&#39;t fail if 2 same beans are defined
79247522,2024-12,1,VER,Unable to build the project with opentelementery extention
79247526,2024-12,1,VER,Maven is unable to find the org.testng package in my project
79247629,2024-12,3,GEN,How to scale a sequential source in dataflow / beam?
79247661,2024-12,2,VER,How to fix DOCTYPE is disallowed when the feature &quot;http://apache.org/xml/features/disallow-doctype-decl&quot; set t
79247709,2024-12,2,VER,Mockmvc.perform with ContentType application/json but then makes request using application/json;charset=UTF8
79247713,2024-12,1,VER,Wildfly 34.0.1 deployment error: Required services that are not installed:&quot; =&gt; [&quot;jboss.naming.context.java.
79247718,2024-12,2,VER,Trying to read Split Zip File throws ZipException in zip4j
79247820,2024-12,1,VER,Why am I getting &#39;package does not exist&#39; error even though the module and path are correct?
79247998,2024-12,1,VER,VisualVM not listing my JBOSS Java application
79248115,2024-12,4,GEN,How can I define a vararg with three types in Java?
79248123,2024-12,1,VER,"Wildfly, Arquillian Remote: Unknown service name jmx"
79248262,2024-12,1,VER,kafka-streams does not add the right kafka-clients dependency
79248270,2024-12,4,GEN,How to get the code to display scanner input numbers as output?
79248355,2024-12,2,VER,Unable to find definition of mvc:cors
79248393,2024-12,1,VER,A WebSocket frame was sent with an unrecognised opCode of [7]] Angular | Spring boot
79248418,2024-12,1,VER,TestNG not showing in run configurations
79248517,2024-12,1,VER,"Flutter and Aandroid Studio build error, how can i solve this?"
79248520,2024-12,1,VER,Gemini Api in Android: Field &#39;license&#39; is required for type with serial name
79248574,2024-12,1,VER,Flutter Doctor Error: Android Toolchain error- can not execute to determine the version
79248720,2024-12,3,GEN,How to deal with protected methods while writing unit tests with JUnit
79248766,2024-12,1,VER,SpringBoot 3.3.6 @ConfigurationProperties injecting a null object into constructor
79248894,2024-12,2,VER,Optimizing plots with millions of points in jfreecharts
79248995,2024-12,3,GEN,Are there any algorithms that allow quick/efficient lookup of hexes based on location on a large subdivided hex/pentagon
79249180,2024-12,2,VER,"How to create Map&lt;String, Enum&gt; property field in Spring Boot with . and / symbols?"
79249406,2024-12,4,GEN,Is it possible to find the average of a group of numbers and return the index of the number furthest from the average wi
79249489,2024-12,4,GEN,build a date based on given day of month
79249595,2024-12,4,GEN,Convert floating-point value to cyclic range?
79249844,2024-12,1,VER,Need to make a partition method for a quicksort class
79249848,2024-12,3,GEN,How to use list of pairs as parameters for a query in postgres
79321014,2025-01,1,VER,Read data into an arraylist
79321072,2025-01,1,VER,When deploying application java.lang.IllegalArgumentException: [javax.sql.DataSource] is not an allowed property value t
79321241,2025-01,0,VER,Android Emulator Not running Properly
79321397,2025-01,2,VER,Execute JSP containing JavaScript in background
79321417,2025-01,0,VER,Command not executing when initiating sale in Android USB serial communication
79321693,2025-01,2,VER,Encrypt a string with Java for decryption using PHP
79321737,2025-01,3,GEN,Getting error while opening login page in the chrome browser in the Intellij
79321782,2025-01,2,VER,Update JTable after refresh and prevent the user from selecting a cell
79321809,2025-01,3,GEN,How to use dynamic table name in a spring repository
79321813,2025-01,3,GEN,exclude a property of a pojo used as key in caffeine cache in hashcode calculation
79322078,2025-01,4,GEN,How to change Run window background color?
79322105,2025-01,1,VER,Why are Lombok getters and setters not found when compiling on my Windows computer?
79322122,2025-01,1,VER,Lombok getters and setters can&#39;t be accessed on Tests Files
79322178,2025-01,1,VER,Kafka Schema Registry failed to connect to Kafka Broker (Testcontainers)
79322392,2025-01,3,GEN,How to use Secondary Value in a Spinner
79322574,2025-01,4,GEN,How to set default request params in Spring so that I don&#39;t have to hardcode the defaults?
79322923,2025-01,3,GEN,"Module was compiled with an incompatible version of Kotlin. The binary version of its metadata is 1.8.0, expected versio"
79322983,2025-01,1,VER,Not able to store key in .jks file.I am using AES 256 algorithm and GCM mode
79323170,2025-01,2,VER,Tika Lib detects wrong media type of Excel generated with Aspose Lib
79323308,2025-01,1,VER,Quarkus kafka consumers stop consuming when processing message for too long
79323374,2025-01,1,VER,Hibernate TimeZone Normalization Issue: Incorrect Offset for Specific DateTime Entries in MySQL
79323541,2025-01,1,VER,Spark Java structured streaming dataset filter
79323850,2025-01,3,GEN,Overriding Maven output JAR with a pre-built JAR
79323974,2025-01,2,VER,Azure RAG App: Inconsistent Query Results Using JSON Array Parsing with Azure Cognitive Search
79324117,2025-01,3,GEN,How to add Map Struct Processor without remove other processor paths?
79324130,2025-01,3,GEN,How to enable NFC-based read/write communication between two Android 14 devices
79324224,2025-01,1,VER,Android Google SignIn getCredentialAsync unrecognized
79324305,2025-01,4,GEN,Why is XMLEventReader not AutoClosable (try-with-resources)
79324331,2025-01,2,VER,How to convert a BsonDocument to a given java class object?
79324581,2025-01,3,GEN,Spring Pass request scope beans to child threads
79324593,2025-01,2,VER,How do I fix &quot;ambiguous overload&quot; when using Hibernate with Scala?
79324720,2025-01,4,GEN,"access a lable on a Javafx page from app.java, complete newbie"
79325076,2025-01,1,VER,"I&#39;m having trouble with running my dockerBulidNative, Micronaut and Java"
79325130,2025-01,4,GEN,Why is Firestore not mapping a field of type private?
79325211,2025-01,4,GEN,How to use floating TabPane in JavaFX?
79325298,2025-01,1,VER,Spring Boot Test Annotations Not Importing After Maven Update
79325313,2025-01,3,GEN,Can we mix Enterprise Integration Pattern and Hexagonal architecture
79325815,2025-01,3,GEN,Spring Boot&#39;s application.proprerties: Can I use server.ssl.key-store and SSLBundle spring.ssl.bundle.jks.mybundle.k
79325870,2025-01,3,GEN,How can I load and render a thousand of pages or a big file when I make the PDF to a buffered image?
79325971,2025-01,2,VER,Android - Cannot access constructor of ResolutionStrategy
79326091,2025-01,3,GEN,How to add ProGuard rule for a thrid party java file android studio?
79326116,2025-01,3,GEN,How to manage circular dependency when creating DTO&#39;s for my entity
79326134,2025-01,1,VER,failing to connect to gmail with imap protocol using oauth2
79326151,2025-01,2,VER,Unreacheable code in Java/SpringBoot Application when using mongoTemplate
79326161,2025-01,3,GEN,How to calculate total time process took in Java reactive
79326207,2025-01,2,VER,Java driver keeps reconnecting to old Cassandra pod IPs but pods have new IPs after restart
79326296,2025-01,3,GEN,Search API - Restful Design - Passing List in the Request
79326477,2025-01,1,VER,Missing class GradleWorkerMain
79326494,2025-01,3,GEN,why the kubernetes pod OOMKill when using eclipse-temurin 21
79326623,2025-01,3,GEN,Error after updating logback to version ^1.5.13
79326761,2025-01,1,VER,Android app closes unexpectedly when sharing via Intent in Fragment (no crash log)
79326783,2025-01,1,VER,Unresolved Reference Error in Android Studio
79326788,2025-01,1,VER,why am i getting this error java.lang.AssertionError: JSON path &quot;$&quot; Expected: a collection with size &lt;3&gt;
79326821,2025-01,3,GEN,Trouble sharing schemas between schemas when converting from avdl to avsc
79326933,2025-01,4,GEN,Use of MySQL8Dialect for MySQL 9.1.0 correct?
79327028,2025-01,4,GEN,How do I rename object field using @JsonProperty gracefully
79327114,2025-01,3,GEN,Use dev and prod profiles in Spring Boot?
79327123,2025-01,1,VER,Android Studio can&#39;t update Java version
79327288,2025-01,4,GEN,Cyclic dependencies between interfaces
79327330,2025-01,1,VER,Compatibility issue in Loki4jAppender for springboot java application
79327773,2025-01,4,GEN,How can I link an object to another object in Java?
79327777,2025-01,0,VER,"Is this a bug in the JVM, or in NASM?"
79327803,2025-01,1,VER,Getting FATAL: password authentication failed for user &quot;postgres&quot; in spring-boot project
79327826,2025-01,3,GEN,Android physical keyboard support for key press and hold
79327899,2025-01,2,VER,How to Use GraalVM to Execute JavaScript Code Making REST Calls Using Java?
79327978,2025-01,3,GEN,"Issue with java.awt.Robot KeyEvent for Special Characters (e.g., : and /)"
79328065,2025-01,2,VER,jOOQ transaction does not work as expected
79328144,2025-01,1,VER,Java application unable to find ADC when Workload Identity is enabled on GKE cluster
79328386,2025-01,1,VER,Spring FileNotFoundException when accessing a file from another lab
79328517,2025-01,2,VER,XSLT 3.0 chained burst-streaming with saxon - memory consumption considerations
79328521,2025-01,1,VER,Windows java.io.EOFException error when trying to show spark dataframe
79328526,2025-01,3,GEN,Java - Implement @Component class dynmically
79328534,2025-01,3,GEN,How to configure asynchronous processors with StepBuilder in Spring batch v5.2
79328635,2025-01,1,VER,Reproduce NullPointerException on Stream.toList() method
79328778,2025-01,1,VER,i tried to get read edit manage storage in android java and output permission denied and not found in device setting
79328984,2025-01,3,GEN,"java.lang.reflect.field.set(obj,value) fails for applicationscoped"
79329335,2025-01,1,VER,Bluej throws SSLHandshakeException making http request
79329642,2025-01,4,GEN,How to write custom Spring Security PreAuthorize annotation
79329900,2025-01,1,VER,End point is not serving any response even though Spring boot application is up and running
79329914,2025-01,1,VER,Custom Recipe Parsing Error when developing mod with fabric in Minecraft 1.21.4
79329952,2025-01,1,VER,How can I improve my sound module in Java?
79329962,2025-01,0,VER,java.lang.NoClassDefFoundError: Could not initialize class org.apache.spark.SparkThrowableHelper$
79330208,2025-01,1,VER,"Difficulty Embedding ICC Profile into PDF Using PDFBox, iText, and Ghostscrip"
79330309,2025-01,1,VER,class is not initialized in the default constructor
79330401,2025-01,2,VER,Spring Boot: org.hibernate.StaleObjectStateException - Row was updated or deleted by another transaction
79330598,2025-01,0,VER,How to fix unrecognised architecture com.github.fommil.jni?
79330734,2025-01,2,VER,Cannot retrieve trace ID in Spring Cloud Gateway GlobalFilter (Brave + Zipkin)
79331029,2025-01,3,GEN,Optimizing query execution for handling duplicate customer IDs
79331109,2025-01,1,VER,CLASS_NOT_FOUND issue with Loki4jAppender
79331175,2025-01,2,VER,"I&#39;m trying to generate a number of buttons in a grid using a for loop, but to my surprise, it&#39;s generating a ran"
79331360,2025-01,1,VER,&quot;Actor Name [user] is not Unique&quot; when calling `ActorSystem.create`
79331404,2025-01,1,VER,S3 Access Fails in Deployed Elastic Beanstalk Java Application Despite Correct IAM Role and Region
79331406,2025-01,3,GEN,How to create custom JavaFX components using FXML without triggering &quot;this-escape&quot; warning?
79331423,2025-01,1,VER,BLE devices scanning - android
79331535,2025-01,2,VER,Android 14 access non-native file
79331556,2025-01,3,GEN,Could not resolve all artifacts for configuration &#39;classpath&#39;. requires at least JVM runtime version 17. This bu
79331643,2025-01,3,GEN,Why do I get &quot;[SQLITE_BUSY] The database file is locked&quot;?
79331736,2025-01,1,VER,Getting error with test method save() when I am testing CRUD repository
79331973,2025-01,3,GEN,credentials to the AWS SDK 1.12.780 for Java
79332100,2025-01,4,GEN,SetResultTransformer being deprecate in Hibernate 6
79404236,2025-02,2,VER,CXF XJC generation force List&lt;String&gt; to return null instead of empty list with JABX bindings
79404334,2025-02,2,VER,Getting hyperlink from Excel spreadsheet with Apache POI
79404512,2025-02,1,VER,EditText Not Visible in Emulator
79404517,2025-02,1,VER,Docx to Pdf conversion using docx4j produces an artifact in a numbered list
79404564,2025-02,3,GEN,Spring Boot @RequestBody Flags Snyk CSRF
79404596,2025-02,2,VER,Unable to decrypt data using PHP which is encrypted with Java
79404696,2025-02,3,GEN,Access parent config properties when autowiring child properties
79404720,2025-02,1,VER,"Text drag and drop not working from Chromium browser to Java application on Linux, works with Firefox"
79404774,2025-02,1,VER,Authentication troubles using Google Drive Java sdk
79404856,2025-02,1,VER,Gradle not detecting Java 21 after update – how to fix?
79404889,2025-02,1,VER,Child module CHILD_MODULE_NAME of POM_LOCATION&gt;pom.xml does not exist
79404956,2025-02,1,VER,Eclipse Form designer: &#39;FormToolKit has been disposed&#39; error
79404974,2025-02,1,VER,"ClassNotFoundException using JAXB with Jakarta, what am i doing wrong?"
79405377,2025-02,1,VER,"JAVI + API security certificates mangament... Certificates signatures, Java Keysore, etc"
79405403,2025-02,2,VER,How to integrate Logback with Keycloak SPI to log specific events using SLF4J markers?
79405535,2025-02,3,GEN,"Why does my file have race conditions, even though I used StandardOpenOption.SYNC?"
79405547,2025-02,3,GEN,Switch Between 3 Tabs Using Selenium WebDriver with Java
79405897,2025-02,3,GEN,java scanner weird double read() call while using custom inputStream that has modifiable buffer
79406010,2025-02,3,GEN,How to log data after the DB is committed for sure
79406034,2025-02,2,VER,Junit test failing
79406079,2025-02,1,VER,Eclipse RCP when opening OLE (word) the main bar menu disappears. how to avoid it?
79406081,2025-02,3,GEN,How to fix this POM file to make one fat jar?
79406159,2025-02,1,VER,Warning: Dependant package with key emulator not found! when trying to install SDK tools and build-tools on ARM processo
79406193,2025-02,2,VER,How to access @Unique field using @Accessor in Minecraft Modding Fabric 1.20.1?
79406247,2025-02,2,VER,413 request entity too large Spring Boot
79406542,2025-02,1,VER,Load time weaving from one application that contains the aspects unto another application/s that contains the target met
79406559,2025-02,4,GEN,Difference between Google AOSS Java Packages vs Maven Java Packages
79406585,2025-02,2,VER,create an Exe combining Spring and OpenJFX
79406706,2025-02,3,GEN,Multi-Tenant Spring boot web application
79406799,2025-02,3,GEN,Deserialising a complex object
79406890,2025-02,2,VER,"JavaFX application doesn&#39;t work as Runnable JAR, only runs with non end-user-friendly methods"
79407144,2025-02,2,VER,JPA/Hibernate not updating the database after calling delete
79407158,2025-02,4,GEN,Should I always use SERIAL or INTEGER with manually set sequence with Hibernate GenerationType.IDENTITY strategy?
79407223,2025-02,3,GEN,How to put a custom annotation on path variable in openApi
79407314,2025-02,2,VER,Setting browser specific capabilities using Browserstack SDK
79407441,2025-02,3,GEN,Realtime generation of audio to write to `SourceDataLine`
79407470,2025-02,4,GEN,How to get the currently selected application from Windows in Java
79407600,2025-02,3,GEN,How efficient is the below BFS implementation?
79407671,2025-02,2,VER,Bouncy Castle GeneralName creation failing with &quot;argument type mismatch&quot; in CFML
79407945,2025-02,2,VER,4-Sum algorithm failing with duplicate values in Java
79407970,2025-02,4,GEN,Is DateTimeFormatter missing ofYearMonth() method?
79408100,2025-02,1,VER,Hibernate SessionFactory creation failed: org.hibernate.MappingException: Could not create DynamicParameterizedType for 
79408107,2025-02,3,GEN,Gradle Build Failed: NullPointerException in error_prone_annotations-2.36.0.jar during Dexing
79408247,2025-02,3,GEN,How to find specific branch details only using version of the jar?
79408249,2025-02,1,VER,OpenTelemetry Dynatrace: SEVERE: Failed to export spans. The request could not be executed. Full error message: Canceled
79408379,2025-02,3,GEN,Persistent Atomic Counter in multi-threaded environment
79408469,2025-02,3,GEN,given binary string flip a segment to get maximum ones
79408484,2025-02,3,GEN,How to use Jackson&#39;s JsonNodeFeature STRIP_TRAILING_BIGDECIMAL_ZEROES
79408555,2025-02,2,VER,Reset ByteBuddy modified classes between Spring Boot integration tests
79408725,2025-02,2,VER,Record.from(POJO) seems to ignore a field
79408823,2025-02,1,VER,Java PageFormat not working for Custom Paper size
79408963,2025-02,1,VER,Launching app on boot in android not working after update
79409007,2025-02,1,VER,How to stop Kafka AdminClient reconnect retries?
79409180,2025-02,3,GEN,Set custom Status for a Discord Bot Using JDA
79409209,2025-02,4,GEN,How do I get the Java11+ HttpClient to drop the Authorization header when following redirects?
79409322,2025-02,4,GEN,Java Keystore Private Key validity date requirement
79409383,2025-02,2,VER,Apache ORC buffer size too small
79409419,2025-02,2,VER,Converting PDF to TIFF for Faxing
79409442,2025-02,1,VER,Grails Version Update from 4.0.2 to 6.2.3: Getting unable to find valid certification path to requested target
79409475,2025-02,2,VER,Eclipse TextMergeViewer not showing content?
79409476,2025-02,2,VER,Issue with `refresh` after upgrading from Hibernate 5 to 6
79409574,2025-02,3,GEN,How to fix Fortify &quot;Access Control: Database&quot; false positive for a query method?
79409584,2025-02,3,GEN,How to implement thread pool without ExecutorService
79409620,2025-02,1,VER,insecure_skip_verify is not considered: unknown certificate authority
79409628,2025-02,1,VER,AWS Secrets Manager SDK Java 2.x with Redhat Fuse 7.13
79409797,2025-02,4,GEN,Why doesn’t setting a linked list node&#39;s next pointer to null also affect the node it was pointing to?
79409854,2025-02,2,VER,How to use different authentication methods for different paths using Spring Security
79410034,2025-02,1,VER,Junit tests (debug mode) not running on wsl
79410050,2025-02,2,VER,Java Azure Function App Blob Trigger – Memory Not Released After Invocation
79410240,2025-02,4,GEN,Is there an algorithm for shuffling objects in an array randomly WITHOUT utilizing Lists and Collections
79410282,2025-02,2,VER,H2 database is not available in my spring app
79410330,2025-02,4,GEN,Final variables &quot;might not have been initialized&quot; in a multiple-constructor class
79410361,2025-02,3,GEN,How to run Windows command prompt when you open a JAR file
79410370,2025-02,3,GEN,Kafka Streams KTable-KTable foreign key join emits null even if right side is empty
79410421,2025-02,1,VER,Unable to Permanently Set JAVA_HOME and PATH in Podman Container for Flink 1.20.0 with JDK 17
79410521,2025-02,3,GEN,Foreign key yo to @TenantId in JPA spring boot
79410641,2025-02,1,VER,Flutter can not run
79410653,2025-02,2,VER,issue on Automatically starting the android application after the update
79410669,2025-02,3,GEN,How I send animated sticker in whatsapp from my custom keyboard
79410673,2025-02,3,GEN,Using RegisterExtension to manage external resource in JUnit 5 Suite class
79410872,2025-02,3,GEN,How to upgrade Jetty Client dependency in Kafka Connect Runtime?
79410926,2025-02,2,VER,How to fix: could not resolve io.confluent:kafka-avro-serializer:7.8.0
79410948,2025-02,1,VER,Maven Plugins Error and manual installation of m2 folder
79410970,2025-02,4,GEN,What is replacement of getTypeName() in DIalect class of Hibernate
79411123,2025-02,2,VER,Jersey client connection reuse with chunked gzip response
79411284,2025-02,4,GEN,Why does i += ++i result in 1 in Java?
79411404,2025-02,1,VER,Java DatagramSocket not receiving DatagramPacket (eg. Oracle QuoteServer/-Client)
79411524,2025-02,2,VER,CryptoJS.AES.encrypt() and Java AES encryption producing different results
79411623,2025-02,3,GEN,Active MQ / Camel - setting the durable client ID
79411660,2025-02,1,VER,How to Connect to GridDB Cloud from a Remote Java Application?
79411681,2025-02,2,VER,Tapestry RadioGroup with radio button in loop
79411726,2025-02,3,GEN,How to map Neo4j nodes to Java POJOs without annotations on model classes
79411745,2025-02,4,GEN,Polymorphism and abstract classes in Java
79411750,2025-02,4,GEN,Multiple virtual threads on a single platform thread
79411897,2025-02,2,VER,&quot;Detached entity passed to persist&quot; immediately after saving
79411918,2025-02,2,VER,Delombok Xtext Configuration error: cannot find symbol
79411928,2025-02,1,VER,Geotools OGR plugin - UnsatisfiedLinkError (ogrjni or gdalalljni)
79411940,2025-02,3,GEN,Managing ThreadPool and Connection Pool sizes with CompletableFuture for concurrent third-party API calls
79411982,2025-02,2,VER,Lombok generated getters and setters are accessible but don&#39;t work
79412064,2025-02,3,GEN,@Bean method &#39;someBean&#39; must not be declared as autowired; remove the method-level @Autowired annotation
79477051,2025-03,1,VER,Mocking Object Initialization In a Spring Webflux Asynchronous Call
79477185,2025-03,1,VER,java.sql.SQLSyntaxErrorException: Unknown column &#39;u1_0.UserId&#39; in field list&#39; after springboot upgrade to 3
79477387,2025-03,2,VER,VScode not letting Java code run that has no connection with other files(with compile errors)
79477380,2025-03,3,GEN,aws secrets from spring boot application
79477430,2025-03,1,VER,Radom pagination with Spring Boot threw exception [org.springframework.dao.InvalidDataAccessApiUsageException]
79477484,2025-03,1,VER,PHP Socket fails to read server response
79477582,2025-03,1,VER,"I am trying to create table via liquibase, spring boot application and h2 database"
79477644,2025-03,3,GEN,Interpreting Java Classfile API verify error
79477656,2025-03,2,VER,Longest palindrome length algorithm finding incorrect length for long strings
79477671,2025-03,2,VER,Solr Data Import from S3 with Base64 File Retrieval: How to Configure Solr to Access File Data via UUID and File Type
79477878,2025-03,4,GEN,Java example: Why can a function in this w3schools example run when it is not defined?
79477963,2025-03,2,VER,"Java combining async and separate threads, slow performance"
79478015,2025-03,1,VER,Open telemetry enabling in spring boot apache camel : getting trace_id=00000000000000000000000000000000 span_id=00000000
79478261,2025-03,1,VER,JavaFX FXML LoadException: ClassNotFoundException for FontAwesomeIconView
79478420,2025-03,1,VER,Sprites stored in another file not being drawn to SpriteBatch
79478539,2025-03,1,VER,Android application building fails after upgrading bouncycastle from 1.76 to 1.78
79478713,2025-03,3,GEN,Disable inferSchema for JDBC connections
79478825,2025-03,3,GEN,APNG Generation with Java
79479039,2025-03,2,VER,Logging not working with sl4j annotation even if it is in my dependency tree
79479061,2025-03,1,VER,Maven dependency identically with the NuGet package
79479072,2025-03,2,VER,Serilialize with thrift to a file performance problem
79479196,2025-03,2,VER,Why is Thymeleaf&#39;s map lookup returning true always?
79479200,2025-03,3,GEN,identify retried message with spring kafka producer
79479244,2025-03,1,VER,Execution failed for task &#39;:app:mapDebugSourceSetPaths&#39;. Cannot access input property &#39;localResources&#39; o
79479251,2025-03,2,VER,Using UPDATE queries in JPA
79479304,2025-03,2,VER,Spring Boot @OneToOne bidirectional relationship lazy loading does not work
79479501,2025-03,1,VER,AWS sdk 2 does not return from &quot;.join()&quot; that is called on the completable future on PutObject when uploading 
79479572,2025-03,3,GEN,"I want to create a transparent window through JavaFX and make it only show images, but it doesn&#39;t work"
79479609,2025-03,2,VER,Java 21 spring-boot application running on IntelliJ is failing to run on Tomcat 10.x and 11.x
79479743,2025-03,2,VER,How to map bytea to String in Hibernate 6.6
79479747,2025-03,4,GEN,"Java String.lastIndexOf(str, index) is out of my understanding"
79479811,2025-03,0,VER,New ui Intellij Idea freezes while running tests
79480015,2025-03,2,VER,Oracle database - invalid identifier (that is not even part of the SQL query)
79480069,2025-03,3,GEN,How to reset DB after each test class in Testcontainers?
79480155,2025-03,2,VER,Why does it run twice when using @EnableScheduling and @Scheduled?
79480236,2025-03,1,VER,LazyInitializationException: id to load is required for loading
79480277,2025-03,1,VER,Logging is not working. Logs are not written into file
79480304,2025-03,2,VER,Custom GraphQLSchema with CodeRegistry DataFetchers Lost When Converting to SDL in Spring Boot
79480363,2025-03,2,VER,Setting RowSorter only once in Java Swing JTable
79480378,2025-03,3,GEN,Safe to Cast when method depends on higher level interface
79480524,2025-03,2,VER,IntelliJ IDEA asks me to update gradle
79480935,2025-03,3,GEN,How can I bind to same endpoint on Windows?
79480956,2025-03,2,VER,"Should I add direct indexes on GUID columns or RAWTOHEX forms, when I&#39;m interacting database from Hibernate?"
79480979,2025-03,2,VER,Spring Framework DefaultResourceLoader behavior
79481148,2025-03,1,VER,RecycleView with Swipe Gestures: Content is not Returning to its Original Position when I Interact with Another Item
79481250,2025-03,3,GEN,How to simplify writing postgres querys with jdbctemplate?
79481322,2025-03,1,VER,Android Kotlin AES/GCM Decryption javax.crypto.AEADBadTagException
79481554,2025-03,3,GEN,Remove Json Prefix in Response from particular API Spring boot
79481569,2025-03,1,VER,Tryed to fetch and get error with CORS or empty response
79481594,2025-03,3,GEN,How to set a JavaFX window on top of other windows of all apps
79481714,2025-03,2,VER,1 of 6 branches missing issue using Jacoco
79481876,2025-03,4,GEN,ScheduledExecutorService doesn&#39;t work in “try with resources” block
79481922,2025-03,3,GEN,How to specify &quot;search_pipeline&quot; with the OpenSearch Java Client?
79482249,2025-03,1,VER,Issue passing a pem certificate (multi line string) retrieved from Vault to SpringBoot application.yml
79482292,2025-03,4,GEN,Class level instantiation vs constructor or init block
79482322,2025-03,1,VER,Trying to Generate JavaDocs document for JavaFX code
79482409,2025-03,4,GEN,Avoiding null attributes in records
79482464,2025-03,4,GEN,How can I assign a varible to an output in java?
79482719,2025-03,3,GEN,How to Remove H2 Dependency from Spring Batch 5?
79482740,2025-03,4,GEN,How to correctly print array elements in Java after taking user input?
79482742,2025-03,2,VER,Padding text with Latin and foreign characters Java
79482827,2025-03,3,GEN,Unable to perform Jackson deserialisation for boolean and int
79482828,2025-03,3,GEN,Attach finally logic to CompletableFuture
79482979,2025-03,1,VER,PGP Issue : org.bouncycastle.crypto.InvalidCipherTextException: block incorrect
79483063,2025-03,3,GEN,How to pass multiple parameter from view to controller using @PathVariable?
79483087,2025-03,3,GEN,Workaround using third party lib with reference to parent-pom that I don&#39;t have access to?
79483096,2025-03,1,VER,Crash when reading trailers in chunked and compressed http response using apache http5 client
79483174,2025-03,2,VER,JwtRequestFilter throws Unable to proxy interface-implementing method
79483183,2025-03,3,GEN,Getting JSON from URL (from API that need an authentication token) SPRING
79483508,2025-03,3,GEN,Jackson Recursive Parsing into Map or List
79483706,2025-03,3,GEN,Criteria api JSON field condition
79483776,2025-03,1,VER,Why is my .evaluate function returning no value? Java DOM parsing using Xpath
79483779,2025-03,2,VER,I cloned the Guava project and attempted to run the unit tests locally with JDK 11. Why do I encounter a java.lang.Unsup
79483896,2025-03,2,VER,run firebase emulator in spring boot test
79483900,2025-03,2,VER,I get no HTML Code in an IFrame with page.content() in Playwright
79483926,2025-03,3,GEN,convert.ConverterNotFoundException: No converter found capable [@annotation.RequestParam com.example.MyQueryParameters] 
79483950,2025-03,1,VER,ConnectSDK-Lite: mergeDebugResources error when building
79484159,2025-03,3,GEN,Read complex CSV having custom delimiter and insert into database using PreparedStatement in java
79484202,2025-03,1,VER,Mockito: How to make a method return a List?
79484205,2025-03,3,GEN,How can I use SNAPSHOT isolation level with Spring
79484215,2025-03,1,VER,ClassNotFoundException: com.microsoft.azure.sdk.iot.deps.util.Base64
79484550,2025-03,1,VER,Installing Bndtool (3.0.0) in Eclipse Mars 1 (4.5.1)
79484567,2025-03,1,VER,SpringBoot - sending email throught smtp jakarta
79484594,2025-03,3,GEN,Fetch records from table and perform insert/update on the other table
79484637,2025-03,3,GEN,Docker Build Fails: &quot;Failed to Resolve Metadata for maven:3.8.6-openjdk-21-jdk&quot;
79484651,2025-03,2,VER,How to print the User-Agent header when using java.net.URL
79484704,2025-03,1,VER,Open request for CloudMediaProvider not routed to my onOpenMedia()—instead FileNotFoundException thrown
79484739,2025-03,3,GEN,In Temporal how do I do run an activity after I return a value?
79484897,2025-03,2,VER,Android C to Java SWIG unable to compile: incompatible types: byte cannot be converted to SWIGTYPE_p_uint8_t
79485075,2025-03,1,VER,Test throws Cannot fetch credentials from container even after providing StaticCredentialsProvider
79485108,2025-03,2,VER,How to pull historical data from AmbientWeather
79485236,2025-03,3,GEN,How to sort a list of object by two fields when the first field is a date but of string type and the second field is a p
79485240,2025-03,2,VER,java-jmeter-dsl forEachController samplers set to be executed independently in sequence
79485683,2025-03,3,GEN,JMS: IBM MQ - using setConnectionNameList to configure multiple MQ Connections
79485769,2025-03,2,VER,Spring boot - Tomcat 10.1 - WebdavServlet is readonly
79485793,2025-03,3,GEN,How can we pass long xml message as a command line argument in Java?
79485829,2025-03,3,GEN,Maven deploy some specify project with command
79485849,2025-03,3,GEN,Why does my WebClient response return null for generic types in Spring WebFlux?
79485862,2025-03,1,VER,JavaFX WebView doesn&#39;t show SSRS web page
79485994,2025-03,1,VER,"Maven build fails, but Eclipse shows no errors"
79547485,2025-04,2,VER,JTextArea has wrong number of columns
79547532,2025-04,0,VER,BLE transfer to Electronic Shelf Label
79547673,2025-04,3,GEN,Prevent the software keyboard from appearing in Android
79547770,2025-04,4,GEN,How to retrieve individual arrays from arrays of strings stored inside an ArrayList?
79547889,2025-04,2,VER,Error creating bean with name &#39;bigQueryTemplate&#39; defined in class path resource
79547960,2025-04,1,VER,"Intellij + Spring + Cucumber: A method annotated with Before, After, BeforeStep or AfterStep must have one of these sign"
79547965,2025-04,1,VER,TUICallKit Crashes with &quot;No implementation found for void com.tencent.liteav.base.Log.nativeWriteLogToNative&quot; 
79548027,2025-04,1,VER,Tapestry bean with Around aspect class loading problem
79548047,2025-04,3,GEN,Methods not available for compile-time Java version
79548163,2025-04,2,VER,org.springframework.orm.ObjectOptimisticLockingFailureException While Saving in Kotlin
79548196,2025-04,3,GEN,How can I use streams for reading logs from Azure container instance?
79548394,2025-04,3,GEN,error: cannot find symbol .antMatcher(&quot;/**&quot;)
79548672,2025-04,1,VER,Why Flink States in rocksdb are not retaining from checkpoints after a runtime failure?
79548721,2025-04,2,VER,Exception when using timeout on transaction
79548836,2025-04,3,GEN,How to show cursor in TextField with selected text in JavaFX?
79548883,2025-04,3,GEN,Swagger OffsetDateTime wrong format representation
79548911,2025-04,3,GEN,Showing differences between non-matching strings using assertJ
79548974,2025-04,4,GEN,Explain the code in Cell that cancels edit on focus loss in JavaFX
79549082,2025-04,1,VER,GluonFX NoClassDefFoundError
79549084,2025-04,2,VER,Custom OncePerRequestFilter reads empty request body – why is the body already consumed?
79549107,2025-04,1,VER,Custom Spark JdbcDialect is not used in cluster mode
79549337,2025-04,3,GEN,False success-message due to race conditions and eventual consistency caused by cqrs with event sourcing
79549341,2025-04,3,GEN,Failed to parse multipart servlet request - the request was rejected because no multipart boundary was found
79549351,2025-04,1,VER,JAXB ClassNotFoundException even though the dependencies are available
79549379,2025-04,1,VER,Unable to read polymorphic types with Morphia with or without the default discriminator
79549433,2025-04,3,GEN,Android RTL print canvas layout
79549524,2025-04,2,VER,Use SQL Server temporary tables on a JDBC connection from Apache tomcat connection pool?
79549557,2025-04,3,GEN,@Scheduled to skip if fixedRateString is not present
79549898,2025-04,3,GEN,How to change output time format in AssertThat
79549949,2025-04,2,VER,How to properly get output from shell cmd in Java?
79550037,2025-04,2,VER,NoClassDefFoundError: Failed resolution of: Lkotlin/enums/EnumEntriesKt
79550077,2025-04,3,GEN,AWS MQTT Client sdk v2 java using IAM credentials
79550128,2025-04,1,VER,Intermittent &quot;Error parsing HTTP request header&quot; when calling API in Spring Boot 2.7.4
79550246,2025-04,4,GEN,"android java:create a file txt on a sd mount,not on internal sd,how to do?"
79550305,2025-04,4,GEN,Cyclomatic Complexity between deeply nested if statements and multiple separated if-conditions
79550450,2025-04,1,VER,MalformedURLException: unknown protocol: nested for spark-submit
79550456,2025-04,1,VER,Cucumber java integration tests are running twice in Intellij
79550468,2025-04,4,GEN,Not able to parse P10YT10M ISO-8601 duration string in java
79550505,2025-04,1,VER,JAXBException: Class Not Recognized in Java 17 Spring (Non-Boot) with Apache CXF
79550515,2025-04,2,VER,Jsoup 1.19.1 StreamParser duplicating hrefs in a valid html documents
79550566,2025-04,2,VER,Quarkus Hibernate ORM creates flawed associative table when two entities with @OneToMany relations extend the same Paren
79550691,2025-04,2,VER,How to Use select new in Blaze-Persistence with unionAll?
79550809,2025-04,3,GEN,How can I tell Maven Spring Boot to ignore prehistoric MANIFEST.MF&#39;s Class-Path entries?
79551050,2025-04,3,GEN,Flink Scheduled JDBC Source
79551075,2025-04,3,GEN,grpc-spring-boot-starter method for Authentication
79551092,2025-04,2,VER,How to implement unconstrained delegation?
79551123,2025-04,1,VER,How to fill in a frame of Blocks with a right click? Spigot Java
79551224,2025-04,2,VER,Simulating keypress in java running in linux to change keyboard layout
79551257,2025-04,3,GEN,Efficiently build a large array with MethodHandles
79551331,2025-04,3,GEN,How can I detect the age recommendation for accessing a certain website?
79551351,2025-04,3,GEN,How to read dependencies in Quarkus (maven)
79551420,2025-04,1,VER,mvn deploy:deploy on an existing correct jar results in corrupt jar in artifactory
79551555,2025-04,2,VER,Macos Unsupported class file major version 68 when building a React Native app
79551636,2025-04,4,GEN,Java different method resolution when using generics
79551666,2025-04,4,GEN,Proper way to handle JOINS with CrudRepository REST
79551748,2025-04,3,GEN,Set RTL in one Layout but not in others in the same app?
79551871,2025-04,4,GEN,How would I get a timer to continuously move the car after pressing the start button
79551901,2025-04,2,VER,GLSL ERROR: Linking vertex stage: Missing entry point: Each stage requires one entry point
79551907,2025-04,3,GEN,Why does my custom ClassLoader implementation cause deadlock between threads?
79551909,2025-04,3,GEN,How to implement conditions on choco-solver?
79551950,2025-04,4,GEN,Any way to stub multiple methods to return the same thing
79552018,2025-04,1,VER,Hibernate generate wrong SQL query
79552173,2025-04,4,GEN,Rebuild kafka Container after each change
79552191,2025-04,3,GEN,Cancel running task on separate thread when user clicks on cancel button
79552217,2025-04,2,VER,JUnit not recognized in VS Code anymore after reopening project (no green triangle icons)
79552351,2025-04,3,GEN,Create runnable jar with without repackaging dependencies
79552436,2025-04,3,GEN,How to customize the &quot;413 Payload Too Large&quot; response in Quarkus with multipart/form-data requests?
79552554,2025-04,4,GEN,A way to use variable without reassigning inside if block
79552904,2025-04,2,VER,Lettuce: AWS Elasticache: JSON MGET behaviour
79552934,2025-04,3,GEN,Jackson XML &amp; JSON serialization of enum with value
79553098,2025-04,2,VER,How can i get the Yaw Pitch and Roll values from the Camera Pose of the ARCore?
79553179,2025-04,3,GEN,Why doesn&#39;t INET_NTOA work in ColumnTransformer?
79553204,2025-04,2,VER,A Star Algorithm not finding single complete path
79553328,2025-04,1,VER,Error initializing database using Quarkus
79553344,2025-04,1,VER,"While executing script to execute a query, getting can&#39;t read &quot;1207&quot;: no such variable"
79553363,2025-04,4,GEN,Increased memory consumption due to String Constant Pool behavior after upgrading from Java 17 to Java 21
79553464,2025-04,3,GEN,How to sort a column by data from another column in JTable
79553668,2025-04,4,GEN,How to ensure an iterator with a read lock will unlock even if it doesn&#39;t finish?
79553740,2025-04,3,GEN,Tracing per endpoint using Spring Boot and micrometer
79553806,2025-04,2,VER,Error: &quot;Mapped superclass &#39;BaseClass&#39; may not specify a @Table&quot; when using only orm.xml mapping (no an
79553827,2025-04,2,VER,Why @Encode annotation isn&#39;t applied to multiple parameters at Controller level?
79553828,2025-04,1,VER,Apache Activemq classic scheduled send seems to be bugged with Spring Boot JMS
79553840,2025-04,1,VER,"Why isn&#39;t my website working? I load the servlet, and it loads incorrectly in Eclipse"
79553927,2025-04,2,VER,"@SqlResultSetMapping, getting org.springframework.orm.jpa.JpaSystemException: Could not resolve specified result-set map"
79553955,2025-04,3,GEN,"How to create server-side menus in Minecraft that render entities (like the horse menu) but with custom mobs (e.g., a ra"
79554186,2025-04,3,GEN,"Can&#39;t run JavafX Jar file Error: JavaFX runtime components are missing, and are required to run this application"
79554231,2025-04,3,GEN,Multiple beans in context - how to dynamically select based on config?
79554266,2025-04,4,GEN,How do I set a final hashcode value in a Java Record
79554383,2025-04,3,GEN,Retrieve a single task status elastic search
79554425,2025-04,3,GEN,Map object using @Query and nativeQuery = true in Spring Boot 3.4.3
79554436,2025-04,3,GEN,Trying to add stubs in a loop and getting a Mockito exception: Incorrect use of API detected here
79554442,2025-04,1,VER,Spring Boot JWT httponly cookie doesn&#39;t work in chrome
79554582,2025-04,1,VER,Grammar and spelling mistake corrector in Java using NLP
79554781,2025-04,3,GEN,Why &#39;libs&#39; is not available in the conventions plugin gradle kotlin?
79554788,2025-04,3,GEN,How do I implement an automatic error logger that handles both uncaught and caught (caught in try catch block) exception
79554836,2025-04,3,GEN,Map flat Entity to List with Mapstruct
79554882,2025-04,1,VER,Spring Boot JDBC Distributed Locking Not Working
79555003,2025-04,2,VER,How to configure language server to support JavaFX?
79555036,2025-04,1,VER,Early(?) Triggering of Flink&#39;s Event Time Windows and Non-Deterministic Results
79555043,2025-04,3,GEN,Why Is My Key Listener Not Working (Java)
79601351,2025-05,1,VER,LWJGL cannot use glGenVertexArrays()
79601363,2025-05,3,GEN,Does Quarkus automatically convert environment variables to the application.properties format?
79601864,2025-05,1,VER,SQLException: Column (courthouseid) not found in any table in the query (or SLV is undefined) on composite-id field
79601953,2025-05,2,VER,Java Process.waitFor() does not wait
79602052,2025-05,2,VER,&quot;org.springframework.beans.factory.BeanDefinitionStoreException: Failed to read candidate component class:&quot; Wh
79602097,2025-05,2,VER,How to solve IDEA&#39;s null check on arrays?
79602264,2025-05,1,VER,Upgrading from ojdbc8 to ojdbc17 causes error when trying to query a date field
79602286,2025-05,3,GEN,What is the right way of aborting an HTTP request?
79602474,2025-05,1,VER,EditText multi-line / enter key does not work with OpenGL NativeActivity
79602552,2025-05,3,GEN,Run a Gradle build on one machine and use it on another machine that doesn&#39;t have internet access. How to copy gradl
79602620,2025-05,1,VER,Optimistic locking does not work in Hibernate
79602663,2025-05,1,VER,In Spring.AI 1.0.0-SnapShot Why am I getting Unknown parameter: &#39;response_format.schema
79602755,2025-05,3,GEN,What is the usage of aspose-words-25.4.pom?
79602763,2025-05,3,GEN,"Does this DFS approach for detecting cycles in a directed graph work correctly, or are there hidden issues?"
79602806,2025-05,1,VER,&quot;No property named &quot;category.id&quot; exists in source parameter(s). Type &quot;Product&quot; has no propertie
79602883,2025-05,2,VER,Hibernate won&#39;t generate SQLite table with autoincrement PK
79602936,2025-05,4,GEN,&quot;Too many open files&quot; after 1 month runtime
79602955,2025-05,1,VER,File size increases by 40% during multipart upload in Quarkus (images/XLSX only)
79602957,2025-05,2,VER,Disable Raylib-J log messages
79603270,2025-05,3,GEN,How can I replace value of column in TableView with image using JavafX
79603303,2025-05,4,GEN,How can I process elements in reverse order across different collection types?
79603330,2025-05,1,VER,jagged line with drawLine() using Java AWT
79603355,2025-05,4,GEN,The problem with Georgian language in javafx.scene.web.WebView
79603409,2025-05,1,VER,Problem with displaying image sent through Spring Boot EmailService on Gmail
79603453,2025-05,4,GEN,Return-type contravariance in Java
79603892,2025-05,3,GEN,How can I prevent HSSFWorkbook from embedding my username in the Excel file?
79603907,2025-05,1,VER,slf4j 2.x with logback is not working in OSGI eclipse based application
79604041,2025-05,3,GEN,How to add one interval to reduce the number of separate groups?
79604591,2025-05,3,GEN,How to mock a final class with mockito-core &gt; 5.2.0 and without mockito-inline?
79604792,2025-05,2,VER,Keyboard appears on top of EditText (cannot see what I am writing)
79604888,2025-05,1,VER,Mapstruct doesn&#39;t generate the mapping code
79604904,2025-05,1,VER,Application not selecting rows from sharded db
79604953,2025-05,2,VER,java.lang.ClassNotFoundException: org.apache.hc.client5.http.ssl.TlsSocketStrategy when using docker-java API 3.5.0
79605387,2025-05,2,VER,Jackson inheritence deserialize causing infinite loop
79605646,2025-05,3,GEN,Storing thread specific variables using ExecutorService
79605654,2025-05,1,VER,Gmail API HTML message with UTF-8 character-set extended characters
79605769,2025-05,1,VER,"Java code running in JDK 17, the fieldClass.getDeclaredFields() method returns empty even added --add-opens=java.base/ja"
79605854,2025-05,3,GEN,Find relative date and time based distance between 2 dates using java date-time
79605945,2025-05,1,VER,Java SSLSocket Bad Performance (How to optimize)
79605952,2025-05,1,VER,Cannot apply library properties in Spring Boot application
79606097,2025-05,3,GEN,Trying to print a 2D array where every odd number is random
79606289,2025-05,2,VER,@Cacheable not working in SpringBoot project
79606301,2025-05,1,VER,Does running parallel and async together cause errors in java?
79606347,2025-05,1,VER,Error trying to send an email with BootSpring Email
79606426,2025-05,3,GEN,Lombok @Getter and @Setter not recognized in Maven test — &#39;cannot find symbol&#39; error
79606504,2025-05,3,GEN,Kafka Performance Issue
79606583,2025-05,4,GEN,How can I prevent SQL injection in my code?
79606751,2025-05,1,VER,"Apache POI `4.1.2` PowerPoint file corrupt on open, worked with Apache POI `3.17`"
79606913,2025-05,3,GEN,Receiving Data Too Long for column
79606978,2025-05,2,VER,trying to implement google sign in from firebase authentication in android studio. the code from the assistant doesnt ma
79606993,2025-05,2,VER,Spring JpaRepository auto incrementes id instead of using the on i set
79606996,2025-05,1,VER,How to recognize and solve a possible conflict between mapstruct and lombok processors in intellij community
79607140,2025-05,1,VER,Driver Version not being recognized - Selenium and Microsoft Edge
79607184,2025-05,1,VER,drools decision tables and Factory returning null
79607354,2025-05,1,VER,Java 2D game: cat down animation not rendering while moving down
79607359,2025-05,1,VER,Unable to render definition: Please indicate valid Swagger or OpenAPI version field. Supported version fields are swagge
79607419,2025-05,2,VER,Button not clickable due to overlap with stackpane
79607483,2025-05,4,GEN,"Extending a Java Map, and dealing with return type of entrySet"
79607523,2025-05,1,VER,micrometer-registry-prometheus not showing exemplars
79607569,2025-05,1,VER,Statically compile Groovy DelegatingScript with delegated object containing method with closure
79607698,2025-05,3,GEN,Mapstruct - Mapping nested objects having array?
79607831,2025-05,1,VER,JDBC is removing part of my query when I run it in Java but it works in my SQL editor
79607853,2025-05,1,VER,SQL Trigger cancelling batch insert
79608011,2025-05,3,GEN,How/where to use @Valid in Spring Functional Endpoints
79608038,2025-05,1,VER,Failed to start Kraft controller in K8s
79608148,2025-05,1,VER,AWS Open Search Not updating complete chain of events using updatebyQuery
79608191,2025-05,1,VER,How can I show images in Angular from MySQL?
79608304,2025-05,2,VER,Display html file on JEditorPane in swing java
79608356,2025-05,3,GEN,How to initialise list in class diagram?
79608439,2025-05,1,VER,Kafka java client not honouring logging configuration
79608464,2025-05,2,VER,Azure SDK for Java - IllegalStateException for missing HttpClient provider when initializing BlobContainerClient
79608533,2025-05,1,VER,external pdf signing with pdfbox 2.0.34 - The document has been altered or corrupted since the Signature was applied
79608559,2025-05,3,GEN,How to reduce the height of a JPanel used as a header in Java Swing?
79608645,2025-05,2,VER,Spring Authorization Server ~ How to unregister default AuthenticationProviders
79608664,2025-05,1,VER,run docker-compose up database unitialized error
79608747,2025-05,3,GEN,Creating gradle plugin using maven
79608848,2025-05,1,VER,Spring Boot 3.4.1 failed to start while migrating form 2.x
79608857,2025-05,2,VER,How should I set up a JPanel to display with white space?
79608899,2025-05,1,VER,Drools upgrade spreadsheet issue
79608910,2025-05,3,GEN,How to get XmlEnumValue in gson conversions?
79609126,2025-05,2,VER,Turkish characters are corrupted when reading ISO-8859-1 CSV file with Java InputStream
79609210,2025-05,1,VER,Aws cross-account backup copy and restoration failing due to insufficient privileges
79609224,2025-05,2,VER,AWS conflict between aws.java.sdk.core and aws.java.sdk.s3 JDK 21
79609312,2025-05,1,VER,Spring security 403 forbidden in login via roles
79609378,2025-05,1,VER,Java socket client receives outdated serialized object despite server sending updated version
79609481,2025-05,3,GEN,Spring @Retryable annotation -- why trying to recover on unmentioned exceptions?
79609581,2025-05,1,VER,Element is not interactable through selenium automation
79609643,2025-05,3,GEN,What Row class is returned when Apache Beam BigtableIO is used?
79609706,2025-05,2,VER,Unable to package Log4j2 in maven project
79609788,2025-05,3,GEN,Name of the Constructor(in java) denoting it&#39;s name or its return type of the user defined type we created?
79609890,2025-05,2,VER,jaxb generated java class needs same element name as in xsd
79609951,2025-05,4,GEN,Separate the integer part from the decimal part of a real number entered from the keyboard in Java
79609979,2025-05,2,VER,Spark - ReadStream Kafka-Events and delete entries in my S3 bucket based on attributes in Kafka-Event
79609999,2025-05,1,VER,Thymeleaf form does not bind content field to model object (content cannot be null)
79610079,2025-05,3,GEN,Common parent of DefaultMutableTreeNode collection
79610145,2025-05,4,GEN,How to generate Lombok-annotated POJO models with validation from OpenAPI YAML using openapi-generator-cli?
79610310,2025-05,1,VER,com.hazelcast.client.AuthenticationException: Authentication failed
79610326,2025-05,1,VER,Spring application is not finding the JSP file and giving /error mapping
79610470,2025-05,2,VER,How to test a microservice architecture with a real database and real HTTP calls?
79610563,2025-05,2,VER,One of the buttons in LinearLayout is not created programmatically
79647508,2025-06,1,VER,macos /bin/java: Permission denied
79647617,2025-06,3,GEN,"How to apply multi-tenant filtering (e.g., hospitalId) using Hibernate filters with Spring Data JPA in the same database"
79647618,2025-06,2,VER,Is there a way to display a scaled BufferedImage that looks identical to a full-resolution Robot screencapture?
79647740,2025-06,2,VER,How can we make @TenantId as part of composite primary key in spring boot jpa
79647745,2025-06,3,GEN,Expired JWT accepted in Spring Boot test
79647830,2025-06,4,GEN,Ignore IntelliJ warning &quot;closeable used without &#39;try&#39;-with-resources statement&quot;
79647835,2025-06,3,GEN,Asserting against DB state in Spring Boot integration test
79647993,2025-06,1,VER,Android onLocationChanged() callback not working when the screen is off
79648379,2025-06,1,VER,JAXB XJC encoding UTF-8 -&gt; Unicode problem
79648440,2025-06,1,VER,Why is my Java Spring application taking 5+ minutes to startup?
79648504,2025-06,3,GEN,How do I set the SystemId for an XSLT stylesheet in memory
79648506,2025-06,3,GEN,JScrollPane auto scroll to bottom using JEditorPane but remains to top using JTextField
79648628,2025-06,4,GEN,How to change the status bar color?
79648661,2025-06,3,GEN,How to use Java 22+ FFM API to get Start Menu and Desktop location via Windows API?
79650167,2025-06,3,GEN,Unable to create new folder inside src/main/java in IntelliJ IDEA when folder is marked as Sources Root
79650278,2025-06,1,VER,Why does table.deleteItem(primaryKey) behave differently when using with DynamoDBLocal vs aws-sdk (actual dynamoDb table
79650431,2025-06,4,GEN,How do I type a TAB character in jshell?
79650471,2025-06,1,VER,Flutter - Migration problem after downloading latest Android Studio
79650492,2025-06,2,VER,"How can I reference the attributes (x, y, height, width) of widgets from other fragments?"
79650558,2025-06,1,VER,How to fix Execution failed for task &#39;:app:compileDebugKotlin&#39;
79650629,2025-06,1,VER,Can&#39;t get Spring Boot to use a custom login page
79650880,2025-06,1,VER,Performance nosedive on Swing updates
79650937,2025-06,1,VER,How to remove @（Implicit intersection operator） while writing Excel formula by Java poi
79651086,2025-06,1,VER,Spring AliasFor throwing exception org.springframework.core.annotation.AnnotationConfigurationException when the attribu
79651345,2025-06,3,GEN,How to get specific vertices based on some filter using OrientDB Document API?
79651455,2025-06,1,VER,How to handle NoSuchFileException while saving images in to mySQL with SpringBoot
79651571,2025-06,3,GEN,Presenting a link to request to the next page in Spring controller
79651604,2025-06,3,GEN,Import Kotlin class with public in the package name in a Java project
79651869,2025-06,2,VER,How to design a Java project to enable dynamic class loading based on the api version
79651895,2025-06,1,VER,Unable to deploy jar on liberty 3.7.1 despite successful build; RC=24
79652238,2025-06,4,GEN,Why does parsing with this DateTimeFormatter throw an exception?
79652435,2025-06,3,GEN,How to execute Quartz jobs in virtual threads
79652458,2025-06,2,VER,How to efficiently search inherited entities with JOINED strategy in JPA (Person or Organization as Partner)
79652553,2025-06,3,GEN,Asserting Mono completion softly
79652575,2025-06,1,VER,Using a custom DNS resolver not resolving for Type.ANY
79652697,2025-06,2,VER,Error using Datastax SchemaBuilder for creating Cassandra table in Java
79652709,2025-06,3,GEN,How to find which NIC &amp; IP was used for an http Query
79652927,2025-06,4,GEN,Why does using instanceof pattern matching on a record field with a switch expression in the same method cause a java.la
79652931,2025-06,3,GEN,Spring cloud stream with Java 11
79652978,2025-06,4,GEN,How do I increase the height (thickness) of each row item in a ListView?
79653049,2025-06,3,GEN,How to find where the version of org.apache.maven dependencies is set?
79653263,2025-06,2,VER,Android TextView Marquee: How to Control Scroll Speed? ObjectAnimator Alternative Text Cutting
79653396,2025-06,1,VER,Annotation based code generation fails compilation before code is generated
79653420,2025-06,1,VER,InvalidDataAccessResourceUsage Error during .mvnw/ clean verify
79653469,2025-06,3,GEN,Asynchronous processing using virtual threads and @Async annotation
79653501,2025-06,2,VER,How do I download JNativeHook correctly in Eclipse IDE?
79653543,2025-06,3,GEN,Facing issues with DynamoDB Dax - Incorrect client builder
79653546,2025-06,2,VER,Get discount amount on items which are not in the cart
79653583,2025-06,4,GEN,How can I display an output of numbers in two rows?
79653621,2025-06,2,VER,Is there a way to add a grading category when creating coursework using the Google Classroom API?
79653623,2025-06,2,VER,Java 21 JMX: InvalidClassException when passing Instant as a parameter
79653693,2025-06,1,VER,Spring Data JPA - Transaction silently rolled back when saving TaskHistory with Task relationship
79653768,2025-06,3,GEN,Postgres empty varchar as null instead of empty string in Spring Data JPA
79653919,2025-06,3,GEN,JPA many to many relation always updates the one side
79653969,2025-06,1,VER,Mule 4.9 JMS appender error: Modules javax.jms.api and jakarta.jms.api export package javax.jms to module org.eclipse.si
79654044,2025-06,1,VER,Flutter project problems: Unsupported class file major version 65
79654101,2025-06,2,VER,Can I reshuffle the order of messages in RMQ?
79654247,2025-06,3,GEN,Mock Java constructors while testing Java-code
79654282,2025-06,2,VER,Is it compatible MatrixParams in SWAGGER UI with JAXRS annotations?
79654352,2025-06,3,GEN,Deserializing Json and XML in one enum
79654460,2025-06,1,VER,No suitable HttpMessageConverter found for response type
79654632,2025-06,3,GEN,Spring Boot @ConditionalOnProperty value in array
79654720,2025-06,2,VER,How to check if GetGoogleIdOption has not available google accounts?
79654831,2025-06,2,VER,Spring boot connection pool size with custom datasource
79654877,2025-06,2,VER,Status Bar Color Ignores android:statusBarColor and Java Override in Material Design 3 (Android Studio Meerkat 2024.3.2)
79654920,2025-06,2,VER,Android Service field that seems to be modified outside of code
79655144,2025-06,3,GEN,Does Transactional on READ_COMMITTED prevent two requests from overwriting each others changes?
79655335,2025-06,1,VER,Cordova Android app is getting a compile Gradle error
79655450,2025-06,2,VER,Why does my child entity not persist @ManyToOne relations properly in Spring Boot?
79655474,2025-06,2,VER,How to Customize Validation for Built-in Annotations in Spring
79655549,2025-06,1,VER,Spring Boot Admin: Tons of timeouts
79655641,2025-06,4,GEN,Why can&#39;t I affect List&lt;ConcreteClass&gt; to a variable of type List&lt;Interface&gt;?
79655689,2025-06,1,VER,How to ensure file system is updated when modifying files on a USB drive
79655830,2025-06,2,VER,Set Quarkus rest-client timeout for different rest clients
79656131,2025-06,1,VER,JSchException: Authentication failure
79656346,2025-06,3,GEN,Long term behavior of ScheduledExecutorService.scheduleAtFixedRate when tasks run too long
79656551,2025-06,4,GEN,How do I get auto generated id in hibernate 7?
79656710,2025-06,1,VER,Grpc netty always establishing TLS1.2 even if configured TLS1.3 in ssl context in both server and client
79656754,2025-06,1,VER,How to load SLF4J-API and Password4j in Oracle 23ai free?
79657132,2025-06,4,GEN,What does AWS mean when they say that there are scalability issues with Checked Exceptions?
79657160,2025-06,2,VER,Playing media in the background and stop it when needed
79657177,2025-06,3,GEN,How to properly implement manual findById in Quarkus PanacheEntity when extending PanacheEntityBase?
79657223,2025-06,3,GEN,"Is there a way to run Eclipse clean up without using the GUI, aka in headless mode?"
79657242,2025-06,4,GEN,What is the real unit of measurement for Font in JavaFX?
79657497,2025-06,1,VER,Target debug_android_application failed (OS Error The process cannot access the file because it is being used by another
79657643,2025-06,2,VER,"ZeroEvenOdd problem with synchronized key, wait and notify"
79658072,2025-06,1,VER,I&#39;m trying to use Spring Tool Suite for TDD and I get this error while running code
79658102,2025-06,3,GEN,Kafka ConsumerRecordRecoverer with transaction
79658199,2025-06,3,GEN,How can I start a spring-boot application with an invalid Datasource?
79658222,2025-06,1,VER,Spring Boot Thymeleaf password reset flow returns 404 after clicking reset link
79658269,2025-06,1,VER,Using JNI library (libnfc) to use PN532 reader in the android application. Cannot build a 32-bit shared library for the 
79658400,2025-06,3,GEN,how to return Flux&lt;T&gt; as ResponseEntity in Spring Web Flux
79658449,2025-06,3,GEN,How do I insert a blob type using Mybatis?
79658660,2025-06,2,VER,Unable to convert ODT to PDF with xdocreport
79658685,2025-06,2,VER,Apache Camel not shutting down gracefully when an processor task within the route is still in progress
79658744,2025-06,1,VER,JAVA awt.print.PrinterJob setPrintable() is slow caused by sun.awt.windows.WPrinterjob.HandleRecord
79658878,2025-06,3,GEN,jayway.jsonpath:json-path is failing to filter objects with !=
79658920,2025-06,3,GEN,JComboBox CustomModel Generics Warning
79658974,2025-06,3,GEN,How to JUnit Test Asynchronous CompletableFuture.runAsync code?
79659022,2025-06,1,VER,minecraft fabric 1.21.5 mixin how to send message as Player
79685435,2025-07,1,VER,ForkJoinPool Using AppClassLoader + ClassNotFoundException
79685452,2025-07,3,GEN,How can I get the actual type from a generic type parameter
79685850,2025-07,2,VER,Does mapstruct support Kotlin classes generation?
79686067,2025-07,2,VER,Show global attribute at footer snippet
79686159,2025-07,1,VER,OracleAQ: JMS_OracleDelay settings
79686317,2025-07,1,VER,Error ODataError when creating msgraph subscription via msgraph java api
79686481,2025-07,3,GEN,Create an extra trace representing the &quot;time spent inside Kafka&quot; using Spring Kafka / OpenTelemetry
79686514,2025-07,2,VER,"How to send metrics to Prometheus using Spring Boot 3.5, Micrometer, using Pushgateway, i.e. without scraping"
79686539,2025-07,4,GEN,Does java compiler (javac) require JVM to compile the java code?
79686678,2025-07,3,GEN,Dispatching static methods on generic types
79686724,2025-07,2,VER,Spring @PropertySource Property resolution order differs by Java SDK version?
79686872,2025-07,3,GEN,Is there any way to view server certs that failed verification in Java?
79686911,2025-07,1,VER,Converting XML Signature to PKCS#7 and embedding into PDF results in &quot;Signature is invalid&quot; error in Adobe Rea
79686950,2025-07,3,GEN,How can I get Chrome debug or network logs using RemoteWebDriver in Selenium Grid? Console logs work locally but not fro
79687105,2025-07,4,GEN,When uninstalling IntelliJ Idea Community does it also delete downloaded Java SDK
79687121,2025-07,3,GEN,How to define Jackson `ObjectMapper` bean based on Spring Boot&#39;s auto configuration?
79687122,2025-07,1,VER,"Spring Boot 3.3 -&gt; 3.4 Upgrade, too many open files, possible cause?"
79687123,2025-07,3,GEN,"When using html2pdf to convert HTML to PDF, the CSS styles are lost"
79687132,2025-07,2,VER,hibernate 6.6 no longer throws PessimisticLockingFailureException
79687184,2025-07,4,GEN,Filter randomly fails to read cookie header unless logs are added
79687233,2025-07,1,VER,Connecting to Vertica DB via SSH Tunnel with PEM file using Java automation
79687356,2025-07,1,VER,Android D8 error after upgrading to SDK 35
79687365,2025-07,1,VER,Micronaut OpenAPI does not generate merged file using micronaut.openapi.additional.files from dependent module YAMLs
79687377,2025-07,1,VER,Install4j - generated executable after installing my app fails because of missing class
79687463,2025-07,4,GEN,How does spring kafka batch listener work?
79687527,2025-07,1,VER,Quarkus Hibernate ORM Panache - batching inserts not working
79687542,2025-07,1,VER,Getting NoClassDefFoundError on a defined class
79687580,2025-07,3,GEN,How to set frameOptions in SpringSecurity outside of FilterChain (for example with WebSecurityCustomizer)?
79687696,2025-07,1,VER,Oracle testcontainer is not starting in the pipeline
79687708,2025-07,1,VER,problem with strings.xml fom different language folder
79687806,2025-07,4,GEN,Redis cache consistency: how do you deal with it?
79687830,2025-07,4,GEN,How to inject map with list as value from properties file in Spring?
79688009,2025-07,3,GEN,N+1 Problem when trying to get full entity into a DTO
79688027,2025-07,1,VER,UnsatisfiedLinkError when trying to use Vosk for a Java Maven Project
79688301,2025-07,2,VER,MyBatis Dynamic SQL with PostgreSQL Throws Syntax Error When Certain Parameters Are Combined
79688355,2025-07,2,VER,Java: Calculating text width for different fonts on different operating systems with FontMetrics
79688452,2025-07,3,GEN,Making FEST ComponentFinder not throw if there&#39;s no match on find() call
79688622,2025-07,4,GEN,How to use streams to process chunks in JPA stream of records
79688755,2025-07,3,GEN,BasicRobot.robotWithCurrentAwtHierarchy() freezes indefinitely
79688783,2025-07,4,GEN,Why .publishOn() affects predecessing Mono.fromRunnable()?
79688837,2025-07,4,GEN,Start WinSW service on startup
79688856,2025-07,1,VER,Spring Boot 3 + Aspectj with Load Time Weaving = java.lang.NoSuchMethodError: aspectOf()
79689016,2025-07,1,VER,Database field error when launching SpringBoot integration tests with maven command (using PostgreSQLContainer)
79689066,2025-07,3,GEN,How to test for JDK - OpenJFX compatibility in a headless unit test?
79689096,2025-07,2,VER,hibernate.default_schema not resloved anymore when used in single quotes
79689168,2025-07,3,GEN,All hand cursors look the same in JavaFX
79689182,2025-07,2,VER,When using WebFluxLinkBuilder LocalDate is not encoded correctly
79689193,2025-07,3,GEN,Validating an Ed25519 public key (isOnCurve check) in Java
79689375,2025-07,4,GEN,Count maximum stable segments
79689378,2025-07,3,GEN,@ConfigurationProperties not working in test context but works in app
79689385,2025-07,1,VER,No-breaking space not correctly encoded in oracle via JDBC
79689426,2025-07,4,GEN,How can I truncate time to tenths of a second?
79689613,2025-07,1,VER,Azure SQL Android Studio AssertionError: numMsgsRcvd:1 should be less than numMsgsSent:1
79689698,2025-07,3,GEN,Why numbers are shown on my x-axis stackedcolumn instead of String?
79689706,2025-07,3,GEN,Query regarding event persistence and projection completion status check
79689766,2025-07,1,VER,i.g.h.client.impl.DefaultHttpClient - Failed to connect to remoteAddress=/XXXX from localAddress=null
79689779,2025-07,2,VER,How to set an image filename
79689893,2025-07,4,GEN,Is it possible to route Logback logging to SLF4J in a Log4j2-based project
79689899,2025-07,4,GEN,JAR file can not access to a given directory
79689947,2025-07,1,VER,How to solve error multiple tools with the same name in MCP
79690128,2025-07,3,GEN,Minecraft Plugin CustomModelData
79690169,2025-07,1,VER,Different maven version between intellij runner and console (WSL)
79690189,2025-07,4,GEN,How to setup OkHttp v5 with Maven?
79690194,2025-07,1,VER,Always getting false while reading a fields from Mysql
79690198,2025-07,2,VER,How to avoid extra blank space at the bottom of PDF output using headless Chrome and CDP in Java?
79690262,2025-07,2,VER,"Spring Boot JWT Auth Fails With &quot;Another algorithm expected, or no matching key(s) found&quot; Despite Matching HS5"
79690290,2025-07,4,GEN,Configure Jackson default deserialization subtype using `JsonMapper.Builder`
79690345,2025-07,3,GEN,Garbage collector or flag/option to force complete collection (no matter how long it takes)
79690486,2025-07,2,VER,Correct Url to contact selenium in a Kubernetes cluster
79690539,2025-07,3,GEN,How to use mix:shareable on Jackrabbit Oak?
79690591,2025-07,1,VER,Linux Chrome throws &quot;Could not start session. Response code 500&quot; with a valid AutoSelectCertificate JSON polic
79690827,2025-07,4,GEN,How to create a file only once when it&#39;s needed?
79691436,2025-07,1,VER,AndroidStudio library problem does not allow call to WindowCompat.enableEdgeToEdge()
79691525,2025-07,4,GEN,How to ensure I don&#39;t inadvertently depend on code only available in a more recent version of Java?
79691770,2025-07,1,VER,java.lang.NoClassDefFoundError at runtime for class of locally installed repo ONLY when called in JavaFX app
79691800,2025-07,3,GEN,Spring Boot java Error 415 with json body on rest controller
79691995,2025-07,1,VER,Minecraft lamp texture not texturing 1.19-41.1.0
79692009,2025-07,2,VER,Using JDK16+ unix domain socket support to connect to clamd randomly fails for the n-th connection (n &gt; 1) when using
79692017,2025-07,3,GEN,CXF Custom Class name
79692165,2025-07,1,VER,Setting up the validator gives errors Jersey
79692196,2025-07,4,GEN,Java Swing - How to convert insets to array?
79692344,2025-07,4,GEN,Selenium Java Actions vs Webelement.click()
79692366,2025-07,3,GEN,Can we just open an app or its activity made by us in android studio by dialing a specific code in dialer of the phone??
79692403,2025-07,4,GEN,Does cancelling a Future re-interrupt a thread?
79692458,2025-07,2,VER,Error Initialising Hibernate Validator Bean (Spring Boot 3.2.4)
79692605,2025-07,3,GEN,Create LocalControllerAdvice
79692607,2025-07,1,VER,Safari corrupts uploads when using HTTP/2 on Tomcat server
79692616,2025-07,2,VER,Cannot resolve rule/ruleset reference &#39;upstream.xml&#39;. Make sure the resource is a valid file or URL and is on th
79692685,2025-07,3,GEN,QuickFIX/J with Virtual Threads
79692690,2025-07,4,GEN,Debugging core Maven from IntelliJ IDEA
79692986,2025-07,4,GEN,Pushing GridBagLayout-managed components to one side
79692998,2025-07,1,VER,TLS 1.3 unexpected server socket close connection
79693118,2025-07,3,GEN,Convert Microsoft Word docx to html using Apache POI
79693206,2025-07,1,VER,How to give writable permission to a file in Dex File in Android Studio?
79693414,2025-07,3,GEN,Spring Boot 3.3: Import entities with Ids provided in a CSV file while having Id auto-generation for new entities?
79693769,2025-07,4,GEN,"My classes getters and setters are now prefix-less. But Spark isn&#39;t able to use their objects correctly, as if get a"
79693783,2025-07,4,GEN,Enums in Java: empty line with semicolon?
79693814,2025-07,3,GEN,Problem with formatting a cell to text in Excel
79693844,2025-07,3,GEN,How to configure ObjectMapper to deserialize java.sql.Timestamp?
79693927,2025-07,1,VER,Kotlin Script Execution Not Working in OSGI Environment
79721983,2025-08,1,VER,DeepSeekChatModel could not be found
79722159,2025-08,2,VER,Duplicate JTabbedPane tab
79722490,2025-08,1,VER,MPAndroid Chart: How to set up a scrollable horizontal barchart
79722503,2025-08,1,VER,POJO class retains old values during multiple test execution
79722792,2025-08,1,VER,How to show my maps website in JavaFX application using WebView?
79722917,2025-08,1,VER,Apache Flink: kafkaSource with idle works bad when connecting a broadcastStream
79722940,2025-08,1,VER,A collection with cascade=&quot;all-delete-orphan&quot; was no longer referenced by the owning entity instance: Procedur
79723065,2025-08,1,VER,Vaadin 23 Flow session not expiring when Spring Session JDBC session expires
79723081,2025-08,3,GEN,create/update main menu based on user&#39;s preferred language
79723164,2025-08,1,VER,Public swagger endpoints giving UNAUTHORIZED error in Spring Security
79723194,2025-08,3,GEN,How to enable Spring AI observability labels - spring.ai.tool.call.arguments?
79723272,2025-08,3,GEN,Lombok @RequiredArgsConstructor not working in VSCode — “restTemplate not initialized in default constructor”
79723280,2025-08,1,VER,WebLogic 12c Foreign Server fails to authenticate with WildFly 26 JMS: JMSSecurityException (Username: null)
79723409,2025-08,1,VER,Could not resolve androidx.activity:activity:1.2.3
79723677,2025-08,3,GEN,Repetitive ownership checks for nested resources in Spring Boot with JWT authentication
79724271,2025-08,1,VER,Use flattened pom for filtering resources
79724276,2025-08,3,GEN,"What is the robust pattern for releasing a shared ByteBuf written to multiple channels, especially with staggered writes"
79724288,2025-08,2,VER,Is there a way to refactor a Maven submodule&#39;s pom.xml to be completely &quot;standalone&quot; from its parent?
79724380,2025-08,2,VER,Intellij modules not finding generated protobuf classes in a multimodule maven project (but works fine via maven cli)
79724521,2025-08,1,VER,Java Spring container with Feign client not logging in AWS fargate
79724775,2025-08,1,VER,Java web-socket ssl certificate error while cert is valid
79725040,2025-08,4,GEN,Why can CrudRepository.findById() return a Hibernate proxy?
79725087,2025-08,4,GEN,What does 0 mean in someList.toArray(new AnotherClass[0])?
79725296,2025-08,2,VER,Vaadin 24 compile issue with CustomField java generics
79725565,2025-08,3,GEN,How to know a security provider supports a specific keysize without trying to init?
79725728,2025-08,4,GEN,How to suppress &quot;Restricted method called: java.lang.System::load&quot; warning when using native-platform in Gradl
79725974,2025-08,1,VER,Quarkus test reactive failure
79726043,2025-08,1,VER,"Problems at running application with Java21, Geotools and Javafx"
79726292,2025-08,3,GEN,Keep row selection on mouse clicks on JTable
79726312,2025-08,1,VER,OAS Generator creates classes even for referenced schemas
79726336,2025-08,3,GEN,How to configure HTTP forward proxy (instead of CONNECT tunnel)?
79726570,2025-08,1,VER,RestAssured throws HttpResponseException on 422 Unprocessable Entity instead of allowing assertions
79726717,2025-08,2,VER,"How to isolate code coverage to specific interactions, excluding Spring Boot startup, in IntelliJ Ultimate?"
79726732,2025-08,3,GEN,How to make my block (extending to BaseEntityBlock) face to the player when placed?
79726753,2025-08,3,GEN,How to map additional aliased columns from a native query to a JPA entity when the column does not physically exist?
79726898,2025-08,3,GEN,Proton-J2 AMQP 1.0 Receiver that filters messages?
79726920,2025-08,1,VER,"How to open a specific Flutter screen from background using Android BroadcastReceiver (e.g., when power is connected)?"
79727008,2025-08,2,VER,Openjdk Java 17 JMX without authentication still looking for password file
79727039,2025-08,4,GEN,Difference between artifactSet and extraArtifacts
79727056,2025-08,1,VER,Getting java.lang.OutOfMemoryError: Java heap space with org.eclipse.paho.mqttv5.client.internal.ClientState
79727096,2025-08,1,VER,Error：Could not locate SurfaceTextureWrapper.shouldUpdate method
79727113,2025-08,1,VER,"protocol.ResponseProcessCookies.processCookies Invalid cookie header, invalid expires attribute"
79727122,2025-08,3,GEN,How to make Jooq Codegen generated Enums work with Deserialization Libraries (like Jackson)
79727240,2025-08,3,GEN,How to include a constant term in an ojAlgo objective function
79727356,2025-08,1,VER,Spring Integration MQTT (EMQX): Messages sent while client is offline are not received after reconnect
79727392,2025-08,1,VER,"Packaged SpringBoot jar is missing the slf4j libraries, other ways of building work"
79727400,2025-08,1,VER,Test case throwing NPE when calling mocked method
79727458,2025-08,3,GEN,"How can I avoid declaring full generic parameters when storing a custom typed object, while keeping type safety at compi"
79727507,2025-08,1,VER,API 35 - Edge-to-edge issue for DrawerLayout/ NavigationView during landscape mode
79727513,2025-08,2,VER,API 35 - Handle edge-to-edge in PreferenceFragmentCompat during landscape mode
79727629,2025-08,1,VER,"Spring Framework, WebApplicationContext, Property missing upon @ConditionalOnProperty validation"
79727681,2025-08,3,GEN,Combining two huge text files and removing duplicates
79727777,2025-08,2,VER,Eclipse - error &quot;org.w3c.dom is accessible from more than one module&quot; when doing import
79728142,2025-08,1,VER,XML document XAdES with Apache Santuario XML Security - ReferenceNotInitializedException
79728203,2025-08,1,VER,"How do I set visibility of sheet, row or column?"
79728247,2025-08,2,VER,Error parsing HTTP request header Note: further occurrences of HTTP request parsing errors will be logged at DEBUG level
79728491,2025-08,3,GEN,Interfacing with legacy transitive dependencies
79728609,2025-08,4,GEN,"Given a whole hour of the day, how to find the next whole hour?"
79728626,2025-08,1,VER,Receiving an &quot;Invalid value at &#39;address&#39;&quot; error when attempting to call Google Address Validation API
79728658,2025-08,3,GEN,Error stream is empty when running bash script
79728771,2025-08,1,VER,Kafka is not consuming/Receiving the messages from my KafkaProducer
79728787,2025-08,2,VER,Disable password in DEBUG log output for OpenFeign in Spring
79728793,2025-08,3,GEN,Different GrantedAuthority returning the same for getAuthority()
79728892,2025-08,2,VER,Generate entity from table with annotation using Hibernate Reverse engineering
79729120,2025-08,1,VER,1.21.8 rendering MOTD / Text on DirectConnectScreen
79729121,2025-08,3,GEN,How to combine multiple Java modules into one JAR?
79729323,2025-08,1,VER,"A User Defined Aggregated Function fails to shape a Map&lt;K, C&gt; field, where C is an object coming from many rows"
79729531,2025-08,1,VER,Two API with same structure but when calling from postman one is working without sessionid and credential and another is
79729732,2025-08,1,VER,QuickFIX/J javax.net.ssl.SSLException: Tag mismatch
79729773,2025-08,3,GEN,Spring does not recognize @PreAuthorize inside custom annotation
79729775,2025-08,1,VER,When loading images and data I get a 403 status
79730004,2025-08,2,VER,Performance difference emailing between NodeJS and Java
79730142,2025-08,2,VER,API 35 - Keyboard no longer auto-resizes view or scrolls to cursor
79730165,2025-08,3,GEN,Limiting the number of requests per minute to grpc API
79730259,2025-08,4,GEN,Why does Maven take several seconds to start?
79730471,2025-08,1,VER,Facing ERR_PARSE_ARGS_INVALID_OPTION_VALUE while starting spring boot based MCP server with MCP inspector
79730539,2025-08,3,GEN,Maven dependency from source
79730727,2025-08,3,GEN,Prometheus/Grafana: increase() spikes during Kubernetes deploys with multi-pod counters (dynamic labels)
79730878,2025-08,2,VER,creating dynamic groupId for kafkaListener in java
79730887,2025-08,1,VER,Could not determine the dependencies of task app:compileDebugJavaWithJavac Cannot query the value of this provider becau
79731312,2025-08,1,VER,Caused by: java.lang.IllegalArgumentException: Failed to load: OrderEvent for OrderEvent Error While consuming Object in
79731453,2025-08,3,GEN,Token Exchange to edit existing custom claims
79731760,2025-08,1,VER,Unsatisfied dependency for synthetic bean at runtime
79731960,2025-08,4,GEN,How to read this marble diagram?
79731975,2025-08,4,GEN,Scope of Produces method
79732209,2025-08,2,VER,Android Studio Recycler View Adapter Holder Reference
79732264,2025-08,3,GEN,Why do these boxes appear in the Eclipse Java editor?
79732564,2025-08,1,VER,Android Auto app not appearing in DHU despite correct manifest and automotive_app_desc setup
79732615,2025-08,1,VER,How to resolve dependencies for configuration &#39;:app:debugRuntimeClasspathCopy&#39;
79732673,2025-08,3,GEN,How to use SnakeYAML to parse an array of maps?
79732740,2025-08,1,VER,"Error inflating class androidx.camera.view.PreviewView, Caused by: java.lang.reflect.InvocationTargetException"
79732762,2025-08,3,GEN,Send email only for a specific exception (ConfigException)
79732846,2025-08,3,GEN,Making HTML table borders collapse in Java 8
79732885,2025-08,1,VER,"Why is there increase in APK size after upgrading to Android 15, AGP 8.8.1 and Kotlin 2.0 and why is the androidx.compos"
79732966,2025-08,3,GEN,How to query a JSON column by a nested key?
79733079,2025-08,2,VER,Mapstruct - Generic Mapper and default value for null
79733339,2025-08,1,VER,MongoRepository bean not found when repository is in external JAR dependency
79733389,2025-08,1,VER,How to set proxy to create WorkspaceClient in Databricks using Java SDK
79733518,2025-08,2,VER,How do I properly invalidate and clear a Caffeine cache
79733655,2025-08,1,VER,Only the first JLabel generated in a for loop being displayed
79752092,2025-09,2,VER,sourceCompatibility and targetCompatibility of Java 11 in Flutter apps for support upto Android 7 (API 24)
79752125,2025-09,3,GEN,"Can I programatically check if an endpoint has @PermitAll annotation, e.g. from its SecurityContext?"
79752360,2025-09,1,VER,Quarkus 3.21.4 -&gt; 3.24.4 issues: &quot;RequestScoped context was not active when trying to obtain a bean instance for
79752379,2025-09,2,VER,How to use slf4j-api &gt; 2 in jersey servlet container
79752566,2025-09,2,VER,Java 23 and JavaFX: Problems in creating an executable app
79752591,2025-09,3,GEN,How to remove ns2 from a sitemap xml?
79752730,2025-09,4,GEN,What special characters does Lucene StandardQueryParser use?
79752880,2025-09,1,VER,Package Doesn&#39;t Exist Error in VS Code Java
79752982,2025-09,1,VER,TextView Gradient Colour not showing properly in android
79753039,2025-09,2,VER,BLE connection drops after ~30s on some Android devices (works fine on iOS and other Android)
79753210,2025-09,4,GEN,How to use both authorization_code and client_credentials grant types in the same Spring application?
79753216,2025-09,2,VER,ORA-00918: column ambiguously defined with Hibernate 6 Oracle Criteria
79753277,2025-09,1,VER,Changing TargetSDK to 34 in Android app gives &quot;Attempt to load writable dex file:..&quot;
79753296,2025-09,3,GEN,play-pac4j: keep track of active sessions
79753446,2025-09,3,GEN,Asserting on displayed JDialogs
79753533,2025-09,2,VER,Tests in @QuarkusTest class with runMainMethod not waiting for the result
79753546,2025-09,1,VER,onBindViewHolder in Android recylerview is not called when update is triggered via setOnCompletionListener
79753631,2025-09,1,VER,Hikari Pool Size stuck on default
79753653,2025-09,4,GEN,Efficiency difference between different ways of finding min &amp; max in a Java list
79753658,2025-09,1,VER,Spring Jpa: Invalid column index error on UPDATE
79753682,2025-09,3,GEN,Gregorian Calendar gets the wrong &quot;start of the week&quot;
79753814,2025-09,3,GEN,"How to enforce delay between Kafka retry topic consumers (e.g., 5m, 15m, 30m) in Spring Boot?"
79753892,2025-09,1,VER,Couchbase client fails with OutOfMemoryError on too many waiting threads
79754255,2025-09,1,VER,Spanner emulator slow connection at start
79754345,2025-09,4,GEN,Any way I can return 128 bit value out of the method without creating objects on heap in Java?
79754615,2025-09,1,VER,WSO2 Micro integrator(MI) - Sentry implementation
79754729,2025-09,4,GEN,Do OkHttpClient instances created with newBuilder() from common client share the same pools?
79754749,2025-09,3,GEN,Spring boot with Jersey and spring mvc: register services to ResourceConfig
79754963,2025-09,1,VER,Trying to set up a websocket servlet in an OSGi environment with Jetty 12. Can&#39;t figure out this error
79754971,2025-09,4,GEN,Where should the tabs of a vertical TabPane scroll when the mouse wheel is used?
79754994,2025-09,4,GEN,Why are these used in pom.xml?
79755051,2025-09,2,VER,Spring boot ConfigurationProperties map yaml reference anchors to the same object instances
79755224,2025-09,3,GEN,How to perform a non-blocking &#39;fire-and-forget&#39; database update alongside a main transaction in Quarkus?
79755252,2025-09,1,VER,upload file throw io exception when pass gateway
79755286,2025-09,2,VER,Skipping Drools rules with higher salience
79755338,2025-09,1,VER,RedisSearch returns empty documents with lettuce-mod but works correctly via Redis CLI
79755549,2025-09,1,VER,Maven Central Deployment in complex Maven Multi Module Project
79755644,2025-09,2,VER,MouseAdapter#mouseReleased() does not get called when drag event is called in quick succession
79755759,2025-09,4,GEN,Is it required to access Swing properties in EDT?
79755790,2025-09,1,VER,Karate image comparison ignore antialiasing causing index out of bounds exception
79755799,2025-09,1,VER,"PersonalImageClassifier extension works in App Inventor and Companion, but fails in APK built with Niotron"
79755826,2025-09,2,VER,Spring boot kafka listener observation enrichment
79755837,2025-09,1,VER,Problem upgrading custom SPI JAR in Keycloak 26.1.3 (expects old version)
79755851,2025-09,2,VER,Checking if test run in interactive session
79755869,2025-09,2,VER,How to use `jacoco-report-aggregation` plugin in a Gradle multi module project?
79755956,2025-09,1,VER,Spring Batch Cannot change transaction isolation level in the middle of a transaction
79756098,2025-09,1,VER,Error creating bean with name &#39;dynamoDbEnhancedClientLocal&#39; defined in class path resource [com/sgeidatareconcil
79756132,2025-09,3,GEN,Performance of frequently reordering a short list
79756165,2025-09,3,GEN,How do I create a Javadoc link to a class in a sibling module?
79756499,2025-09,1,VER,lombok getter not working for new class but working for others
79756626,2025-09,3,GEN,"java regex goes stack overflow on a long text : ^\d{4,5}+(,\d{4,5}+)*$"
79756661,2025-09,3,GEN,how to run projects which is using idlj and java 17
79756714,2025-09,1,VER,Jasypt Hibernate5 Password Decryption Not Working
79756715,2025-09,1,VER,Firebase Remote Model Downloader not working in android studio
79756745,2025-09,2,VER,Connection handling problems when repeatedly starting server on ephemeral port
79756748,2025-09,3,GEN,Is this piece of code correctly synchronized? Java synchronization and memory visibility question
79756809,2025-09,3,GEN,Disable @PreAuthorize
79756825,2025-09,2,VER,How to properly parallelise JFreeChart&#39;s PNG generation?
79756911,2025-09,1,VER,Docker-in-Docker - Unable to connect payara server to postgres docker instance on GitLab CI/CD Pipeline
79757024,2025-09,2,VER,How to copy the dependencies of main into testFixtures?
79757102,2025-09,2,VER,How to use Model.getAttribute with thymeleaf in spring (boot) controller
79757132,2025-09,2,VER,Is this SOAP envelope valid?
79757166,2025-09,2,VER,@JacksonInject + @JsonCreator + ObjectMapper + Spring Boot
79757322,2025-09,2,VER,Where do I point JAVA_HOME for NativeScript to work correctly?
79757388,2025-09,2,VER,SplitPane ignores divider positions when adding a new item with ResizableWithParent = false
79757452,2025-09,4,GEN,What is the correct approach to use Enums in Database with JPA?
79757676,2025-09,3,GEN,"With Gemini and LangChain4j, how to use Structured output while retrieving metadata?"
79758139,2025-09,3,GEN,How to set different log level for different appenders without filters in logback-spring.xml file?
79758144,2025-09,2,VER,How to override Spring Batch Step ExitStatus when ItemReader.read() throws an exception?
79758216,2025-09,2,VER,Jackson `InvalidDefinitionException` with GraalVM native image: &quot;Cannot construct instance ... no delegate- or prop
79758241,2025-09,2,VER,Edge to edge display
79758281,2025-09,1,VER,How to check if the message was sent successfully in Appium?
79758331,2025-09,2,VER,JAXB (javax.xml.bind) won’t unmarshal nested &lt;TMI&gt; element (siblings bind fine). How should I annotate?
79758390,2025-09,2,VER,Cannot read accountExpires attribute from Active Directory with Spring LDAP
79758565,2025-09,3,GEN,How to convert a JSON array to a Java list and handle JSON null values that&#39;s going to an int varible?
79758634,2025-09,1,VER,Java formatter XML not found in multi-project workspace
79758690,2025-09,2,VER,Showing lean windows makes them tiny
79758732,2025-09,3,GEN,Is there an equivalent java/android lint to the clippy::disallowed_methods lint in rust?
79758786,2025-09,1,VER,Not finding java:comp/env binding inside wildfly
79759114,2025-09,4,GEN,Autowire multiple beans into a Map
79759147,2025-09,2,VER,Can I get the Eclipse Java Formatter to properly handle variable declarator lists
79759229,2025-09,3,GEN,"Prime Number Checker iterating and printing every element when only the last element needs to be printed, How can this b"
79759286,2025-09,4,GEN,When to use Gatherers.fold over Stream.reduce?
79759693,2025-09,1,VER,QR Code Provisioning For Admin Setup app in android Failed
79760056,2025-09,2,VER,How to enable kerning/ligatures (LayoutProcessor) with TTF loaded from Cloud Storage?
79760073,2025-09,1,VER,Wrong pom location (and project structure) causing startup issues on Spring Boot
79760202,2025-09,2,VER,Issue using Oracle TRUNC + NUMTODSINTERVAL in JPA CriteriaBuilder?
79760247,2025-09,1,VER,How do I register a MultifaceGrowthBlock model with Data Generation in Minecraft Fabric Modding 1.21.1
79760420,2025-09,4,GEN,Does httpclient need to consume httpentity in finally?
79760442,2025-09,1,VER,I am having issues stating my OSGi application with org.eclipse.equinox.simpleconfigurator
79760601,2025-09,1,VER,"most efficient way to add &quot;host&quot; with current hostname of an instance, in clusterred environment"
79760808,2025-09,2,VER,Check PDF with corrupt pages using Apache PDFBox
79760849,2025-09,1,VER,javax.websocket Client provides false values in messages
79760890,2025-09,3,GEN,Asserting on JTable cell tooltips
79760924,2025-09,4,GEN,What is the difference between &#39;tomcat-jdbc-pool&#39; and &#39;tomcat-jdbc&#39; maven dependencies?
79760934,2025-09,1,VER,Unable to run Junit 5 with Cucumber on AWS Codebuild
79760960,2025-09,2,VER,How to overwrite or delete an existing package version in GitLab Package Registry from CI/CD?
79761042,2025-09,1,VER,How to update Android cmdline-tools on a MacOS agent in Azure Pipelines
79761089,2025-09,2,VER,How to set a local file to be the output of a gradle task?
79761100,2025-09,0,VER,How do I get rid of Connection Profile box in Eclipse editor?
79779608,2025-10,1,VER,Jackson (de)serialization with redisTemplate
79779626,2025-10,1,VER,Kafka Streams main consumer fetch rate stays low after GlobalKTable (RocksDB) restore
79779706,2025-10,2,VER,"How to use Qmatic SDK connectors (e.g., BranchConnector) in a Spring Boot application?"
79779722,2025-10,1,VER,"Getting (java.sql.SQLRecoverableException: IO Error: Socket read interrupted, Authentication lapse 0 ms.) when using Kaf"
79779759,2025-10,2,VER,How to terminate partition yet succeed on the job?
79779760,2025-10,3,GEN,Throwing result size exceptions for UPDATE or DELETE statements using jOOQ
79779822,2025-10,3,GEN,Apache JMeter testing multiple HTTP requests concurrently with only one query parameter different in requests
79779865,2025-10,1,VER,Turning off JFR events with startup args
79780060,2025-10,3,GEN,Deserialize a JSON property to a string/numeric/boolean type with Jackson
79780070,2025-10,1,VER,Handling Java inter-projects dependencies in multi-root workspace
79780075,2025-10,3,GEN,How to log information indicating that the camel JpaComponent started
79780544,2025-10,1,VER,Recycler view does not update until scrolled when using DiffUtil and submitList() with a reversed Array List
79780754,2025-10,3,GEN,How to do dynamic projection including related rows in jOOQ
79780816,2025-10,1,VER,Trying to get authenticated user ID in Spring; Property or field &#39;id&#39; cannot be found on object of type User
79781322,2025-10,2,VER,Configure IntelliJ to generate Java 25+ code using IO rather than System.out/System.in
79781353,2025-10,2,VER,How can I best fix this JComboBox bug on macOS that wasn&#39;t fixed until Java 20?
79781409,2025-10,1,VER,IndexOutOfBoundsException when scrolling to end of RecyclerView
79781541,2025-10,1,VER,Keycloak custom LDAP storage provider - registered but not identified as LDAP provider
79781642,2025-10,1,VER,Cannot add address settings via Artemis Core API
79781687,2025-10,1,VER,I can&#39;t find io.modelcontextprotocol.sdk
79781962,2025-10,3,GEN,Any way to check a cast to a generic?
79782033,2025-10,2,VER,MyIntListImpl is not abstract and does not override abstract method getItem() in IMyDummyList
79782049,2025-10,1,VER,Build failed on :app:mergeDebugResources — InvalidPathException with &#39;:&#39; on Windows
79782096,2025-10,1,VER,AWS SDK SNS not found in Gradle build
79782134,2025-10,3,GEN,How to make an overlay animation in a StackPane with JavaFX
79782578,2025-10,1,VER,Spring Boot. Error starting ApplicationContext
79782621,2025-10,1,VER,Apache Camel 4 Timeout Parameters passed on the URI and timeout is not enforced
79782860,2025-10,3,GEN,How to configure Gradle to pickup ArchUnit tests via @Tag annotation?
79782956,2025-10,3,GEN,Instant animation with KeyValue when using the overlay parent height as the target value
79782967,2025-10,3,GEN,How to deal with Simple Java Mail exception 451-Mails per session limit exceeded
79783346,2025-10,3,GEN,Does a Java app always require com.apple.security.cs.allow-jit to run in App Sandbox (Mac)?
79783378,2025-10,1,VER,Square not rendered in OpenGL
79783396,2025-10,2,VER,Split Package problem in hbase-client module in apache hbase
79783467,2025-10,1,VER,wiremock AutoConfigureWireMock HttpHostConnectException: Connection refused
79783499,2025-10,4,GEN,SonarQube provides an error message for Optional with value marked as Nullable (JSpecify)
79783703,2025-10,1,VER,Getting message Id from MS Graph API sendMail()
79783812,2025-10,1,VER,Troubleshooting Flyway dep upgrade 8.5.13 -&gt; 11.3.4 (Spring)
79783878,2025-10,1,VER,Back button callback not re-triggered after fragment recreation (rotation)
79783957,2025-10,1,VER,Structured output with full response content and additional metadata
79784030,2025-10,3,GEN,How do I get the pixels in an Image object that contribute to the pixel in the ImageView object at a particular location
79784223,2025-10,1,VER,springboot integration Kafka @RetryableTopic is not effective
79784562,2025-10,0,VER,"JAX-RS REST API returns 200 OK immediately, but JSON body arrives delayed only on my computer"
79784582,2025-10,3,GEN,What is the proper way of closing SSE connections when doing a graceful shutdown in Spring?
79784637,2025-10,1,VER,How to create a Twitter bot in Spring Boot using twitter-api-java-sdk - OAuth error on posting tweets
79784757,2025-10,1,VER,Receiving &quot;Connection prematurely closed BEFORE response&quot; after JDK upgrade to 21 and spring-cloud-zulu to spr
79785033,2025-10,3,GEN,How to select the validation pop-up messages displayed by the browser when a user enters incorrect data
79785110,2025-10,1,VER,Custom postgres dialect isn&#39;t being picked up by spring
79785152,2025-10,0,VER,Eclipse Remote debugging issue
79785244,2025-10,4,GEN,Set placeholder in a String &quot;equals&quot; check
79785401,2025-10,3,GEN,How do I use createNativeQuery in Hibernate 7 now the simple single parameter version is deprecated?
79785426,2025-10,3,GEN,Obtaining a concrete implementation of RepositorySystem
79785489,2025-10,3,GEN,How to skip unsupported syntax/commercial features with JOOQ parser?
79785983,2025-10,4,GEN,Java Class.getResourceAsStream on bootstrap class not finding resource
79786061,2025-10,3,GEN,Is there a bug in the method below (Data Structures &amp; Algorithms by Robert Lafore)
79786101,2025-10,0,VER,Weird behavior when a java application perform name resolution in windows server
79786174,2025-10,1,VER,ONNX Runtime Helsinki-NLP in Java
79786204,2025-10,2,VER,Android Text Prediction for the keyboard in TextField libgdx
79786253,2025-10,4,GEN,Writing PACT tests using cucumber framework in Java
79786299,2025-10,1,VER,jOOQ removes SQL inside ignore comments during execution
79786308,2025-10,3,GEN,"Angular + Spring Boot: file download blocks until fully received (needs “save as” first, then stream in background)"
79786379,2025-10,1,VER,After migrating to Hibernate6 &quot;LazyTableGroup cannot be cast to class PluralTableGroup&quot; exception
79786479,2025-10,2,VER,Piping an Akka Flow via Java Streams
79786529,2025-10,3,GEN,Remove signature and add picture of signature instead
79786563,2025-10,1,VER,Spring Data Cassandra returns only 2 rows while there are 148
79786627,2025-10,2,VER,Why in Eclipse Java in the Maven Dependencies section some dependencies can be expanded and others not?
79786675,2025-10,1,VER,Android project using untiy-classes.jar (generated by Unity) with some classes that can&#39;t be resolved
79786700,2025-10,3,GEN,Parsing UTF-8 XML using DefaultHandler: when / how does it become UTF-16 in Java?
79786852,2025-10,1,VER,Grid rendering problems
79787056,2025-10,1,VER,Spring Security: AccessDeniedException with redirecting to the login page without OAuth 2 authentication
79787167,2025-10,2,VER,How do i connect a java app to connect to a DBISAM database (CRUD functionalities)
79787345,2025-10,1,VER,Thymeleaf TemplateInputException when injecting dynamic fragment via ${content} in layout.html (Spring Boot 3.5.6)
79787352,2025-10,1,VER,Issue with selecting element from dropdown list
79787515,2025-10,0,VER,new verison of chromedriver returns org.openqa.selenium.SessionNotCreatedException: Could not start a new session
79787628,2025-10,2,VER,javax.sql.rowset.serial.SerialClob cannot be cast to oracle.sql.CLOB while using preparedStatement.setClob
79787641,2025-10,1,VER,Error when trying to generate Allure reports
79787723,2025-10,4,GEN,Why does relativizing a java.net.URI with &quot;/&quot; as its path against one with &quot;&quot; as its path yield the 
79787770,2025-10,1,VER,Adding new ReactActivity to run another js bundle
79787923,2025-10,3,GEN,Spring Boot 3 + Spring Security 6: 403 Forbidden when sending POST from Postman (stateless API)
79787968,2025-10,3,GEN,Provides transitive vulnerable dependency maven:ch.qos.logback:logback-core:1.5.18 CVE-2025-11226 6.9 Conditional proces
79788033,2025-10,3,GEN,"IntelliJ IDEA: breakpoints don’t trigger when I run mvn spring-boot:run (Spring Boot 3, Java 17)"
79788043,2025-10,1,VER,Jpa - Join table that contains 2 PK but only one of this two is used
79788082,2025-10,4,GEN,When should I use name resolution vs. RegisterNatives in JNI?
79788136,2025-10,1,VER,"App built with Eclipse 4.37 Components, Run From Jar, gets &quot;Libraries for platform win32 cannot be loaded because o"
79788277,2025-10,3,GEN,Java and Java Swing - Can someone explain these Thread.sleep() interactions?
79788787,2025-10,2,VER,Run application in background and restart automatically in case of exception or other failures
79788830,2025-10,2,VER,Continuous profiling with async-profiler. Generate heatmap for several JFRs
79788936,2025-10,0,VER,Build fails at :app:buildCMakeDebug[arm64-v8a] during SafeAreaContext codegen linking on Android (React Native 0.76.3)
79788993,2025-10,3,GEN,Spring EntityManager persist vs merge for manual cascading one to many relationship
79789042,2025-10,3,GEN,@EmbeddedId and @MapsId used with foreign key partially appearing in primary key
79789276,2025-10,2,VER,GraalVM Native Image: Why Spring Native plugin does not add @JsonSubTypes implementations to reflect-config?
79789490,2025-10,1,VER,Hibernate (5.3.3.Final) + Redisson (3.17.7) in a SBT project isn&#39;t evicting the cache from redis based on configured
79789569,2025-10,3,GEN,Gradle Configuration Cache in Spring Boot bootBuildImage with multiple Images
79789602,2025-10,3,GEN,Java 25 AOT with directory in classpath
79789688,2025-10,4,GEN,How to make an interactive console version in Java for a simple linear regression model?
79789813,2025-10,3,GEN,Make openapi-generator models package private
79789816,2025-10,3,GEN,How can I cache a single object?
79789838,2025-10,1,VER,CDS based Audit Logging in CAP
79789906,2025-10,3,GEN,ExecutorService configuration with virtual threads
79789937,2025-10,1,VER,Sse subscription method with a specific parameter is not logged
79789964,2025-10,3,GEN,RCP - Search option under Multichoice widget
79806469,2025-11,1,VER,"PKCS11 error at KeyStore.getEntry(alias, null) at Java 22 statement"
79806501,2025-11,1,VER,How to rotate AlertDialog correctly?
79806535,2025-11,3,GEN,JPA recursive hierarchy read - StackOverflowError with FetchType.EAGER but LazyInitializationException with FetchType.LA
79806634,2025-11,1,VER,"Espresso.onIdle() return error java.lang.IndexOutOfBoundsException: Index: 1, Size: 1"
79806877,2025-11,3,GEN,Save and get large objects (BLOB) to postgresql using hibernate and Spring Data JPA
79806940,2025-11,1,VER,FXGL getAssetLoader().loadFont() fails to load TTF font from /assets/ui/fonts/ directory
79807100,2025-11,2,VER,Android autorestart service after app Cleaner
79807175,2025-11,1,VER,Delete a file from one PC to another on the LAN
79807392,2025-11,2,VER,Quarkus profile-aware config property picked up by different profile
79807426,2025-11,4,GEN,Priority of Java&#39;s conditional ? : operator
79807567,2025-11,2,VER,What does it mean when Eclipse displays a &quot;Login required&quot; dialog window on launch?
79807641,2025-11,3,GEN,How to get type hierarchy for Java in VSCode extension? prepareTypeHierarchy returns empty
79807834,2025-11,1,VER,Word Online Fails to Render Diagrams/SmartArt via WOPI: ResReader.ashx 404 Errors
79807912,2025-11,4,GEN,How do I get Java project code helper settings in VSCode?
79807926,2025-11,1,VER,Strange evaluation order of Spring Statemachine
79807937,2025-11,2,VER,Opentelemetry with opentracing sending traces to jaeger
79807988,2025-11,3,GEN,How to dynamic query in java spring boot
79808040,2025-11,2,VER,How do i create a staggered list with TextViews
79808212,2025-11,2,VER,How to audit @ElementCollection of Value Objects without ID?
79808476,2025-11,3,GEN,"Spring boot API, receive generic field"
79808532,2025-11,2,VER,PDFBox 3.0.x external and late signing causes &quot;Signature is invalid&quot;
79808596,2025-11,4,GEN,Hide inner classes as separate files in Project View in IntelliJ IDEA
79808779,2025-11,1,VER,Change default success URL in Spring Security using Vaadin 24
79808943,2025-11,2,VER,Google Chat API 403 Forbidden with Spring Boot on user-specific spaces
79809014,2025-11,4,GEN,JSON Jolt Transform
79809089,2025-11,2,VER,How do I create a file through JNA
79809106,2025-11,3,GEN,@ParameterizedTest with @DatabaseSetup and @ExpectedDatabase
79809212,2025-11,1,VER,Jose4j - Getting array out of bound exception
79809255,2025-11,2,VER,Hibernate Envers does not persist foreign key in audit table
79809330,2025-11,3,GEN,How to disable certain options in a MultiChoiceItems MaterialAlertDialog
79809363,2025-11,3,GEN,Can Envers audit an @Embeddable that contains a @OneToMany relationship?
79809666,2025-11,1,VER,If/else statement not processing in Button onClickListener
79809742,2025-11,1,VER,Connection pool issue with Quarkus Panache Reactive and MySQL
79809902,2025-11,2,VER,Java 21+ container support: active processor count
79809933,2025-11,4,GEN,Java exception handling (best practices)
79809954,2025-11,1,VER,Liquibase ValidationFailedException and Logging Error
79809969,2025-11,3,GEN,ClassCastException when comparing elements in custom ArrayOrderedList using Comparator
79810098,2025-11,2,VER,Lucene Boolean Operator Problems
79810119,2025-11,1,VER,OpenApiInteractionValidator does not find any errors in trivial error cases
79810188,2025-11,1,VER,Certificate issue while sending emails with Graph API
79810211,2025-11,1,VER,Accessibility permission features not working on android 15
79810227,2025-11,3,GEN,How to replace Joda dateTime and interval with Java.time
79810239,2025-11,4,GEN,Why is openjdk:21 now missing from Docker Hub?
79810275,2025-11,4,GEN,Using JSch how do I check if an entry is a folder or a file?
79810317,2025-11,1,VER,WildFly 37 – EJB security domain default not applied on 4 out of 5 modules unless @SecurityDomain is explicitly set
79810381,2025-11,4,GEN,Why do I need an IvParameter and how do I implement it?
79810446,2025-11,1,VER,Why is my project controller doesn&#39;t see my templates views?
79810750,2025-11,1,VER,Keycloak: how to connect custom validator?
79810875,2025-11,2,VER,Migration of Active WIP Items from jBPM 5.4 to jBPM 7
79810893,2025-11,3,GEN,Why doesn&#39;t it issue error when i have make a field NonNull annotation and assign it null
79810911,2025-11,1,VER,Issue with Jakarta Mail - MessageCountAdapter doesn&#39;t seem to work
79811010,2025-11,3,GEN,How did you implement Attribute-based Access Control (ABAC) in Spring Boot?
79811025,2025-11,1,VER,Failed to instantiate [org.springframework.security.web.SecurityFilterChain]: Since more than one mappable servlet in yo
79811043,2025-11,4,GEN,In which scenario the UsersRequestBuilder.get() from Microsoft Graph SDK will return null?
79811104,2025-11,4,GEN,What happens in memory after return?
79811184,2025-11,2,VER,How to implement post remove behavior on a JoinTable using EclipseLink jpa?
79811246,2025-11,2,VER,Hibernate 6 unidirectional many to one relationship and database cascading deletes
79811331,2025-11,3,GEN,Can I reuse an instance of PythonInterpreter - perhaps via PyCode object?
79811519,2025-11,1,VER,mapstruct generated implementation cannot find imported class in multi-module Spring Boot project
79811653,2025-11,1,VER,Has anyone developed a method to set the size of the first form in a codename one/javase app being built for Windows Des
79811820,2025-11,4,GEN,Why can&#39;t I return type byte in lambda expression in Arrays.setAll
79812015,2025-11,4,GEN,Need clarity about Java AccessibleObject
79812066,2025-11,3,GEN,Optional bean from creation to usage
79812070,2025-11,3,GEN,AnyLogic AgentRepresentation Change Color via Code
79812151,2025-11,2,VER,JPA OneToOne Field &#39;price_id_price_id&#39; doesn&#39;t have a default value
79812186,2025-11,3,GEN,Error: could not open `{argLine}&#39; while running mvn clean install in intellij
79812300,2025-11,3,GEN,"Is it safe to mutate, emit, and snapshot the same operator-state instance in Apache Flink?"
79812806,2025-11,2,VER,Integrating a Jakarta Persistence implementation with modular JavaFX/Maven/JLink app
79812955,2025-11,4,GEN,Geeksforgeeks problem and example explanation
79813002,2025-11,2,VER,Sometimes wrong output in Java queue simulation
79813057,2025-11,4,GEN,Version catalogs: Naming/referencing dependencies
79814406,2025-11,2,VER,Javalin dependency does not load from Maven repo due to CVE
79814469,2025-11,2,VER,Jakarta Persistence (JPA) Specification for a join
79814519,2025-11,3,GEN,How to model and persist entities whose state changes over time
79814934,2025-11,3,GEN,Using selenium waits as asserts
79815108,2025-11,2,VER,Configuring same network for multiple generic containers does not work
79815248,2025-11,1,VER,Stack overflow when collecting indirect object keys from recursive PDF structures in Apache PDFBox (PDFBox 3.0.5)
79815467,2025-11,1,VER,Unable to read a specific QR code in Java with ZXing or BoofCV
79815538,2025-11,2,VER,IntelliJ IDEA hides method chain inlay hints when followed by comment
79815576,2025-11,2,VER,So the nestedscrollview is scrolling before even the CollapsingToolbarLayout starts moving or collapsing
79815585,2025-11,3,GEN,Using selenium assert with wait
79815733,2025-11,2,VER,"jdk-25, main is never used"
79815779,2025-11,4,GEN,TableView doesn&#39;t stretch in VBox in JavaFX
79815800,2025-11,2,VER,"Trying to make a TTRPG dice roller, program shows no content despite there are no errors"
79815850,2025-11,1,VER,Could not instantiate KafkaProperties
79815863,2025-11,3,GEN,Guidance on Upgrading Hibernate from 3.4.3 to 5.4.33 in a Java 8 / Java EE (Maven) Project
79815872,2025-11,2,VER,Why can&#39;t java find the module that I created and compiled?
79816066,2025-11,1,VER,JSF composite component field not working from ui:include inside another composite component
79816153,2025-11,3,GEN,Iterating over several nested iterators
79816288,2025-11,2,VER,Logging the streaming responses from Spring AI does not capture the actual content
79816327,2025-11,4,GEN,Jakarta CDI - Two &quot;Singletons&quot; of the same class
79816348,2025-11,3,GEN,Write logs to database in quarkus application
79816681,2025-11,4,GEN,Predictable random number based on an input string (java)
79816825,2025-11,2,VER,Why does Python get a red carpet to vSphere while Java gets a CAPTCHA and a shrug?
79816886,2025-11,4,GEN,Guideline for method ordering
79817092,2025-11,3,GEN,Java : getting sorted order of Objects
79817122,2025-11,3,GEN,Helidon MP: how to cancel an expensive computation in a REST service on client disconnect?
79817198,2025-11,3,GEN,Why does directSupertypes() not return a raw type as required by JLS 4.10?
79817227,2025-11,3,GEN,using variable of type Class&lt;?&gt; in switch construct
79817245,2025-11,1,VER,WebClient sending an empty multipart request to Flask service
79834396,2025-12,1,VER,Java 17 Documentation Tool causes failed UnknownElementException for record parameter
79834516,2025-12,1,VER,Spring WebClient takes too long to process the first request — subsequent calls fast
79834647,2025-12,3,GEN,"Why does RestTemplate, starting from Java 21, run on a different thread even without virtual threads and without @Async,"
79834721,2025-12,2,VER,"Even when connecting Web3j via WebSocket, I can’t receive blocks instantly"
79834724,2025-12,4,GEN,Lower Bounded Wildcards: is it about superType or subType
79834742,2025-12,3,GEN,"Android Java Surfaceview, declaring and hiding"
79834897,2025-12,1,VER,Java Swing Invisible Image
79835008,2025-12,3,GEN,Representing 4 types of Card Templates Adhering to DDD
79835242,2025-12,1,VER,Android Java - UI does not load intermittently
79835251,2025-12,3,GEN,How to check the online/offline status of a POS Printer in Java?
79835369,2025-12,2,VER,Using FitWidth and FitHeight results in a snapshot with a smaller rendered image than expected
79835427,2025-12,3,GEN,Multi-Gradle with Spring Boot Config Question
79835445,2025-12,3,GEN,Data Ownership and Transaction Managment in SOA
79835446,2025-12,1,VER,Why large string log data cause the java progress memory high?
79835509,2025-12,1,VER,Unable to configure SSL Context For Open Feign Client. Getting PKIX Error
79835635,2025-12,3,GEN,Launching a jar by directly loading jar bytes in memory from a graal native image and launching the application no disk 
79835732,2025-12,2,VER,paho Android MQTT client does not send PINGREQ to broker when phone screen is off
79835767,2025-12,1,VER,Application migration to Websphere Liberty
79835817,2025-12,1,VER,Unable to locate an element with the xpath expression //span[@class=&#39;windowTitle&#39;]
79836078,2025-12,3,GEN,java stream api: logging inside a stream
79836133,2025-12,3,GEN,How to give root access to Java Runtime Process?
79836300,2025-12,1,VER,Java Springboot talking to Elasticache - API calls fail during ecs tasks auto-scaling
79836329,2025-12,2,VER,How to define Run/Debug configuration templates per module?
79836333,2025-12,3,GEN,Java Module System Breaking Serialization of Standard Library Classes - Is there a better solution than --add-opens?
79836589,2025-12,2,VER,"Cannot import Place.Field.NAME, LAT_LNG, ADDRESS in Google Places SDK 5.x"
79836804,2025-12,2,VER,Hibernate: Invalid stream header &quot;[-0.&quot; when trying to deserialize pgvector embedding into JPA entity
79836830,2025-12,4,GEN,How to use Callbacks in Android Kotlin
79837267,2025-12,2,VER,Hibernate LazyInitializationException - Cannot evaluate .toString()
79837422,2025-12,3,GEN,Why don&#39;t my MySQL usernames match when I use them in JDBC?
79837459,2025-12,1,VER,Unable to ingest GeoJSON into DDF 2.26.45 (Solr error + ingest fails with no detailed message)
79837783,2025-12,4,GEN,Disable Button as click is still processed
79837982,2025-12,2,VER,How to connect to MCP server (Transport type: Streamable HTTP) in MCP Inspector (v0.17.2)
79838110,2025-12,2,VER,How can I solve this problem of test difference?
79838187,2025-12,2,VER,How to prevent pixels from overwriting each other in processing?
79838205,2025-12,3,GEN,Spring Boot 4.0.0 + GCP : java.lang.NoSuchMethodError: org.springframework.boot.context.config.ConfigDataLocationResolve
79838312,2025-12,4,GEN,How to handle variable-length header values when parsing HTTP requests in Java?
79838375,2025-12,2,VER,javafx.controls module can&#39;t be found but it exists in the right location
79838436,2025-12,3,GEN,Swing tutorial: InputVerifier setup
79838482,2025-12,2,VER,"Testcontainer: H2 is still used in test, Domain &quot;TEXT&quot; not found;"
79838557,2025-12,1,VER,Getting duplicate records In Parquet files created In Kafka Consumer
79838587,2025-12,1,VER,Fields are not showing on screen after upgrading gwt from 2.8.0 to 2.10.0 and java 8 to 10
79838612,2025-12,3,GEN,Risks of using Java 25 LTS versus Java 21 LTS in a new Spring Boot backend
79838626,2025-12,3,GEN,Binding two JavaFX services&#39; running properties
79838627,2025-12,1,VER,I cannot connect to my HC-05 bluetooth module using my own Java app
79838727,2025-12,2,VER,CircuitBreaker is going to OPEN state from CLOSED before minimumNumberOfCalls
79838766,2025-12,3,GEN,PKIX path building failed: unable to find valid certification path — How to load PEM certificate into truststore at runt
79838872,2025-12,3,GEN,Nested JavaFX Services
79838989,2025-12,3,GEN,Spring boot Kafka batching for all partitions
79839079,2025-12,1,VER,Caused by: java.lang.ClassNotFoundException: org.mockito.internal.creation.bytebuddy.inject.MockMethodDispatcher
79839094,2025-12,2,VER,ClassCastException Mono&lt;Void&gt; unit test Java
79839168,2025-12,2,VER,Gradle does not add the correct main-class entry in the manifest.mf file
79839208,2025-12,3,GEN,From which package do I import @WebMvcTest in Spring Boot 4.x?
79839373,2025-12,3,GEN,Is it possible to inspect method invocations on a JDBI DAO using aspect-oriented programming?
79839444,2025-12,3,GEN,Resize JFrame when moving to new screen
79839624,2025-12,1,VER,"Spring boot 3.4.x OIDC2.0 - Try to ignore SSL validation, but not working and throws exception - DNS not matching"
79839643,2025-12,3,GEN,What is the most efficient way to validate file data against Couchbase documents using Spring Batch— N1QL timestamp rang
79839644,2025-12,3,GEN,Efficient way to update 100k–200k Couchbase documents using Java SDK in a transactional setting
79839700,2025-12,4,GEN,Can I use vibe coding tools with wpilib?
79839727,2025-12,3,GEN,Reversal of Linked List with head and tail node recursively
79839862,2025-12,2,VER,Syper CSV CsvBeanWriter giving SuperCsvReflectionExceptionerror extracting bean value for field name error
79839887,2025-12,2,VER,Performing Peer - Peer connection with Turn server
79840176,2025-12,3,GEN,Spring Boot 4.0.0. cannot resolve symbol DataJpaTest
79840455,2025-12,1,VER,Hibernate doesn&#39;t load attribute nodes with entity graph
79840459,2025-12,3,GEN,What&#39;s the best practice of distributed transaction implementation for java/spring based service
79840467,2025-12,4,GEN,Captures all domain names within a property SubjectAlternativeName
79840541,2025-12,1,VER,"Under high load, streams obtained via LaunchedClassLoader are unexpectedly closed, causing file read failures"
79840559,2025-12,3,GEN,Problem with Specificsfion and Strategy design pattern
79840573,2025-12,2,VER,To change default Signature1 in PDFBox
79840710,2025-12,2,VER,Error &quot;The requested version (2016-11-15) of service AmazonEC2Internal does not exist&quot;
79840739,2025-12,1,VER,Google Pay Decryption Failure with Tink
79840796,2025-12,2,VER,Wrong behavior of background thread execution in android
79840826,2025-12,3,GEN,Encrypt data on client side using cryptoJs and decrypt on server side SFCC (Java) Cipher
79840829,2025-12,1,VER,BouncyCastle BKS Keystore fails to load on Oracle JDK 21 but works on OpenJDK 21
79841090,2025-12,2,VER,Hibernate @oneToOne mapping is unable to use L2 cache when mapping returns no Object
79841126,2025-12,3,GEN,How can I control the shutdown order of Spring-managed beans that I don’t create myself?
79841206,2025-12,4,GEN,Is there a way to set $JAVA_HOME on a per project basis for Maven?
79841353,2025-12,1,VER,Process does not terminate in Spring environment and Spring Boot application is not responding
79841425,2025-12,2,VER,64- bit exception generated in a 64- bit environment
79841586,2025-12,2,VER,How to make the Spring AI chat client to wait for chat memory advisor to finish its work before returning the response?
79841611,2025-12,4,GEN,Java Map.computeIfAbsent consuming high memory
79841757,2025-12,3,GEN,Scrolling to JTree node vertically only
79841837,2025-12,2,VER,Spring boot 4 and RestClient Mocking
79841955,2025-12,2,VER,ColtrolsFx&#39;s auto completion not showing up
79842203,2025-12,2,VER,Jakarta Persistence can&#39;t find Entity classes
79842258,2025-12,2,VER,Spring Data Couchbase @JsonAnySetter / @JsonAnyGetter support
79842308,2025-12,1,VER,JTextArea.setEditable(true) is not working
79842362,2025-12,1,VER,Gradle Fails to Find Tuya SDK 6.11.1 (com.thingclips.smart) - Repository Issue?
79842376,2025-12,4,GEN,Httpclient in java send a POST request
79842444,2025-12,3,GEN,Avoiding duplicated Spring Bean classes that just have different field-level `@Value` annotations
79842482,2025-12,3,GEN,Mapping multiple derived classes with differing field names
79842502,2025-12,4,GEN,is @Transactional(isolation = Isolation.REPEATABLE_READ) enough for safe incrementing?
79842662,2025-12,4,GEN,Efficient designs to handle different kinds of request from a client in a server
79842710,2025-12,3,GEN,fix blocking issue when trying to parse HTTP request in java
79842774,2025-12,4,GEN,"The purpose of an if statement condition, it is java21-ConcurrentHashMap-transfer method code:2463Line"
79842788,2025-12,1,VER,stuck at error code 21 using Dahua Java NetSDK
79842879,2025-12,2,VER,Spring boot creates 2 security filter chains instead of 1 in spring boot 3.5.8
79842955,2025-12,3,GEN,Spring Boot: Default value in application.properties not used when environment variable is missing in Docker
79842996,2025-12,1,VER,Portaudio is recording a weird distorted waveform when recording jack devices and firefox
79843126,2025-12,3,GEN,How to generate a link inside a footnote with Apache POI?
79843154,2025-12,3,GEN,How to use Request/Reply Pattern using Smallrye with MQ in Java
79858587,2026-01,1,VER,Does IS_PENDING default to 1?
79858894,2026-01,1,VER,Constant 404 errors using Spring Cloud Reactive Gateway
79858985,2026-01,3,GEN,How can I group routes with Spring?
79859017,2026-01,1,VER,Springboot Hibernate Entity Listener not working
79859348,2026-01,3,GEN,jOOQ is including a select in a SQL update
79859423,2026-01,2,VER,How to skip Root POM publication with central-publishing-maven-plugin (Sonatype Central)?
79859571,2026-01,4,GEN,Is there a more succinct way to convert a String to a Set of Characters in Java?
79859657,2026-01,1,VER,Hive Metastore Standalone Java version incompatibility
79859684,2026-01,3,GEN,Hibernate ManyToMany on the same entity results in recursion
79859709,2026-01,4,GEN,Jakarta ConstraintValidator: how to implement conditional validation?
79859812,2026-01,1,VER,Visual Studio Code : jar import error - package does not exist
79859900,2026-01,2,VER,Spring WS / WebServiceTemplate + Wss4jSecurityInterceptor - different credentials per Request
79860061,2026-01,4,GEN,Java interface return specific raw type with different generic type parameter
79860237,2026-01,3,GEN,How to programmatically scroll to the top of a lengthy text in a customized JDialog?
79860472,2026-01,3,GEN,Java CLI Task Tracker project
79860484,2026-01,3,GEN,Regarding using the API links in Springboot application
79860732,2026-01,1,VER,Webflux onAthenticationFailure isn&#39;t triggering in API
79860757,2026-01,2,VER,sbt-jacoco counting synthetic methods
79861066,2026-01,4,GEN,Java Visualization Tool uses keyword &quot;this&quot; in seemingly odd place during Array of Objects creation
79861164,2026-01,3,GEN,How to get information from merged cell in Google Sheets API
79861278,2026-01,4,GEN,What is the difference between a AVL and Redblack tree
79861408,2026-01,4,GEN,How can I query a unbuffered query in SQL Server with Hibernate?
79861590,2026-01,1,VER,Can&#39;t set up OpenAPI for RestController in Spring Boot
79861631,2026-01,2,VER,How to find the jsonpath of any element in JSON
79861713,2026-01,2,VER,Calling a Fragment function from activity that calls the fragment function from signalr callback
79861741,2026-01,1,VER,Passing LocalDate to Between comparison for Cosmos DB
79861866,2026-01,1,VER,Why /error endpoint called before each successful API call with HTTP Basic authentication
79862014,2026-01,1,VER,Error when sending using StreamBridge: SimpleFunctionRegistry$FunctionInvocationWrapper returned null
79862084,2026-01,2,VER,Various places to configure httpclient timeout in Spring boot
79862091,2026-01,3,GEN,Why my increment operation is atomic in multithread context?
79862119,2026-01,1,VER,Single instance of the application is creating high thread count in Java/SpringBoot Application
79862281,2026-01,4,GEN,Is there a way for python to notify that you are overriding non existant method?
79862327,2026-01,3,GEN,Where to download the correct Flink ClickHouse Connector JAR for Flink 1.18
79862346,2026-01,4,GEN,"Is there a way to define a component or fragment of elements and reuse it multiple times, all in the same JSF page?"
79862490,2026-01,1,VER,java.lang.OutOfMemoryError: JVM of the batch is not stopped
79862509,2026-01,3,GEN,JUL Handler configuration in logging.properties
79862568,2026-01,3,GEN,How to validate multiple Bearer tokens using Spring Security
79862584,2026-01,1,VER,Persisting a JMolecules Aggregate Association does not work when using EntityManager
79862918,2026-01,4,GEN,How do I set win.norestart=true in /app/&lt;app_name&gt;.cfg under [Application] when using jpackage?
79863016,2026-01,3,GEN,Oracle MERGE causes DuplicateKeyException under high concurrency with composite primary key
79863134,2026-01,1,VER,Code for Checkstyle linter in Emacs throws error
79863182,2026-01,2,VER,Reduce database round-trips while keeping application stateless
79863428,2026-01,0,VER,Is it practical to move from system testing to software development after 2+ years?
79863432,2026-01,3,GEN,"Hibernate validation error: found [bpchar (Types#CHAR)], but expecting [char(2) (Types#VARCHAR)]"
79863525,2026-01,2,VER,Passing Apache-authenticated user Principal to Quarkus app
79863544,2026-01,1,VER,Text is rendered in incorrect position
79863661,2026-01,1,VER,Propagate security context from WAR to other subdeployments within EAR in WildFly 38
79863722,2026-01,3,GEN,"SpringBoot: Refactoring new to bean, Parameter 0 of constructor required a single bean, but 2 were found"
79863884,2026-01,3,GEN,How to extract all keys from a ConcurrentHashMap in Eclipse MAT(Memory Analyzer Tool)?
79864072,2026-01,4,GEN,Is a plain write inside a synchronized block sufficient for eventual visibility to getOpaque()?
79864397,2026-01,3,GEN,Java Resource for learning
79864417,2026-01,2,VER,What are the imports used in spring cloud gateway rate limiter documentation
79864560,2026-01,1,VER,How to set the enviroment variables in windows 11 for building android 15 in cordova in 2026
79864742,2026-01,1,VER,Error in country and city autocomplete google maps for USA cities
79864779,2026-01,4,GEN,"Why does self-invocation bypass @Transactional in Spring Boot, even when using CGLIB proxies?"
79864787,2026-01,2,VER,Not able to control number of Virtual Threads
79864862,2026-01,1,VER,VS Code not showing hover documentation for Java annotations like @Entity and @Data
79865006,2026-01,2,VER,Accessing Sort Index for JTable
79865285,2026-01,1,VER,Operation is not allowed - firebase phone verification code
79865329,2026-01,3,GEN,"Can a Java backend developer transition into AI-focused roles in the future, and what skills should be built early?"
79865346,2026-01,4,GEN,Which is the best data type for createdDate and modifiedDate for mongo collection to store dates in database of spring b
79865358,2026-01,1,VER,I have this build failure error as Factory method &#39;dataSource&#39; threw exception with message: Failed to determine
79865582,2026-01,4,GEN,Why does ArrayIndexOutOfBoundsException occur in this Java loop?
79865633,2026-01,3,GEN,"I&#39;m new to Swing, can somebody tell me why does it not work?"
79865727,2026-01,1,VER,"Spring WebClient, database connection. issue: java.lang.IllegalArgumentException: invalid URI scheme localhost"
79865838,2026-01,2,VER,OpenSAML Signing with Azure Key Vault using Azure&#39;s KeyVaultJcaProvider : engineInitSign() not supported
79865906,2026-01,3,GEN,I want advice on &quot;how to parse any file using python/java/c?&quot;
79865943,2026-01,3,GEN,How to customize MFA in Spring Security 7?
79866121,2026-01,2,VER,Maven (incorrectly?) gives a syntax error if module-info.java has a &quot;provides&quot; in it
79866180,2026-01,1,VER,Old redhat.java extension is installed in devcontainer since code version 1.107.0
79866189,2026-01,4,GEN,How exactly non-blocking database access work?
79866266,2026-01,3,GEN,Design using Java solid principles with cap theorem utilizing low level design banking application
79866473,2026-01,4,GEN,how many objects will be created with keyword new in java?
79866629,2026-01,3,GEN,How to load OpenAPI YAML specification from external JAR in Spring Boot 3
79866691,2026-01,1,VER,Isn&#39;t the object returned by ThreadPoolTaskExecutor.getThreadPoolExecutor() the same?
79866716,2026-01,2,VER,Timefold VRP : Large Capacity Vehicle Routing
79866787,2026-01,2,VER,Spark job fails with UnsafeExternalSorter OOM when using groupBy + collect_list + sort – how to optimize?
79866815,2026-01,4,GEN,Where does the actual source code belong in an Eclipse IDE Gradle project?
79866851,2026-01,4,GEN,When is a record not a value type?
79867017,2026-01,2,VER,OptaPlanner Constraint Streams: Can complement() use a derived groupBy key
79867176,2026-01,1,VER,How to make wiremock server logs the file containing the stub mapper used in a response?
79867226,2026-01,3,GEN,Java log4j2 configuration using different files for different log levels
79867259,2026-01,4,GEN,How to get Maven&#39;s JavaDoc plugin to put JavaDoc in &#39;docs&#39; directory?
79867393,2026-01,3,GEN,Can I use StreamingResponseBody with a generic ResponseEntity&lt;?&gt;
79867641,2026-01,4,GEN,if else style discussion
79867839,2026-01,3,GEN,Swing spinner widget
79867953,2026-01,2,VER,Correct dependency for @AutoConfigureMetrics and @AutoConfigureTracing (Spring Boot 4.0.1)
79867972,2026-01,1,VER,How to configure IDEA to look in different source sets depending on the build option?
79868048,2026-01,1,VER,Implementing remember-me/stay logged in logic in a Servlet
79868184,2026-01,3,GEN,How best to implement Edge-to-Edge design on an XML based Android application
79868282,2026-01,3,GEN,how to register a dubbo instance to the nacos registration center using a public ip address?
79868508,2026-01,3,GEN,Hidden component still occupies space
79868563,2026-01,1,VER,Not able to send client certificate to nginx server - BouncyCastle
79868645,2026-01,3,GEN,How to convert Java enum constant to its human-readable description string?
79868735,2026-01,2,VER,How to create a P12 keystore with PBES2?
79868832,2026-01,2,VER,How can I set these values from my spreadsheetML in POI
79868859,2026-01,1,VER,Why would consumer.position() &gt; (consumer.endOffset(...) + 1) in Kafka?
79868862,2026-01,2,VER,Spring Authorization Server OAuth2AuthorizationServerConfigurer.authorizationServer() method not found
79868959,2026-01,3,GEN,ERROR: failed to build: failed to solve: openjdk:17: failed to resolve source metadata for docker.io/library/openjdk:17-
79869105,2026-01,1,VER,how to rectify javax.jms.JMSException: Failed to create connection?
79880350,2026-02,4,GEN,Does function/method overriding occur only when polymorphism is implemented in java?
79880361,2026-02,1,VER,Spring cannot find @PathVariable name for @RequestMapping despite &#39;-parameters&#39; compiler option
79880456,2026-02,2,VER,It&#39;s not possible to automatically add a synthetic no-args constructor to an unproxyable bean class
79880554,2026-02,1,VER,Is there something wrong with commons-net-3.12.0.jar when I get java.lang.NoClassDefFoundError?
79880626,2026-02,2,VER,Spring Boot 4 / Spring Security 6 – @WithMockUser returns 401 Unauthorized in MockMvc test
79880817,2026-02,3,GEN,How to systematise a checking of &quot;a quite equals to b&quot; (either with round method or | a - b | ~ 0) for any val
79880927,2026-02,2,VER,How to obtain the pooled funds of a token in Uniswap v3?
79880954,2026-02,2,VER,"Paging of batch-loaded, nested fields in Spring GraphQL"
79881060,2026-02,1,VER,"How can I display Edittext and checkbox input (+showing checkbox labels) into a recyclerview (using 2 activities, 1 for "
79881239,2026-02,1,VER,Spring Boot 4.0.2 HttpExchange Configuration Properties
79881276,2026-02,3,GEN,API that returns a Flux type cannot output in real time in SpringBoot
79881510,2026-02,1,VER,Java in Google Colab is not updating?
79881812,2026-02,1,VER,C# project within LabVIEW
79882049,2026-02,3,GEN,Spring Boot returns 403 instead of 405 when sending GET to POST-only endpoint
79882103,2026-02,2,VER,No primary or single unique constructor for interface ServerHttpRequest when combining spring-boot-starter-webflux and s
79882264,2026-02,3,GEN,how to get the deepest layer of html
79882376,2026-02,4,GEN,Is @Async method outside transaction?
79882827,2026-02,3,GEN,How to configure spring boot host and port configuration from withing Application
79882860,2026-02,1,VER,"CMake finds the wrong version of Java, then demands a missing javah"
79882894,2026-02,3,GEN,How do I convert this Create_javah call into an add_jar() with GENERATE_NATIVE_HEADERS?
79882940,2026-02,2,VER,How do I update row in a table while reading rows with a Java stream (adaptive buffering)?
79883369,2026-02,2,VER,How do you set Java version to use in both IntelliJ and its terminal on macOS?
79883411,2026-02,1,VER,Querysdl is not recognizing inherited entities in a Spring Maven multi-module project
79883419,2026-02,3,GEN,"In Vert.x 5, in a Future composition - how to execute an async operation regardless of the failure state"
79883516,2026-02,3,GEN,Map Services to anyRunning property
79883553,2026-02,3,GEN,What should I use for secure my backend - Java spring boot?
79883706,2026-02,2,VER,ways to have Custom DTO availability on hibernate entity listener&#39;s post update method
79883720,2026-02,4,GEN,Spring Boot @Async annotation and CompletableFuture
79883771,2026-02,2,VER,How to force lower case column names with Spring Data JDBC on H2 database
79883870,2026-02,2,VER,How do I confirm that JdbcTemplate is fetching the records into the result set in batches of 1000 when setFetchSize(1000
79884099,2026-02,4,GEN,Statement execution after thread interruption
79884142,2026-02,2,VER,Is it possible to correctly generate POJO with non-ascii names using jsonschema2pojo-maven-plugin?
79884204,2026-02,1,VER,java.lang.UnsatisfiedLinkError: The specified procedure could not be found when trying to use thick (Oracle Instant Clie
79884232,2026-02,4,GEN,"Eclipse collection that is concurrent, has unique elements and atomic retrieval and removal"
79884381,2026-02,2,VER,spring boot starter web as plugin application
79884491,2026-02,3,GEN,How does account authentication work for GitHub Copilot and other AI providers in IntelliJ AI Assistant?
79884571,2026-02,4,GEN,JavaFx: Set font size of all labels
79884916,2026-02,2,VER,Spring Batch metadata tables are not automatically created in Spring Boot 4
79885043,2026-02,2,VER,Glassfish wants an EntityManagerFactory when using PersistenceContext
79885060,2026-02,3,GEN,Making a simple relational table in JPA
79885324,2026-02,2,VER,What is the correct request body in this Spring scenario and how do I debug it?
79885356,2026-02,4,GEN,Type erasure Problem with Java Method references
79885427,2026-02,4,GEN,How do I properly verify a successful login in Selenium WebDriver using Java and TestNG? Should I use Selenium IDE for v
79885665,2026-02,1,VER,JPOS incoming message are not using ProtectedLogListener
79885677,2026-02,1,VER,"Redisson RMap.getAll() returns incorrectly deserialized objects for large batches, but works for small batches or single"
79885837,2026-02,2,VER,E2E test tools for Lucy Framework
79885896,2026-02,2,VER,How to access MCP server running in azure Kubernetes service
79885962,2026-02,3,GEN,Best practice for ValueState access: multiple value() calls vs caching in instance variable?
79885983,2026-02,1,VER,Spring Boot + Jetty = ClassNotFoundException: jakarta.servlet.ServletConnection
79885984,2026-02,1,VER,OpenAM IdP acsurl is null while authenticating (ForgeRock)
79886110,2026-02,4,GEN,ExecutorService with try-with resources
79886127,2026-02,1,VER,gradle unable to find library in IntelliJ
79886234,2026-02,4,GEN,Why does Java 25&#39;s File.exists() method return true for an empty string while File.exists() in prior Java versions r
79886471,2026-02,4,GEN,Should I catch the Exception thrown by MapState.remove() in Apache Flink user code?
79886539,2026-02,1,VER,How to fix UV and cube model discrepancies?
79886591,2026-02,2,VER,How to automatically detect and map multiple CSV formats into a single entity without unnecessary Java code?
79886805,2026-02,4,GEN,Is there a way to insist you should pass a const/string literal to a java method?
79886979,2026-02,3,GEN,Replace parallelStream() with Executor
79886984,2026-02,3,GEN,ImageView.setRotate let menubar freeze
79886998,2026-02,4,GEN,Use Jedis API Version 7+ with connection Pooling
79887007,2026-02,3,GEN,jOOQ: how to fetch custom query into a POJO without building one for each query
79887417,2026-02,4,GEN,Big O (time complexity) calculation
79887779,2026-02,3,GEN,How to programmatically detect whether a font renders characters as squares?
79887813,2026-02,3,GEN,"In springboot projects, how to implement front-end preview of pdf, word, excel"
79887855,2026-02,4,GEN,"What is the difference between &#39;Map.entry(k, v)&#39; and &#39;AbstractMap.SimpleImmutableEntry::new&#39;?"
79888060,2026-02,4,GEN,JAVA : Looping through an unknown number of arrays
79888078,2026-02,1,VER,How to load native libraries with a long path?
79888248,2026-02,4,GEN,How to add OpenAPI/Swagger annotations in a Spring library consumed by Spring Boot apps?
79888333,2026-02,2,VER,After upgrading to WildFly 39 base64 encoding throws an error
79888668,2026-02,3,GEN,MS Excel displays garbled characters for Azerbaijani text in CSV file exported with UTF-8 encoding
79888752,2026-02,1,VER,NoSuchMethodException Warning at mule Runtime 4.9.10 + mule-http-connector 1.11.1
79888847,2026-02,3,GEN,How to handle ClassCastException when trying to cast CLOB to String in Java?
79888992,2026-02,1,VER,"Getting an error trying to make a request to my backend, I&#39;m using Spring Boot with Oauth2 and every time I make a r"
79889335,2026-02,1,VER,java.lang.IllegalStateException: This registry can&#39;t create intrusive holders
79889606,2026-02,4,GEN,Java bug returns 0
79889779,2026-02,4,GEN,Can the hasNext() iterator method return false first and then true?
79889845,2026-02,2,VER,Type Mismatch: Incompatible Reference for DaoAuthenticationProvider in Spring Security 6
79890115,2026-02,2,VER,Caret in text components visible despite setEditable(false)
79890161,2026-02,2,VER,Passing file with feature + line number in cucumber.features with Cucumber 7
79890287,2026-02,1,VER,How to make jansi work in a jpackage image on windows
79890388,2026-02,4,GEN,What is the meaning of greedy problem in data structures and algorithms
79890406,2026-02,2,VER,UnknownHostException since Android 15
79890669,2026-02,1,VER,LangChain4j throws &quot;No agent found with name&quot; when using Spring @Bean sub-agents
79890943,2026-02,3,GEN,Graceful shutdown of SimpleAsyncTaskExecutor
79890951,2026-02,1,VER,Unable to connect Java Remote Debugger (JDB) over SSH to GitHub Actions instance
79890955,2026-02,3,GEN,Change a xml namespace prefix of an existing element
79891009,2026-02,1,VER,OutOfMemoryError when converting docx to PDF with Docx4J
79891038,2026-02,2,VER,Error handling across a pipeline of `direct`/`seda` routes in Apache Camel
79891201,2026-02,1,VER,Tabs in JTabbedPane move by themselves on windows L&amp;F
79891278,2026-02,3,GEN,DDD java - where do i put authorization in this case?
79891444,2026-02,1,VER,Messages are not sent to the queue. RabbitMQ + Apache Camel
79891466,2026-02,4,GEN,Java enum: constant-specific value as field vs &quot;computing&quot; it inside switch - which design is preferable?
79891496,2026-02,2,VER,"Spring Boot @Bean Map&lt;String, ChargingGateway&gt;vs automatic Map&lt;String, ChargingGateway&gt; injection behaving d"
79891520,2026-02,3,GEN,AnnotationProcessorPath versions in a Spring Boot Application
79891538,2026-02,3,GEN,Spring Boot application (Thymeleaf) with password protection for some URLs and public access for some others
79891567,2026-02,1,VER,Spring Boot error in GitHub Actions : IllegalState Failed to load ApplicationContext
79891990,2026-02,3,GEN,How to generically deserialize Spring WebClient response
79892049,2026-02,3,GEN,Spring Boot 4 removed HttpMessageConvertersAutoConfiguration - recommended migration for server-side MessageConverters?
79892075,2026-02,3,GEN,"Renaming packages with IntelliJ, from a single name to a double"
79892180,2026-02,1,VER,Error creating shaded jar: Unsupported class file major version 69
79898718,2026-03,1,VER,Parallel Spring Batch jobs mixing up data
79898769,2026-03,1,VER,Viewpager2 (Horizontal and vertikal) doesn&#39;t refresh the view when calling notifyDataSetChanged()
79898912,2026-03,4,GEN,"Oracle, PL/SQL and Java"
79899234,2026-03,1,VER,JAVA corretto21 SPRING &quot;javax.net.ssl.SSLPeerUnverifiedException: peer not authenticated&quot;
79899464,2026-03,2,VER,Initialize a Nested Bean Using Lombok
79899478,2026-03,3,GEN,Mapping boolean to enum with Jackson
79899589,2026-03,2,VER,class hierarchy hibernate mapping
79899679,2026-03,1,VER,Why is Intellij&#39;s editor not recognizing standard JSP tags?
79899836,2026-03,4,GEN,Why does Java byte[] to int/int to byte[] need operation &quot;&amp;0xFF&quot;
79899931,2026-03,2,VER,How to fix ElementClickInterceptedException in Selenium Java
79900129,2026-03,4,GEN,Should I implement UserDetails directly in my User entity or create a separate UserPrincipal class in Spring Security?
79900251,2026-03,3,GEN,Ways to implement sniffy for junit 6
79900287,2026-03,3,GEN,Exclude validation for classes from the package
79900343,2026-03,4,GEN,What is the difference between transaction isolation levels and optimistic/pessimistic concurrency control?
79900408,2026-03,1,VER,I&#39;m trying to zoom in on the user&#39;s location but it doesn&#39;t work
79900413,2026-03,2,VER,Can client application be strict FIPS compliant (FIPS 140-3)?
79900444,2026-03,2,VER,Java.awt and itext.FontFactory font refactoring: What&#39;s the best way to refactor a large code base to a new font?
79900574,2026-03,3,GEN,How to use XmlAdapter correctly?
79900628,2026-03,4,GEN,Java 17 for Hadoop and Java 24
79900761,2026-03,4,GEN,Coding minecraft plugin with java
79900825,2026-03,4,GEN,How to build strong fundamentals of programming without using AI
79900831,2026-03,3,GEN,Change height of ItemDisplay customName
79900916,2026-03,4,GEN,How to programmatically get the GPU core count in Java?
79901008,2026-03,3,GEN,Design billing system microservices communication
79901102,2026-03,3,GEN,What is the purpose of springdoc.group-configs[_].display-name if Swagger UI derives the group display name from Swagger
79901461,2026-03,2,VER,Redirect all user interactions from one component to another
79901466,2026-03,4,GEN,Is there a Java tool that increases the project version in pom.xml with each commit or push?
79901484,2026-03,2,VER,.yaml not added to group URL
79901537,2026-03,3,GEN,"incompatible types: unexpected return value, void cannot be converted to int"
79901563,2026-03,2,VER,CardLayout calculates wrong minimum size
79901600,2026-03,4,GEN,Why does Apache PDFBox use SHA-1? Is it still secure?
79901610,2026-03,3,GEN,MongoDb mongoTemplate for multiple databases
79901737,2026-03,4,GEN,At time of creating table in postgresql database without mentioning the schema name. What it will take name of schema?
79901805,2026-03,4,GEN,Log4J2 best practice for logging string literals and lamdas for complex operations
79901906,2026-03,1,VER,"Losing metrics with the same name and different tags using Otel-java agent, alloy and mimir"
79902010,2026-03,4,GEN,"do layering of spring packages really matters , why cant i just use controller and entity classes in same package"
79902278,2026-03,2,VER,Javers Entity referenced by another Entity : displaying changes on ID not properties
79902363,2026-03,3,GEN,Spring MVC Disable request time-out for specific endpoint
79902625,2026-03,3,GEN,what&#39;s the best way to audit oldValues in spring boot?
79902682,2026-03,3,GEN,Oauth 2.0 client authentication flow with Spring with apiKey and apiSecret
79902845,2026-03,4,GEN,What exercises improve problem-solving skills in programming?
79902851,2026-03,4,GEN,the best choice of managing data for my pinterest-like project
79903048,2026-03,3,GEN,How to make debugger in IntelliJ IDE skip Java library classes?
79903203,2026-03,2,VER,Optimization of an OSM-file parser
79903370,2026-03,4,GEN,"When processingOver is true, what invariants hold?"
79903394,2026-03,4,GEN,What does it mean for an annotation processor to &quot;claim&quot; the empty set of annotations?
79903430,2026-03,4,GEN,"In annotation processing, why does a processor process a file it has generated, even when that file is not annotated wit"
79903438,2026-03,2,VER,How can I make a jackpot slot in android studio
79903681,2026-03,3,GEN,How to Create a Composite Index on Multiple Columns in GridDB Using Java API?
79903786,2026-03,1,VER,Android OpenGL ES 3.0: SIGSEGV in libGLESv2_adreno.so during texture type switching (2D &amp; OES) after long-running se
79904254,2026-03,3,GEN,Testing if a dialog is pop-up with Playwright for Java
79904264,2026-03,2,VER,Java HttpClient proxy authentication failing to call getPasswordAuthentication() but still returning status code 407
79904411,2026-03,4,GEN,Need help in developing Multi-user Blog platform using java full stack
79904516,2026-03,2,VER,Spring boot structured logging issue
79904555,2026-03,1,VER,Failed kotlin compilation in submodule
79904572,2026-03,2,VER,Installing GitHub project with JitPack + Maven
79904588,2026-03,3,GEN,Error with symbol not found: &quot;Method onConstructor_()&quot;
79904594,2026-03,1,VER,Unable to click &#39;Apply&#39; and &#39;Interested&#39; buttons on Nokri.com job pages; chatbot overlay not visible aft
79905138,2026-03,4,GEN,What is an Interface in Java?
79905242,2026-03,2,VER,How to change the user that registers CUPS as a job requester from the Java Print API?
79905259,2026-03,2,VER,Java Spark mapPartitions retry causing duplicate inserts into BigQuery on task failure
79905467,2026-03,3,GEN,Controller connection to Java
79905494,2026-03,1,VER,Files stored with s3AsyncClient from Netty HttpClient publisher are corrupted
79905524,2026-03,3,GEN,IS there better way to do this?
79905525,2026-03,3,GEN,MDC and SecurityContext propagation failing when using Virtual Threads (Executor)
79905593,2026-03,3,GEN,Any product to show ROI on code refactoring or improvements
79905626,2026-03,4,GEN,Is it considered an anti-pattern to use nested static classes for service commands and responses?
79905819,2026-03,1,VER,How do I call Java code from C in a plugin and avoid random fails
79905820,2026-03,2,VER,Query 4 Firebase Realtime DB nodes asynchronously and then transform the data in Android Java app
79906497,2026-03,2,VER,NullAway dereferenced error using @EnsuresNonNullIf validation method
79906658,2026-03,3,GEN,How to think the organisation of a Java Spring-Boot multi-module project in a clean architecture? I&#39;d like to redisp
79906727,2026-03,3,GEN,Safely validating AST of LLM-generated PostgreSQL queries in Java to prevent side effects
79906755,2026-03,3,GEN,"With ArchUnit, how can I make sure that all classes in my project are starting with the same package?"
79906887,2026-03,2,VER,Custom swimming entity (Animal) won&#39;t move in water
79906927,2026-03,4,GEN,Does the Java Memory Model permit reordering writes to a volatile variable into a loop?
79907356,2026-03,4,GEN,Difference between ArrayList and LinkedList in Java
79907583,2026-03,1,VER,DFC checkinEx incorrectly carries over (merges) inherited metadata from previous version even after setNull
79907635,2026-03,3,GEN,How can I allow the user to use class specific methods in generic class T?
79907875,2026-03,1,VER,spring.batch.jdbc.initialize-schema=always not working anymore
79908096,2026-03,4,GEN,How should toString methods be formatted
79908287,2026-03,4,GEN,What is the best java sound framework/api
79908643,2026-03,4,GEN,Which programming language is best for learning System Design?
79908833,2026-03,4,GEN,Clarifying what an ADT is
79909082,2026-03,3,GEN,"Why am I getting this NullPointerException, and how can I fix it?"
79909421,2026-03,3,GEN,How to handle connection timeouts and retries in GridDB Java client?
79909532,2026-03,3,GEN,Where to put linkTo method in Spring?
79909600,2026-03,3,GEN,How to contextually allow spaces between tokens?
79909740,2026-03,2,VER,Java: Using Enum for Linked List sorting question
79909748,2026-03,1,VER,"Installing MyFaces, PrimeFaces and OmniFaces - Maven dependencies not found"
79909961,2026-03,2,VER,Intercepting how IntelliJ IDEA orchestrates Gradle project
79909990,2026-03,3,GEN,"How to compute a stable SHA-256 (or other hash) string for a Java object with nested classes, List, Set, and Map fields?"
79910097,2026-03,1,VER,JMenuItem rendering offset with 1.8.0_481
79910114,2026-03,3,GEN,How do I delete an entity in a one-to-many relationship?
79910157,2026-03,1,VER,Termux Run command service doesn&#39;t return results bundle
79910197,2026-03,4,GEN,Looking for an idea for a project to work on while studying programming
79910206,2026-03,4,GEN,What&#39;s the best way to learn Java in 2026 in your opinion?
79910282,2026-03,2,VER,How can Mixins be used to inject into a lambda statement
79910291,2026-03,3,GEN,Grpc client with channel whose name is derived from the stub class
79910303,2026-03,3,GEN,How to Test Builder Pattern that Returns an Object with No Accessors?
79910444,2026-03,1,VER,Micronaut 4.10.9: Native Image build fails with NoClassDefFoundError in JacksonDatabindFeature after upgrading Jackson t
79918246,2026-04,2,VER,Missing fields during serialization after upgrading Jackson 2 to Jackson 3
79918385,2026-04,1,VER,The import org.springframework.boot.autoconfigure.jdbc cannot be resolved
79918437,2026-04,3,GEN,Java Socket does not honor timeout
79919075,2026-04,4,GEN,"How should I learn data structures and algorithms, Big O notation, etc.?"
79919079,2026-04,3,GEN,Create multiple EntityManagerFactories in parallel
79919331,2026-04,4,GEN,How to reliably wait for dynamic elements loaded via JavaScript (AJAX)?
79919481,2026-04,2,VER,Selecting intermediate nodes in a TreeGrid
79919564,2026-04,4,GEN,"I covered all subclasses of a sealed class in a switch expression, but the Java compiler still claims the switch is not "
79919670,2026-04,4,GEN,I don&#39;t understand boolean
79919702,2026-04,3,GEN,Create install msi java visual studio code
79919831,2026-04,4,GEN,Why are there two ways to write print in java (and possibly more)
79919995,2026-04,1,VER,Getting weird results from java string codepoints on a windows machine
79920167,2026-04,4,GEN,Why is Spring Boot still used in large-scale systems despite newer backend frameworks?
79920401,2026-04,4,GEN,"Why is field injection discouraged in Spring, while it is encouraged in Angular?"
79920498,2026-04,1,VER,How can i develop a fullstack android app within 6 hours?
79920593,2026-04,3,GEN,Is it better to store data for a modular system in sets of arrays or to use reflection to get the data straight from a c
79920781,2026-04,3,GEN,Synchronizing requests on body property value
79920782,2026-04,3,GEN,JavaFX ListView programmatic selection scroll only when item is outside visible range
79920922,2026-04,1,VER,BufferedWriter Writing Random String as NULL value
79921000,2026-04,4,GEN,How would you describe the Java programming language to a beginner?
79921008,2026-04,2,VER,Template method return type not matching returned instances
79921065,2026-04,3,GEN,Sorting with MongoDB Java driver during aggregation pipeline by a Mutated(?) value
79921186,2026-04,3,GEN,Infinispan as Hibernate 2LC and Spring Cache
79921354,2026-04,3,GEN,Want to write online service for board games as my diploma in University
79921390,2026-04,1,VER,How to get the list of Minecraft&#39;s vanilla AttributeModifier UUID?
79921476,2026-04,2,VER,Building a process with ProcessBuilder from a .py script?
79921518,2026-04,3,GEN,Memory settings for running Maven Builds within Docker
79921688,2026-04,2,VER,Should I show a wishlist icon on PLP for each product?
79921758,2026-04,1,VER,New Relic Java recordMetric not showing custom metric data
79921762,2026-04,2,VER,Spring Security JWT user becoming null
79921859,2026-04,3,GEN,"How to lazily fetch, process each row, and print the results as CSV in jOOQ?"
79922009,2026-04,3,GEN,Strategies for bulk-migrating a large Java/JAR codebase and its proprietary dependencies to Node.js/TypeScript
79922092,2026-04,1,VER,Does NewRelic agent cause memory leak in Tomcat 10.1?
79922122,2026-04,2,VER,How do I use an Object as a filter in a native JPA query?
79922194,2026-04,3,GEN,Best practice for passing IDs to other entities?
79922225,2026-04,3,GEN,Android : Migrating to Navigation Rail
79922403,2026-04,4,GEN,In backtracking what decides if the next recursive call should move sequentially to the next position/ jump ahead based 
79922508,2026-04,4,GEN,Is there a cheap way to wait and wake threads in Java?
79922834,2026-04,2,VER,How can I replicate this image using Java2d?
79922841,2026-04,4,GEN,"Why do @Async background threads silently fail in Spring Boot on AWS Lambda, while Node.js fire-and-forget works fine?"
79922940,2026-04,3,GEN,reading a &quot;Long&quot; out of bytes and changing endian order
79923187,2026-04,2,VER,"Could I to develop a dynamic popup of a JCombobox editable, that changes the content while the user insert or remove tex"
79923251,2026-04,4,GEN,IntelliJ or EclipseIDE. Which is better?
79923471,2026-04,1,VER,Connection pool issue in hibernate 6 spring boot 3
79923529,2026-04,4,GEN,Java program not printing expected output for array reversal
79923572,2026-04,3,GEN,How to solve concurrency in java
79923615,2026-04,2,VER,How to disable SSL in sonar-cxx plugin when using an HTTP SonarQube server?
79923674,2026-04,2,VER,TestNG tests breakup into nested classes
79923793,2026-04,3,GEN,Create a RawPacket with a byte array
79923888,2026-04,4,GEN,What&#39;s the Scope of Selenium Testing over the next 5 Year?
79924043,2026-04,4,GEN,Configuring Spring Boot 3 (Spring MVC &amp; Spring Security 7) for CORS public access (with credentials)
79924228,2026-04,4,GEN,How to learn programming
79924284,2026-04,1,VER,Feign multipart file upload intermittently fails with RetryableException: Incomplete output stream
79924410,2026-04,4,GEN,Leetcode does not require me to write the main Function. How do I write the main function for taking in the input?
79924472,2026-04,1,VER,Not getting any output from Spring AI MCP server
79924717,2026-04,4,GEN,Migrate ObjectMapper to JsonMapper
79924850,2026-04,3,GEN,JToggleButtons stretching to fill entire JFrame regardless of setSize
79925211,2026-04,3,GEN,How to remove border of whole recyclerview which was added using xml?
79925255,2026-04,2,VER,Can I go back to the mode were I can switch between parameters of a function with Tab (VS Code)?
79925511,2026-04,4,GEN,Trouble Understanding Interfaces
79925524,2026-04,1,VER,replace karaf feature through features.xml
79925557,2026-04,4,GEN,Geofence not triggering in background or when app is killed on Android 10+
79925572,2026-04,3,GEN,Removing items from a players inventory
79925693,2026-04,3,GEN,How can you generate and import a self-signed encryption key pair into the JSSE system default for testing on localhost?
79925744,2026-04,3,GEN,How to return the full body from HttpResponse?
79925776,2026-04,4,GEN,Which is better - Java or python?
79925782,2026-04,1,VER,Eclipse black bars in code with help from copilot
79926006,2026-04,2,VER,Could not write JSON: Null return value from advice does not match primitive return type for:
79926148,2026-04,2,VER,Oracle TRUNC(date) vs PostgreSQL TRUNC(numeric) behavior in jOOQ (3.19.6) — better approach than rewriting via parserLis
79926160,2026-04,3,GEN,Powerpoint template
79926563,2026-04,3,GEN,Elasticsearch Java API Client returns aggregation key as String instead of numeric
79926585,2026-04,4,GEN,Passing long classpaths in the shebang of Single-File Source-Code Programs
79926611,2026-04,2,VER,Unable to vertically align a JCheckBox with a JLabel with the grid bag layout Java Swing
79926652,2026-04,2,VER,SchemaCrawler Executable pass &quot;--command=details&quot;
79926742,2026-04,1,VER,Implementing proximity check feature in EV3 cards using NXP Android SDK
79926760,2026-04,2,VER,Invisible entity still has 1x1x1 collision box in Fabric (GeckoLib cannon seat)
79926776,2026-04,2,VER,maven multimodules and bypassing the lifecycle system
79926793,2026-04,2,VER,Quarkus extension: is it possible to merge runtime and deployment JARs into a single artifact?
79926850,2026-04,4,GEN,What project types best prepare students for real-world software engineering?
79926972,2026-04,3,GEN,Jackson 3 and final Map deserialization
79927017,2026-04,2,VER,My recreation of John Conway&#39;s Game of Life isn&#39;t acting as I expected
79927272,2026-04,4,GEN,Free resources to learn Java Full Stack Development (beginner to advanced)
79927291,2026-04,1,VER,Cannot enable TRACE/FINEST logging for Oracle Universal Connection Pool (UCP) in Spring Boot 3
79927293,2026-04,2,VER,Camera2 + MediaRecorder: How to crop recorded video to match preview (portrait WYSIWYG) on Android (Rockchip device)?
79927397,2026-04,2,VER,Behaviour at reading linebased data from a socket
79927410,2026-04,4,GEN,What is the difference between spring.cloud.gateway.server.webflux.httpclient.response-timeout and spring.cloud.gateway.
79927429,2026-04,4,GEN,How do I determine the concrete subclass of an Object knowing only the abstract superclass?
79927595,2026-04,4,GEN,Java ReferenceQueue and garbage collection
79927719,2026-04,4,GEN,How can a class that implements an interface return another interface in a method?
79927906,2026-04,2,VER,Gradle ignores JAVA_HOME and uses Android Studio JBR instead
79928475,2026-04,3,GEN,Why does this LeetCode Fizz Buzz Multithreaded solution produce different output each run?
79928627,2026-04,4,GEN,what is stack memory and heap memory in java?
79928806,2026-04,4,GEN,Java inheritance in method with generic types
79928811,2026-04,2,VER,Defining an OpenAPI Spec for an Endpoint with a Generic Body
79928929,2026-04,4,GEN,Removing a public @Override method and binary compatibility
79929106,2026-04,4,GEN,Best practices in writing Java and the right way in learning it
79929206,2026-04,2,VER,How to intercept a response before it is seen by Logbook
79929938,2026-04,2,VER,Jakarta persistence 3.1.0 vs 3.2.0 - &quot;like&quot; specification predicate appears to be broken after upgrade
79930010,2026-04,3,GEN,I have an academic project idea: Mobile app with a try-on AI
79930023,2026-04,3,GEN,Ensuring the closed-world assumption when compiling GraalVM native images
79934589,2026-05,1,VER,API for study purpose
79934622,2026-05,3,GEN,How would I implement hard to bypass licensing and obfuscation to Java files?
79934636,2026-05,1,VER,not getting onesignal push notifications on android app
79934699,2026-05,3,GEN,Environment-Specific Configuration Values During a Jenkins + Maven Build
79934770,2026-05,3,GEN,Can one &quot;unhide&quot; hidden methods?
79934873,2026-05,4,GEN,Why does calling `Blah.class.getModule()` give me the Unnamed Module instead of the BlahModule?
79934904,2026-05,3,GEN,How to modify the HTML when copying a JTable&#39;s cells?
79935005,2026-05,4,GEN,How do I return from a method an object of the class on which the method is invoked?
79935105,2026-05,2,VER,How to check if two ClassType nodes represent the same class in a PMD XPath rule for Java
79935157,2026-05,1,VER,Exceptions in WebView constructor
79935229,2026-05,4,GEN,I need to make this method more recursive to make it expandable
79935301,2026-05,2,VER,@Testcontainers annotation cannot be resolved in IntelliJ even with correct dependencies in pom.xml
79935486,2026-05,0,VER,Junior Java developer in a Greek health tech startup
79935522,2026-05,1,VER,Eclipse for Scout: First project fails - Maven build error code 1
79935864,2026-05,1,VER,XMLConfigurationException only during Debug in Intellij
79936016,2026-05,1,VER,Spring Boot 3 + Testcontainers: Integration tests are being ignored without explicit error
79936228,2026-05,1,VER,JwtGenerator: authenticationTime cannot be null
79936268,2026-05,1,VER,Front end framework for desktop applications
79936364,2026-05,3,GEN,Maven dependency:tree -Dscope=compile returns empty but class is usable in source code — how does transitive scope resol
79936385,2026-05,3,GEN,How to handle 1 million requests per minute or 10k per second in a full stack application from user interface to backend
79936411,2026-05,2,VER,Spring MVC REST API - one endpoint for many roles or separate endpoints?
79936491,2026-05,1,VER,Spring JavaMailSender and Testcontainers Mailpit doesn&#39;t work together
79936814,2026-05,3,GEN,"How does GridDB handle concurrent writes to the same row key in Java, and how can I avoid overwrites?"
79936819,2026-05,1,VER,Spring integration SMB: &quot;unknown user name&quot; when username contains &quot;@&quot; character
79936826,2026-05,4,GEN,GridDB Java: is there any way to limit query results (like LIMIT in SQL)?
79936978,2026-05,1,VER,I want to rearrange the display of an inventory
79937047,2026-05,3,GEN,Generating and executing Java .class bytecode on Android at runtime without use of storage space
79937074,2026-05,2,VER,How to prevent automatic queue creation
79937131,2026-05,1,VER,How to start developing HTTP server as a beginner for learning projects? and is it even a good idea?
79937141,2026-05,1,VER,Java 21 + Micronaut 4.10.9 + Ignite 3.0: ClassNotFoundException: io.micronaut.core.convert.DefaultConversionService
79937151,2026-05,3,GEN,how @PersistenceContext deals with threads specially with entityManager and Session
79937322,2026-05,0,VER,Game Development Advice
79937586,2026-05,3,GEN,Embed strings inside localized validation error messages
79937745,2026-05,0,VER,System modules for system project advice
79937777,2026-05,4,GEN,What Data Structure is Best to Balance Ordering and Lookup Speed
79937968,2026-05,1,VER,JAR runs correctly from command line but not by double-clicking
79938186,2026-05,3,GEN,How to achieve concurrent working on a job queue?
79938290,2026-05,2,VER,Swagger UI endpoint not exposed
79938296,2026-05,2,VER,RouterFunction&lt;ServerResponse&gt;: &quot;Non-null type argument is expected&quot;
79938627,2026-05,1,VER,Spring Boot 4.0.6 and Spring Batch 6 - the Spring Batch tables are not being created
79938661,2026-05,1,VER,"Error 404 occurs when accessing pages within web-inf in the production environment, however the error does not occur in "
79938686,2026-05,3,GEN,Reactive layering in WebFlux + JPA application
79938695,2026-05,4,GEN,Resource Leak in Java Visual Studio Code
79938874,2026-05,1,VER,Get explanations with OWL API + Openllet for data assertion axioms
79939094,2026-05,4,GEN,How Do Machine Learning Algorithms Improve Accuracy Over Time?
79939289,2026-05,3,GEN,How to restructure a static Java database to differentiate between 2D (Area) and 3D (Volume) shapes?
79939311,2026-05,1,VER,"Delete Query working in SQLYog, but not in Java"
79939313,2026-05,1,VER,GuiBuilder compiling creates JAXB error every two tries
79939372,2026-05,2,VER,Spotless with Eclipse format file: Method start brackets on new line
79939551,2026-05,1,VER,HttpClient connection timeout configuration for Hashicrop Consul Watch
79939580,2026-05,3,GEN,Writing bytes directly to a drive without a file system?
79939845,2026-05,3,GEN,How to prevent race condition in Java auction system with JDBC transactions?
79940019,2026-05,2,VER,Improving structure of a Java base conversion program
79940174,2026-05,3,GEN,How to connect an H2 database and a PostgreSQL (Docker) database with Flyway versioning in Java using Spring Boot and In
79940191,2026-05,4,GEN,What messaging and mechanics allows a ServerSocket to move a connection to a dedicated port
79940234,2026-05,1,VER,What websites or apps can help me practice and improve my Java and Python skills?
79940294,2026-05,3,GEN,Efficient way to add records in a JPA ManyToMany relationship?
79940334,2026-05,1,VER,Location is not set in multimodule JavaFx gradle project
79940514,2026-05,3,GEN,Liquibase scripts for shared tables
79940602,2026-05,1,VER,Spring Cloud Contracts Remote Stubs do not load with Version 2025.1.1
79940620,2026-05,0,VER,I always overcomplicate easy problems and end up with a working but messy solution while the optimal one is dead simple
79940632,2026-05,3,GEN,Create root admin user
79940684,2026-05,1,VER,Maven cannot resolve spring-boot-starter-data-jpa-test dependency in Spring Boot 4.0.6
79940904,2026-05,4,GEN,How to reverse a singly linked list in-place in Java without using additional memory?
79941215,2026-05,4,GEN,Why is ThreadPoolExecutor running only a single Thread?
79941376,2026-05,4,GEN,Meaning of the documentation about OffsetDateTime
79941443,2026-05,3,GEN,Map unavailable authorization server to 503
79941501,2026-05,3,GEN,How do I display an ImageIcon from an image file in the high-resolution of today&#39;s screens?
79941692,2026-05,0,VER,How to Learn DSA from scratch in python or JAVA
79941738,2026-05,1,VER,@Audited ruins query
79941786,2026-05,3,GEN,"getKeyedResultList, KeyedPage class construction and persistence"
79941792,2026-05,4,GEN,How do I handle keyboard input in order to call a method?
79941867,2026-05,3,GEN,"Map custom exception to error response code, keep default ErrorAttributes"
79942109,2026-05,4,GEN,Understanding older Spring Boot REST API style using @Controller + @ResponseBody
79942127,2026-05,3,GEN,"Cleanly map DB constraint violations, no mimicking constraints in app"
79942223,2026-05,4,GEN,"Do sealed interfaces in Java enable any specific JVM optimisations, or are they purely a compile‑time exhaustiveness fea"
79942393,2026-05,4,GEN,As a beginner I struggle with floating point numbers
79942504,2026-05,4,GEN,How do I create a TimeSeries container and insert timestamped records in GridDB using Java?
79942749,2026-05,2,VER,Error while sending mail in Java (Spring Boot)
79943062,2026-05,1,VER,JaCoCo indicates missed branch on two-part RegEx matches/find which is proved to be covered between multiple unit tests
79943117,2026-05,1,VER,Java-GI Gtk/Adw bindings - Animation error
79943152,2026-05,1,VER,AbstractMethodError on XSSFColor.getStoredRGB() when using custom fill color with Poiji 4.1.1 on classpath
79943217,2026-05,3,GEN,Generate x509 Certificate in Java
79943231,2026-05,4,GEN,How to find the 3rd largest number from a List using StreamAPI functions
79943319,2026-05,1,VER,Kafka Share Consumer not consume messages
79943448,2026-05,3,GEN,How to cross validate properties in Spring Boot?
79943743,2026-05,3,GEN,Other Methods for printing a string in a box with corners
79943990,2026-05,1,VER,Cannot connect to MySQL with docker compose
79944020,2026-05,2,VER,How do you write your Springboot main class?
79944217,2026-05,4,GEN,Why does a Java Scanner inside try-with-resources use less memory than BufferedReader on online judges?
79944336,2026-05,1,VER,Can&#39;t download pentaho dependencies in my java maven project
79944340,2026-05,4,GEN,Java tree BFS: ArrayDeque as queue vs ArrayList with front-index pointer — which is idiomatic and more efficient?
79944342,2026-05,4,GEN,Is @ConditionalOnProperty actually the Strategy Pattern or just a startup-time Factory?
79944459,2026-05,1,VER,Spring Boot service cannot access injected repository: Cannot resolve symbol
79944629,2026-05,2,VER,JavaFX 21: ClassNotFoundException: javafx.media.MediaView despite having javafx-media in Maven dependencies
79944735,2026-05,4,GEN,Final classes vs. `volatile` fields
79944877,2026-05,1,VER,Cannot generate dependency in my Spring project
79945140,2026-05,3,GEN,How should I model and generate an org chart from a MongoDB employee collection?
79945156,2026-05,2,VER,Accepting Drag&#39;n Drop in Java Swing with native data with flavor &quot;application/x-color&quot;
79945179,2026-05,4,GEN,Is it possible to edit/change a resource file within a Jar in Java?
